name,country_of_citizenship,Age,Born,sub_position,height_in_cm,contract_expiration_date,current_club_domestic_competition_id,current_club_name,market_value_in_eur,rating,score_goal_scoring_created,score_finish,score_building,score_creation,score_dribble,score_projection,score_defensive_actions,score_waste,score_faults_committed,score_provoked_fouls,score_aerial,score_goal_scoring_conceded,score_efficiency,score_error_fouls,score_short_clearance,score_long_clearance,score_positioning,score_aerial_defense,image_url,MP,Starts,Min,90s,Gls_per90,Ast_per90,G+A_per90,G-PK,G-PK_per90,G-xG_per90,PK_per90,npxG,npxG_per90,xAG_per90,PrgC_per90,A-xAG,Sh_per90,SoT_per90,G/Sh,SoT%,PrgP_per90,PrgR_per90,Cmp,Cmp_per90,Cmp%,1/3_per90,PPA_per90,CrsPA_per90,AvgDist,Sw_per90,Crs_per90,Tkl,Tkl_per90,Int_per90,Clr_per90,Err_per90,Fld_per90,Touches_per90,Succ,Succ_per90,Carries_per90,Mis_per90,Dis_per90,Fls_per90,PKwon_per90,PKcon_per90,Recov_per90,Tkl%,Succ%,Won,Won_per90,Won%,CrdY_per90,CrdR_per90,GA_per90,SoTA_per90,Saves_per90,PSxG_per90,PSxG+/-,/90,PKm_per90,PKsv_per90,Thr_per90,Stp_per90,Save%,CS%,AvgLen,Launch%,Stp%,#OPA_per90
Jordan Pickford,England,31.0,1994.0,Goalkeeper,185.0,2027-06-30,GB1,Everton Football Club,20000000.0,79,0,0,49,94,0,78,81,63,10,0,18,81,85,69,93,95,78,35,https://img.a.transfermarkt.technology/portrait/header/130164-1668499964.jpg?lm=1,38,38,3420,38.0,0.0,0.03,0.03,0,0.0,0.0,0.0,0.0,0.0,0.01,0.0,0.6,0.0,0.0,0.0,0.0,0.0,0.0,1056,27.79,66.2,1.95,0.21,0.0,15.2,0.18,0.0,1,0.03,0.03,0.79,0.05,0.0,44.95,0,0.0,25.92,0.05,0.0,0.0,0.0,0.0,0.95,50.0,0.0,5,0.13,83.3,0.18,0.0,1.16,4.29,3.08,1.28,4.8,0.13,0.0,0.05,4.21,0.82,73.0,31.6,39.8,48.9,5.6,1.5
Nathan Collins,Ireland,24.0,2001.0,Centre-Back,193.0,2029-06-30,GB1,Brentford Football Club,28000000.0,57,92,78,52,88,35,61,22,46,80,91,85,0,0,64,0,65,0,78,https://img.a.transfermarkt.technology/portrait/header/469050-1688381729.jpg?lm=1,38,38,3420,38.0,0.05,0.08,0.13,2,0.05,-0.01,0.0,2.5,0.07,0.05,0.84,1.2,0.45,0.16,0.12,35.3,3.34,0.47,1704,44.84,85.9,2.92,0.18,0.05,0.0,0.16,0.21,40,1.05,0.89,5.95,0.08,0.05,64.05,6,0.16,33.87,0.53,0.21,0.76,0.05,0.0,4.26,61.1,50.0,117,3.08,62.9,0.13,0.0,0.0,0.0,0.0,0.0,0.0,0.0,0.0,0.0,0.0,0.0,0.0,0.0,0.0,0.0,0.0,0.0
Bernd Leno,Germany,33.0,1992.0,Goalkeeper,190.0,2027-06-30,GB1,Fulham Football Club,11000000.0,28,0,0,66,79,0,71,93,34,25,0,52,38,28,31,16,25,37,25,https://img.a.transfermarkt.technology/portrait/header/72476-1642711733.jpg?lm=1,38,38,3420,38.0,0.0,0.03,0.03,0,0.0,0.0,0.0,0.0,0.0,0.0,0.0,0.9,0.0,0.0,0.0,0.0,0.0,0.0,1148,30.21,81.8,0.42,0.05,0.0,13.3,0.0,0.0,2,0.05,0.0,0.29,0.13,0.0,38.89,0,0.0,25.08,0.0,0.0,0.0,0.0,0.0,1.32,100.0,0.0,9,0.24,90.0,0.13,0.0,1.42,4.18,2.79,1.28,-3.2,-0.08,0.0,0.03,4.39,0.61,67.9,13.2,28.9,22.7,4.5,0.87
Kevin Schade,Germany,23.0,2001.0,Left Winger,185.0,2028-06-30,GB1,Brentford Football Club,27000000.0,67,90,95,1,34,27,4,60,74,64,62,100,0,0,82,0,0,0,100,https://img.a.transfermarkt.technology/portrait/header/473050-1700560328.jpg?lm=1,38,26,2293,25.5,0.43,0.08,0.51,11,0.43,0.11,0.0,8.2,0.32,0.15,2.39,-1.7,2.16,1.06,0.2,49.1,1.49,6.48,322,12.64,59.6,1.26,0.43,0.12,0.0,0.16,1.49,39,1.53,0.2,1.33,0.0,0.2,34.58,30,1.18,17.0,2.35,1.41,0.82,0.04,0.0,3.26,56.5,33.7,90,3.53,52.9,0.12,0.0,0.0,0.0,0.0,0.0,0.0,0.0,0.0,0.0,0.0,0.0,0.0,0.0,0.0,0.0,0.0,0.0
Moisés Caicedo,Ecuador,23.0,2001.0,Defensive Midfield,178.0,2031-06-30,GB1,Chelsea Football Club,80000000.0,68,30,50,77,71,72,70,86,67,33,83,59,0,0,54,0,88,0,83,https://img.a.transfermarkt.technology/portrait/header/687626-1660729724.jpg?lm=1,38,38,3351,37.2,0.03,0.05,0.08,1,0.03,0.01,0.0,0.8,0.02,0.08,1.15,-1.0,0.54,0.08,0.05,15.0,5.77,0.99,1967,52.83,89.7,6.31,0.91,0.05,0.0,0.35,0.27,114,3.06,1.32,1.61,0.03,0.08,69.27,29,0.78,37.84,0.99,0.67,1.88,0.05,0.03,6.15,62.8,45.3,35,0.94,68.6,0.3,0.0,0.0,0.0,0.0,0.0,0.0,0.0,0.0,0.0,0.0,0.0,0.0,0.0,0.0,0.0,0.0,0.0
Sergi Darder,Spain,31.0,1993.0,Central Midfield,180.0,2028-06-30,ES1,Real Club Deportivo Mallorca S.A.D.,4000000.0,45,60,56,53,76,84,41,5,60,89,0,44,0,0,72,0,18,0,67,https://img.a.transfermarkt.technology/portrait/header/142021-1664975574.jpg?lm=1,38,34,2744,30.5,0.07,0.2,0.26,2,0.07,-0.0,0.0,2.1,0.07,0.12,1.21,2.3,1.18,0.3,0.06,25.0,4.66,2.72,981,32.18,75.3,4.0,1.08,0.49,0.0,0.75,5.35,40,1.31,0.52,0.75,0.03,0.0,51.1,34,1.12,29.88,1.18,0.98,0.69,0.0,0.0,4.0,37.0,45.9,13,0.43,56.5,0.13,0.0,0.0,0.0,0.0,0.0,0.0,0.0,0.0,0.0,0.0,0.0,0.0,0.0,0.0,0.0,0.0,0.0
David Raya,Spain,29.0,1995.0,Goalkeeper,183.0,2028-06-30,GB1,Arsenal Football Club,40000000.0,51,0,0,99,75,69,67,61,4,31,0,79,93,62,3,38,67,91,97,https://img.a.transfermarkt.technology/portrait/header/262749-1668168018.jpg?lm=1,38,38,3420,38.0,0.0,0.0,0.0,0,0.0,0.0,0.0,0.0,0.0,0.0,0.0,0.0,0.0,0.0,0.0,0.0,0.37,0.0,1040,27.37,73.6,1.18,0.08,0.0,17.1,0.08,0.0,0,0.0,0.05,0.53,0.24,0.0,38.95,1,0.03,24.26,0.03,0.0,0.03,0.0,0.03,1.08,0.0,100.0,13,0.34,100.0,0.08,0.0,0.89,3.16,2.26,0.93,1.2,0.03,0.0,0.0,4.68,1.42,74.2,34.2,29.9,29.9,13.4,1.74
Antoine Griezmann,France,34.0,1991.0,Centre-Forward,176.0,2026-06-30,ES1,Club Atlético de Madrid S.A.D.,22000000.0,48,37,57,98,96,43,91,43,26,97,17,35,0,0,25,0,96,0,55,https://img.a.transfermarkt.technology/portrait/header/125781-1719928503.jpg?lm=1,38,29,2469,27.4,0.29,0.26,0.55,7,0.26,0.02,0.04,5.9,0.22,0.26,1.68,-0.1,1.75,0.62,0.15,35.4,5.21,6.45,1094,39.88,74.8,3.83,1.71,0.4,0.0,0.33,5.03,30,1.09,0.22,0.84,0.04,0.07,61.17,15,0.55,35.29,1.49,0.73,0.4,0.0,0.0,3.39,24.1,42.9,21,0.77,47.7,0.07,0.0,0.0,0.0,0.0,0.0,0.0,0.0,0.0,0.0,0.0,0.0,0.0,0.0,0.0,0.0,0.0,0.0
Mikkel Damsgaard,Denmark,24.0,2000.0,Attacking Midfield,180.0,2030-06-30,GB1,Brentford Football Club,25000000.0,41,24,25,72,92,75,58,80,32,93,7,29,0,0,39,0,46,0,30,https://img.a.transfermarkt.technology/portrait/header/540941-1668183899.jpg?lm=1,38,34,2911,32.3,0.06,0.31,0.37,2,0.06,-0.02,0.0,2.8,0.09,0.26,2.23,1.6,1.08,0.22,0.06,20.0,7.23,4.24,1104,34.13,72.3,5.16,2.26,0.53,0.0,0.15,4.45,82,2.54,0.83,0.96,0.06,0.03,58.12,50,1.55,33.21,1.95,1.48,0.56,0.0,0.0,5.57,38.3,51.5,12,0.37,30.8,0.06,0.0,0.0,0.0,0.0,0.0,0.0,0.0,0.0,0.0,0.0,0.0,0.0,0.0,0.0,0.0,0.0,0.0
Amir Rrahmani,Kosovo,31.0,1994.0,Centre-Back,192.0,2027-06-30,IT1,Società Sportiva Calcio Napoli,12000000.0,58,96,50,85,77,41,80,14,71,85,0,94,0,0,80,0,90,0,92,https://img.a.transfermarkt.technology/portrait/header/257732-1663579350.jpg?lm=1,38,38,3406,37.8,0.03,0.08,0.11,1,0.03,-0.05,0.0,2.9,0.08,0.03,0.79,1.9,0.74,0.08,0.04,10.7,4.97,0.05,2531,66.88,91.0,5.34,0.24,0.0,0.0,0.4,0.03,39,1.03,0.71,4.73,0.05,0.0,83.29,4,0.11,49.12,0.24,0.16,1.11,0.0,0.0,3.57,64.0,66.7,124,3.28,69.3,0.05,0.0,0.0,0.0,0.0,0.0,0.0,0.0,0.0,0.0,0.0,0.0,0.0,0.0,0.0,0.0,0.0,0.0
Matz Sels,Belgium,33.0,1992.0,Goalkeeper,188.0,2027-06-30,GB1,Nottingham Forest Football Club,7000000.0,70,0,0,2,89,0,99,90,83,22,0,81,71,74,66,99,97,1,13,https://img.a.transfermarkt.technology/portrait/header/127202-1665067633.jpg?lm=1,38,38,3420,38.0,0.0,0.0,0.0,0,0.0,0.0,0.0,0.0,0.0,0.01,0.03,-0.4,0.0,0.0,0.0,0.0,0.05,0.0,519,13.66,52.1,1.18,0.11,0.0,8.7,0.0,0.0,1,0.03,0.0,0.68,0.03,0.0,28.97,0,0.0,13.89,0.0,0.0,0.03,0.0,0.03,0.45,100.0,0.0,15,0.39,88.2,0.11,0.0,1.21,4.34,3.13,1.29,3.0,0.08,0.0,0.0,2.18,0.5,73.9,34.2,44.7,68.3,2.7,0.32
Lassana Coulibaly,Mali,29.0,1996.0,Central Midfield,183.0,2027-06-30,IT1,Unione Sportiva Lecce,2500000.0,27,15,38,12,6,46,6,17,67,79,93,57,0,0,59,0,23,0,46,https://img.a.transfermarkt.technology/portrait/header/386552-1725529617.jpg?lm=1,38,30,2667,29.6,0.03,0.0,0.03,1,0.03,0.01,0.0,0.8,0.03,0.03,0.71,-0.9,0.3,0.1,0.11,33.3,3.14,1.62,775,26.15,81.2,2.29,0.24,0.0,0.0,0.13,0.44,49,1.65,0.61,1.59,0.03,0.24,41.47,18,0.61,20.99,1.11,0.64,1.32,0.03,0.03,4.93,40.3,47.4,32,1.08,44.4,0.1,0.0,0.0,0.0,0.0,0.0,0.0,0.0,0.0,0.0,0.0,0.0,0.0,0.0,0.0,0.0,0.0,0.0
Ante Budimir,Croatia,33.0,1991.0,Centre-Forward,190.0,2027-06-30,ES1,Club Atlético Osasuna,5000000.0,69,87,87,0,14,9,9,12,66,59,92,87,0,0,72,0,2,0,84,https://img.a.transfermarkt.technology/portrait/header/46413-1732219707.jpg?lm=1,38,34,2952,32.8,0.64,0.12,0.76,13,0.4,0.08,0.24,12.3,0.38,0.05,0.7,2.3,2.77,0.88,0.14,31.9,0.73,4.09,239,7.29,56.1,0.37,0.21,0.0,0.0,0.0,0.18,20,0.61,0.06,0.79,0.0,0.27,24.02,10,0.3,11.59,2.53,1.34,1.43,0.18,0.0,1.65,23.1,23.3,136,4.15,50.7,0.12,0.0,0.0,0.0,0.0,0.0,0.0,0.0,0.0,0.0,0.0,0.0,0.0,0.0,0.0,0.0,0.0,0.0
Keane Lewis-Potter,England,24.0,2001.0,Left Winger,170.0,2031-06-30,GB1,Brentford Football Club,23000000.0,30,25,10,45,18,38,34,93,24,57,49,72,0,0,18,0,59,0,71,https://img.a.transfermarkt.technology/portrait/header/644401-1642684319.jpg?lm=1,38,36,3093,34.4,0.03,0.09,0.12,1,0.03,-0.06,0.0,3.1,0.09,0.09,2.85,-0.2,0.81,0.41,0.04,50.0,2.85,4.54,982,28.57,77.1,2.01,1.37,0.52,0.0,0.26,2.27,49,1.43,0.61,2.21,0.09,0.17,46.94,41,1.19,25.2,1.48,0.58,0.52,0.03,0.0,4.25,62.0,41.0,27,0.79,43.5,0.2,0.0,0.0,0.0,0.0,0.0,0.0,0.0,0.0,0.0,0.0,0.0,0.0,0.0,0.0,0.0,0.0,0.0
Angeliño,Spain,28.0,1997.0,Left-Back,171.0,2028-06-30,IT1,Associazione Sportiva Roma,15000000.0,56,71,78,78,61,26,64,14,92,93,87,52,0,0,95,0,61,0,54,https://img.a.transfermarkt.technology/portrait/header/277179-1706626191.jpg?lm=1,38,36,3177,35.3,0.06,0.03,0.08,2,0.06,0.02,0.0,1.4,0.04,0.1,1.87,-2.7,0.68,0.17,0.08,25.0,4.87,4.87,1544,43.74,78.4,3.82,1.64,0.62,0.0,0.51,3.26,46,1.3,0.79,2.78,0.0,0.11,64.22,11,0.31,34.02,0.79,0.28,0.91,0.03,0.0,2.86,50.0,40.7,30,0.85,52.6,0.03,0.0,0.0,0.0,0.0,0.0,0.0,0.0,0.0,0.0,0.0,0.0,0.0,0.0,0.0,0.0,0.0,0.0
Maximilian Kilman,England,28.0,1997.0,Centre-Back,194.0,2031-06-30,GB1,West Ham United Football Club,30000000.0,65,71,16,42,70,85,61,76,16,85,0,88,0,0,23,0,55,0,88,https://img.a.transfermarkt.technology/portrait/header/525247-1688370291.jpg?lm=1,38,38,3348,37.2,0.0,0.03,0.03,0,0.0,-0.04,0.0,1.6,0.04,0.03,0.83,-0.2,0.35,0.05,0.0,15.4,3.04,0.16,1697,45.62,86.7,2.93,0.11,0.0,0.0,0.32,0.11,39,1.05,1.02,5.7,0.16,0.0,63.82,14,0.38,34.11,0.46,0.11,0.62,0.0,0.0,3.92,85.2,70.0,113,3.04,67.3,0.13,0.0,0.0,0.0,0.0,0.0,0.0,0.0,0.0,0.0,0.0,0.0,0.0,0.0,0.0,0.0,0.0,0.0
Dean Henderson,England,28.0,1997.0,Goalkeeper,188.0,2028-06-30,GB1,Crystal Palace Football Club,15000000.0,64,96,0,5,54,0,25,69,88,40,0,66,55,59,90,90,72,59,51,https://img.a.transfermarkt.technology/portrait/header/258919-1716297478.jpg?lm=1,38,38,3420,38.0,0.0,0.0,0.0,0,0.0,0.0,0.0,0.0,0.0,0.0,0.0,-0.1,0.03,0.0,0.0,0.0,0.0,0.0,745,19.61,61.2,0.61,0.03,0.0,14.3,0.0,0.0,2,0.05,0.0,0.58,0.0,0.0,34.45,0,0.0,19.76,0.05,0.0,0.0,0.0,0.0,0.68,33.3,0.0,11,0.29,91.7,0.08,0.0,1.34,3.95,2.66,1.35,3.2,0.08,0.0,0.03,3.03,0.82,66.7,28.9,38.5,47.4,5.5,1.05
Ismaïla Sarr,Senegal,27.0,1998.0,Right Winger,185.0,2029-06-30,GB1,Crystal Palace Football Club,22000000.0,71,96,81,18,84,4,10,16,74,75,92,85,0,0,91,0,25,0,76,https://img.a.transfermarkt.technology/portrait/header/410225-1668162683.jpg?lm=1,38,30,2711,30.1,0.27,0.2,0.46,8,0.27,-0.09,0.0,10.8,0.36,0.28,2.52,-2.5,1.96,0.96,0.14,49.2,2.86,6.08,490,16.27,66.0,0.93,1.39,0.3,0.0,0.03,1.83,22,0.73,0.3,1.33,0.0,0.46,36.22,17,0.56,20.18,2.32,1.43,0.46,0.03,0.0,3.75,32.0,27.9,37,1.23,41.6,0.13,0.0,0.0,0.0,0.0,0.0,0.0,0.0,0.0,0.0,0.0,0.0,0.0,0.0,0.0,0.0,0.0,0.0
Wladimiro Falcone,Italy,30.0,1995.0,Goalkeeper,195.0,2028-06-30,IT1,Unione Sportiva Lecce,4000000.0,48,0,0,6,45,0,23,19,58,42,0,79,21,51,47,94,78,9,43,https://img.a.transfermarkt.technology/portrait/header/238537-1693308504.jpg?lm=1,38,38,3420,38.0,0.0,0.0,0.0,0,0.0,0.0,0.0,0.0,0.0,0.0,0.0,0.0,0.0,0.0,0.0,0.0,0.0,0.0,730,19.21,60.8,0.58,0.0,0.0,11.0,0.03,0.0,0,0.0,0.0,0.76,0.08,0.0,34.74,0,0.0,19.13,0.0,0.0,0.03,0.0,0.03,0.84,0.0,0.0,13,0.34,100.0,0.05,0.0,1.53,4.76,3.29,1.41,-1.3,-0.03,0.03,0.03,3.16,0.76,72.4,23.7,39.1,51.9,4.9,0.5
Milos Kerkez,Hungary,21.0,2003.0,Left-Back,180.0,2028-06-30,GB1,Association Football Club Bournemouth,35000000.0,60,27,76,67,69,54,83,61,18,82,84,30,0,0,29,0,44,0,22,https://img.a.transfermarkt.technology/portrait/header/730861-1660762995.jpg?lm=1,38,38,3336,37.1,0.05,0.13,0.19,2,0.05,0.04,0.0,0.5,0.01,0.11,2.86,1.1,0.51,0.13,0.11,26.3,4.29,5.31,1347,36.34,75.8,2.35,1.11,0.73,0.0,0.08,3.83,52,1.4,1.21,2.83,0.11,0.13,58.25,22,0.59,29.54,1.32,0.59,0.81,0.0,0.0,4.56,61.5,45.8,28,0.76,36.4,0.11,0.0,0.0,0.0,0.0,0.0,0.0,0.0,0.0,0.0,0.0,0.0,0.0,0.0,0.0,0.0,0.0,0.0
Alex Iwobi,Nigeria,29.0,1996.0,Left Winger,183.0,2028-06-30,GB1,Fulham Football Club,25000000.0,65,57,88,94,67,67,90,82,46,92,13,10,0,0,46,0,79,0,10,https://img.a.transfermarkt.technology/portrait/header/242631-1679652866.jpg?lm=1,38,35,2981,33.1,0.27,0.18,0.45,9,0.27,0.13,0.0,4.7,0.14,0.21,4.35,-1.0,2.05,0.88,0.13,42.6,6.43,7.43,1150,34.72,75.1,3.47,2.6,0.57,0.0,0.63,3.8,44,1.33,0.42,0.88,0.03,0.06,56.22,48,1.45,39.61,1.87,1.21,0.57,0.0,0.0,4.23,64.7,50.5,7,0.21,18.4,0.03,0.0,0.0,0.0,0.0,0.0,0.0,0.0,0.0,0.0,0.0,0.0,0.0,0.0,0.0,0.0,0.0,0.0
Dodi Lukébakio,Belgium,27.0,1997.0,Right Winger,187.0,2028-06-30,ES1,Sevilla Fútbol Club S.A.D.,25000000.0,72,92,91,48,27,92,50,41,19,41,55,61,0,0,25,0,43,0,71,https://img.a.transfermarkt.technology/portrait/header/303259-1657098989.jpg?lm=1,38,36,3092,34.4,0.32,0.06,0.38,10,0.29,0.03,0.03,9.3,0.27,0.13,3.81,-2.5,2.71,1.11,0.11,40.9,2.71,7.19,780,22.7,74.1,1.48,0.7,0.17,0.0,0.35,3.61,22,0.64,0.32,0.49,0.06,0.23,43.49,84,2.45,25.88,3.41,1.66,1.14,0.0,0.0,3.46,55.6,50.3,18,0.52,46.2,0.09,0.03,0.0,0.0,0.0,0.0,0.0,0.0,0.0,0.0,0.0,0.0,0.0,0.0,0.0,0.0,0.0,0.0
Raúl Jiménez,Mexico,34.0,1991.0,Centre-Forward,187.0,2025-06-30,GB1,Fulham Football Club,5000000.0,69,77,68,58,57,58,58,76,5,57,61,79,0,0,5,0,59,0,76,https://img.a.transfermarkt.technology/portrait/header/206040-1742820547.jpg?lm=1,38,30,2494,27.7,0.43,0.11,0.54,9,0.32,0.0,0.11,9.6,0.35,0.12,1.26,-0.3,3.36,1.08,0.1,32.3,2.24,4.51,458,16.53,71.2,1.48,0.51,0.11,0.0,0.18,0.83,35,1.26,0.36,0.83,0.11,0.18,36.05,21,0.76,19.81,2.67,1.62,1.41,0.04,0.0,2.89,36.4,42.0,91,3.28,47.9,0.14,0.0,0.0,0.0,0.0,0.0,0.0,0.0,0.0,0.0,0.0,0.0,0.0,0.0,0.0,0.0,0.0,0.0
Bryan Mbeumo,Cameroon,25.0,1999.0,Right Winger,171.0,2026-06-30,GB1,Brentford Football Club,50000000.0,72,82,98,58,68,55,54,74,39,81,25,66,0,0,45,0,25,0,48,https://img.a.transfermarkt.technology/portrait/header/413039-1668505084.jpg?lm=1,38,38,3414,37.9,0.53,0.18,0.71,15,0.4,0.2,0.13,7.5,0.2,0.22,3.4,-1.3,2.08,0.9,0.19,43.0,3.72,9.31,872,22.99,66.1,1.66,1.56,0.5,0.0,0.24,5.33,48,1.27,0.37,1.45,0.03,0.11,46.95,52,1.37,28.34,2.79,1.24,0.66,0.0,0.0,4.11,58.8,46.8,34,0.9,31.5,0.08,0.0,0.0,0.0,0.0,0.0,0.0,0.0,0.0,0.0,0.0,0.0,0.0,0.0,0.0,0.0,0.0,0.0
Diego López,Spain,23.0,2002.0,Right Winger,172.0,2027-06-30,ES1,Valencia Club de Fútbol S. A. D.,10000000.0,59,78,82,37,44,8,22,31,88,60,33,22,0,0,47,0,37,0,15,https://img.a.transfermarkt.technology/portrait/header/617081-1683211924.jpg?lm=1,38,35,2737,30.4,0.26,0.16,0.43,8,0.26,0.05,0.0,6.6,0.22,0.16,2.5,0.0,1.45,0.46,0.18,31.8,2.8,7.2,680,22.36,72.1,1.41,1.12,0.3,0.0,0.1,2.2,31,1.02,0.53,0.49,0.0,0.1,41.33,23,0.76,23.51,2.33,0.89,0.69,0.03,0.03,3.45,34.0,29.9,14,0.46,20.3,0.1,0.0,0.0,0.0,0.0,0.0,0.0,0.0,0.0,0.0,0.0,0.0,0.0,0.0,0.0,0.0,0.0,0.0
Joan García,Spain,24.0,2001.0,Goalkeeper,191.0,2028-06-30,ES1,Reial Club Deportiu Espanyol de Barcelona S.A.D.,20000000.0,79,99,99,53,57,0,37,5,32,51,0,95,69,92,49,66,72,24,90,https://img.a.transfermarkt.technology/portrait/header/561613-1719399406.jpg?lm=1,38,38,3420,38.0,0.0,0.0,0.0,0,0.0,-0.0,0.0,0.1,0.0,0.0,0.0,0.0,0.03,0.03,0.0,100.0,0.03,0.0,901,23.71,71.6,0.66,0.03,0.0,12.0,0.13,0.0,0,0.0,0.0,0.47,0.11,0.0,35.47,0,0.0,20.55,0.05,0.0,0.0,0.0,0.0,0.92,0.0,0.0,21,0.55,95.5,0.05,0.0,1.34,5.05,3.68,1.52,7.7,0.2,0.0,0.05,5.18,1.68,75.5,21.1,34.8,37.6,9.6,0.92
Mohamed Salah,Egypt,32.0,1992.0,Right Winger,175.0,2025-06-30,GB1,Liverpool Football Club,55000000.0,82,99,100,74,96,54,72,20,50,89,28,33,0,0,94,0,63,0,51,https://img.a.transfermarkt.technology/portrait/header/148455-1727337594.jpg?lm=1,38,38,3371,37.5,0.77,0.48,1.25,20,0.53,0.1,0.24,18.2,0.49,0.38,4.11,3.8,3.23,1.33,0.17,41.3,3.84,13.03,892,23.81,70.6,1.42,2.48,0.4,0.0,0.08,2.11,21,0.56,0.24,0.13,0.0,0.13,45.25,58,1.55,30.65,3.1,1.79,0.67,0.0,0.0,2.7,47.1,42.3,9,0.24,39.1,0.03,0.0,0.0,0.0,0.0,0.0,0.0,0.0,0.0,0.0,0.0,0.0,0.0,0.0,0.0,0.0,0.0,0.0
Federico Baschirotto,Italy,28.0,1996.0,Centre-Back,187.0,2026-06-30,IT1,Unione Sportiva Lecce,3800000.0,39,63,79,14,21,55,11,29,72,72,0,81,0,0,49,0,26,0,79,https://img.a.transfermarkt.technology/portrait/header/351955-1730126092.jpg?lm=1,38,38,3420,38.0,0.05,0.0,0.05,2,0.05,0.02,0.0,1.2,0.03,0.01,0.34,-0.2,0.58,0.21,0.09,36.4,1.87,0.13,1409,37.08,86.2,1.34,0.13,0.0,0.0,0.39,0.13,37,0.97,0.61,6.26,0.05,0.0,53.79,4,0.11,24.74,0.34,0.03,0.82,0.0,0.08,2.45,78.6,80.0,105,2.76,65.6,0.08,0.0,0.0,0.0,0.0,0.0,0.0,0.0,0.0,0.0,0.0,0.0,0.0,0.0,0.0,0.0,0.0,0.0
Bruno Guimarães,Brazil,27.0,1997.0,Defensive Midfield,182.0,2028-06-30,GB1,Newcastle United Football Club,80000000.0,60,99,97,89,93,81,93,15,5,61,78,21,0,0,24,0,71,0,26,https://img.a.transfermarkt.technology/portrait/header/520624-1668522672.jpg?lm=1,38,38,3271,36.3,0.14,0.17,0.3,5,0.14,0.02,0.0,4.3,0.12,0.17,1.73,-0.1,1.24,0.36,0.11,28.9,7.46,2.61,1482,40.78,82.5,4.95,2.12,0.17,0.0,0.39,0.77,83,2.28,0.77,1.24,0.14,0.11,60.86,34,0.94,38.47,1.54,2.09,1.79,0.0,0.0,5.15,47.8,43.6,18,0.5,48.6,0.19,0.0,0.0,0.0,0.0,0.0,0.0,0.0,0.0,0.0,0.0,0.0,0.0,0.0,0.0,0.0,0.0,0.0
Tommaso Augello,Italy,30.0,1994.0,Left-Back,180.0,2025-06-30,IT1,Cagliari Calcio,1800000.0,47,15,17,56,85,81,53,51,40,86,0,90,0,0,51,0,30,0,94,https://img.a.transfermarkt.technology/portrait/header/284595-1663679538.jpg?lm=1,38,30,2713,30.1,0.0,0.23,0.23,0,0.0,-0.01,0.0,0.3,0.01,0.15,1.92,2.4,0.27,0.0,0.0,0.0,3.91,3.75,1179,39.11,71.9,2.62,1.26,0.86,0.0,0.2,6.87,49,1.63,0.53,3.62,0.07,0.0,63.1,24,0.8,29.26,0.9,0.6,0.5,0.0,0.0,4.48,69.8,55.8,49,1.63,69.0,0.1,0.0,0.0,0.0,0.0,0.0,0.0,0.0,0.0,0.0,0.0,0.0,0.0,0.0,0.0,0.0,0.0,0.0
Evan Ndicka,Cote d'Ivoire,25.0,1999.0,Centre-Back,192.0,2028-06-30,IT1,Associazione Sportiva Roma,25000000.0,41,51,34,56,57,0,73,17,67,90,0,32,0,0,81,0,82,0,34,https://img.a.transfermarkt.technology/portrait/header/371149-1663064716.jpg?lm=1,38,38,3420,38.0,0.0,0.03,0.03,0,0.0,-0.03,0.0,1.0,0.03,0.02,0.76,0.3,0.47,0.13,0.0,27.8,2.82,0.13,2295,60.39,92.1,3.26,0.08,0.0,0.0,0.11,0.0,32,0.84,0.87,3.95,0.05,0.0,74.29,0,0.0,45.53,0.53,0.08,0.97,0.0,0.0,3.53,66.7,0.0,61,1.61,55.5,0.05,0.0,0.0,0.0,0.0,0.0,0.0,0.0,0.0,0.0,0.0,0.0,0.0,0.0,0.0,0.0,0.0,0.0
Leandro Trossard,Belgium,30.0,1994.0,Left Winger,172.0,2026-06-30,GB1,Arsenal Football Club,30000000.0,68,83,82,61,71,49,45,22,61,30,29,11,0,0,55,0,65,0,11,https://img.a.transfermarkt.technology/portrait/header/144028-1702412939.jpg?lm=1,38,28,2546,28.3,0.28,0.25,0.53,8,0.28,0.03,0.0,7.2,0.25,0.22,2.83,0.9,2.55,0.74,0.11,29.2,3.57,7.99,711,25.13,74.5,1.59,1.7,0.35,0.0,0.18,3.04,31,1.1,0.32,0.64,0.0,0.14,45.18,38,1.34,29.27,2.33,1.84,0.95,0.0,0.0,3.68,35.3,44.2,6,0.21,20.0,0.14,0.04,0.0,0.0,0.0,0.0,0.0,0.0,0.0,0.0,0.0,0.0,0.0,0.0,0.0,0.0,0.0,0.0
Anthony Elanga,Sweden,23.0,2002.0,Right Winger,178.0,2028-06-30,GB1,Nottingham Forest Football Club,35000000.0,53,55,73,26,67,14,32,7,58,95,84,72,0,0,98,0,14,0,64,https://img.a.transfermarkt.technology/portrait/header/583189-1700739021.jpg?lm=1,38,31,2501,27.8,0.22,0.4,0.61,6,0.22,0.05,0.0,4.5,0.16,0.2,3.67,5.4,1.58,0.86,0.14,54.5,2.27,8.28,541,19.47,65.3,1.15,0.94,0.29,0.0,0.0,6.66,19,0.68,0.22,0.9,0.0,0.4,40.09,25,0.9,21.52,2.84,1.58,0.32,0.0,0.0,3.2,29.4,30.9,24,0.86,39.3,0.04,0.0,0.0,0.0,0.0,0.0,0.0,0.0,0.0,0.0,0.0,0.0,0.0,0.0,0.0,0.0,0.0,0.0
Ollie Watkins,England,29.0,1995.0,Centre-Forward,180.0,2028-06-30,GB1,Aston Villa Football Club,50000000.0,77,92,90,27,60,10,55,28,10,83,73,50,0,0,11,0,49,0,50,https://img.a.transfermarkt.technology/portrait/header/324358-1708341279.jpg?lm=1,38,31,2598,28.9,0.55,0.28,0.83,14,0.48,0.02,0.07,13.8,0.48,0.11,1.91,4.7,2.84,1.25,0.17,43.9,1.04,5.72,305,10.57,72.3,0.42,0.45,0.0,0.0,0.03,0.24,10,0.35,0.28,0.52,0.07,0.21,24.04,10,0.35,14.17,2.08,1.7,1.0,0.07,0.0,1.49,27.3,23.8,52,1.8,43.0,0.07,0.0,0.0,0.0,0.0,0.0,0.0,0.0,0.0,0.0,0.0,0.0,0.0,0.0,0.0,0.0,0.0,0.0
Mile Svilar,Serbia,25.0,1999.0,Goalkeeper,189.0,2027-06-30,IT1,Associazione Sportiva Roma,17000000.0,83,96,0,84,34,0,69,6,66,60,0,25,97,93,76,19,48,43,45,https://img.a.transfermarkt.technology/portrait/header/338670-1725532174.jpg?lm=1,38,38,3420,38.0,0.0,0.0,0.0,0,0.0,0.0,0.0,0.0,0.0,0.0,0.0,0.0,0.03,0.0,0.0,0.0,0.05,0.0,1151,30.29,78.9,0.39,0.0,0.0,13.7,0.05,0.0,0,0.0,0.0,0.32,0.05,0.0,40.29,0,0.0,24.74,0.0,0.03,0.0,0.0,0.0,1.42,0.0,0.0,6,0.16,85.7,0.03,0.0,0.92,3.97,3.08,1.12,8.5,0.22,0.0,0.0,4.47,0.79,79.5,42.1,30.6,23.8,6.1,0.87
David Soria,Spain,32.0,1993.0,Goalkeeper,192.0,2026-06-30,ES1,Getafe Club de Fútbol S.A.D. Team Dubai,4000000.0,70,0,0,1,72,0,0,99,39,51,0,36,90,75,61,100,99,64,37,https://img.a.transfermarkt.technology/portrait/header/226012-1696863038.jpg?lm=1,38,38,3420,38.0,0.0,0.0,0.0,0,0.0,0.0,0.0,0.0,0.0,0.0,0.0,0.0,0.0,0.0,0.0,0.0,0.03,0.0,513,13.5,49.9,1.34,0.03,0.0,14.7,0.11,0.0,4,0.11,0.03,0.55,0.08,0.0,29.42,0,0.0,12.08,0.08,0.0,0.0,0.0,0.0,0.74,80.0,0.0,6,0.16,100.0,0.05,0.0,1.03,3.32,2.26,1.11,3.0,0.08,0.0,0.03,1.79,0.66,75.4,23.7,48.8,72.6,5.2,1.03
Mike Maignan,France,29.0,1995.0,Goalkeeper,191.0,2026-06-30,IT1,Associazione Calcio Milan,25000000.0,45,0,0,95,95,69,88,28,50,51,0,26,58,46,50,7,65,96,54,https://img.a.transfermarkt.technology/portrait/header/182906-1681459155.jpg?lm=1,37,37,3294,36.6,0.0,0.0,0.0,0,0.0,0.0,0.0,0.0,0.0,0.02,0.0,-0.8,0.0,0.0,0.0,0.0,0.11,0.0,1338,36.56,86.2,0.52,0.0,0.0,18.7,0.05,0.0,0,0.0,0.0,0.52,0.08,0.0,44.67,1,0.03,28.03,0.03,0.0,0.03,0.0,0.03,1.83,0.0,100.0,4,0.11,100.0,0.03,0.0,1.12,3.72,2.65,1.01,-1.2,-0.03,0.0,0.03,4.75,0.71,70.6,32.4,27.8,17.4,5.8,1.86
Elliot Anderson,England,22.0,2002.0,Central Midfield,179.0,2029-06-30,GB1,Nottingham Forest Football Club,30000000.0,63,60,56,52,67,86,62,74,7,31,62,94,0,0,13,0,30,0,96,https://img.a.transfermarkt.technology/portrait/header/567576-1696453772.jpg?lm=1,37,33,2728,30.3,0.07,0.2,0.26,2,0.07,-0.0,0.0,2.1,0.07,0.11,1.72,2.7,1.32,0.23,0.05,17.5,4.72,3.13,1085,35.8,78.3,3.99,0.63,0.07,0.0,0.13,2.84,92,3.04,1.02,2.51,0.13,0.13,60.41,36,1.19,30.75,1.98,1.62,1.62,0.0,0.0,6.83,43.2,48.0,56,1.85,65.1,0.33,0.0,0.0,0.0,0.0,0.0,0.0,0.0,0.0,0.0,0.0,0.0,0.0,0.0,0.0,0.0,0.0,0.0
Éderson,Brazil,25.0,1999.0,Central Midfield,183.0,2027-06-30,IT1,Atalanta Bergamasca Calcio S.p.a.,50000000.0,77,89,80,86,72,51,73,86,52,60,36,89,0,0,62,0,86,0,90,https://img.a.transfermarkt.technology/portrait/header/607854-1646648856.jpg?lm=1,37,32,2881,32.0,0.12,0.03,0.16,4,0.12,-0.0,0.0,4.1,0.13,0.13,1.25,-3.3,1.22,0.37,0.1,30.8,6.75,2.47,1700,53.11,86.5,6.03,1.28,0.16,0.0,0.94,0.72,52,1.62,1.09,1.12,0.03,0.06,72.1,23,0.72,46.55,1.37,1.28,0.97,0.0,0.0,5.81,64.7,44.2,53,1.66,59.6,0.16,0.03,0.0,0.0,0.0,0.0,0.0,0.0,0.0,0.0,0.0,0.0,0.0,0.0,0.0,0.0,0.0,0.0
Ryan Gravenberch,Netherlands,23.0,2002.0,Defensive Midfield,190.0,2028-06-30,GB1,Liverpool Football Club,70000000.0,65,48,31,74,78,88,97,80,38,59,0,46,0,0,54,0,85,0,69,https://img.a.transfermarkt.technology/portrait/header/478573-1718097194.jpg?lm=1,37,37,3160,35.1,0.0,0.11,0.11,0,0.0,-0.03,0.0,1.1,0.03,0.09,1.99,0.9,0.57,0.14,0.0,25.0,5.16,1.57,1718,48.93,89.2,4.3,1.0,0.06,0.0,0.2,0.2,69,1.97,1.71,1.68,0.06,0.0,66.67,37,1.05,39.7,1.57,0.74,1.34,0.0,0.0,5.5,57.1,46.3,26,0.74,65.0,0.17,0.03,0.0,0.0,0.0,0.0,0.0,0.0,0.0,0.0,0.0,0.0,0.0,0.0,0.0,0.0,0.0,0.0
Ange-Yoan Bonny,France,21.0,2003.0,Centre-Forward,189.0,2027-06-30,IT1,Parma Calcio 1913,20000000.0,48,52,31,59,49,82,61,71,29,92,61,9,0,0,95,0,70,0,6,https://img.a.transfermarkt.technology/portrait/header/827734-1697613908.jpg?lm=1,37,30,2529,28.1,0.21,0.14,0.36,4,0.14,-0.12,0.07,7.1,0.25,0.1,1.46,1.1,2.17,0.68,0.07,31.1,1.89,5.8,432,15.37,75.3,1.1,0.53,0.07,0.0,0.11,0.5,34,1.21,0.11,0.6,0.0,0.18,31.99,33,1.17,18.79,3.06,2.49,0.75,0.04,0.0,2.28,57.1,49.3,23,0.82,24.7,0.07,0.0,0.0,0.0,0.0,0.0,0.0,0.0,0.0,0.0,0.0,0.0,0.0,0.0,0.0,0.0,0.0,0.0
Gaetano Oristanio,Italy,22.0,2002.0,Attacking Midfield,174.0,2029-06-30,IT1,Venezia Football Club,6500000.0,46,58,43,8,29,92,47,18,14,42,90,32,0,0,45,0,9,0,28,https://img.a.transfermarkt.technology/portrait/header/613393-1692963581.jpg?lm=1,37,29,2315,25.7,0.12,0.12,0.23,3,0.12,-0.04,0.0,4.1,0.16,0.1,2.8,0.4,1.71,0.47,0.07,27.3,2.49,5.09,307,11.94,69.3,1.24,0.86,0.31,0.0,0.23,2.29,17,0.66,0.23,0.23,0.04,0.35,29.47,55,2.14,21.11,3.11,2.8,1.94,0.0,0.0,3.27,46.7,44.7,14,0.54,26.9,0.12,0.0,0.0,0.0,0.0,0.0,0.0,0.0,0.0,0.0,0.0,0.0,0.0,0.0,0.0,0.0,0.0,0.0
Simon Sohm,Switzerland,24.0,2001.0,Central Midfield,188.0,2027-06-30,IT1,Parma Calcio 1913,5000000.0,52,77,81,34,25,26,70,17,89,87,48,55,0,0,98,0,53,0,57,https://img.a.transfermarkt.technology/portrait/header/507486-1686211320.jpg?lm=1,37,36,2989,33.2,0.12,0.0,0.12,4,0.12,0.03,0.0,3.1,0.09,0.06,2.08,-2.1,1.02,0.39,0.12,38.2,4.22,2.02,1050,31.62,85.2,3.67,0.72,0.09,0.0,0.06,0.45,28,0.84,0.78,1.08,0.0,0.09,44.17,15,0.45,26.38,0.99,0.69,0.57,0.0,0.0,3.82,45.7,42.9,29,0.87,50.0,0.18,0.0,0.0,0.0,0.0,0.0,0.0,0.0,0.0,0.0,0.0,0.0,0.0,0.0,0.0,0.0,0.0,0.0
Zion Suzuki,Japan,22.0,2002.0,Goalkeeper,190.0,2029-06-30,IT1,Parma Calcio 1913,14000000.0,37,0,0,34,71,0,78,74,37,13,0,76,46,42,17,78,83,25,91,https://img.a.transfermarkt.technology/portrait/header/432298-1713345567.png?lm=1,37,37,3314,36.8,0.0,0.0,0.0,0,0.0,0.0,0.0,0.0,0.0,0.0,0.0,0.0,0.0,0.0,0.0,0.0,0.0,0.0,1008,27.37,67.4,1.28,0.03,0.0,12.1,0.05,0.0,1,0.03,0.0,0.95,0.11,0.0,43.59,0,0.0,25.83,0.03,0.0,0.08,0.0,0.03,1.19,50.0,0.0,13,0.35,92.9,0.05,0.03,1.44,4.07,2.69,1.4,0.5,0.01,0.0,0.0,5.0,1.74,68.0,19.4,37.5,41.4,10.4,1.03
Jesper Karlström,Sweden,29.0,1995.0,Defensive Midfield,185.0,2026-06-30,IT1,Udinese Calcio,3500000.0,28,24,27,30,29,13,30,16,31,65,58,37,0,0,34,0,27,0,33,https://img.a.transfermarkt.technology/portrait/header/222855-1730184243.jpg?lm=1,37,36,3186,35.4,0.0,0.08,0.08,0,0.0,-0.02,0.0,0.7,0.02,0.03,0.65,1.9,0.37,0.06,0.0,15.4,3.81,1.27,1332,37.63,83.3,3.93,0.59,0.11,0.0,0.14,0.42,61,1.72,0.99,2.34,0.11,0.06,53.16,6,0.17,28.25,0.96,0.51,1.19,0.0,0.0,4.1,49.0,40.0,31,0.88,50.0,0.25,0.0,0.0,0.0,0.0,0.0,0.0,0.0,0.0,0.0,0.0,0.0,0.0,0.0,0.0,0.0,0.0,0.0
Gabriele Zappa,Italy,25.0,1999.0,Right-Back,187.0,2030-06-30,IT1,Cagliari Calcio,4000000.0,43,49,81,54,62,37,52,11,76,82,0,29,0,0,68,0,49,0,31,https://img.a.transfermarkt.technology/portrait/header/392569-1695033763.jpg?lm=1,37,35,3060,34.0,0.06,0.0,0.06,2,0.06,0.03,0.0,0.9,0.03,0.11,1.68,-3.6,0.32,0.15,0.18,45.5,4.29,2.41,1318,38.76,76.5,3.71,0.71,0.44,0.0,0.32,2.12,40,1.18,0.68,2.74,0.03,0.0,59.32,13,0.38,32.35,0.91,0.21,0.74,0.0,0.0,3.62,50.0,44.8,21,0.62,43.8,0.12,0.0,0.0,0.0,0.0,0.0,0.0,0.0,0.0,0.0,0.0,0.0,0.0,0.0,0.0,0.0,0.0,0.0
Tyrick Mitchell,England,25.0,1999.0,Left-Back,181.0,2025-06-30,GB1,Crystal Palace Football Club,25000000.0,45,68,16,8,92,42,31,36,36,90,68,32,0,0,55,0,21,0,40,https://img.a.transfermarkt.technology/portrait/header/730893-1693826944.jpg?lm=1,37,37,3092,34.4,0.0,0.15,0.15,0,0.0,-0.04,0.0,1.3,0.04,0.19,1.8,-1.4,0.35,0.09,0.0,25.0,2.04,4.98,976,28.41,72.0,1.48,0.96,0.47,0.0,0.06,3.06,91,2.65,0.55,3.14,0.06,0.06,51.03,16,0.47,23.81,1.11,0.87,0.67,0.03,0.0,4.89,54.3,43.2,20,0.58,48.8,0.06,0.0,0.0,0.0,0.0,0.0,0.0,0.0,0.0,0.0,0.0,0.0,0.0,0.0,0.0,0.0,0.0,0.0
Tijjani Reijnders,Netherlands,26.0,1998.0,Central Midfield,185.0,2030-06-30,IT1,Associazione Calcio Milan,50000000.0,60,98,99,83,57,82,94,11,45,81,61,4,0,0,45,0,85,0,6,https://img.a.transfermarkt.technology/portrait/header/460939-1676466080.jpg?lm=1,37,36,3128,34.8,0.29,0.12,0.4,10,0.29,0.07,0.0,7.5,0.22,0.1,3.19,0.5,2.22,0.81,0.13,36.4,6.62,3.48,1355,38.99,87.5,3.88,1.61,0.06,0.0,0.09,1.32,26,0.75,1.09,0.81,0.06,0.09,53.6,36,1.04,34.93,1.04,0.92,0.81,0.03,0.0,3.6,38.5,50.7,5,0.14,25.0,0.06,0.03,0.0,0.0,0.0,0.0,0.0,0.0,0.0,0.0,0.0,0.0,0.0,0.0,0.0,0.0,0.0,0.0
Emmanuel Gyasi,Ghana,31.0,1994.0,Right Midfield,181.0,2025-06-30,IT1,Empoli Football Club S.r.l.,2000000.0,40,79,46,0,0,57,0,64,68,39,36,71,0,0,71,0,18,0,57,https://img.a.transfermarkt.technology/portrait/header/241076-1663687225.jpg?lm=1,37,37,3217,35.7,0.06,0.03,0.08,2,0.06,-0.05,0.0,3.9,0.11,0.02,0.62,0.3,0.62,0.22,0.09,36.4,1.45,3.02,835,23.36,77.1,1.23,0.56,0.22,0.0,0.08,1.04,52,1.45,0.31,2.15,0.0,0.03,38.86,20,0.56,15.86,1.54,0.67,1.57,0.0,0.0,3.8,63.2,57.1,43,1.2,38.7,0.14,0.0,0.0,0.0,0.0,0.0,0.0,0.0,0.0,0.0,0.0,0.0,0.0,0.0,0.0,0.0,0.0,0.0
Juan Iglesias,Spain,26.0,1998.0,Right-Back,187.0,2026-06-30,ES1,Getafe Club de Fútbol S.A.D. Team Dubai,3500000.0,46,76,5,0,40,33,2,72,62,67,91,59,0,0,64,0,0,0,52,https://img.a.transfermarkt.technology/portrait/header/390688-1632295269.jpg?lm=1,37,32,2888,32.1,0.0,0.03,0.03,0,0.0,-0.05,0.0,1.6,0.05,0.07,1.0,-1.2,0.65,0.09,0.0,14.3,2.62,2.09,686,21.38,57.1,2.62,0.75,0.44,0.0,0.44,2.62,81,2.52,1.56,4.14,0.03,0.16,50.7,13,0.41,17.26,1.12,0.47,1.4,0.0,0.0,3.33,51.1,40.6,35,1.09,47.9,0.12,0.0,0.0,0.0,0.0,0.0,0.0,0.0,0.0,0.0,0.0,0.0,0.0,0.0,0.0,0.0,0.0,0.0
Idrissa Gueye,Senegal,35.0,1989.0,Defensive Midfield,174.0,2025-06-30,GB1,Everton Football Club,2000000.0,56,51,24,36,54,48,33,90,60,48,71,43,0,0,71,0,54,0,56,https://img.a.transfermarkt.technology/portrait/header/126665-1602849128.jpg?lm=1,37,35,3063,34.0,0.0,0.09,0.09,0,0.0,-0.03,0.0,1.1,0.03,0.05,0.79,1.3,0.79,0.15,0.0,18.5,4.26,0.79,1230,36.14,86.5,4.52,0.29,0.09,0.0,0.21,0.21,133,3.91,1.41,1.06,0.03,0.09,52.95,18,0.53,25.27,0.94,1.06,1.62,0.0,0.0,5.7,58.6,45.0,24,0.71,61.5,0.26,0.0,0.0,0.0,0.0,0.0,0.0,0.0,0.0,0.0,0.0,0.0,0.0,0.0,0.0,0.0,0.0,0.0
Nikola Milenković,Serbia,27.0,1997.0,Centre-Back,195.0,2029-06-30,GB1,Nottingham Forest Football Club,28000000.0,52,100,100,1,73,60,0,49,84,91,0,84,0,0,86,0,13,0,90,https://img.a.transfermarkt.technology/portrait/header/413507-1661166461.jpg?lm=1,37,37,3330,37.0,0.14,0.05,0.19,5,0.14,0.03,0.0,4.0,0.11,0.03,0.08,0.9,0.78,0.22,0.17,27.6,1.41,0.16,849,22.95,82.3,1.43,0.05,0.0,0.0,0.08,0.0,51,1.38,0.73,5.65,0.03,0.0,38.14,1,0.03,14.7,0.11,0.05,0.54,0.0,0.0,2.3,79.4,100.0,100,2.7,71.9,0.11,0.0,0.0,0.0,0.0,0.0,0.0,0.0,0.0,0.0,0.0,0.0,0.0,0.0,0.0,0.0,0.0,0.0
Luis Rioja,Spain,31.0,1993.0,Left Winger,176.0,2026-06-30,ES1,Valencia Club de Fútbol S. A. D.,2000000.0,26,6,37,54,37,56,39,50,51,56,13,50,0,0,44,0,22,0,60,https://img.a.transfermarkt.technology/portrait/header/278837-1647530464.jpg?lm=1,37,33,2854,31.8,0.16,0.09,0.25,3,0.09,0.05,0.06,1.7,0.05,0.15,3.06,-1.6,0.88,0.38,0.11,42.9,3.28,7.28,826,26.05,67.57,1.32,1.89,0.79,0.0,0.44,6.59,35,1.1,0.69,1.39,0.03,0.06,47.93,43,1.36,25.98,1.32,1.26,0.6,0.0,0.0,3.53,34.25,47.3,15,0.47,40.5,0.19,0.0,0.0,0.0,0.0,0.0,0.0,0.0,0.0,0.0,0.0,0.0,0.0,0.0,0.0,0.0,0.0,0.0
Antoine Semenyo,Ghana,25.0,2000.0,Left Midfield,185.0,2029-06-30,GB1,Association Football Club Bournemouth,35000000.0,58,100,100,39,61,100,82,7,7,4,82,100,0,0,36,0,32,0,89,https://img.a.transfermarkt.technology/portrait/header/583255-1737452028.jpg?lm=1,37,36,3203,35.6,0.31,0.14,0.45,11,0.31,0.03,0.0,10.0,0.28,0.16,3.93,-0.8,3.51,1.12,0.09,32.0,3.06,7.95,821,23.07,73.4,1.38,1.26,0.22,0.0,0.17,1.66,55,1.55,0.31,1.1,0.06,0.14,46.45,69,1.94,27.51,2.36,2.16,2.05,0.03,0.0,4.44,37.2,51.1,66,1.85,46.5,0.25,0.0,0.0,0.0,0.0,0.0,0.0,0.0,0.0,0.0,0.0,0.0,0.0,0.0,0.0,0.0,0.0,0.0
Josko Gvardiol,Croatia,23.0,2002.0,Left-Back,185.0,2028-06-30,GB1,Manchester City Football Club,75000000.0,67,98,97,97,24,74,97,41,4,95,40,82,0,0,6,0,98,0,79,https://img.a.transfermarkt.technology/portrait/header/475959-1713391602.jpg?lm=1,37,36,3277,36.4,0.14,0.0,0.14,5,0.14,0.01,0.0,4.3,0.12,0.05,2.5,-2.0,1.1,0.33,0.13,30.0,7.25,3.32,2454,67.4,90.2,6.78,0.55,0.03,0.0,0.3,0.6,58,1.59,1.21,3.35,0.22,0.03,85.17,25,0.69,54.76,0.8,0.44,0.44,0.0,0.0,3.76,52.5,58.1,53,1.46,56.4,0.05,0.0,0.0,0.0,0.0,0.0,0.0,0.0,0.0,0.0,0.0,0.0,0.0,0.0,0.0,0.0,0.0,0.0
Liam Delap,England,22.0,2003.0,Centre-Forward,186.0,2029-06-30,GB1,Ipswich Town Football Club,35000000.0,59,63,77,5,21,89,67,7,31,14,95,52,0,0,42,0,8,0,50,https://img.a.transfermarkt.technology/portrait/header/610849-1601282009.jpg?lm=1,37,32,2593,28.8,0.42,0.07,0.49,10,0.35,0.09,0.07,7.8,0.27,0.07,2.12,0.1,2.29,1.01,0.15,43.9,1.04,3.85,219,7.6,61.3,0.59,0.21,0.0,0.0,0.03,0.17,11,0.38,0.07,0.97,0.0,0.45,23.67,40,1.39,15.48,3.61,2.08,2.5,0.07,0.0,2.36,14.3,46.5,55,1.91,42.6,0.38,0.0,0.0,0.0,0.0,0.0,0.0,0.0,0.0,0.0,0.0,0.0,0.0,0.0,0.0,0.0,0.0,0.0
Gianluca Mancini,Italy,29.0,1996.0,Centre-Back,190.0,2027-06-30,IT1,Associazione Sportiva Roma,18000000.0,50,79,79,70,68,12,85,16,90,38,70,46,0,0,90,0,57,0,57,https://img.a.transfermarkt.technology/portrait/header/256448-1663581060.jpg?lm=1,37,36,3143,34.9,0.06,0.0,0.06,2,0.06,0.01,0.0,1.7,0.05,0.03,1.29,-0.9,0.63,0.14,0.09,22.7,3.98,0.66,1689,48.36,86.0,3.95,0.49,0.11,0.0,0.11,0.94,42,1.2,1.0,2.95,0.0,0.03,64.14,1,0.03,38.4,0.29,0.23,1.4,0.0,0.0,2.83,58.8,11.1,60,1.72,63.8,0.23,0.0,0.0,0.0,0.0,0.0,0.0,0.0,0.0,0.0,0.0,0.0,0.0,0.0,0.0,0.0,0.0,0.0
Borja Iglesias,Spain,32.0,1993.0,Centre-Forward,187.0,2025-06-30,ES1,Real Club Celta de Vigo S. A. D.,3000000.0,71,79,86,41,69,29,41,36,55,53,81,17,0,0,62,0,50,0,23,https://img.a.transfermarkt.technology/portrait/header/278359-1686661509.jpg?lm=1,37,24,1952,21.7,0.51,0.14,0.65,11,0.51,0.08,0.0,9.3,0.43,0.15,1.01,-0.2,2.12,1.29,0.24,60.9,1.29,4.98,346,15.95,70.8,0.92,0.41,0.0,0.0,0.37,0.28,10,0.46,0.32,0.46,0.0,0.23,31.58,11,0.51,18.26,2.86,1.48,1.84,0.09,0.0,2.12,26.7,34.4,14,0.65,34.1,0.09,0.0,0.0,0.0,0.0,0.0,0.0,0.0,0.0,0.0,0.0,0.0,0.0,0.0,0.0,0.0,0.0,0.0
Tino Livramento,England,22.0,2002.0,Right-Back,182.0,2028-06-30,GB1,Newcastle United Football Club,35000000.0,48,16,44,77,46,70,82,30,42,98,40,43,0,0,77,0,85,0,37,https://img.a.transfermarkt.technology/portrait/header/503981-1699383321.jpg?lm=1,37,32,2840,31.6,0.0,0.03,0.03,0,0.0,-0.01,0.0,0.3,0.01,0.08,2.63,-1.6,0.19,0.06,0.0,33.3,5.01,3.77,1402,44.43,85.4,3.42,0.89,0.19,0.0,0.03,1.65,54,1.71,0.73,3.45,0.03,0.03,62.18,25,0.79,32.36,0.98,1.27,0.19,0.0,0.0,5.99,54.2,45.5,27,0.86,43.5,0.03,0.0,0.0,0.0,0.0,0.0,0.0,0.0,0.0,0.0,0.0,0.0,0.0,0.0,0.0,0.0,0.0,0.0
Sergio Gómez,Spain,24.0,2000.0,Right Winger,171.0,2030-06-30,ES1,Real Sociedad de Fútbol S.A.D.,20000000.0,27,7,25,59,86,27,20,92,33,45,15,71,0,0,16,0,69,0,76,https://img.a.transfermarkt.technology/portrait/header/366930-1727678534.jpg?lm=1,37,31,2738,30.4,0.07,0.16,0.23,2,0.07,0.0,0.0,1.9,0.06,0.29,1.41,-3.9,0.59,0.33,0.11,55.6,3.06,5.06,1076,35.37,74.8,2.53,0.76,0.36,0.0,0.3,7.59,71,2.33,0.62,0.99,0.07,0.07,56.67,22,0.72,27.71,1.48,0.53,0.95,0.0,0.03,4.8,53.6,43.1,20,0.66,47.6,0.13,0.0,0.0,0.0,0.0,0.0,0.0,0.0,0.0,0.0,0.0,0.0,0.0,0.0,0.0,0.0,0.0,0.0
Vanja Milinković-Savić,Serbia,28.0,1997.0,Goalkeeper,202.0,2026-06-30,IT1,Torino Calcio,12000000.0,81,0,0,51,81,0,96,68,28,31,0,60,91,99,30,74,84,50,60,https://img.a.transfermarkt.technology/portrait/header/257474-1730125139.jpg?lm=1,37,37,3330,37.0,0.0,0.0,0.0,0,0.0,0.0,0.0,0.0,0.0,0.0,0.0,-0.1,0.0,0.0,0.0,0.0,0.0,0.0,1107,29.92,68.0,1.65,0.16,0.0,13.7,0.14,0.0,1,0.03,0.0,0.49,0.11,0.0,46.95,0,0.0,30.03,0.03,0.03,0.03,0.0,0.03,1.38,33.3,0.0,11,0.3,84.6,0.08,0.0,1.14,4.68,3.49,1.39,11.5,0.31,0.0,0.11,5.16,1.0,77.5,27.0,37.6,40.0,6.3,1.24
Mattéo Guendouzi,France,26.0,1999.0,Central Midfield,185.0,2028-06-30,IT1,Società Sportiva Lazio S.p.A.,32000000.0,43,32,34,94,51,37,89,19,58,76,26,32,0,0,43,0,95,0,39,https://img.a.transfermarkt.technology/portrait/header/465830-1730125468.jpg?lm=1,37,37,3270,36.3,0.03,0.08,0.11,1,0.03,-0.01,0.0,1.3,0.04,0.09,2.45,-0.2,0.74,0.22,0.04,29.6,8.7,1.76,1961,53.97,89.8,7.9,0.91,0.08,0.0,0.69,0.58,37,1.02,0.88,1.38,0.06,0.03,67.07,15,0.41,42.63,0.77,0.5,0.77,0.0,0.03,4.76,42.6,60.0,18,0.5,45.0,0.19,0.0,0.0,0.0,0.0,0.0,0.0,0.0,0.0,0.0,0.0,0.0,0.0,0.0,0.0,0.0,0.0,0.0
Carlos Vicente,Spain,26.0,1999.0,Right Winger,179.0,2027-06-30,ES1,Deportivo Alavés S.A.D.,8000000.0,31,19,49,16,46,18,27,44,72,61,34,74,0,0,75,0,5,0,62,https://img.a.transfermarkt.technology/portrait/header/540536-1732115480.jpg?lm=1,37,35,3092,34.4,0.15,0.15,0.29,4,0.12,0.04,0.03,2.7,0.08,0.16,3.03,-0.4,1.02,0.38,0.11,37.1,1.98,6.58,720,20.96,63.2,1.05,1.11,0.84,0.0,0.06,7.83,47,1.37,0.41,1.16,0.0,0.15,45.15,34,0.99,22.73,2.42,1.43,1.11,0.0,0.0,3.87,39.1,32.1,34,0.99,36.2,0.09,0.0,0.0,0.0,0.0,0.0,0.0,0.0,0.0,0.0,0.0,0.0,0.0,0.0,0.0,0.0,0.0,0.0
Virgil van Dijk,Netherlands,33.0,1991.0,Centre-Back,195.0,2025-06-30,GB1,Liverpool Football Club,28000000.0,70,90,90,92,60,32,73,46,39,88,70,95,0,0,48,0,91,0,96,https://img.a.transfermarkt.technology/portrait/header/139208-1702049837.jpg?lm=1,37,37,3330,37.0,0.08,0.03,0.11,3,0.08,0.02,0.0,2.2,0.06,0.02,0.62,0.3,0.73,0.22,0.11,29.6,5.35,0.16,2688,72.65,91.6,7.84,0.19,0.0,0.0,0.59,0.03,38,1.03,1.51,5.16,0.11,0.03,89.22,3,0.08,50.14,0.27,0.14,0.46,0.0,0.0,3.11,59.1,60.0,119,3.22,72.1,0.14,0.0,0.0,0.0,0.0,0.0,0.0,0.0,0.0,0.0,0.0,0.0,0.0,0.0,0.0,0.0,0.0,0.0
Dani Rodríguez,Spain,36.0,1988.0,Attacking Midfield,178.0,2026-06-30,ES1,Real Club Deportivo Mallorca S.A.D.,900000.0,38,30,62,21,49,23,14,74,69,27,30,76,0,0,67,0,10,0,75,https://img.a.transfermarkt.technology/portrait/header/139435-1583332711.jpg?lm=1,37,26,2162,24.0,0.17,0.29,0.46,4,0.17,0.05,0.0,2.8,0.12,0.13,1.54,3.9,1.29,0.42,0.13,32.3,3.25,4.5,498,20.73,69.7,1.75,0.71,0.25,0.0,0.33,4.83,49,2.04,0.5,1.25,0.0,0.12,40.42,16,0.67,21.31,2.08,1.91,2.12,0.0,0.0,2.91,51.9,47.1,27,1.12,42.2,0.21,0.0,0.0,0.0,0.0,0.0,0.0,0.0,0.0,0.0,0.0,0.0,0.0,0.0,0.0,0.0,0.0,0.0
Daniel Muñoz,Colombia,29.0,1996.0,Right-Back,181.0,2027-06-30,GB1,Crystal Palace Football Club,25000000.0,65,99,93,29,80,45,24,84,54,20,40,79,0,0,58,0,37,0,55,https://img.a.transfermarkt.technology/portrait/header/493003-1718642628.jpg?lm=1,37,37,3228,35.9,0.11,0.14,0.25,4,0.11,-0.03,0.0,4.9,0.14,0.15,1.73,-0.5,1.03,0.39,0.11,37.8,2.7,5.8,1130,31.51,75.7,1.64,0.98,0.42,0.0,0.06,2.06,123,3.43,1.23,3.01,0.03,0.03,56.01,21,0.59,22.42,1.51,0.56,1.56,0.0,0.0,4.74,57.3,37.5,58,1.62,42.6,0.28,0.0,0.0,0.0,0.0,0.0,0.0,0.0,0.0,0.0,0.0,0.0,0.0,0.0,0.0,0.0,0.0,0.0
Emiliano Martínez,Argentina,32.0,1992.0,Goalkeeper,195.0,2029-06-30,GB1,Aston Villa Football Club,25000000.0,44,0,0,92,84,69,70,96,14,3,0,61,62,52,12,25,61,44,93,https://img.a.transfermarkt.technology/portrait/header/111873-1668180824.jpg?lm=1,37,37,3194,35.5,0.0,0.0,0.0,0,0.0,0.0,0.0,0.0,0.0,0.01,0.0,-0.5,0.0,0.0,0.0,0.0,0.11,0.0,1091,30.74,78.7,0.76,0.0,0.0,13.7,0.06,0.0,3,0.08,0.0,0.48,0.17,0.0,40.83,1,0.03,25.02,0.03,0.0,0.06,0.0,0.0,0.96,100.0,100.0,10,0.28,90.9,0.14,0.03,1.27,4.0,2.71,1.29,0.8,0.02,0.0,0.03,3.75,1.58,69.0,21.6,30.4,26.3,11.2,0.99
Gabriel Strefezza,Brazil,28.0,1997.0,Right Winger,168.0,2027-06-30,IT1,Calcio Como,6000000.0,49,45,70,68,30,45,67,56,76,28,29,27,0,0,58,0,59,0,29,https://img.a.transfermarkt.technology/portrait/header/457673-1692962752.jpg?lm=1,37,32,2619,29.1,0.21,0.14,0.34,6,0.21,0.08,0.0,3.7,0.13,0.13,2.75,0.1,1.99,0.72,0.1,36.2,3.64,6.53,875,30.07,75.6,2.3,1.0,0.31,0.0,0.34,4.23,57,1.96,0.45,0.89,0.0,0.14,50.96,36,1.24,35.5,1.68,1.82,1.58,0.0,0.0,3.71,38.2,43.9,10,0.34,29.4,0.17,0.0,0.0,0.0,0.0,0.0,0.0,0.0,0.0,0.0,0.0,0.0,0.0,0.0,0.0,0.0,0.0,0.0
Florian Lejeune,France,34.0,1991.0,Centre-Back,190.0,2027-06-30,ES1,Rayo Vallecano de Madrid S.A.D.,2800000.0,50,99,77,59,89,41,55,23,76,26,0,70,0,0,54,0,54,0,63,https://img.a.transfermarkt.technology/portrait/header/127108-1496825998.jpg?lm=1,37,37,3325,36.9,0.05,0.08,0.14,2,0.05,-0.04,0.0,3.6,0.1,0.05,0.57,1.1,1.57,0.46,0.03,29.3,3.87,0.14,1728,46.77,83.8,4.55,0.19,0.08,0.0,0.95,0.22,46,1.25,1.11,4.9,0.03,0.0,67.29,4,0.11,39.76,0.46,0.11,1.35,0.0,0.08,4.22,53.5,66.7,92,2.49,60.5,0.22,0.0,0.0,0.0,0.0,0.0,0.0,0.0,0.0,0.0,0.0,0.0,0.0,0.0,0.0,0.0,0.0,0.0
Cristhian Mosquera,Spain,20.0,2004.0,Centre-Back,191.0,2026-06-30,ES1,Valencia Club de Fútbol S. A. D.,30000000.0,46,17,61,57,11,37,72,69,30,71,0,7,0,0,21,0,66,0,8,https://img.a.transfermarkt.technology/portrait/header/646750-1644238478.jpg?lm=1,37,37,3319,36.9,0.03,0.0,0.03,1,0.03,0.02,0.0,0.4,0.01,0.0,0.95,0.0,0.14,0.05,0.2,40.0,3.34,0.16,1858,50.38,90.5,3.2,0.03,0.0,0.0,0.16,0.05,56,1.52,0.95,3.47,0.11,0.0,64.18,5,0.14,37.99,0.49,0.27,0.38,0.0,0.08,5.15,77.5,55.6,41,1.11,44.6,0.16,0.0,0.0,0.0,0.0,0.0,0.0,0.0,0.0,0.0,0.0,0.0,0.0,0.0,0.0,0.0,0.0,0.0
Lorenzo Colombo,Italy,23.0,2002.0,Centre-Forward,183.0,2025-06-30,IT1,Empoli Football Club S.r.l.,6000000.0,39,34,40,46,55,76,42,40,14,14,82,41,0,0,17,0,37,0,25,https://img.a.transfermarkt.technology/portrait/header/487843-1730186148.jpg?lm=1,37,26,2233,24.8,0.24,0.08,0.32,5,0.2,-0.0,0.04,5.3,0.21,0.12,1.09,-0.9,2.22,0.73,0.09,32.7,1.93,4.72,343,13.82,67.5,1.01,0.48,0.08,0.0,0.24,0.4,31,1.25,0.08,0.64,0.04,0.32,33.65,24,0.97,17.69,3.55,2.14,1.85,0.0,0.0,2.94,33.3,49.0,53,2.14,30.3,0.2,0.04,0.0,0.0,0.0,0.0,0.0,0.0,0.0,0.0,0.0,0.0,0.0,0.0,0.0,0.0,0.0,0.0
Jofre Carreras,Spain,23.0,2001.0,Right Winger,175.0,2029-06-30,ES1,Reial Club Deportiu Espanyol de Barcelona S.A.D.,4000000.0,31,22,35,6,20,44,21,78,60,32,67,12,0,0,63,0,12,0,14,https://img.a.transfermarkt.technology/portrait/header/628498-1701787554.jpg?lm=1,37,26,2165,24.1,0.12,0.12,0.25,3,0.12,0.02,0.0,2.5,0.1,0.1,2.7,0.5,1.66,0.42,0.08,25.0,2.0,6.48,352,14.63,67.0,0.71,0.62,0.37,0.0,0.08,2.24,22,0.91,0.62,1.21,0.0,0.29,34.88,39,1.62,22.24,2.66,1.66,1.16,0.0,0.0,4.36,56.5,34.8,5,0.21,22.7,0.21,0.0,0.0,0.0,0.0,0.0,0.0,0.0,0.0,0.0,0.0,0.0,0.0,0.0,0.0,0.0,0.0,0.0
Cole Palmer,England,23.0,2002.0,Attacking Midfield,185.0,2033-06-30,GB1,Chelsea Football Club,130000000.0,86,100,94,70,96,63,82,23,59,69,78,3,0,0,59,0,74,0,10,https://img.a.transfermarkt.technology/portrait/header/568177-1712320986.jpg?lm=1,37,36,3191,35.5,0.42,0.23,0.65,11,0.31,-0.06,0.11,13.3,0.38,0.31,3.36,-2.9,3.41,1.24,0.09,36.4,6.04,5.27,1140,32.15,77.0,4.6,1.83,0.51,0.0,0.39,4.09,33,0.93,0.31,0.56,0.03,0.23,52.18,51,1.44,33.06,2.0,1.04,0.42,0.03,0.0,2.99,42.3,45.1,2,0.06,22.2,0.2,0.0,0.0,0.0,0.0,0.0,0.0,0.0,0.0,0.0,0.0,0.0,0.0,0.0,0.0,0.0,0.0,0.0
Rayan Aït-Nouri,Algeria,23.0,2001.0,Left-Back,180.0,2026-06-30,GB1,Wolverhampton Wanderers Football Club,35000000.0,69,93,94,59,86,98,81,56,11,39,81,28,0,0,29,0,80,0,28,https://img.a.transfermarkt.technology/portrait/header/578391-1695656762.jpg?lm=1,37,37,3109,34.5,0.12,0.2,0.32,4,0.12,0.04,0.0,2.7,0.08,0.16,2.58,1.5,1.04,0.29,0.11,27.8,3.13,5.09,1447,41.89,84.2,2.23,0.87,0.29,0.0,0.12,2.72,88,2.55,0.75,2.17,0.09,0.12,62.12,63,1.82,32.65,1.51,1.36,0.87,0.0,0.0,4.17,60.9,46.0,22,0.64,42.3,0.2,0.03,0.0,0.0,0.0,0.0,0.0,0.0,0.0,0.0,0.0,0.0,0.0,0.0,0.0,0.0,0.0,0.0
Alex Král,Czech Republic,27.0,1998.0,Central Midfield,186.0,2025-06-30,ES1,Reial Club Deportiu Espanyol de Barcelona S.A.D.,6000000.0,42,39,10,4,19,80,40,57,31,96,62,81,0,0,46,0,4,0,84,https://img.a.transfermarkt.technology/portrait/header/337333-1691614545.jpg?lm=1,37,29,2714,30.2,0.0,0.03,0.03,0,0.0,-0.05,0.0,1.5,0.05,0.05,1.62,-0.5,0.7,0.07,0.0,9.5,2.59,2.62,602,19.96,71.9,2.45,0.4,0.13,0.0,0.2,1.26,55,1.82,0.93,1.69,0.07,0.13,38.3,29,0.96,20.49,1.72,0.96,1.03,0.0,0.0,4.21,53.3,52.7,38,1.26,57.6,0.03,0.0,0.0,0.0,0.0,0.0,0.0,0.0,0.0,0.0,0.0,0.0,0.0,0.0,0.0,0.0,0.0,0.0
Matteo Politano,Italy,31.0,1993.0,Right Winger,171.0,2027-06-30,IT1,Società Sportiva Calcio Napoli,10000000.0,36,29,31,75,40,33,71,30,57,82,33,12,0,0,45,0,33,0,16,https://img.a.transfermarkt.technology/portrait/header/165895-1692963030.jpg?lm=1,37,34,2804,31.2,0.1,0.13,0.22,3,0.1,-0.0,0.0,3.1,0.1,0.15,4.33,-0.8,1.8,0.45,0.05,25.0,4.14,8.92,873,28.02,69.2,2.09,1.77,0.74,0.0,0.32,7.35,29,0.93,0.42,1.6,0.03,0.1,50.1,32,1.03,29.53,1.51,0.77,0.45,0.03,0.0,3.05,34.9,40.0,6,0.19,23.1,0.1,0.0,0.0,0.0,0.0,0.0,0.0,0.0,0.0,0.0,0.0,0.0,0.0,0.0,0.0,0.0,0.0,0.0
Morgan Rogers,England,22.0,2002.0,Attacking Midfield,187.0,2030-06-30,GB1,Aston Villa Football Club,50000000.0,69,80,89,25,85,83,66,45,10,29,50,19,0,0,30,0,30,0,11,https://img.a.transfermarkt.technology/portrait/header/503743-1706786450.jpg?lm=1,37,37,3114,34.6,0.23,0.29,0.52,8,0.23,0.04,0.0,6.6,0.19,0.23,3.29,2.2,1.59,0.58,0.15,36.4,3.55,5.43,664,19.19,73.2,2.11,1.62,0.09,0.0,0.17,0.78,43,1.24,0.17,0.58,0.06,0.14,39.31,66,1.91,22.89,3.27,2.14,1.45,0.03,0.0,3.44,51.1,41.3,13,0.38,20.3,0.29,0.0,0.0,0.0,0.0,0.0,0.0,0.0,0.0,0.0,0.0,0.0,0.0,0.0,0.0,0.0,0.0,0.0
Sergio Herrera,Spain,31.0,1993.0,Goalkeeper,192.0,2026-06-30,ES1,Club Atlético Osasuna,4000000.0,78,0,0,54,52,69,20,70,75,11,0,21,54,87,63,86,92,99,42,https://img.a.transfermarkt.technology/portrait/header/248738-1732220099.jpg?lm=1,37,37,3330,37.0,0.0,0.0,0.0,0,0.0,0.0,0.0,0.0,0.0,0.0,0.0,0.0,0.0,0.0,0.0,0.0,0.05,0.0,871,23.54,69.9,0.78,0.0,0.0,19.7,0.08,0.0,2,0.05,0.0,0.78,0.03,0.0,36.7,1,0.03,18.86,0.05,0.0,0.03,0.0,0.03,0.89,33.3,100.0,5,0.14,83.3,0.14,0.0,1.41,4.92,3.54,1.52,5.2,0.14,0.0,0.0,3.76,0.86,75.3,21.6,37.6,43.2,6.1,2.3
Remo Freuler,Switzerland,33.0,1992.0,Central Midfield,180.0,2026-06-30,IT1,Bologna Football Club 1909,6500000.0,40,30,33,70,16,6,43,42,78,71,26,51,0,0,64,0,74,0,55,https://img.a.transfermarkt.technology/portrait/header/148252-1688044464.jpg?lm=1,37,37,3204,35.6,0.03,0.06,0.08,1,0.03,-0.01,0.0,1.3,0.04,0.04,1.1,0.5,0.48,0.11,0.06,23.5,5.84,1.57,1704,47.87,87.7,5.73,0.67,0.11,0.0,0.14,0.53,79,2.22,1.07,1.6,0.03,0.03,63.06,5,0.14,34.16,0.9,0.39,1.32,0.0,0.0,4.1,41.8,38.5,28,0.79,50.0,0.17,0.0,0.0,0.0,0.0,0.0,0.0,0.0,0.0,0.0,0.0,0.0,0.0,0.0,0.0,0.0,0.0,0.0
Gustav Isaksen,Denmark,24.0,2001.0,Right Winger,181.0,2028-06-30,IT1,Società Sportiva Lazio S.p.A.,20000000.0,55,68,50,51,14,65,61,8,40,42,83,47,0,0,39,0,45,0,47,https://img.a.transfermarkt.technology/portrait/header/462823-1695026324.jpg?lm=1,37,29,2210,24.6,0.16,0.08,0.24,4,0.16,-0.05,0.0,5.2,0.21,0.09,3.87,-0.1,2.2,0.98,0.07,44.4,1.87,10.14,610,24.84,76.6,0.77,0.98,0.41,0.0,0.2,4.52,16,0.65,0.41,0.86,0.04,0.33,44.1,44,1.79,28.43,1.87,1.26,0.94,0.04,0.0,2.77,25.0,42.3,13,0.53,35.1,0.2,0.0,0.0,0.0,0.0,0.0,0.0,0.0,0.0,0.0,0.0,0.0,0.0,0.0,0.0,0.0,0.0,0.0
Dan Burn,England,33.0,1992.0,Centre-Back,201.0,2026-06-30,GB1,Newcastle United Football Club,7000000.0,42,85,52,34,55,45,32,7,33,39,70,97,0,0,40,0,52,0,93,https://img.a.transfermarkt.technology/portrait/header/134270-1682340860.jpg?lm=1,37,37,3330,37.0,0.03,0.03,0.05,1,0.03,-0.03,0.0,2.0,0.05,0.02,0.32,0.1,0.62,0.19,0.04,30.4,2.03,0.38,1776,48.0,88.5,1.35,0.24,0.0,0.0,0.32,0.08,39,1.05,0.7,5.32,0.11,0.03,64.41,3,0.08,36.35,0.65,0.08,0.92,0.0,0.0,2.78,56.8,75.0,145,3.92,65.6,0.3,0.0,0.0,0.0,0.0,0.0,0.0,0.0,0.0,0.0,0.0,0.0,0.0,0.0,0.0,0.0,0.0,0.0
Nikola Krstović,Montenegro,25.0,2000.0,Centre-Forward,185.0,2027-06-30,IT1,Unione Sportiva Lecce,14000000.0,63,76,65,30,41,21,44,40,75,42,43,67,0,0,58,0,29,0,57,https://img.a.transfermarkt.technology/portrait/header/434433-1730126208.jpg?lm=1,37,37,3057,34.0,0.32,0.15,0.47,9,0.26,-0.03,0.06,9.7,0.29,0.09,1.24,2.1,3.95,1.12,0.07,28.4,1.65,4.39,434,12.78,66.4,1.12,0.44,0.03,0.0,0.12,0.24,18,0.53,0.21,0.71,0.0,0.15,30.94,17,0.5,16.78,2.53,1.18,1.68,0.0,0.0,2.12,40.0,26.2,91,2.68,41.4,0.18,0.0,0.0,0.0,0.0,0.0,0.0,0.0,0.0,0.0,0.0,0.0,0.0,0.0,0.0,0.0,0.0,0.0
Roberto Piccoli,Italy,24.0,2001.0,Centre-Forward,190.0,2025-06-30,IT1,Cagliari Calcio,8000000.0,63,85,65,15,7,12,20,11,54,43,92,75,0,0,57,0,15,0,65,https://img.a.transfermarkt.technology/portrait/header/432092-1663672767.jpg?lm=1,37,37,3127,34.7,0.29,0.03,0.32,9,0.26,-0.08,0.03,12.0,0.35,0.03,0.86,0.1,2.79,0.81,0.09,28.9,1.06,4.75,343,9.87,66.3,0.92,0.2,0.0,0.0,0.12,0.23,13,0.37,0.09,0.89,0.0,0.37,26.45,14,0.4,14.71,3.28,1.32,1.73,0.06,0.0,1.55,25.0,22.2,110,3.17,42.8,0.17,0.0,0.0,0.0,0.0,0.0,0.0,0.0,0.0,0.0,0.0,0.0,0.0,0.0,0.0,0.0,0.0,0.0
Giovanni Di Lorenzo,Italy,31.0,1993.0,Right-Back,183.0,2028-06-30,IT1,Società Sportiva Calcio Napoli,15000000.0,61,92,87,91,65,2,37,45,74,58,40,70,0,0,63,0,87,0,58,https://img.a.transfermarkt.technology/portrait/header/169880-1730126691.jpg?lm=1,37,37,3330,37.0,0.08,0.05,0.14,3,0.08,0.01,0.0,2.8,0.08,0.11,1.35,-1.9,0.57,0.16,0.14,28.6,6.05,4.41,1870,50.54,83.6,4.59,1.46,0.22,0.0,0.19,1.7,66,1.78,0.84,2.3,0.03,0.03,68.68,4,0.11,32.49,0.76,0.38,1.24,0.0,0.0,2.54,64.6,12.9,45,1.22,49.5,0.16,0.0,0.0,0.0,0.0,0.0,0.0,0.0,0.0,0.0,0.0,0.0,0.0,0.0,0.0,0.0,0.0,0.0
Pedri,Spain,22.0,2002.0,Central Midfield,174.0,2030-06-30,ES1,Futbol Club Barcelona,120000000.0,63,61,86,100,95,94,97,21,54,98,62,33,0,0,73,0,98,0,56,https://img.a.transfermarkt.technology/portrait/header/683840-1744278342.jpg?lm=1,37,35,2879,32.0,0.13,0.16,0.28,4,0.13,0.06,0.0,2.2,0.07,0.23,2.88,-2.4,0.78,0.34,0.16,44.0,11.25,4.25,2404,75.15,87.4,10.35,2.47,0.13,0.0,0.5,1.81,62,1.94,0.81,0.66,0.03,0.13,95.72,40,1.25,62.83,1.5,1.13,0.31,0.0,0.0,7.94,33.8,65.6,7,0.22,53.8,0.09,0.0,0.0,0.0,0.0,0.0,0.0,0.0,0.0,0.0,0.0,0.0,0.0,0.0,0.0,0.0,0.0,0.0
Mark Flekken,Netherlands,31.0,1993.0,Goalkeeper,195.0,2027-06-30,GB1,Brentford Football Club,10000000.0,55,0,0,75,93,69,96,75,23,60,0,26,33,57,52,55,75,18,78,https://img.a.transfermarkt.technology/portrait/header/125714-1658411484.jpg?lm=1,37,37,3275,36.4,0.0,0.05,0.05,0,0.0,0.0,0.0,0.0,0.0,0.01,0.0,1.5,0.0,0.0,0.0,0.0,0.0,0.0,1253,34.43,73.0,1.37,0.05,0.0,11.5,0.14,0.0,4,0.11,0.0,0.71,0.11,0.0,50.13,1,0.03,30.78,0.08,0.0,0.0,0.0,0.0,1.07,33.3,100.0,4,0.11,100.0,0.03,0.0,1.51,5.58,4.12,1.46,0.0,0.0,0.0,0.0,3.35,1.26,73.4,18.9,34.5,33.8,7.9,0.93
Aimar Oroz,Spain,23.0,2001.0,Attacking Midfield,177.0,2029-06-30,ES1,Club Atlético Osasuna,15000000.0,42,40,55,50,23,67,44,27,79,44,30,54,0,0,81,0,70,0,70,https://img.a.transfermarkt.technology/portrait/header/634131-1732220023.jpg?lm=1,37,35,2966,33.0,0.15,0.12,0.27,4,0.12,0.02,0.03,3.5,0.11,0.09,2.25,1.1,1.43,0.46,0.09,31.9,4.95,4.31,924,28.04,81.9,2.76,1.09,0.15,0.0,0.21,0.88,35,1.06,0.61,0.3,0.0,0.12,43.45,49,1.49,27.7,1.76,1.67,0.85,0.0,0.0,4.98,30.4,48.5,18,0.55,45.0,0.24,0.0,0.0,0.0,0.0,0.0,0.0,0.0,0.0,0.0,0.0,0.0,0.0,0.0,0.0,0.0,0.0,0.0
Noussair Mazraoui,Morocco,27.0,1997.0,Right-Back,183.0,2028-06-30,GB1,Manchester United Football Club,32000000.0,61,41,34,55,25,80,52,88,68,73,73,89,0,0,56,0,74,0,87,https://img.a.transfermarkt.technology/portrait/header/340456-1700207898.jpg?lm=1,37,34,2838,31.5,0.0,0.03,0.03,0,0.0,-0.02,0.0,0.7,0.02,0.05,1.33,-0.5,0.41,0.1,0.0,23.1,3.65,1.84,1526,48.39,85.7,3.96,0.63,0.16,0.0,0.19,0.73,115,3.65,1.08,3.01,0.03,0.1,67.83,26,0.82,37.17,0.79,0.54,1.21,0.0,0.03,4.73,63.2,54.2,50,1.59,62.5,0.1,0.0,0.0,0.0,0.0,0.0,0.0,0.0,0.0,0.0,0.0,0.0,0.0,0.0,0.0,0.0,0.0,0.0
Julián Alvarez,Argentina,25.0,2000.0,Centre-Forward,170.0,2030-06-30,ES1,Club Atlético de Madrid S.A.D.,90000000.0,75,84,88,91,85,86,93,23,21,63,17,7,0,0,23,0,84,0,12,https://img.a.transfermarkt.technology/portrait/header/576024-1684920938.jpg?lm=1,37,30,2509,27.9,0.61,0.14,0.75,13,0.47,0.1,0.14,11.0,0.39,0.19,2.83,-1.3,2.51,1.29,0.19,51.4,3.3,5.81,717,25.72,74.2,1.61,1.36,0.18,0.0,0.43,2.48,25,0.9,0.07,0.43,0.04,0.07,44.41,34,1.22,27.84,2.22,1.43,0.93,0.0,0.0,2.69,26.7,52.3,13,0.47,29.5,0.18,0.0,0.0,0.0,0.0,0.0,0.0,0.0,0.0,0.0,0.0,0.0,0.0,0.0,0.0,0.0,0.0,0.0
Enzo Boyomo,Cameroon,23.0,2001.0,Centre-Back,184.0,2029-05-30,ES1,Club Atlético Osasuna,20000000.0,52,72,81,41,48,65,30,89,44,59,0,5,0,0,60,0,57,0,6,https://img.a.transfermarkt.technology/portrait/header/541555-1728038860.jpg?lm=1,37,36,3257,36.2,0.06,0.0,0.06,2,0.06,0.01,0.0,1.6,0.04,0.02,0.47,-0.9,0.39,0.08,0.15,25.0,3.26,0.19,1394,38.52,87.57,2.43,0.17,0.0,0.0,0.19,0.06,74,2.04,1.24,3.98,0.08,0.0,53.55,10,0.28,30.2,0.53,0.28,1.27,0.0,0.0,3.65,78.77,60.67,32,0.88,44.57,0.14,0.0,0.0,0.0,0.0,0.0,0.0,0.0,0.0,0.0,0.0,0.0,0.0,0.0,0.0,0.0,0.0,0.0
Jean-Philippe Mateta,France,27.0,1997.0,Centre-Forward,192.0,2026-06-30,GB1,Crystal Palace Football Club,30000000.0,73,86,85,27,50,53,38,10,61,86,50,49,0,0,87,0,27,0,39,https://img.a.transfermarkt.technology/portrait/header/420002-1723202650.jpg?lm=1,37,33,2648,29.4,0.48,0.07,0.54,12,0.41,0.01,0.07,12.0,0.41,0.11,1.53,-1.2,2.31,0.99,0.18,42.6,1.8,4.15,291,9.89,65.1,1.19,0.54,0.07,0.0,0.0,0.88,18,0.61,0.07,0.78,0.0,0.17,25.08,20,0.68,13.63,2.45,1.53,0.92,0.0,0.0,2.31,18.8,43.5,63,2.14,37.1,0.07,0.0,0.0,0.0,0.0,0.0,0.0,0.0,0.0,0.0,0.0,0.0,0.0,0.0,0.0,0.0,0.0,0.0
Raphinha,Brazil,28.0,1996.0,Left Winger,176.0,2027-06-30,ES1,Futbol Club Barcelona,80000000.0,88,100,99,85,96,73,60,45,95,80,85,66,0,0,93,0,70,0,88,https://img.a.transfermarkt.technology/portrait/header/411295-1729754479.png?lm=1,36,32,2839,31.5,0.57,0.29,0.86,16,0.51,-0.04,0.06,17.6,0.56,0.4,2.98,-3.7,3.55,1.27,0.14,35.7,4.28,11.06,1064,33.73,71.1,2.76,2.12,0.57,0.0,0.48,6.82,36,1.14,0.35,0.82,0.0,0.32,59.06,52,1.65,32.21,1.68,0.92,0.35,0.06,0.0,2.98,48.7,50.5,9,0.29,60.0,0.13,0.0,0.0,0.0,0.0,0.0,0.0,0.0,0.0,0.0,0.0,0.0,0.0,0.0,0.0,0.0,0.0,0.0
Antonee Robinson,United States,27.0,1997.0,Left-Back,183.0,2028-06-30,GB1,Fulham Football Club,35000000.0,64,40,24,75,77,86,95,79,39,48,0,87,0,0,49,0,46,0,89,https://img.a.transfermarkt.technology/portrait/header/349701-1703926612.jpg?lm=1,36,35,3167,35.2,0.0,0.28,0.28,0,0.0,-0.02,0.0,0.7,0.02,0.12,3.35,5.8,0.45,0.06,0.0,12.5,3.72,7.79,1595,45.33,76.8,3.27,1.59,0.82,0.0,0.14,4.83,95,2.7,1.76,3.78,0.06,0.0,71.7,38,1.08,38.14,1.25,0.57,0.88,0.0,0.0,4.46,47.4,45.8,50,1.42,65.8,0.23,0.0,0.0,0.0,0.0,0.0,0.0,0.0,0.0,0.0,0.0,0.0,0.0,0.0,0.0,0.0,0.0,0.0
Romelu Lukaku,Belgium,32.0,1993.0,Centre-Forward,191.0,2027-06-30,IT1,Società Sportiva Calcio Napoli,22000000.0,63,73,80,34,71,5,16,4,69,56,15,40,0,0,68,0,46,0,45,https://img.a.transfermarkt.technology/portrait/header/96341-1661780981.jpg?lm=1,36,35,2843,31.6,0.44,0.32,0.76,11,0.35,0.03,0.09,9.8,0.31,0.13,0.98,6.0,1.9,0.63,0.18,33.3,1.14,6.93,353,11.17,71.0,0.47,0.35,0.03,0.0,0.06,0.13,4,0.13,0.03,0.54,0.0,0.06,22.95,6,0.19,12.03,1.74,1.68,1.49,0.0,0.0,1.08,25.0,23.1,42,1.33,42.9,0.13,0.0,0.0,0.0,0.0,0.0,0.0,0.0,0.0,0.0,0.0,0.0,0.0,0.0,0.0,0.0,0.0,0.0
Dani Parejo,Spain,36.0,1989.0,Central Midfield,182.0,2026-06-30,ES1,Villarreal Club de Fútbol S.A.D.,2000000.0,51,16,61,82,42,33,35,70,71,53,28,84,0,0,58,0,83,0,98,https://img.a.transfermarkt.technology/portrait/header/59561-1688725780.jpg?lm=1,36,26,2273,25.3,0.12,0.12,0.24,2,0.08,0.02,0.04,0.8,0.03,0.07,0.75,1.2,0.48,0.08,0.17,16.7,6.97,1.03,1354,53.61,87.5,6.97,0.67,0.12,0.0,0.55,1.47,52,2.06,0.95,1.58,0.04,0.04,68.58,8,0.32,35.52,0.67,0.51,0.79,0.0,0.0,5.62,53.7,66.7,24,0.95,72.7,0.32,0.0,0.0,0.0,0.0,0.0,0.0,0.0,0.0,0.0,0.0,0.0,0.0,0.0,0.0,0.0,0.0,0.0
Murillo,Brazil,22.0,2002.0,Centre-Back,180.0,2029-06-30,GB1,Nottingham Forest Football Club,55000000.0,44,70,81,23,66,98,25,41,43,66,70,32,0,0,50,0,8,0,56,https://img.a.transfermarkt.technology/portrait/header/1005649-1709159139.jpg?lm=1,36,36,3188,35.4,0.06,0.0,0.06,2,0.06,0.02,0.0,1.4,0.04,0.03,0.62,-1.2,0.71,0.17,0.08,24.0,3.25,0.14,1140,32.18,78.5,3.92,0.37,0.03,0.0,0.62,0.4,53,1.5,1.02,7.03,0.08,0.03,54.2,27,0.76,23.15,0.54,0.31,0.76,0.0,0.03,4.01,58.7,73.0,44,1.24,66.7,0.17,0.0,0.0,0.0,0.0,0.0,0.0,0.0,0.0,0.0,0.0,0.0,0.0,0.0,0.0,0.0,0.0,0.0
Gorka Guruzeta,Spain,28.0,1996.0,Centre-Forward,188.0,2028-06-30,ES1,Athletic Club Bilbao,12000000.0,50,60,60,31,25,56,8,55,84,48,0,39,0,0,56,0,48,0,31,https://img.a.transfermarkt.technology/portrait/header/340205-1709676375.png?lm=1,36,21,1840,20.4,0.34,0.1,0.44,7,0.34,0.01,0.0,6.6,0.32,0.07,0.39,0.5,2.89,0.93,0.12,32.2,1.52,3.13,298,14.58,72.5,1.12,0.1,0.0,0.0,0.2,0.24,16,0.78,0.44,1.12,0.0,0.0,31.45,11,0.54,13.99,2.35,0.98,1.96,0.0,0.0,2.98,22.6,55.0,36,1.76,34.3,0.1,0.0,0.0,0.0,0.0,0.0,0.0,0.0,0.0,0.0,0.0,0.0,0.0,0.0,0.0,0.0,0.0,0.0
Sandi Lovrić,Slovenia,27.0,1998.0,Central Midfield,180.0,2027-06-30,IT1,Udinese Calcio,8000000.0,53,74,57,45,74,61,76,44,40,45,82,0,0,0,53,0,33,0,0,https://img.a.transfermarkt.technology/portrait/header/268429-1725531957.jpg?lm=1,36,31,2308,25.6,0.08,0.12,0.19,2,0.08,-0.02,0.0,2.6,0.1,0.13,2.34,-0.4,1.91,0.47,0.04,24.5,4.68,2.77,749,29.21,78.7,3.16,0.82,0.16,0.0,0.23,3.51,46,1.79,0.86,1.05,0.04,0.16,49.06,21,0.82,26.13,2.07,1.09,2.11,0.04,0.0,4.6,50.0,43.8,1,0.04,5.6,0.19,0.0,0.0,0.0,0.0,0.0,0.0,0.0,0.0,0.0,0.0,0.0,0.0,0.0,0.0,0.0,0.0,0.0
Lorenzo Montipò,Italy,29.0,1996.0,Goalkeeper,191.0,2026-06-30,IT1,Verona Hellas Football Club,3000000.0,17,0,0,1,60,0,1,64,37,69,0,34,10,6,53,96,86,15,53,https://img.a.transfermarkt.technology/portrait/header/241923-1724828092.jpg?lm=1,36,36,3240,36.0,0.0,0.0,0.0,0,0.0,0.0,0.0,0.0,0.0,0.0,0.0,0.0,0.0,0.0,0.0,0.0,0.03,0.0,520,14.44,48.7,1.03,0.0,0.0,11.6,0.08,0.0,1,0.03,0.0,0.67,0.11,0.0,32.5,0,0.0,14.11,0.03,0.0,0.0,0.0,0.0,0.78,25.0,0.0,7,0.19,87.5,0.0,0.0,1.78,4.47,2.69,1.41,-12.2,-0.34,0.03,0.03,2.53,0.83,61.5,22.2,43.6,59.9,6.0,0.64
Santiago Castro,Argentina,20.0,2004.0,Centre-Forward,179.0,2028-06-30,IT1,Bologna Football Club 1909,35000000.0,53,55,63,51,52,55,22,33,30,27,80,33,0,0,50,0,73,0,30,https://img.a.transfermarkt.technology/portrait/header/849520-1724827267.jpg?lm=1,36,27,2294,25.5,0.31,0.16,0.47,8,0.31,0.01,0.0,6.9,0.27,0.11,0.67,1.1,2.43,0.78,0.13,32.3,1.53,5.34,354,13.89,76.8,0.9,0.31,0.0,0.0,0.35,0.31,18,0.71,0.12,0.78,0.0,0.31,28.33,18,0.71,16.79,2.75,2.51,1.92,0.0,0.0,2.71,35.3,41.9,37,1.45,35.2,0.27,0.0,0.0,0.0,0.0,0.0,0.0,0.0,0.0,0.0,0.0,0.0,0.0,0.0,0.0,0.0,0.0,0.0
Johan Vásquez,Mexico,26.0,1998.0,Centre-Back,185.0,2027-06-30,IT1,Genoa Cricket and Football Club,12000000.0,63,94,91,36,29,54,76,67,71,41,90,73,0,0,75,0,25,0,51,https://img.a.transfermarkt.technology/portrait/header/532937-1742929864.jpg?lm=1,36,34,3041,33.8,0.09,0.0,0.09,3,0.09,0.02,0.0,2.4,0.07,0.01,1.1,-0.3,1.07,0.24,0.08,22.2,2.84,0.36,1491,44.13,84.7,2.25,0.18,0.06,0.0,0.12,0.21,56,1.66,1.48,4.44,0.03,0.06,64.81,5,0.15,35.57,0.71,0.15,0.92,0.03,0.03,3.61,59.1,71.4,93,2.75,55.4,0.27,0.0,0.0,0.0,0.0,0.0,0.0,0.0,0.0,0.0,0.0,0.0,0.0,0.0,0.0,0.0,0.0,0.0
Bart Verbruggen,Netherlands,22.0,2002.0,Goalkeeper,194.0,2028-06-30,GB1,Brighton and Hove Albion Football Club,25000000.0,20,0,0,77,80,85,83,45,16,21,0,61,28,18,25,28,23,57,63,https://img.a.transfermarkt.technology/portrait/header/565093-1716990260.jpg?lm=1,36,36,3240,36.0,0.0,0.03,0.03,0,0.0,0.0,0.0,0.0,0.0,0.0,0.0,1.0,0.0,0.0,0.0,0.0,0.06,0.0,1012,28.11,77.0,0.56,0.03,0.0,13.9,0.0,0.0,0,0.0,0.0,0.81,0.14,0.0,39.06,2,0.06,26.5,0.06,0.0,0.0,0.0,0.0,1.67,0.0,100.0,10,0.28,90.9,0.14,0.0,1.61,3.97,2.42,1.42,-5.0,-0.14,0.0,0.0,3.39,0.75,65.7,19.4,29.7,26.9,6.5,1.31
Federico Valverde,Uruguay,26.0,1998.0,Central Midfield,182.0,2029-06-30,ES1,Real Madrid Club de Fútbol,130000000.0,76,73,94,91,53,43,84,96,85,95,0,74,0,0,73,0,93,0,88,https://img.a.transfermarkt.technology/portrait/header/369081-1731018042.jpg?lm=1,36,34,3032,33.7,0.18,0.12,0.3,6,0.18,0.1,0.0,2.7,0.08,0.09,1.96,0.9,1.69,0.65,0.11,38.6,6.71,2.26,2010,59.66,89.9,6.89,0.92,0.06,0.0,1.48,0.77,50,1.48,1.63,1.54,0.03,0.0,75.48,16,0.47,45.27,1.04,0.03,0.36,0.0,0.0,5.16,67.4,57.1,27,0.8,64.3,0.12,0.0,0.0,0.0,0.0,0.0,0.0,0.0,0.0,0.0,0.0,0.0,0.0,0.0,0.0,0.0,0.0,0.0
Mateo Retegui,Italy,26.0,1999.0,Centre-Forward,186.0,2028-06-30,IT1,Atalanta Bergamasca Calcio S.p.a.,45000000.0,82,95,98,70,86,31,46,15,35,69,63,55,0,0,77,0,81,0,56,https://img.a.transfermarkt.technology/portrait/header/554903-1681311414.jpg?lm=1,36,32,2383,26.5,0.94,0.3,1.25,21,0.79,0.23,0.15,14.9,0.56,0.18,0.79,3.2,3.74,1.21,0.21,32.3,1.74,7.52,441,16.66,76.8,1.1,0.34,0.04,0.0,0.23,0.57,14,0.53,0.15,0.64,0.0,0.15,32.97,12,0.45,21.07,3.63,1.81,1.21,0.08,0.0,2.61,18.8,40.0,51,1.93,43.6,0.11,0.0,0.0,0.0,0.0,0.0,0.0,0.0,0.0,0.0,0.0,0.0,0.0,0.0,0.0,0.0,0.0,0.0
Aaron Wan-Bissaka,England,27.0,1997.0,Right-Back,183.0,2031-06-30,GB1,West Ham United Football Club,22000000.0,79,62,79,69,63,98,88,98,79,95,56,25,0,0,97,0,68,0,25,https://img.a.transfermarkt.technology/portrait/header/477758-1617030255.jpg?lm=1,36,35,3154,35.0,0.06,0.14,0.2,2,0.06,0.02,0.0,1.2,0.03,0.1,3.17,1.5,0.46,0.14,0.13,31.3,4.25,4.77,1471,41.98,81.1,2.65,1.0,0.31,0.0,0.03,2.17,70,2.0,1.88,3.57,0.0,0.06,64.32,63,1.8,31.07,1.0,0.63,0.71,0.0,0.0,4.97,71.9,51.6,22,0.63,40.0,0.03,0.0,0.0,0.0,0.0,0.0,0.0,0.0,0.0,0.0,0.0,0.0,0.0,0.0,0.0,0.0,0.0,0.0
Adama Traoré,Spain,29.0,1996.0,Right Winger,178.0,2025-06-30,GB1,Fulham Football Club,10000000.0,49,58,22,55,84,92,74,12,2,43,12,89,0,0,2,0,49,0,86,https://img.a.transfermarkt.technology/portrait/header/204103-1736153427.jpg?lm=1,36,18,1772,19.7,0.1,0.36,0.46,2,0.1,-0.11,0.0,4.1,0.21,0.25,5.08,2.1,1.98,0.61,0.05,30.8,3.4,8.18,423,21.48,72.1,1.78,1.93,1.17,0.0,0.1,5.13,20,1.02,0.05,0.3,0.2,0.05,40.68,48,2.44,27.33,1.88,1.27,1.22,0.0,0.0,4.42,38.5,49.5,25,1.27,49.0,0.15,0.0,0.0,0.0,0.0,0.0,0.0,0.0,0.0,0.0,0.0,0.0,0.0,0.0,0.0,0.0,0.0,0.0
Sandro Tonali,Italy,25.0,2000.0,Central Midfield,181.0,2028-06-30,GB1,Newcastle United Football Club,45000000.0,65,92,83,47,44,53,49,66,41,73,89,34,0,0,42,0,49,0,50,https://img.a.transfermarkt.technology/portrait/header/397033-1688389270.jpg?lm=1,36,28,2630,29.2,0.14,0.07,0.21,4,0.14,-0.01,0.0,4.4,0.15,0.08,1.27,-0.2,1.2,0.41,0.11,34.3,4.35,1.78,1283,43.9,83.6,3.52,1.03,0.17,0.0,0.24,1.85,51,1.75,1.16,1.13,0.07,0.21,62.14,19,0.65,33.47,0.99,0.79,1.27,0.03,0.0,6.06,51.0,52.8,12,0.41,50.0,0.17,0.0,0.0,0.0,0.0,0.0,0.0,0.0,0.0,0.0,0.0,0.0,0.0,0.0,0.0,0.0,0.0,0.0
Takefusa Kubo,Japan,23.0,2001.0,Right Winger,173.0,2029-06-30,ES1,Real Sociedad de Fútbol S.A.D.,40000000.0,55,43,61,69,43,96,84,55,27,50,84,44,0,0,40,0,44,0,49,https://img.a.transfermarkt.technology/portrait/header/405398-1697110254.jpg?lm=1,36,27,2372,26.4,0.19,0.0,0.19,5,0.19,0.05,0.0,3.6,0.14,0.17,5.05,-4.5,1.63,0.53,0.12,32.6,4.17,8.27,694,26.33,72.1,2.24,1.71,0.42,0.0,0.08,3.23,31,1.18,0.65,0.49,0.04,0.34,50.88,75,2.85,33.31,3.38,1.82,0.8,0.04,0.0,4.48,40.0,47.8,11,0.42,36.7,0.19,0.0,0.0,0.0,0.0,0.0,0.0,0.0,0.0,0.0,0.0,0.0,0.0,0.0,0.0,0.0,0.0,0.0
Lewis Cook,England,28.0,1997.0,Central Midfield,175.0,2028-06-30,GB1,Association Football Club Bournemouth,15000000.0,49,18,35,37,69,41,23,88,94,28,0,77,0,0,65,0,25,0,75,https://img.a.transfermarkt.technology/portrait/header/249089-1700671190.jpg?lm=1,36,32,2978,33.1,0.03,0.09,0.12,1,0.03,0.0,0.0,0.9,0.03,0.12,1.0,-1.1,0.42,0.12,0.07,28.6,4.78,1.57,1224,36.99,77.2,4.74,0.79,0.33,0.0,0.06,3.99,81,2.45,1.24,2.12,0.0,0.0,57.42,13,0.39,24.93,0.94,0.54,1.48,0.0,0.03,5.65,55.2,65.0,41,1.24,54.7,0.24,0.03,0.0,0.0,0.0,0.0,0.0,0.0,0.0,0.0,0.0,0.0,0.0,0.0,0.0,0.0,0.0,0.0
Youri Tielemans,Belgium,28.0,1997.0,Central Midfield,177.0,2027-06-30,GB1,Aston Villa Football Club,35000000.0,65,67,69,79,91,75,52,66,23,81,36,53,0,0,19,0,79,0,66,https://img.a.transfermarkt.technology/portrait/header/249565-1716886438.jpg?lm=1,36,35,3026,33.6,0.09,0.21,0.3,3,0.09,-0.01,0.0,2.5,0.07,0.21,1.16,0.0,1.19,0.36,0.08,30.0,6.99,1.43,1692,50.32,82.2,6.81,1.13,0.12,0.0,0.24,3.54,84,2.5,0.68,1.4,0.12,0.06,70.88,31,0.92,38.28,0.92,0.86,1.22,0.0,0.0,4.31,54.8,50.8,22,0.65,55.0,0.12,0.0,0.0,0.0,0.0,0.0,0.0,0.0,0.0,0.0,0.0,0.0,0.0,0.0,0.0,0.0,0.0,0.0
Chris Wood,New Zealand,33.0,1991.0,Centre-Forward,191.0,2027-06-30,GB1,Nottingham Forest Football Club,10000000.0,65,81,94,9,31,8,3,13,27,96,0,70,0,0,31,0,16,0,54,https://img.a.transfermarkt.technology/portrait/header/108725-1740646786.jpg?lm=1,36,35,2959,32.9,0.61,0.09,0.7,17,0.52,0.2,0.09,11.1,0.34,0.08,0.43,0.4,1.98,0.97,0.26,49.2,1.28,2.86,315,9.58,64.3,0.58,0.36,0.03,0.0,0.03,0.03,6,0.18,0.15,0.88,0.03,0.0,23.42,4,0.12,11.44,2.28,0.85,0.76,0.0,0.0,1.52,27.3,30.8,94,2.86,39.8,0.03,0.0,0.0,0.0,0.0,0.0,0.0,0.0,0.0,0.0,0.0,0.0,0.0,0.0,0.0,0.0,0.0,0.0
Marc Cucurella,Spain,26.0,1998.0,Left-Back,173.0,2028-06-30,GB1,Chelsea Football Club,30000000.0,46,94,98,65,30,6,17,29,41,14,40,42,0,0,23,0,83,0,26,https://img.a.transfermarkt.technology/portrait/header/284857-1659559729.jpg?lm=1,36,33,2988,33.2,0.15,0.03,0.18,5,0.15,0.07,0.0,2.8,0.08,0.06,1.05,-1.1,0.72,0.33,0.21,45.8,3.55,3.52,1679,50.57,87.7,3.64,0.36,0.09,0.0,0.03,0.93,67,2.02,0.84,2.86,0.09,0.03,67.56,4,0.12,28.4,0.84,0.21,1.11,0.0,0.0,3.92,52.5,26.7,32,0.96,36.0,0.3,0.03,0.0,0.0,0.0,0.0,0.0,0.0,0.0,0.0,0.0,0.0,0.0,0.0,0.0,0.0,0.0,0.0
Álex Berenguer,Spain,29.0,1995.0,Left Winger,175.0,2027-06-30,ES1,Athletic Club Bilbao,12000000.0,62,76,69,47,61,40,26,43,68,38,46,76,0,0,66,0,17,0,61,https://img.a.transfermarkt.technology/portrait/header/338425-1709676212.png?lm=1,36,28,2339,26.0,0.23,0.27,0.5,6,0.23,-0.03,0.0,6.0,0.23,0.19,2.5,2.0,1.96,0.69,0.12,35.3,3.04,8.31,628,24.16,65.8,1.89,1.08,0.38,0.0,0.12,6.81,31,1.19,0.38,0.69,0.0,0.08,48.06,33,1.27,24.74,2.0,1.89,1.12,0.08,0.0,4.35,43.8,39.8,27,1.04,35.1,0.19,0.0,0.0,0.0,0.0,0.0,0.0,0.0,0.0,0.0,0.0,0.0,0.0,0.0,0.0,0.0,0.0,0.0
Lucas Da Cunha,France,23.0,2001.0,Central Midfield,174.0,2029-06-30,IT1,Calcio Como,7000000.0,57,59,71,75,73,19,85,36,77,88,66,25,0,0,70,0,69,0,28,https://img.a.transfermarkt.technology/portrait/header/495667-1714818116.jpg?lm=1,36,30,2613,29.0,0.1,0.07,0.17,3,0.1,0.03,0.0,2.0,0.07,0.13,2.17,-1.8,1.27,0.48,0.08,37.8,5.3,2.93,1439,49.56,84.5,4.82,1.0,0.31,0.0,0.41,3.51,45,1.55,0.59,1.03,0.03,0.14,66.44,12,0.41,41.33,0.69,0.55,0.72,0.0,0.0,5.41,51.3,40.0,16,0.55,39.0,0.14,0.0,0.0,0.0,0.0,0.0,0.0,0.0,0.0,0.0,0.0,0.0,0.0,0.0,0.0,0.0,0.0,0.0
Luis Díaz,Colombia,28.0,1997.0,Left Winger,180.0,2027-06-30,GB1,Liverpool Football Club,85000000.0,81,98,97,86,58,76,65,28,34,39,64,31,0,0,37,0,93,0,24,https://img.a.transfermarkt.technology/portrait/header/480692-1697903145.jpg?lm=1,36,28,2399,26.7,0.49,0.19,0.68,13,0.49,0.04,0.0,12.0,0.45,0.19,4.05,0.0,2.66,1.13,0.18,42.3,4.13,10.99,736,27.61,84.1,1.8,1.73,0.23,0.0,0.34,1.2,39,1.46,0.26,0.26,0.04,0.15,44.38,53,1.99,29.3,2.06,1.8,1.8,0.08,0.0,3.94,38.5,45.7,13,0.49,25.5,0.08,0.0,0.0,0.0,0.0,0.0,0.0,0.0,0.0,0.0,0.0,0.0,0.0,0.0,0.0,0.0,0.0,0.0
Johan Mojica,Colombia,32.0,1992.0,Left-Back,185.0,2027-06-30,ES1,Real Club Deportivo Mallorca S.A.D.,2200000.0,48,51,51,66,74,80,72,17,15,65,73,7,0,0,15,0,39,0,9,https://img.a.transfermarkt.technology/portrait/header/262939-1541161893.jpg?lm=1,36,30,2755,30.6,0.03,0.07,0.1,1,0.03,0.0,0.0,0.9,0.03,0.13,2.16,-2.1,0.56,0.1,0.06,17.6,4.25,4.64,1217,39.76,74.2,3.33,1.73,1.08,0.0,0.29,4.67,35,1.14,0.85,2.74,0.1,0.07,63.67,33,1.08,33.45,1.7,0.88,0.59,0.03,0.07,5.91,47.5,37.1,9,0.29,33.3,0.16,0.0,0.0,0.0,0.0,0.0,0.0,0.0,0.0,0.0,0.0,0.0,0.0,0.0,0.0,0.0,0.0,0.0
Manuel Locatelli,Italy,27.0,1998.0,Defensive Midfield,185.0,2028-06-30,IT1,Juventus Football Club,28000000.0,59,54,52,95,73,16,80,33,94,41,58,59,0,0,73,0,93,0,65,https://img.a.transfermarkt.technology/portrait/header/265088-1730125083.jpg?lm=1,36,34,2822,31.4,0.06,0.06,0.13,1,0.03,0.0,0.03,1.1,0.04,0.08,1.05,-0.5,0.77,0.22,0.04,29.2,9.38,1.05,2133,68.03,87.7,10.43,0.99,0.06,0.0,1.05,0.77,72,2.3,0.73,2.46,0.0,0.06,87.74,8,0.26,49.72,0.8,0.26,1.47,0.0,0.03,4.5,57.1,36.4,35,1.12,61.4,0.29,0.0,0.0,0.0,0.0,0.0,0.0,0.0,0.0,0.0,0.0,0.0,0.0,0.0,0.0,0.0,0.0,0.0
Jackson Tchatchoua,Cameroon,23.0,2001.0,Right-Back,180.0,2027-06-30,IT1,Verona Hellas Football Club,8000000.0,38,75,77,7,49,61,45,22,41,38,0,48,0,0,36,0,12,0,45,https://img.a.transfermarkt.technology/portrait/header/848509-1725529771.jpg?lm=1,36,36,3167,35.2,0.06,0.09,0.14,2,0.06,0.01,0.0,1.6,0.05,0.08,2.5,0.1,0.51,0.09,0.11,16.7,2.05,4.63,836,23.76,74.3,1.11,0.82,0.51,0.0,0.17,3.35,50,1.42,0.4,2.16,0.06,0.0,39.9,21,0.6,19.47,1.42,0.43,0.74,0.0,0.03,3.47,65.1,52.5,30,0.85,46.9,0.2,0.03,0.0,0.0,0.0,0.0,0.0,0.0,0.0,0.0,0.0,0.0,0.0,0.0,0.0,0.0,0.0,0.0
Martín Zubimendi,Spain,26.0,1999.0,Defensive Midfield,181.0,2027-06-30,ES1,Real Sociedad de Fútbol S.A.D.,60000000.0,67,90,77,69,27,69,61,78,35,72,57,79,0,0,44,0,45,0,82,https://img.a.transfermarkt.technology/portrait/header/423440-1684149419.jpg?lm=1,36,33,2962,32.9,0.06,0.03,0.09,2,0.06,-0.02,0.0,2.6,0.08,0.03,1.15,-0.1,0.73,0.18,0.08,25.0,5.93,1.31,1482,45.03,83.6,5.23,0.7,0.03,0.0,0.33,0.36,73,2.22,1.34,2.4,0.09,0.03,64.75,19,0.58,32.63,1.19,0.52,1.34,0.03,0.0,4.25,63.6,67.9,53,1.61,62.4,0.18,0.0,0.0,0.0,0.0,0.0,0.0,0.0,0.0,0.0,0.0,0.0,0.0,0.0,0.0,0.0,0.0,0.0
Dominik Szoboszlai,Hungary,24.0,2000.0,Central Midfield,187.0,2028-06-30,GB1,Liverpool Football Club,80000000.0,63,100,94,73,98,63,83,4,37,53,55,40,0,0,39,0,85,0,43,https://img.a.transfermarkt.technology/portrait/header/451276-1700209677.jpg?lm=1,36,29,2492,27.7,0.22,0.22,0.43,6,0.22,-0.05,0.0,7.3,0.26,0.27,2.6,-1.5,2.42,0.79,0.09,32.8,4.73,4.59,1114,40.23,84.3,3.18,1.19,0.18,0.0,0.51,1.48,38,1.37,0.33,0.69,0.07,0.11,57.21,21,0.76,29.07,1.34,0.83,1.59,0.0,0.0,4.8,37.8,51.2,19,0.69,45.2,0.22,0.0,0.0,0.0,0.0,0.0,0.0,0.0,0.0,0.0,0.0,0.0,0.0,0.0,0.0,0.0,0.0,0.0
Santiago Pierotti,Argentina,24.0,2001.0,Right Winger,189.0,2027-06-30,IT1,Unione Sportiva Lecce,4000000.0,36,35,53,3,22,39,2,87,62,4,29,96,0,0,45,0,29,0,90,https://img.a.transfermarkt.technology/portrait/header/674806-1709016512.jpg?lm=1,36,22,1937,21.5,0.19,0.09,0.28,4,0.19,0.04,0.0,3.1,0.14,0.11,2.0,-0.4,1.49,0.33,0.13,21.9,1.77,3.95,311,14.45,71.5,1.25,0.42,0.14,0.0,0.09,0.79,46,2.14,0.65,1.49,0.0,0.14,33.92,22,1.02,16.4,2.79,1.53,2.56,0.0,0.0,5.16,45.1,44.9,47,2.18,43.1,0.28,0.05,0.0,0.0,0.0,0.0,0.0,0.0,0.0,0.0,0.0,0.0,0.0,0.0,0.0,0.0,0.0,0.0
Javi Guerra,Spain,22.0,2003.0,Central Midfield,187.0,2027-06-30,ES1,Valencia Club de Fútbol S. A. D.,20000000.0,52,65,70,47,63,73,66,36,11,74,52,40,0,0,26,0,28,0,48,https://img.a.transfermarkt.technology/portrait/header/834764-1696188716.jpg?lm=1,36,31,2581,28.7,0.1,0.1,0.21,3,0.1,0.03,0.0,2.2,0.08,0.11,1.74,-0.2,1.64,0.35,0.06,21.3,4.78,2.93,1023,35.67,77.9,4.15,0.8,0.14,0.0,0.38,1.57,50,1.74,0.7,1.71,0.1,0.1,58.2,29,1.01,32.32,1.74,1.88,1.19,0.0,0.0,5.86,46.4,37.2,17,0.59,48.6,0.17,0.0,0.0,0.0,0.0,0.0,0.0,0.0,0.0,0.0,0.0,0.0,0.0,0.0,0.0,0.0,0.0,0.0
Kaoru Mitoma,Japan,28.0,1997.0,Left Winger,178.0,2027-06-30,GB1,Brighton and Hove Albion Football Club,45000000.0,76,92,92,61,42,57,77,46,96,69,29,78,0,0,74,0,61,0,82,https://img.a.transfermarkt.technology/portrait/header/504849-1731683095.jpg?lm=1,36,28,2603,28.9,0.35,0.14,0.48,10,0.35,0.03,0.0,9.2,0.32,0.16,5.05,-0.6,1.97,0.93,0.18,47.4,3.08,10.03,749,25.9,75.8,1.24,1.24,0.28,0.0,0.03,2.56,45,1.56,0.48,0.35,0.0,0.14,47.58,51,1.76,28.73,1.83,0.8,1.38,0.0,0.0,3.42,39.6,38.9,26,0.9,49.1,0.03,0.0,0.0,0.0,0.0,0.0,0.0,0.0,0.0,0.0,0.0,0.0,0.0,0.0,0.0,0.0,0.0,0.0
Charles De Ketelaere,Belgium,24.0,2001.0,Attacking Midfield,192.0,2027-06-30,IT1,Atalanta Bergamasca Calcio S.p.a.,38000000.0,79,91,88,81,91,89,97,7,34,89,36,91,0,0,52,0,61,0,91,https://img.a.transfermarkt.technology/portrait/header/435772-1659601388.jpg?lm=1,36,25,2070,23.0,0.3,0.3,0.61,7,0.3,-0.01,0.0,7.3,0.32,0.26,4.7,1.0,2.09,0.87,0.15,41.7,6.09,9.17,754,32.78,75.8,3.52,2.3,0.39,0.0,0.22,2.43,13,0.57,0.13,0.39,0.04,0.13,53.83,43,1.87,36.13,2.26,2.17,0.96,0.0,0.0,3.39,26.7,45.3,36,1.57,49.3,0.04,0.0,0.0,0.0,0.0,0.0,0.0,0.0,0.0,0.0,0.0,0.0,0.0,0.0,0.0,0.0,0.0,0.0
Álex Remiro,Spain,30.0,1995.0,Goalkeeper,191.0,2027-06-30,ES1,Real Sociedad de Fútbol S.A.D.,25000000.0,33,0,0,65,34,0,43,72,28,69,0,31,52,28,53,45,51,61,66,https://img.a.transfermarkt.technology/portrait/header/212862-1694594210.jpg?lm=1,36,36,3240,36.0,0.0,0.0,0.0,0,0.0,0.0,0.0,0.0,0.0,0.0,0.0,0.0,0.0,0.0,0.0,0.0,0.03,0.0,955,26.53,74.0,0.39,0.0,0.0,14.4,0.08,0.0,1,0.03,0.0,0.5,0.11,0.0,37.89,0,0.0,21.28,0.06,0.0,0.0,0.0,0.0,1.78,50.0,0.0,5,0.14,100.0,0.0,0.0,1.19,3.61,2.39,1.06,-5.0,-0.14,0.0,0.03,3.08,0.81,70.8,36.1,32.6,31.4,6.5,1.11
Sebastiano Luperto,Italy,28.0,1996.0,Centre-Back,191.0,2028-06-30,IT1,Cagliari Calcio,3500000.0,43,88,51,23,84,13,38,31,78,83,70,31,0,0,81,0,37,0,27,https://img.a.transfermarkt.technology/portrait/header/278531-1730125275.jpg?lm=1,36,36,3240,36.0,0.03,0.08,0.11,1,0.03,-0.03,0.0,2.2,0.06,0.04,0.61,1.7,0.58,0.14,0.05,23.8,2.67,0.31,1315,36.53,83.9,2.42,0.17,0.03,0.0,0.06,0.22,48,1.33,0.92,4.47,0.03,0.03,53.14,1,0.03,29.44,0.33,0.08,0.64,0.0,0.03,3.86,64.3,16.7,61,1.69,53.0,0.11,0.0,0.0,0.0,0.0,0.0,0.0,0.0,0.0,0.0,0.0,0.0,0.0,0.0,0.0,0.0,0.0,0.0
Paulo Gazzaniga,Argentina,33.0,1992.0,Goalkeeper,195.0,2027-06-30,ES1,Girona Fútbol Club S. A. D.,3500000.0,29,0,0,51,25,84,47,91,50,26,0,7,36,24,56,15,22,29,40,https://img.a.transfermarkt.technology/portrait/header/195488-1544621003.jpg?lm=1,36,36,3195,35.5,0.0,0.0,0.0,0,0.0,0.0,0.0,0.0,0.0,0.0,0.0,0.0,0.0,0.0,0.0,0.0,0.0,0.0,969,27.3,80.0,0.31,0.0,0.0,12.6,0.03,0.0,1,0.03,0.0,0.48,0.08,0.0,36.31,3,0.08,21.83,0.03,0.0,0.03,0.0,0.0,1.32,100.0,75.0,1,0.03,33.3,0.11,0.0,1.44,4.03,2.54,1.28,-4.6,-0.13,0.0,0.08,3.86,1.01,65.7,22.2,29.4,21.6,8.6,0.93
Javi Rodríguez,Spain,21.0,2003.0,Centre-Back,178.0,2028-06-30,ES1,Real Club Celta de Vigo S. A. D.,10000000.0,66,92,94,86,83,64,81,73,48,36,96,21,0,0,63,0,69,0,24,https://img.a.transfermarkt.technology/portrait/header/1076815-1732611843.jpg?lm=1,36,26,2514,27.9,0.11,0.07,0.18,3,0.11,0.03,0.0,2.3,0.08,0.04,1.04,1.0,0.43,0.18,0.25,41.7,4.08,1.83,1488,53.27,86.7,3.94,0.36,0.04,0.0,0.32,0.14,53,1.9,1.18,3.44,0.07,0.11,71.38,10,0.36,42.49,0.79,0.18,1.32,0.0,0.0,3.11,70.2,45.5,40,1.43,53.3,0.25,0.0,0.0,0.0,0.0,0.0,0.0,0.0,0.0,0.0,0.0,0.0,0.0,0.0,0.0,0.0,0.0,0.0
Scott McTominay,Scotland,28.0,1996.0,Central Midfield,191.0,2028-06-30,IT1,Società Sportiva Calcio Napoli,40000000.0,66,100,100,34,44,85,45,32,57,83,79,94,0,0,94,0,48,0,91,https://img.a.transfermarkt.technology/portrait/header/315969-1718626681.jpg?lm=1,36,33,2957,32.8,0.37,0.12,0.49,12,0.37,0.14,0.0,7.5,0.23,0.08,1.7,1.3,2.34,1.0,0.16,43.4,3.44,4.05,787,23.95,84.3,2.25,0.67,0.03,0.0,0.24,0.33,43,1.31,0.73,1.58,0.0,0.15,40.42,39,1.19,22.4,2.1,1.49,1.37,0.03,0.0,4.38,50.0,44.3,67,2.04,57.54,0.09,0.0,0.0,0.0,0.0,0.0,0.0,0.0,0.0,0.0,0.0,0.0,0.0,0.0,0.0,0.0,0.0,0.0
João Gomes,Brazil,24.0,2001.0,Central Midfield,176.0,2030-06-30,GB1,Wolverhampton Wanderers Football Club,40000000.0,54,72,69,61,13,70,65,68,67,12,36,9,0,0,67,0,53,0,11,https://img.a.transfermarkt.technology/portrait/header/735570-1675092223.jpg?lm=1,36,35,2974,33.0,0.09,0.03,0.12,3,0.09,0.0,0.0,2.9,0.09,0.04,1.76,-0.2,1.06,0.21,0.09,20.0,4.99,2.3,1379,41.73,85.0,3.69,0.73,0.03,0.0,0.27,0.88,117,3.54,0.76,1.0,0.0,0.06,60.43,30,0.91,31.87,1.27,1.51,2.12,0.0,0.0,6.08,43.6,46.2,11,0.33,29.7,0.33,0.03,0.0,0.0,0.0,0.0,0.0,0.0,0.0,0.0,0.0,0.0,0.0,0.0,0.0,0.0,0.0,0.0
Marten de Roon,Netherlands,34.0,1991.0,Defensive Midfield,185.0,2026-06-30,IT1,Atalanta Bergamasca Calcio S.p.a.,7000000.0,61,39,95,87,67,16,75,43,79,77,38,71,0,0,77,0,78,0,73,https://img.a.transfermarkt.technology/portrait/header/133179-1663582942.jpg?lm=1,36,34,3058,34.0,0.12,0.12,0.24,4,0.12,0.09,0.0,0.9,0.03,0.07,1.09,1.7,0.41,0.12,0.29,28.6,7.12,0.94,1950,57.39,86.4,6.95,0.79,0.09,0.0,0.5,0.82,74,2.18,1.38,1.97,0.03,0.03,74.7,6,0.18,43.41,0.71,0.26,1.41,0.0,0.0,4.12,45.5,46.2,46,1.35,61.3,0.15,0.0,0.0,0.0,0.0,0.0,0.0,0.0,0.0,0.0,0.0,0.0,0.0,0.0,0.0,0.0,0.0,0.0
Luca Ranieri,Italy,26.0,1999.0,Centre-Back,187.0,2028-06-30,IT1,Associazione Calcio Fiorentina,12000000.0,45,54,58,29,90,49,59,49,79,59,0,14,0,0,78,0,52,0,10,https://img.a.transfermarkt.technology/portrait/header/346561-1692962464.jpg?lm=1,36,35,3071,34.1,0.03,0.09,0.12,1,0.03,-0.0,0.0,1.1,0.03,0.05,0.73,1.3,0.32,0.15,0.09,45.5,2.34,0.32,1539,45.1,85.5,2.46,0.32,0.15,0.0,0.23,0.26,42,1.23,0.82,4.51,0.03,0.0,62.25,9,0.26,36.19,0.29,0.09,0.73,0.0,0.03,2.78,80.0,47.4,48,1.41,46.2,0.21,0.0,0.0,0.0,0.0,0.0,0.0,0.0,0.0,0.0,0.0,0.0,0.0,0.0,0.0,0.0,0.0,0.0
Bruno Fernandes,Portugal,30.0,1994.0,Attacking Midfield,179.0,2027-06-30,GB1,Manchester United Football Club,55000000.0,78,89,68,94,89,26,81,82,21,21,66,63,0,0,10,0,80,0,68,https://img.a.transfermarkt.technology/portrait/header/240306-1683882766.jpg?lm=1,36,35,3018,33.5,0.24,0.3,0.54,5,0.15,-0.06,0.09,7.5,0.22,0.25,2.3,1.5,2.77,0.78,0.05,28.0,9.66,3.82,1705,50.84,76.1,6.35,2.5,0.33,0.0,0.66,5.55,84,2.5,0.78,1.04,0.09,0.21,78.97,28,0.83,45.95,1.28,1.25,0.95,0.0,0.0,6.35,40.7,41.2,22,0.66,44.0,0.15,0.06,0.0,0.0,0.0,0.0,0.0,0.0,0.0,0.0,0.0,0.0,0.0,0.0,0.0,0.0,0.0,0.0
Omar El Hilali,Morocco,21.0,2003.0,Right-Back,183.0,2027-06-30,ES1,Reial Club Deportiu Espanyol de Barcelona S.A.D.,10000000.0,38,1,28,13,8,60,9,95,63,13,40,63,0,0,22,0,28,0,63,https://img.a.transfermarkt.technology/portrait/header/822331-1683211692.jpg?lm=1,36,36,3153,35.0,0.0,0.06,0.06,0,0.0,0.0,0.0,0.0,0.0,0.02,1.0,1.2,0.06,0.0,0.0,0.0,2.4,1.74,1245,35.54,78.9,2.31,0.31,0.17,0.0,0.46,1.63,111,3.17,1.31,4.14,0.06,0.03,56.86,17,0.49,25.35,0.6,0.2,1.48,0.0,0.06,3.77,67.4,58.6,36,1.03,54.5,0.31,0.0,0.0,0.0,0.0,0.0,0.0,0.0,0.0,0.0,0.0,0.0,0.0,0.0,0.0,0.0,0.0,0.0
Liam Henderson,Scotland,29.0,1996.0,Central Midfield,183.0,2025-06-30,IT1,Empoli Football Club S.r.l.,1800000.0,25,16,17,21,84,21,4,15,100,7,28,24,0,0,66,0,13,0,29,https://img.a.transfermarkt.technology/portrait/header/193867-1661523222.jpg?lm=1,36,27,2337,26.0,0.0,0.15,0.15,0,0.0,-0.03,0.0,0.7,0.03,0.15,0.69,0.1,0.85,0.12,0.0,13.6,4.2,2.12,733,28.23,72.9,3.66,0.85,0.42,0.0,0.19,3.77,42,1.62,0.58,1.62,0.0,0.04,46.21,7,0.27,18.75,0.85,0.35,3.2,0.0,0.0,3.47,41.5,58.3,13,0.5,39.4,0.39,0.0,0.0,0.0,0.0,0.0,0.0,0.0,0.0,0.0,0.0,0.0,0.0,0.0,0.0,0.0,0.0,0.0
Andrea Pinamonti,Italy,26.0,1999.0,Centre-Forward,185.0,2025-06-30,IT1,Genoa Cricket and Football Club,16000000.0,45,51,73,23,11,32,18,8,15,80,15,68,0,0,15,0,10,0,59,https://img.a.transfermarkt.technology/portrait/header/315865-1692883161.jpg?lm=1,36,33,2850,31.7,0.32,0.03,0.35,10,0.32,0.07,0.0,7.0,0.22,0.05,0.63,-0.7,2.46,0.92,0.13,37.2,1.45,4.17,419,13.23,62.8,0.76,0.28,0.09,0.0,0.06,0.54,10,0.32,0.03,0.88,0.06,0.06,30.06,11,0.35,15.51,2.12,1.07,0.66,0.0,0.0,1.67,25.0,47.8,83,2.62,42.8,0.13,0.0,0.0,0.0,0.0,0.0,0.0,0.0,0.0,0.0,0.0,0.0,0.0,0.0,0.0,0.0,0.0,0.0
Jorge de Frutos,Spain,28.0,1997.0,Right Winger,173.0,2028-06-30,ES1,Rayo Vallecano de Madrid S.A.D.,4000000.0,52,78,68,7,26,23,21,47,32,23,29,51,0,0,34,0,16,0,56,https://img.a.transfermarkt.technology/portrait/header/455181-1613121992.jpg?lm=1,36,30,2495,27.7,0.22,0.11,0.32,6,0.22,-0.01,0.0,6.3,0.23,0.12,2.78,-0.4,1.88,0.65,0.12,34.6,1.59,7.25,455,16.41,68.3,0.79,1.01,0.47,0.0,0.04,2.49,37,1.33,0.69,0.87,0.04,0.14,36.43,32,1.15,21.82,2.92,1.37,1.48,0.0,0.0,4.0,30.4,30.8,15,0.54,38.5,0.11,0.04,0.0,0.0,0.0,0.0,0.0,0.0,0.0,0.0,0.0,0.0,0.0,0.0,0.0,0.0,0.0,0.0
Jan Oblak,Slovenia,32.0,1993.0,Goalkeeper,188.0,2028-06-30,ES1,Club Atlético de Madrid S.A.D.,25000000.0,55,0,0,36,16,85,1,4,66,69,0,19,81,54,75,20,39,46,47,https://img.a.transfermarkt.technology/portrait/header/121483-1719350076.jpg?lm=1,36,36,3240,36.0,0.0,0.0,0.0,0,0.0,0.0,0.0,0.0,0.0,0.0,0.0,0.0,0.0,0.0,0.0,0.0,0.0,0.0,763,21.19,80.5,0.19,0.0,0.0,14.0,0.03,0.0,0,0.0,0.0,0.47,0.06,0.0,27.92,2,0.06,15.0,0.03,0.0,0.0,0.0,0.0,0.81,0.0,100.0,3,0.08,100.0,0.0,0.0,0.83,3.17,2.39,0.71,-2.4,-0.07,0.0,0.0,5.08,0.78,78.1,41.7,30.2,24.3,5.7,0.78
Jesús Areso,Spain,25.0,1999.0,Right-Back,182.0,2026-06-30,ES1,Club Atlético Osasuna,8000000.0,39,10,17,43,63,53,79,25,56,38,68,54,0,0,79,0,14,0,65,https://img.a.transfermarkt.technology/portrait/header/488626-1675800186.jpg?lm=1,36,35,3079,34.2,0.0,0.09,0.09,0,0.0,-0.01,0.0,0.2,0.01,0.1,2.95,-0.5,0.23,0.0,0.0,0.0,3.1,5.93,1139,33.29,72.4,2.81,1.46,0.88,0.0,0.12,4.94,53,1.55,0.23,2.69,0.0,0.09,55.6,24,0.7,26.42,1.81,0.85,0.91,0.0,0.0,3.45,69.6,37.5,27,0.79,58.7,0.26,0.0,0.0,0.0,0.0,0.0,0.0,0.0,0.0,0.0,0.0,0.0,0.0,0.0,0.0,0.0,0.0,0.0
Aarón Martín,Spain,28.0,1997.0,Left-Back,178.0,2026-06-30,IT1,Genoa Cricket and Football Club,6500000.0,44,50,26,20,88,32,23,44,71,60,56,21,0,0,54,0,22,0,19,https://img.a.transfermarkt.technology/portrait/header/251878-1730126148.jpg?lm=1,36,35,3085,34.3,0.0,0.23,0.23,0,0.0,-0.03,0.0,0.9,0.03,0.16,1.46,2.5,0.47,0.12,0.0,25.0,2.63,3.15,1221,35.62,72.5,2.25,0.88,0.61,0.0,0.09,7.47,71,2.07,0.55,2.13,0.03,0.06,56.92,12,0.35,25.61,0.64,0.5,1.11,0.0,0.03,4.26,64.7,44.4,20,0.58,37.7,0.15,0.0,0.0,0.0,0.0,0.0,0.0,0.0,0.0,0.0,0.0,0.0,0.0,0.0,0.0,0.0,0.0,0.0
Antonio Raíllo,Spain,33.0,1991.0,Centre-Back,187.0,2026-06-30,ES1,Real Club Deportivo Mallorca S.A.D.,2000000.0,52,86,79,52,77,34,58,24,78,32,0,95,0,0,80,0,75,0,82,https://img.a.transfermarkt.technology/portrait/header/278296-1447228780.jpg?lm=1,36,36,3207,35.6,0.06,0.0,0.06,2,0.06,0.0,0.0,2.0,0.06,0.04,0.87,-1.6,0.98,0.22,0.06,22.9,3.03,0.56,1572,44.12,88.7,2.41,0.17,0.0,0.0,0.11,0.08,31,0.87,0.81,6.23,0.03,0.0,61.32,2,0.06,31.09,0.2,0.17,1.4,0.0,0.0,2.92,70.0,66.7,132,3.7,61.1,0.2,0.03,0.0,0.0,0.0,0.0,0.0,0.0,0.0,0.0,0.0,0.0,0.0,0.0,0.0,0.0,0.0,0.0
Ilya Zabarnyi,Ukraine,22.0,2002.0,Centre-Back,189.0,2029-06-30,GB1,Association Football Club Bournemouth,40000000.0,60,56,16,46,59,45,64,68,63,74,0,67,0,0,72,0,22,0,70,https://img.a.transfermarkt.technology/portrait/header/659089-1715881375.jpg?lm=1,36,35,3109,34.5,0.0,0.03,0.03,0,0.0,-0.03,0.0,1.2,0.03,0.02,0.78,0.3,0.35,0.03,0.0,8.3,4.05,0.12,1404,40.64,82.1,4.4,0.2,0.0,0.0,0.2,0.17,52,1.51,1.19,5.24,0.06,0.0,59.75,6,0.17,37.14,0.41,0.09,0.58,0.0,0.0,4.54,68.0,60.0,79,2.29,64.2,0.12,0.03,0.0,0.0,0.0,0.0,0.0,0.0,0.0,0.0,0.0,0.0,0.0,0.0,0.0,0.0,0.0,0.0
Enzo Fernández,Argentina,24.0,2001.0,Central Midfield,178.0,2032-06-30,GB1,Chelsea Football Club,75000000.0,60,96,92,84,92,62,75,9,23,49,59,14,0,0,17,0,64,0,14,https://img.a.transfermarkt.technology/portrait/header/648195-1669894717.jpg?lm=1,36,32,2947,32.7,0.18,0.21,0.4,6,0.18,-0.0,0.0,6.1,0.19,0.21,1.83,0.2,1.62,0.61,0.11,37.7,6.47,3.85,1518,46.36,79.9,5.13,1.25,0.21,0.0,0.79,3.33,65,1.99,0.4,0.7,0.12,0.12,67.49,26,0.79,36.89,0.89,0.86,1.59,0.0,0.0,4.76,36.9,47.3,14,0.43,32.6,0.24,0.0,0.0,0.0,0.0,0.0,0.0,0.0,0.0,0.0,0.0,0.0,0.0,0.0,0.0,0.0,0.0,0.0
James Justin,England,27.0,1998.0,Right-Back,183.0,2026-06-30,GB1,Leicester City Football Club,15000000.0,49,75,77,21,9,12,18,66,34,59,90,94,0,0,36,0,28,0,87,https://img.a.transfermarkt.technology/portrait/header/413220-1600097627.jpg?lm=1,36,34,2912,32.4,0.06,0.06,0.12,2,0.06,0.02,0.0,1.5,0.05,0.02,1.21,1.2,0.77,0.19,0.08,24.0,2.81,2.97,1205,37.24,78.2,2.35,0.71,0.25,0.0,0.06,1.76,57,1.76,1.42,4.36,0.09,0.15,60.21,9,0.28,26.73,0.99,0.46,0.9,0.0,0.0,2.72,58.2,30.0,69,2.13,55.2,0.19,0.0,0.0,0.0,0.0,0.0,0.0,0.0,0.0,0.0,0.0,0.0,0.0,0.0,0.0,0.0,0.0,0.0
Mikael Egill Ellertsson,Iceland,23.0,2002.0,Central Midfield,182.0,2025-06-30,IT1,Venezia Football Club,2800000.0,39,27,57,1,27,36,17,51,79,95,77,41,0,0,100,0,1,0,52,https://img.a.transfermarkt.technology/portrait/header/566615-1730125923.jpg?lm=1,36,29,2470,27.4,0.07,0.07,0.15,2,0.07,0.03,0.0,1.1,0.04,0.06,1.24,0.4,0.77,0.15,0.1,19.0,1.31,3.35,431,15.7,71.0,0.84,0.29,0.04,0.0,0.07,1.02,58,2.11,0.58,2.91,0.0,0.18,34.14,16,0.58,16.69,1.75,0.69,0.8,0.0,0.0,2.7,54.1,39.0,16,0.58,50.0,0.07,0.0,0.0,0.0,0.0,0.0,0.0,0.0,0.0,0.0,0.0,0.0,0.0,0.0,0.0,0.0,0.0,0.0
Mateus Fernandes,Portugal,20.0,2004.0,Central Midfield,178.0,2029-06-30,GB1,Southampton Football Club,15000000.0,63,87,53,55,52,95,79,57,2,51,79,55,0,0,3,0,32,0,83,https://img.a.transfermarkt.technology/portrait/header/880245-1727786403.jpg?lm=1,36,34,2909,32.3,0.06,0.12,0.19,2,0.06,-0.06,0.0,4.0,0.12,0.09,2.35,1.0,1.3,0.43,0.05,33.3,4.49,3.34,1087,33.63,79.9,3.03,0.8,0.15,0.0,0.31,3.5,90,2.78,0.87,1.08,0.22,0.19,54.48,49,1.52,27.75,1.79,1.11,1.42,0.0,0.0,5.54,45.8,45.0,15,0.46,62.5,0.25,0.0,0.0,0.0,0.0,0.0,0.0,0.0,0.0,0.0,0.0,0.0,0.0,0.0,0.0,0.0,0.0,0.0
Sergio González,Spain,33.0,1992.0,Centre-Back,189.0,2025-06-30,ES1,Club Deportivo Leganés S.A.D.,1500000.0,35,74,81,15,21,56,8,26,70,70,81,40,0,0,61,0,17,0,30,https://img.a.transfermarkt.technology/portrait/header/308989-1701789701.jpg?lm=1,36,33,2957,32.9,0.06,0.0,0.06,2,0.06,0.02,0.0,1.5,0.05,0.01,0.09,-0.4,0.4,0.15,0.15,38.5,2.34,0.06,1271,38.68,83.7,1.8,0.15,0.0,0.0,0.21,0.03,40,1.22,1.19,5.63,0.06,0.03,57.07,4,0.12,29.74,0.21,0.06,0.91,0.03,0.03,2.43,56.3,80.0,63,1.92,52.1,0.06,0.03,0.0,0.0,0.0,0.0,0.0,0.0,0.0,0.0,0.0,0.0,0.0,0.0,0.0,0.0,0.0,0.0
Ché Adams,Scotland,28.0,1996.0,Centre-Forward,179.0,2027-06-30,IT1,Torino Calcio,15000000.0,55,65,67,42,26,17,28,5,82,85,50,31,0,0,86,0,58,0,32,https://img.a.transfermarkt.technology/portrait/header/346779-1716381473.jpg?lm=1,36,30,2652,29.5,0.31,0.1,0.41,9,0.31,0.0,0.0,8.2,0.28,0.07,0.78,1.0,2.14,0.85,0.14,39.7,1.36,5.19,414,14.05,74.3,1.09,0.24,0.0,0.0,0.17,0.34,12,0.41,0.07,0.61,0.0,0.17,27.22,11,0.37,17.27,2.14,1.15,0.98,0.0,0.0,1.7,14.3,29.7,36,1.22,36.7,0.07,0.0,0.0,0.0,0.0,0.0,0.0,0.0,0.0,0.0,0.0,0.0,0.0,0.0,0.0,0.0,0.0,0.0
Pape Matar Sarr,Senegal,22.0,2002.0,Central Midfield,184.0,2030-06-30,GB1,Tottenham Hotspur Football Club,40000000.0,66,90,75,51,43,29,65,81,43,34,0,77,0,0,36,0,66,0,52,https://img.a.transfermarkt.technology/portrait/header/568693-1668163083.jpg?lm=1,36,22,1913,21.3,0.14,0.09,0.24,3,0.14,-0.03,0.0,3.7,0.17,0.08,1.55,0.4,1.6,0.61,0.09,38.2,4.14,2.49,887,41.73,86.4,4.0,0.56,0.09,0.0,0.14,0.66,49,2.31,1.41,1.18,0.05,0.0,58.76,11,0.52,36.18,1.36,1.04,1.6,0.0,0.05,5.41,50.0,37.9,34,1.6,43.6,0.28,0.0,0.0,0.0,0.0,0.0,0.0,0.0,0.0,0.0,0.0,0.0,0.0,0.0,0.0,0.0,0.0,0.0
Álvaro García,Spain,32.0,1992.0,Left Winger,167.0,2028-06-30,ES1,Rayo Vallecano de Madrid S.A.D.,2500000.0,57,85,45,29,53,6,17,84,44,50,58,31,0,0,25,0,12,0,38,https://img.a.transfermarkt.technology/portrait/header/257062-1709114307.jpg?lm=1,36,28,2559,28.4,0.14,0.18,0.32,4,0.14,-0.13,0.0,7.6,0.27,0.18,2.39,0.0,2.5,0.91,0.06,36.6,2.5,8.62,543,19.1,64.6,0.95,1.55,0.63,0.0,0.21,3.83,33,1.16,1.13,1.48,0.04,0.18,40.94,10,0.35,22.65,2.15,0.56,0.63,0.04,0.04,3.31,38.7,37.0,9,0.32,33.3,0.14,0.0,0.0,0.0,0.0,0.0,0.0,0.0,0.0,0.0,0.0,0.0,0.0,0.0,0.0,0.0,0.0,0.0
Alejandro Garnacho,Argentina,20.0,2004.0,Left Winger,180.0,2028-06-30,GB1,Manchester United Football Club,45000000.0,66,88,69,69,48,16,90,35,13,77,59,4,0,0,23,0,73,0,3,https://img.a.transfermarkt.technology/portrait/header/811779-1703629085.jpg?lm=1,36,23,2199,24.4,0.25,0.08,0.33,6,0.25,-0.05,0.0,7.3,0.3,0.18,5.77,-2.5,3.44,1.19,0.07,34.5,2.29,11.87,649,26.56,78.9,0.9,1.02,0.2,0.0,0.37,2.29,30,1.23,0.53,0.45,0.08,0.25,47.44,26,1.06,34.38,2.62,1.96,0.49,0.0,0.0,4.42,32.4,29.2,3,0.12,11.1,0.12,0.0,0.0,0.0,0.0,0.0,0.0,0.0,0.0,0.0,0.0,0.0,0.0,0.0,0.0,0.0,0.0,0.0
Rubén García,Spain,31.0,1993.0,Right Winger,172.0,2026-06-30,ES1,Club Atlético Osasuna,2000000.0,39,30,62,78,34,6,24,76,47,59,49,79,0,0,39,0,57,0,75,https://img.a.transfermarkt.technology/portrait/header/213260-1583310204.jpg?lm=1,36,30,2413,26.8,0.19,0.19,0.37,5,0.19,0.07,0.0,3.2,0.12,0.13,1.38,1.4,1.01,0.37,0.19,37.0,4.18,5.86,903,33.68,74.3,2.87,1.16,0.6,0.0,0.93,5.07,52,1.94,0.56,1.27,0.04,0.15,54.72,12,0.45,29.06,1.45,0.78,1.34,0.04,0.0,4.55,43.3,33.3,28,1.04,43.1,0.07,0.0,0.0,0.0,0.0,0.0,0.0,0.0,0.0,0.0,0.0,0.0,0.0,0.0,0.0,0.0,0.0,0.0
Pedro Pereira,Portugal,27.0,1998.0,Right-Back,185.0,2025-06-30,IT1,Associazione Calcio Monza,1800000.0,35,67,54,15,26,56,38,40,8,11,0,42,0,0,7,0,40,0,31,https://img.a.transfermarkt.technology/portrait/header/314965-1725528497.jpg?lm=1,35,32,2665,29.6,0.03,0.1,0.14,1,0.03,-0.01,0.0,1.2,0.04,0.05,1.76,1.4,0.44,0.2,0.08,46.2,2.23,3.61,925,31.24,80.7,1.82,0.51,0.34,0.0,0.07,1.92,53,1.79,0.71,2.87,0.17,0.0,47.58,14,0.47,26.95,0.84,0.61,1.62,0.0,0.0,2.97,63.6,56.0,27,0.91,40.3,0.34,0.0,0.0,0.0,0.0,0.0,0.0,0.0,0.0,0.0,0.0,0.0,0.0,0.0,0.0,0.0,0.0,0.0
Morten Frendrup,Denmark,24.0,2001.0,Central Midfield,178.0,2028-06-30,IT1,Genoa Cricket and Football Club,20000000.0,44,42,55,13,6,14,6,78,86,71,48,46,0,0,91,0,43,0,44,https://img.a.transfermarkt.technology/portrait/header/503871-1707815910.jpg?lm=1,35,35,3103,34.5,0.06,0.0,0.06,2,0.06,0.01,0.0,1.6,0.05,0.03,0.7,-0.9,0.87,0.26,0.07,30.0,3.07,0.84,1067,30.95,85.4,2.29,0.32,0.0,0.0,0.09,0.09,102,2.96,1.36,1.65,0.0,0.09,47.77,10,0.29,21.38,1.19,0.7,1.48,0.0,0.0,5.34,43.6,41.7,30,0.87,44.8,0.15,0.0,0.0,0.0,0.0,0.0,0.0,0.0,0.0,0.0,0.0,0.0,0.0,0.0,0.0,0.0,0.0,0.0
Yoane Wissa,DR Congo,28.0,1996.0,Centre-Forward,176.0,2026-06-30,GB1,Brentford Football Club,30000000.0,81,97,96,56,34,22,64,49,8,66,85,36,0,0,8,0,74,0,49,https://img.a.transfermarkt.technology/portrait/header/388165-1740646948.jpg?lm=1,35,34,2919,32.4,0.59,0.12,0.71,19,0.59,0.02,0.0,18.5,0.57,0.08,1.85,1.4,2.77,1.26,0.21,45.6,2.13,4.75,451,13.91,76.6,1.36,0.43,0.03,0.0,0.03,0.62,22,0.68,0.25,0.65,0.09,0.31,28.55,15,0.46,16.99,2.37,1.08,1.05,0.03,0.0,2.5,40.7,30.6,30,0.92,45.5,0.15,0.0,0.0,0.0,0.0,0.0,0.0,0.0,0.0,0.0,0.0,0.0,0.0,0.0,0.0,0.0,0.0,0.0
Abel Bretones,Spain,24.0,2000.0,Left-Back,188.0,2029-06-30,ES1,Club Atlético Osasuna,3000000.0,47,32,85,30,18,74,53,64,24,66,44,55,0,0,23,0,9,0,58,https://img.a.transfermarkt.technology/portrait/header/658115-1690301272.jpg?lm=1,35,20,2074,23.0,0.09,0.0,0.09,2,0.09,0.07,0.0,0.5,0.02,0.04,2.17,-1.0,0.52,0.17,0.17,33.3,3.34,3.99,776,33.67,72.5,2.47,0.78,0.56,0.0,0.09,3.69,61,2.65,0.78,2.78,0.09,0.04,57.37,18,0.78,26.25,1.17,0.78,1.08,0.0,0.04,4.6,61.9,51.4,20,0.87,54.1,0.13,0.0,0.0,0.0,0.0,0.0,0.0,0.0,0.0,0.0,0.0,0.0,0.0,0.0,0.0,0.0,0.0,0.0
Jamie Vardy,England,38.0,1987.0,Centre-Forward,179.0,2025-06-30,GB1,Leicester City Football Club,1000000.0,60,70,61,5,46,32,5,25,100,71,68,50,0,0,84,0,21,0,63,https://img.a.transfermarkt.technology/portrait/header/197838-1683031278.jpg?lm=1,35,35,2823,31.4,0.29,0.13,0.41,8,0.26,-0.07,0.03,9.6,0.31,0.1,0.92,1.0,1.79,0.73,0.14,41.1,0.7,3.83,258,8.23,66.3,0.35,0.32,0.03,0.0,0.03,0.35,19,0.61,0.16,0.77,0.0,0.19,18.68,11,0.35,9.09,1.08,0.45,0.8,0.06,0.0,1.24,30.8,47.8,50,1.59,47.6,0.16,0.0,0.0,0.0,0.0,0.0,0.0,0.0,0.0,0.0,0.0,0.0,0.0,0.0,0.0,0.0,0.0,0.0
Khéphren Thuram,France,24.0,2001.0,Central Midfield,192.0,2029-06-30,IT1,Juventus Football Club,40000000.0,68,86,86,63,80,96,94,45,34,65,44,64,0,0,35,0,86,0,60,https://img.a.transfermarkt.technology/portrait/header/463618-1683889273.jpg?lm=1,35,26,2326,25.8,0.15,0.19,0.35,4,0.15,0.02,0.0,3.5,0.14,0.14,2.86,1.4,1.39,0.39,0.11,27.8,4.76,2.01,1228,47.52,88.4,4.8,0.74,0.0,0.0,0.04,0.5,43,1.66,0.54,1.51,0.08,0.08,64.19,39,1.51,41.36,1.08,0.89,1.39,0.0,0.0,4.26,56.3,55.7,28,1.08,49.1,0.19,0.0,0.0,0.0,0.0,0.0,0.0,0.0,0.0,0.0,0.0,0.0,0.0,0.0,0.0,0.0,0.0,0.0
Youssouf Fofana,France,26.0,1999.0,Defensive Midfield,185.0,2028-06-30,IT1,Associazione Calcio Milan,30000000.0,46,66,52,75,85,45,86,14,27,81,0,10,0,0,38,0,79,0,10,https://img.a.transfermarkt.technology/portrait/header/569598-1725528517.jpg?lm=1,35,29,2504,27.8,0.04,0.22,0.25,1,0.04,-0.01,0.0,1.3,0.05,0.12,1.58,2.6,1.29,0.18,0.03,13.9,6.33,1.15,1237,44.46,85.7,5.03,0.83,0.07,0.0,0.25,0.36,56,2.01,0.68,0.86,0.11,0.0,59.48,14,0.5,35.44,1.08,0.72,1.01,0.0,0.0,5.43,50.0,45.2,11,0.4,34.4,0.18,0.0,0.0,0.0,0.0,0.0,0.0,0.0,0.0,0.0,0.0,0.0,0.0,0.0,0.0,0.0,0.0,0.0
Lamine Yamal,Spain,17.0,2007.0,Right Winger,180.0,2026-06-30,ES1,Futbol Club Barcelona,180000000.0,87,95,87,94,99,100,99,46,55,69,89,8,0,0,81,0,88,0,17,https://img.a.transfermarkt.technology/portrait/header/937958-1720606123.jpg?lm=1,35,31,2856,31.7,0.28,0.41,0.69,9,0.28,-0.03,0.0,9.9,0.31,0.44,5.7,-0.9,4.54,1.45,0.06,31.9,5.04,13.64,1161,36.59,74.8,2.46,2.99,0.5,0.0,0.13,3.4,42,1.32,0.5,0.09,0.0,0.35,65.99,161,5.07,46.8,3.21,1.54,0.95,0.06,0.0,3.88,42.1,50.9,1,0.03,25.0,0.09,0.0,0.0,0.0,0.0,0.0,0.0,0.0,0.0,0.0,0.0,0.0,0.0,0.0,0.0,0.0,0.0,0.0
Adam Marusic,Montenegro,32.0,1992.0,Right-Back,185.0,2026-06-30,IT1,Società Sportiva Lazio S.p.A.,4000000.0,43,86,96,56,7,36,8,20,92,93,0,67,0,0,96,0,64,0,61,https://img.a.transfermarkt.technology/portrait/header/239802-1692962856.jpg?lm=1,35,26,2337,26.0,0.15,0.0,0.15,4,0.15,0.08,0.0,2.0,0.08,0.02,0.89,-0.6,0.89,0.39,0.17,43.5,3.23,4.16,1054,40.59,84.9,2.77,0.62,0.35,0.0,0.12,2.08,32,1.23,0.62,2.31,0.0,0.0,55.19,10,0.39,26.26,0.46,0.5,0.77,0.0,0.0,3.2,60.0,43.5,29,1.12,52.7,0.04,0.0,0.0,0.0,0.0,0.0,0.0,0.0,0.0,0.0,0.0,0.0,0.0,0.0,0.0,0.0,0.0,0.0
Giuseppe Pezzella,Italy,27.0,1997.0,Left-Back,187.0,2026-06-30,IT1,Empoli Football Club S.r.l.,2500000.0,31,34,32,7,76,35,46,13,29,30,56,74,0,0,36,0,4,0,82,https://img.a.transfermarkt.technology/portrait/header/336960-1661521548.jpg?lm=1,35,34,2878,32.0,0.0,0.09,0.09,0,0.0,-0.02,0.0,0.6,0.02,0.14,2.41,-1.5,0.47,0.09,0.0,20.0,2.5,4.47,831,25.99,66.6,1.75,0.94,0.69,0.0,0.0,5.57,55,1.72,0.5,3.44,0.06,0.06,49.41,17,0.53,20.89,1.44,1.0,1.53,0.0,0.03,2.75,50.9,34.0,36,1.13,64.3,0.22,0.0,0.0,0.0,0.0,0.0,0.0,0.0,0.0,0.0,0.0,0.0,0.0,0.0,0.0,0.0,0.0,0.0
Declan Rice,England,26.0,1999.0,Central Midfield,188.0,2028-06-30,GB1,Arsenal Football Club,110000000.0,70,84,82,82,91,31,88,28,83,54,71,81,0,0,84,0,80,0,85,https://img.a.transfermarkt.technology/portrait/header/357662-1687962936.jpg?lm=1,35,33,2825,31.4,0.13,0.22,0.35,4,0.13,0.02,0.0,3.5,0.11,0.21,2.87,0.4,1.53,0.45,0.08,29.2,6.12,2.99,1376,43.84,83.4,4.36,1.12,0.16,0.0,0.54,5.22,53,1.69,0.8,1.62,0.0,0.16,62.03,14,0.45,32.88,1.15,1.02,0.67,0.0,0.0,4.97,42.5,48.3,37,1.18,59.7,0.22,0.03,0.0,0.0,0.0,0.0,0.0,0.0,0.0,0.0,0.0,0.0,0.0,0.0,0.0,0.0,0.0,0.0
Ryan Yates,England,27.0,1997.0,Central Midfield,190.0,2028-06-30,GB1,Nottingham Forest Football Club,13000000.0,50,70,60,4,26,30,11,64,53,9,48,96,0,0,40,0,26,0,94,https://img.a.transfermarkt.technology/portrait/header/425902-1684239778.jpg?lm=1,35,18,1915,21.3,0.09,0.05,0.14,2,0.09,-0.01,0.0,2.3,0.11,0.06,0.89,-0.2,1.55,0.42,0.06,27.3,2.49,0.75,618,29.04,81.5,2.26,0.19,0.0,0.0,0.0,0.38,42,1.97,1.22,2.87,0.05,0.09,48.88,9,0.42,19.93,1.08,0.85,2.49,0.0,0.0,4.89,45.9,50.0,45,2.11,60.0,0.47,0.0,0.0,0.0,0.0,0.0,0.0,0.0,0.0,0.0,0.0,0.0,0.0,0.0,0.0,0.0,0.0,0.0
Isi Palazón,Spain,30.0,1994.0,Second Striker,169.0,2028-06-30,ES1,Rayo Vallecano de Madrid S.A.D.,4000000.0,48,26,33,95,84,71,80,52,17,39,88,15,0,0,22,0,96,0,16,https://img.a.transfermarkt.technology/portrait/header/362086-1726662958.jpg?lm=1,35,25,2162,24.0,0.17,0.17,0.33,4,0.17,-0.03,0.0,4.7,0.2,0.18,1.25,-0.4,2.54,0.75,0.07,29.5,4.87,5.12,783,32.59,77.1,3.21,0.79,0.17,0.0,0.25,4.62,22,0.92,0.33,0.54,0.04,0.37,53.49,25,1.04,29.81,2.25,1.79,1.62,0.0,0.0,4.25,23.5,37.9,18,0.75,31.0,0.21,0.0,0.0,0.0,0.0,0.0,0.0,0.0,0.0,0.0,0.0,0.0,0.0,0.0,0.0,0.0,0.0,0.0
Alberto Moleiro,Spain,21.0,2003.0,Attacking Midfield,171.0,2026-06-30,ES1,Unión Deportiva Las Palmas S.A.D.,25000000.0,64,77,76,49,30,91,77,33,68,59,51,5,0,0,82,0,60,0,7,https://img.a.transfermarkt.technology/portrait/header/733576-1737365948.jpg?lm=1,35,32,2714,30.2,0.2,0.03,0.23,6,0.2,0.01,0.0,5.6,0.19,0.11,3.22,-2.3,2.25,0.8,0.09,35.3,3.85,5.94,845,28.02,81.3,2.49,0.96,0.17,0.0,0.03,1.06,27,0.9,0.6,0.27,0.0,0.17,46.96,64,2.12,31.37,2.52,1.59,1.03,0.0,0.0,4.38,37.5,42.7,5,0.17,18.5,0.17,0.0,0.0,0.0,0.0,0.0,0.0,0.0,0.0,0.0,0.0,0.0,0.0,0.0,0.0,0.0,0.0,0.0
Pau Cubarsí,Spain,18.0,2007.0,Centre-Back,184.0,2029-06-30,ES1,Futbol Club Barcelona,70000000.0,51,41,8,96,95,67,91,8,83,78,0,55,0,0,80,0,99,0,49,https://img.a.transfermarkt.technology/portrait/header/962110-1712779232.jpg?lm=1,35,29,2618,29.1,0.0,0.1,0.1,0,0.0,-0.03,0.0,0.8,0.03,0.06,0.89,1.4,0.28,0.0,0.0,0.0,6.57,0.21,2434,83.67,93.5,7.22,0.14,0.03,0.0,0.24,0.07,34,1.17,0.55,2.96,0.03,0.0,96.43,6,0.21,62.7,0.24,0.03,0.83,0.0,0.03,3.51,63.3,75.0,62,2.13,58.5,0.1,0.0,0.0,0.0,0.0,0.0,0.0,0.0,0.0,0.0,0.0,0.0,0.0,0.0,0.0,0.0,0.0,0.0
Frank Anguissa,Cameroon,29.0,1995.0,Central Midfield,184.0,2025-06-30,IT1,Società Sportiva Calcio Napoli,27000000.0,62,91,93,64,46,67,21,34,54,72,40,95,0,0,57,0,54,0,91,https://img.a.transfermarkt.technology/portrait/header/354361-1695026237.jpg?lm=1,35,32,2852,31.7,0.19,0.13,0.32,6,0.19,0.05,0.0,4.4,0.14,0.08,0.76,1.6,1.39,0.38,0.14,27.3,4.54,3.76,1275,40.23,84.5,4.04,0.66,0.06,0.0,0.19,0.73,42,1.33,1.1,1.26,0.03,0.03,57.59,25,0.79,28.87,1.51,1.1,1.23,0.03,0.03,4.73,44.1,53.2,67,2.11,57.3,0.16,0.0,0.0,0.0,0.0,0.0,0.0,0.0,0.0,0.0,0.0,0.0,0.0,0.0,0.0,0.0,0.0,0.0
José Ángel Carmona,Spain,23.0,2002.0,Right-Back,184.0,2028-06-30,ES1,Sevilla Fútbol Club S.A.D.,12000000.0,47,31,33,38,28,45,24,91,30,13,68,69,0,0,25,0,53,0,78,https://img.a.transfermarkt.technology/portrait/header/711625-1696862897.jpg?lm=1,35,35,2942,32.7,0.0,0.0,0.0,0,0.0,-0.02,0.0,0.5,0.02,0.06,1.38,-1.9,0.58,0.12,0.0,21.1,3.33,1.74,1448,44.3,80.5,3.03,0.43,0.18,0.0,0.43,1.25,83,2.54,2.08,2.85,0.09,0.09,67.09,19,0.58,27.35,1.13,0.55,1.5,0.0,0.0,5.02,52.6,38.0,33,1.01,62.3,0.34,0.0,0.0,0.0,0.0,0.0,0.0,0.0,0.0,0.0,0.0,0.0,0.0,0.0,0.0,0.0,0.0,0.0
Thomas Partey,Ghana,31.0,1993.0,Defensive Midfield,185.0,2025-06-30,GB1,Arsenal Football Club,15000000.0,67,88,94,81,64,82,73,67,16,78,38,38,0,0,22,0,78,0,35,https://img.a.transfermarkt.technology/portrait/header/230784-1668430877.jpg?lm=1,35,31,2797,31.1,0.13,0.06,0.19,4,0.13,0.05,0.0,2.3,0.07,0.07,1.16,-0.1,0.84,0.29,0.15,34.6,5.95,1.54,1677,53.96,87.4,5.41,1.06,0.06,0.0,0.13,0.39,89,2.86,1.13,1.61,0.16,0.03,70.53,24,0.77,40.35,0.77,0.55,1.45,0.0,0.0,4.44,60.0,68.6,28,0.9,50.9,0.13,0.0,0.0,0.0,0.0,0.0,0.0,0.0,0.0,0.0,0.0,0.0,0.0,0.0,0.0,0.0,0.0,0.0
David de Gea,Spain,34.0,1990.0,Goalkeeper,192.0,2025-06-30,IT1,Associazione Calcio Fiorentina,5000000.0,63,0,0,27,90,0,24,90,90,60,0,42,69,60,91,75,87,56,11,https://img.a.transfermarkt.technology/portrait/header/59377-1667548362.jpg?lm=1,35,35,3150,35.0,0.0,0.03,0.03,0,0.0,0.0,0.0,0.0,0.0,0.01,0.0,0.6,0.0,0.0,0.0,0.0,0.0,0.0,832,23.77,73.2,0.63,0.0,0.0,14.5,0.03,0.0,1,0.03,0.0,0.34,0.0,0.0,34.49,0,0.0,19.29,0.0,0.0,0.0,0.0,0.0,0.74,100.0,0.0,6,0.17,100.0,0.03,0.0,1.09,3.86,2.74,1.05,-0.1,0.0,0.0,0.06,3.69,0.37,72.6,31.4,35.8,40.1,2.7,0.8
Iñaki Williams,Ghana,30.0,1994.0,Right Winger,186.0,2028-06-30,ES1,Athletic Club Bilbao,20000000.0,65,84,65,33,82,24,42,45,75,87,33,88,0,0,91,0,14,0,94,https://img.a.transfermarkt.technology/portrait/header/255508-1709676323.png?lm=1,35,29,2652,29.5,0.2,0.27,0.48,6,0.2,-0.05,0.0,7.6,0.26,0.26,3.63,0.2,2.14,0.81,0.1,38.1,2.58,10.25,525,17.82,63.3,1.29,1.73,0.51,0.0,0.24,3.9,17,0.58,0.41,1.09,0.0,0.1,39.67,33,1.12,25.08,2.21,1.49,0.75,0.03,0.0,2.95,52.2,32.7,30,1.02,60.0,0.03,0.0,0.0,0.0,0.0,0.0,0.0,0.0,0.0,0.0,0.0,0.0,0.0,0.0,0.0,0.0,0.0,0.0
William Saliba,France,24.0,2001.0,Centre-Back,192.0,2027-06-30,GB1,Arsenal Football Club,80000000.0,59,90,82,84,67,82,70,52,5,72,0,48,0,0,6,0,95,0,55,https://img.a.transfermarkt.technology/portrait/header/495666-1718697201.jpg?lm=1,35,35,3039,33.8,0.06,0.0,0.06,2,0.06,-0.01,0.0,2.3,0.07,0.03,0.47,-0.9,0.18,0.06,0.33,33.3,4.09,0.18,2413,71.46,94.3,5.33,0.18,0.0,0.0,0.3,0.09,62,1.84,0.62,3.52,0.21,0.0,83.63,12,0.36,52.0,0.56,0.24,0.83,0.0,0.03,4.56,75.0,63.2,61,1.81,62.9,0.06,0.03,0.0,0.0,0.0,0.0,0.0,0.0,0.0,0.0,0.0,0.0,0.0,0.0,0.0,0.0,0.0,0.0
Lucien Agoumé,France,23.0,2002.0,Defensive Midfield,185.0,2028-06-30,ES1,Sevilla Fútbol Club S.A.D.,7000000.0,68,47,56,58,80,90,61,99,85,22,0,77,0,0,59,0,44,0,54,https://img.a.transfermarkt.technology/portrait/header/569384-1656577561.jpg?lm=1,35,24,2114,23.5,0.04,0.13,0.17,1,0.04,0.0,0.0,0.9,0.04,0.1,1.23,0.6,0.43,0.09,0.1,20.0,5.75,0.98,1006,42.83,81.5,5.36,0.81,0.13,0.0,0.38,0.77,70,2.98,1.79,1.79,0.0,0.0,63.01,22,0.94,29.29,1.15,0.55,2.09,0.0,0.04,5.79,69.2,73.3,42,1.79,51.2,0.21,0.04,0.0,0.0,0.0,0.0,0.0,0.0,0.0,0.0,0.0,0.0,0.0,0.0,0.0,0.0,0.0,0.0
Daniel Mosquera,Colombia,25.0,1999.0,Centre-Forward,180.0,2028-06-30,IT1,Verona Hellas Football Club,1500000.0,49,68,47,40,35,85,35,10,71,18,17,92,0,0,43,0,36,0,83,https://img.a.transfermarkt.technology/portrait/header/651569-1722324016.jpg?lm=1,35,12,1375,15.3,0.33,0.07,0.39,5,0.33,-0.1,0.0,6.6,0.43,0.09,1.11,-0.3,3.73,0.98,0.09,26.3,1.64,5.43,229,14.99,68.8,1.37,0.26,0.0,0.0,0.0,0.13,11,0.72,0.13,0.65,0.0,0.07,33.19,16,1.05,16.36,2.81,1.11,2.88,0.0,0.0,3.47,6.7,64.0,78,5.11,46.7,0.26,0.0,0.0,0.0,0.0,0.0,0.0,0.0,0.0,0.0,0.0,0.0,0.0,0.0,0.0,0.0,0.0,0.0
Marash Kumbulla,Albania,25.0,2000.0,Centre-Back,191.0,2025-06-30,ES1,Reial Club Deportiu Espanyol de Barcelona S.A.D.,6000000.0,38,80,91,13,8,31,22,33,66,39,70,60,0,0,69,0,15,0,60,https://img.a.transfermarkt.technology/portrait/header/371371-1716969202.jpg?lm=1,35,34,2972,33.0,0.09,0.0,0.09,3,0.09,0.04,0.0,1.8,0.05,0.0,0.33,0.0,0.48,0.15,0.19,31.3,2.15,0.09,1189,36.01,84.5,1.3,0.12,0.06,0.0,0.21,0.18,51,1.54,1.03,6.78,0.06,0.03,55.87,4,0.12,30.22,0.42,0.03,1.12,0.0,0.0,2.24,58.5,50.0,71,2.15,61.7,0.27,0.0,0.0,0.0,0.0,0.0,0.0,0.0,0.0,0.0,0.0,0.0,0.0,0.0,0.0,0.0,0.0,0.0
Kike García,Spain,35.0,1989.0,Centre-Forward,186.0,2025-06-30,ES1,Deportivo Alavés S.A.D.,900000.0,52,55,78,44,5,28,43,27,43,17,69,86,0,0,37,0,18,0,85,https://img.a.transfermarkt.technology/portrait/header/93936-1490620015.jpg?lm=1,35,29,2542,28.2,0.46,0.0,0.46,10,0.35,0.12,0.11,7.2,0.25,0.03,0.89,-0.9,2.12,0.85,0.17,40.0,1.77,5.59,384,13.6,65.3,1.06,0.21,0.04,0.0,0.21,0.46,19,0.67,0.04,0.81,0.0,0.21,31.65,13,0.46,19.4,3.47,1.49,1.73,0.04,0.0,3.19,35.3,37.1,110,3.89,52.4,0.18,0.04,0.0,0.0,0.0,0.0,0.0,0.0,0.0,0.0,0.0,0.0,0.0,0.0,0.0,0.0,0.0,0.0
Vitaliy Mykolenko,Ukraine,25.0,1999.0,Left-Back,180.0,2026-06-30,GB1,Everton Football Club,28000000.0,36,25,52,19,50,18,5,46,59,80,0,78,0,0,46,0,23,0,76,https://img.a.transfermarkt.technology/portrait/header/404842-1708012303.jpg?lm=1,35,35,3082,34.2,0.03,0.06,0.09,1,0.03,0.01,0.0,0.5,0.01,0.08,0.96,-0.6,0.41,0.03,0.07,7.1,3.21,2.89,986,28.79,74.6,2.98,1.17,0.7,0.0,0.09,2.95,63,1.84,1.28,4.23,0.06,0.0,48.97,8,0.23,20.3,0.67,0.32,0.64,0.0,0.03,2.57,51.8,40.0,47,1.37,56.0,0.12,0.0,0.0,0.0,0.0,0.0,0.0,0.0,0.0,0.0,0.0,0.0,0.0,0.0,0.0,0.0,0.0,0.0
Javi Puado,Spain,27.0,1998.0,Left Winger,177.0,2025-06-30,ES1,Reial Club Deportiu Espanyol de Barcelona S.A.D.,8000000.0,54,82,77,13,15,11,7,11,88,41,37,15,0,0,73,0,50,0,18,https://img.a.transfermarkt.technology/portrait/header/408471-1698158226.jpg?lm=1,35,35,2974,33.0,0.36,0.12,0.48,7,0.21,0.01,0.15,7.7,0.23,0.09,2.21,1.0,2.0,0.57,0.11,28.8,2.27,3.42,521,15.77,76.8,1.09,0.45,0.12,0.0,0.18,0.82,22,0.67,0.15,0.57,0.0,0.12,29.81,21,0.64,18.85,2.15,1.0,0.67,0.03,0.0,3.18,40.0,34.4,9,0.27,23.1,0.24,0.0,0.0,0.0,0.0,0.0,0.0,0.0,0.0,0.0,0.0,0.0,0.0,0.0,0.0,0.0,0.0,0.0
Cody Gakpo,Netherlands,26.0,1999.0,Left Winger,193.0,2028-06-30,GB1,Liverpool Football Club,70000000.0,74,86,94,63,61,67,41,70,35,35,71,63,0,0,32,0,60,0,58,https://img.a.transfermarkt.technology/portrait/header/434675-1682690965.jpg?lm=1,35,23,1935,21.5,0.47,0.19,0.65,10,0.47,0.14,0.0,7.0,0.33,0.2,2.74,-0.4,2.65,1.02,0.18,38.6,2.42,12.88,480,22.33,75.7,1.12,1.26,0.37,0.0,0.19,3.4,28,1.3,0.56,0.88,0.05,0.23,41.16,31,1.44,28.05,2.05,1.12,0.93,0.05,0.0,3.58,52.0,50.8,16,0.74,37.2,0.23,0.0,0.0,0.0,0.0,0.0,0.0,0.0,0.0,0.0,0.0,0.0,0.0,0.0,0.0,0.0,0.0,0.0
Ola Aina,Nigeria,28.0,1996.0,Right-Back,184.0,2025-06-30,GB1,Nottingham Forest Football Club,20000000.0,42,38,80,14,24,82,36,47,16,71,68,14,0,0,17,0,13,0,20,https://img.a.transfermarkt.technology/portrait/header/236490-1707383919.jpg?lm=1,35,35,2995,33.3,0.06,0.03,0.09,2,0.06,0.04,0.0,0.7,0.02,0.05,2.01,-0.6,0.33,0.06,0.18,18.2,3.22,2.01,995,29.9,73.5,2.55,0.69,0.33,0.0,0.12,1.77,55,1.65,0.99,3.49,0.12,0.09,51.36,33,0.99,22.45,1.32,0.66,0.69,0.0,0.03,5.71,56.3,45.8,13,0.39,40.6,0.15,0.0,0.0,0.0,0.0,0.0,0.0,0.0,0.0,0.0,0.0,0.0,0.0,0.0,0.0,0.0,0.0,0.0
Sergi Cardona,Spain,25.0,1999.0,Left-Back,186.0,2027-06-30,ES1,Villarreal Club de Fútbol S.A.D.,8000000.0,56,88,50,31,92,16,26,74,75,14,0,77,0,0,48,0,50,0,80,https://img.a.transfermarkt.technology/portrait/header/678406-1697540707.jpg?lm=1,35,34,2945,32.7,0.03,0.21,0.24,1,0.03,-0.04,0.0,2.4,0.07,0.18,1.59,1.2,0.61,0.18,0.05,30.0,2.35,6.05,1126,34.41,77.3,1.89,1.41,0.79,0.0,0.06,3.39,71,2.17,1.22,3.73,0.03,0.0,56.29,10,0.31,24.85,0.73,0.34,1.16,0.0,0.03,4.0,62.0,33.3,41,1.25,60.3,0.34,0.0,0.0,0.0,0.0,0.0,0.0,0.0,0.0,0.0,0.0,0.0,0.0,0.0,0.0,0.0,0.0,0.0
Maxence Lacroix,France,25.0,2000.0,Centre-Back,190.0,2029-06-30,GB1,Crystal Palace Football Club,22000000.0,54,99,49,7,70,53,14,90,55,65,0,35,0,0,62,0,14,0,33,https://img.a.transfermarkt.technology/portrait/header/434224-1657202248.jpg?lm=1,35,35,3116,34.6,0.03,0.03,0.06,1,0.03,-0.07,0.0,3.4,0.1,0.03,0.23,0.0,0.87,0.14,0.03,16.7,1.88,0.2,1206,34.83,81.8,2.05,0.12,0.06,0.0,0.2,0.2,68,1.96,1.56,5.95,0.06,0.0,55.83,8,0.23,29.75,0.61,0.17,0.98,0.0,0.03,3.75,68.1,57.1,60,1.73,54.5,0.14,0.0,0.0,0.0,0.0,0.0,0.0,0.0,0.0,0.0,0.0,0.0,0.0,0.0,0.0,0.0,0.0,0.0
Jacob Murphy,England,30.0,1995.0,Right Winger,179.0,2027-06-30,GB1,Newcastle United Football Club,16000000.0,67,69,86,54,94,62,44,53,41,72,38,13,0,0,41,0,40,0,17,https://img.a.transfermarkt.technology/portrait/header/199527-1674210561.jpg?lm=1,35,31,2360,26.2,0.31,0.46,0.76,8,0.31,0.09,0.0,5.7,0.22,0.34,3.01,3.1,1.64,0.57,0.19,34.9,3.17,8.81,688,26.24,68.5,2.21,1.56,0.57,0.0,0.23,4.54,28,1.07,0.46,1.33,0.04,0.11,48.47,35,1.33,27.92,1.22,1.41,0.42,0.04,0.0,3.74,45.5,50.7,5,0.19,23.8,0.15,0.0,0.0,0.0,0.0,0.0,0.0,0.0,0.0,0.0,0.0,0.0,0.0,0.0,0.0,0.0,0.0,0.0
Levi Colwill,England,22.0,2003.0,Centre-Back,187.0,2029-06-30,GB1,Chelsea Football Club,55000000.0,51,82,79,75,72,36,56,32,34,30,0,65,0,0,28,0,78,0,60,https://img.a.transfermarkt.technology/portrait/header/614258-1694614507.jpg?lm=1,35,35,3149,35.0,0.06,0.03,0.09,2,0.06,0.0,0.0,1.9,0.05,0.03,0.4,-0.1,0.49,0.11,0.12,23.5,3.77,0.34,2338,66.82,89.2,4.23,0.2,0.09,0.0,0.2,0.37,48,1.37,0.94,3.37,0.11,0.0,83.05,6,0.17,46.33,0.4,0.23,1.29,0.0,0.03,3.46,66.7,50.0,82,2.34,60.7,0.26,0.0,0.0,0.0,0.0,0.0,0.0,0.0,0.0,0.0,0.0,0.0,0.0,0.0,0.0,0.0,0.0,0.0
Santi Comesaña,Spain,28.0,1996.0,Central Midfield,188.0,2028-06-30,ES1,Villarreal Club de Fútbol S.A.D.,8000000.0,65,93,81,65,37,51,50,80,41,55,0,50,0,0,55,0,61,0,36,https://img.a.transfermarkt.technology/portrait/header/380598-1726231263.jpg?lm=1,35,30,2560,28.4,0.14,0.07,0.21,4,0.14,-0.02,0.0,4.6,0.16,0.07,1.37,0.0,1.37,0.28,0.1,20.5,5.41,2.04,1163,40.89,84.6,5.03,1.05,0.11,0.0,0.35,0.49,85,2.99,0.67,1.97,0.04,0.0,60.96,18,0.63,31.75,1.23,1.55,1.3,0.0,0.0,5.62,55.3,52.9,32,1.12,39.5,0.25,0.0,0.0,0.0,0.0,0.0,0.0,0.0,0.0,0.0,0.0,0.0,0.0,0.0,0.0,0.0,0.0,0.0
Emanuele Valeri,Italy,26.0,1998.0,Left-Back,180.0,2027-06-30,IT1,Parma Calcio 1913,3000000.0,43,58,53,8,82,14,56,21,19,93,91,34,0,0,21,0,5,0,43,https://img.a.transfermarkt.technology/portrait/header/445126-1663684061.jpg?lm=1,35,34,2873,31.9,0.06,0.19,0.25,1,0.03,0.01,0.03,1.0,0.03,0.15,2.47,1.3,0.81,0.13,0.04,15.4,2.91,3.41,783,24.53,65.6,2.16,0.97,0.6,0.0,0.34,4.04,51,1.6,0.91,3.23,0.13,0.16,47.87,12,0.38,23.18,1.32,0.16,0.88,0.0,0.0,3.88,49.2,25.5,19,0.6,50.0,0.03,0.0,0.0,0.0,0.0,0.0,0.0,0.0,0.0,0.0,0.0,0.0,0.0,0.0,0.0,0.0,0.0,0.0
Lucas Torró,Spain,30.0,1994.0,Defensive Midfield,190.0,2027-06-30,ES1,Club Atlético Osasuna,3500000.0,48,87,88,7,30,31,5,66,31,20,38,100,0,0,20,0,5,0,100,https://img.a.transfermarkt.technology/portrait/header/213670-1732219931.jpg?lm=1,35,35,2957,32.9,0.09,0.0,0.09,3,0.09,0.02,0.0,2.3,0.07,0.04,0.3,-1.2,0.94,0.21,0.1,22.6,3.32,0.91,1026,31.23,75.3,3.47,0.15,0.0,0.0,0.82,0.03,74,2.25,1.37,2.13,0.09,0.03,51.92,6,0.18,22.4,1.28,0.7,2.28,0.0,0.06,5.24,56.3,66.7,159,4.84,70.4,0.3,0.0,0.0,0.0,0.0,0.0,0.0,0.0,0.0,0.0,0.0,0.0,0.0,0.0,0.0,0.0,0.0,0.0
Mikel Oyarzabal,Spain,28.0,1997.0,Centre-Forward,181.0,2028-06-30,ES1,Real Sociedad de Fútbol S.A.D.,30000000.0,46,48,41,37,47,30,36,48,74,31,74,25,0,0,44,0,55,0,20,https://img.a.transfermarkt.technology/portrait/header/351478-1599987229.jpg?lm=1,35,28,2250,25.0,0.36,0.12,0.48,5,0.2,-0.04,0.16,6.8,0.27,0.1,1.24,0.6,1.56,0.52,0.13,33.3,1.12,5.32,371,14.84,73.5,0.76,0.4,0.12,0.0,0.12,0.4,25,1.0,0.16,0.6,0.0,0.24,29.16,9,0.36,15.72,2.52,1.2,0.56,0.04,0.0,1.92,43.5,45.0,32,1.28,30.5,0.16,0.04,0.0,0.0,0.0,0.0,0.0,0.0,0.0,0.0,0.0,0.0,0.0,0.0,0.0,0.0,0.0,0.0
Alejandro Catena,Spain,30.0,1994.0,Centre-Back,194.0,2028-06-30,ES1,Club Atlético Osasuna,4000000.0,44,88,50,22,96,70,14,35,68,25,90,58,0,0,57,0,56,0,68,https://img.a.transfermarkt.technology/portrait/header/449796-1732220159.jpg?lm=1,35,35,3074,34.2,0.03,0.09,0.12,1,0.03,-0.04,0.0,2.2,0.06,0.07,0.26,0.7,0.59,0.15,0.05,25.0,2.61,0.12,1274,37.3,83.8,1.99,0.15,0.03,0.0,0.53,0.06,46,1.35,1.02,6.47,0.06,0.06,55.77,8,0.23,28.81,0.32,0.03,1.05,0.03,0.03,3.16,61.4,72.7,67,1.96,65.7,0.32,0.0,0.0,0.0,0.0,0.0,0.0,0.0,0.0,0.0,0.0,0.0,0.0,0.0,0.0,0.0,0.0,0.0
Neco Williams,Wales,24.0,2001.0,Right-Back,183.0,2026-06-30,GB1,Nottingham Forest Football Club,20000000.0,59,90,50,22,36,49,50,83,20,45,73,80,0,0,28,0,24,0,77,https://img.a.transfermarkt.technology/portrait/header/503680-1705499825.jpg?lm=1,35,28,2594,28.8,0.03,0.1,0.14,1,0.03,-0.05,0.0,2.3,0.08,0.06,2.36,1.4,1.28,0.24,0.03,18.9,3.09,3.57,843,29.25,75.6,2.39,0.76,0.35,0.0,0.14,2.05,90,3.12,1.11,4.75,0.1,0.1,54.3,18,0.62,22.55,1.25,0.73,0.83,0.0,0.0,3.82,61.6,40.0,40,1.39,57.1,0.24,0.0,0.0,0.0,0.0,0.0,0.0,0.0,0.0,0.0,0.0,0.0,0.0,0.0,0.0,0.0,0.0,0.0
Kenan Yıldız,Türkiye,20.0,2005.0,Left Winger,187.0,2029-06-30,IT1,Juventus Football Club,45000000.0,61,56,80,83,59,92,83,65,5,47,43,18,0,0,8,0,83,0,19,https://img.a.transfermarkt.technology/portrait/header/845654-1700467996.png?lm=1,35,28,2402,26.7,0.26,0.15,0.41,7,0.26,0.1,0.0,4.3,0.16,0.19,4.27,-1.0,2.29,0.82,0.11,36.1,4.53,8.36,896,33.57,79.6,2.66,1.95,0.49,0.0,0.07,4.31,53,1.99,0.19,0.49,0.11,0.19,55.68,59,2.21,36.16,3.22,1.54,0.94,0.0,0.0,4.65,54.8,53.2,8,0.3,23.5,0.07,0.04,0.0,0.0,0.0,0.0,0.0,0.0,0.0,0.0,0.0,0.0,0.0,0.0,0.0,0.0,0.0,0.0
Nico Paz,Argentina,20.0,2004.0,Attacking Midfield,186.0,2028-06-30,IT1,Calcio Como,35000000.0,78,94,74,68,74,96,71,70,58,31,64,87,0,0,51,0,76,0,94,https://img.a.transfermarkt.technology/portrait/header/948294-1699472504.jpg?lm=1,35,30,2687,29.9,0.2,0.27,0.47,6,0.2,-0.11,0.0,8.5,0.28,0.2,2.58,2.0,3.65,1.24,0.06,33.9,5.46,5.73,992,33.23,80.6,3.89,1.27,0.07,0.0,0.1,1.37,51,1.71,0.7,0.54,0.0,0.2,56.37,69,2.31,36.61,3.38,1.51,1.57,0.0,0.03,3.95,47.1,51.1,31,1.04,57.4,0.2,0.0,0.0,0.0,0.0,0.0,0.0,0.0,0.0,0.0,0.0,0.0,0.0,0.0,0.0,0.0,0.0,0.0
Jay Idzes,Indonesia,24.0,2000.0,Centre-Back,190.0,2027-06-30,IT1,Venezia Football Club,5000000.0,29,79,52,29,48,12,27,12,79,37,70,16,0,0,67,0,37,0,8,https://img.a.transfermarkt.technology/portrait/header/546926-1725530125.jpg?lm=1,35,35,3127,34.7,0.03,0.0,0.03,1,0.03,-0.02,0.0,1.8,0.05,0.02,0.43,-0.7,0.43,0.09,0.07,20.0,2.42,0.43,1457,41.93,86.0,1.87,0.12,0.03,0.0,0.09,0.17,45,1.3,0.92,4.49,0.0,0.03,59.81,1,0.03,30.25,0.89,0.2,1.44,0.0,0.09,3.25,51.5,14.3,57,1.64,41.3,0.14,0.0,0.0,0.0,0.0,0.0,0.0,0.0,0.0,0.0,0.0,0.0,0.0,0.0,0.0,0.0,0.0,0.0
Alessandro Bianco,Italy,22.0,2002.0,Central Midfield,173.0,2025-06-30,IT1,Associazione Calcio Monza,5000000.0,39,34,32,42,11,38,59,79,11,34,0,22,0,0,10,0,57,0,22,https://img.a.transfermarkt.technology/portrait/header/602124-1725528350.jpg?lm=1,35,29,2618,29.1,0.03,0.0,0.03,1,0.03,-0.01,0.0,1.3,0.04,0.04,1.2,-1.2,0.89,0.21,0.04,23.1,4.3,0.86,1323,45.48,86.12,4.81,0.55,0.1,0.0,0.48,0.79,51,1.75,0.76,1.82,0.14,0.0,62.98,17,0.58,41.05,1.41,0.83,1.48,0.0,0.03,4.3,65.9,41.5,16,0.55,36.4,0.31,0.0,0.0,0.0,0.0,0.0,0.0,0.0,0.0,0.0,0.0,0.0,0.0,0.0,0.0,0.0,0.0,0.0
Sam Beukema,Netherlands,26.0,1998.0,Centre-Back,188.0,2027-06-30,IT1,Bologna Football Club 1909,25000000.0,53,70,26,75,74,19,75,18,87,92,0,75,0,0,89,0,66,0,55,https://img.a.transfermarkt.technology/portrait/header/433984-1696837343.jpg?lm=1,35,33,3012,33.5,0.0,0.03,0.03,0,0.0,-0.04,0.0,1.5,0.04,0.03,0.81,0.1,0.45,0.12,0.0,26.7,4.57,0.27,1826,54.56,86.4,5.05,0.33,0.09,0.0,0.57,0.24,54,1.61,0.9,3.32,0.0,0.0,72.28,1,0.03,45.39,0.36,0.24,0.84,0.0,0.03,4.03,53.7,50.0,93,2.78,56.7,0.03,0.0,0.0,0.0,0.0,0.0,0.0,0.0,0.0,0.0,0.0,0.0,0.0,0.0,0.0,0.0,0.0,0.0
Adrián Embarba,Spain,33.0,1992.0,Right Winger,173.0,2025-06-30,ES1,Rayo Vallecano de Madrid S.A.D.,1500000.0,26,23,11,23,35,28,33,80,6,25,78,50,0,0,9,0,7,0,36,https://img.a.transfermarkt.technology/portrait/header/288318-1583506487.jpg?lm=1,35,18,1607,17.9,0.06,0.06,0.11,1,0.06,-0.06,0.0,2.1,0.12,0.15,2.63,-1.7,2.07,0.67,0.03,32.4,2.52,6.38,383,21.45,63.9,1.29,0.95,0.56,0.0,0.11,6.38,41,2.3,0.73,0.78,0.11,0.34,47.44,20,1.12,26.15,3.42,1.34,1.4,0.0,0.0,3.75,38.3,35.7,13,0.73,28.3,0.22,0.0,0.0,0.0,0.0,0.0,0.0,0.0,0.0,0.0,0.0,0.0,0.0,0.0,0.0,0.0,0.0,0.0
Michel Adopo,France,24.0,2000.0,Central Midfield,187.0,2025-06-30,IT1,Cagliari Calcio,3000000.0,41,26,37,26,47,51,13,61,76,42,0,73,0,0,77,0,45,0,72,https://img.a.transfermarkt.technology/portrait/header/564305-1730186534.jpg?lm=1,35,27,2409,26.8,0.04,0.04,0.07,1,0.04,-0.0,0.0,1.1,0.04,0.09,0.75,-1.3,0.75,0.15,0.05,20.0,3.96,2.28,813,30.37,83.0,3.36,0.52,0.11,0.0,0.07,0.3,55,2.05,1.01,0.93,0.0,0.0,45.65,19,0.71,24.51,1.46,0.97,1.08,0.0,0.0,5.04,51.7,45.2,29,1.08,54.7,0.19,0.04,0.0,0.0,0.0,0.0,0.0,0.0,0.0,0.0,0.0,0.0,0.0,0.0,0.0,0.0,0.0,0.0
Dara O'Shea,Ireland,26.0,1999.0,Centre-Back,189.0,2029-06-30,GB1,Ipswich Town Football Club,14000000.0,43,65,11,11,46,19,4,42,32,77,85,86,0,0,40,0,3,0,69,https://img.a.transfermarkt.technology/portrait/header/401320-1632909442.jpg?lm=1,35,35,3122,34.7,0.0,0.06,0.06,0,0.0,-0.04,0.0,1.3,0.04,0.01,0.09,1.5,0.63,0.06,0.0,9.1,2.34,0.23,1234,35.57,78.2,2.57,0.12,0.03,0.0,0.4,0.23,49,1.41,0.98,6.49,0.12,0.06,58.32,1,0.03,25.83,0.35,0.12,0.61,0.0,0.0,3.14,64.7,50.0,114,3.29,57.3,0.17,0.0,0.0,0.0,0.0,0.0,0.0,0.0,0.0,0.0,0.0,0.0,0.0,0.0,0.0,0.0,0.0,0.0
Pedro Neto,Portugal,25.0,2000.0,Right Winger,174.0,2031-06-30,GB1,Chelsea Football Club,50000000.0,51,45,49,65,85,31,79,29,89,22,36,29,0,0,62,0,78,0,25,https://img.a.transfermarkt.technology/portrait/header/487465-1709158892.jpg?lm=1,35,24,2269,25.2,0.16,0.24,0.4,4,0.16,0.02,0.0,3.5,0.14,0.27,5.0,-0.7,2.34,0.67,0.07,28.8,2.38,10.04,702,27.84,78.4,1.19,1.47,0.91,0.0,0.2,5.91,24,0.95,0.36,0.24,0.0,0.16,45.77,34,1.35,29.59,1.78,1.19,0.83,0.0,0.0,3.21,42.9,32.7,11,0.44,26.8,0.32,0.0,0.0,0.0,0.0,0.0,0.0,0.0,0.0,0.0,0.0,0.0,0.0,0.0,0.0,0.0,0.0,0.0
Jean-Ricner Bellegarde,France,26.0,1998.0,Central Midfield,172.0,2028-06-30,GB1,Wolverhampton Wanderers Football Club,18000000.0,57,49,64,22,92,39,85,80,27,64,98,19,0,0,51,0,35,0,17,https://img.a.transfermarkt.technology/portrait/header/450050-1618501758.jpg?lm=1,35,20,1677,18.6,0.11,0.38,0.48,2,0.11,0.03,0.0,1.5,0.08,0.2,2.79,3.2,1.18,0.27,0.09,22.7,2.31,4.78,475,25.49,79.3,1.61,0.97,0.43,0.0,0.21,2.36,39,2.09,0.54,0.97,0.05,0.38,45.24,14,0.75,28.28,2.25,1.56,1.66,0.0,0.0,3.33,70.0,23.0,10,0.54,34.5,0.16,0.0,0.0,0.0,0.0,0.0,0.0,0.0,0.0,0.0,0.0,0.0,0.0,0.0,0.0,0.0,0.0,0.0
Raoul Bellanova,Italy,25.0,2000.0,Right Midfield,188.0,2029-06-30,IT1,Atalanta Bergamasca Calcio S.p.a.,22000000.0,55,36,7,61,71,54,71,57,86,86,43,64,0,0,93,0,61,0,82,https://img.a.transfermarkt.technology/portrait/header/357992-1695028689.jpg?lm=1,35,28,2489,27.7,0.0,0.33,0.33,0,0.0,-0.04,0.0,1.1,0.04,0.17,3.15,4.2,0.69,0.18,0.0,27.8,3.15,7.09,1008,36.45,77.14,1.66,1.01,0.8,0.0,0.11,5.82,24,0.87,0.65,1.77,0.0,0.04,54.96,21,0.76,30.95,1.08,0.4,0.58,0.0,0.0,4.38,61.9,43.8,24,0.87,52.08,0.11,0.0,0.0,0.0,0.0,0.0,0.0,0.0,0.0,0.0,0.0,0.0,0.0,0.0,0.0,0.0,0.0,0.0
Tomas Soucek,Czech Republic,30.0,1995.0,Defensive Midfield,192.0,2027-06-30,GB1,West Ham United Football Club,22000000.0,44,100,100,11,34,19,2,17,71,44,77,99,0,0,64,0,3,0,95,https://img.a.transfermarkt.technology/portrait/header/283628-1704184173.jpg?lm=1,35,30,2567,28.5,0.32,0.04,0.35,9,0.32,0.08,0.0,6.7,0.23,0.04,0.32,0.0,1.93,0.6,0.16,30.9,2.63,2.38,716,25.1,73.8,2.17,0.28,0.04,0.0,0.39,0.49,47,1.65,0.7,2.98,0.04,0.07,44.95,6,0.21,17.78,0.7,0.53,1.65,0.04,0.0,2.21,60.0,50.0,99,3.47,57.2,0.28,0.0,0.0,0.0,0.0,0.0,0.0,0.0,0.0,0.0,0.0,0.0,0.0,0.0,0.0,0.0,0.0,0.0
Alexander Sørloth,Norway,29.0,1995.0,Centre-Forward,195.0,2028-06-30,ES1,Club Atlético de Madrid S.A.D.,25000000.0,76,100,99,29,38,56,69,39,34,40,29,97,0,0,59,0,19,0,98,https://img.a.transfermarkt.technology/portrait/header/238407-1716403969.jpg?lm=1,35,15,1566,17.4,1.15,0.11,1.26,19,1.09,0.18,0.06,16.0,0.92,0.09,1.84,0.4,4.48,2.3,0.24,51.3,1.78,4.66,229,13.16,63.8,1.09,0.57,0.06,0.0,0.0,0.29,9,0.52,0.06,1.61,0.0,0.11,34.6,14,0.8,18.56,3.62,1.84,1.49,0.0,0.0,2.36,50.0,37.8,98,5.63,66.2,0.23,0.0,0.0,0.0,0.0,0.0,0.0,0.0,0.0,0.0,0.0,0.0,0.0,0.0,0.0,0.0,0.0,0.0
Javi Muñoz,Spain,30.0,1995.0,Central Midfield,177.0,2025-06-30,ES1,Unión Deportiva Las Palmas S.A.D.,2500000.0,33,35,32,33,53,64,34,18,32,77,52,20,0,0,28,0,21,0,22,https://img.a.transfermarkt.technology/portrait/header/282421-1698852390.jpg?lm=1,35,28,2588,28.8,0.03,0.1,0.14,1,0.03,-0.01,0.0,1.3,0.05,0.09,1.25,0.5,0.87,0.21,0.04,24.0,3.76,3.16,918,31.92,77.9,4.0,1.11,0.45,0.0,0.63,1.77,45,1.56,1.08,1.36,0.1,0.1,49.07,21,0.73,24.34,1.01,0.52,1.04,0.0,0.0,3.89,34.8,58.3,15,0.52,36.6,0.17,0.0,0.0,0.0,0.0,0.0,0.0,0.0,0.0,0.0,0.0,0.0,0.0,0.0,0.0,0.0,0.0,0.0
Dodô,Brazil,26.0,1998.0,Right-Back,166.0,2027-06-30,IT1,Associazione Calcio Fiorentina,22000000.0,53,70,10,66,72,94,97,22,23,53,97,14,0,0,50,0,52,0,23,https://img.a.transfermarkt.technology/portrait/header/401529-1663591985.jpg?lm=1,35,35,3115,34.6,0.0,0.14,0.14,0,0.0,-0.04,0.0,1.3,0.04,0.12,4.13,0.8,0.78,0.14,0.0,18.5,3.7,5.55,1341,38.74,77.6,2.31,1.16,0.64,0.0,0.29,4.16,44,1.27,1.04,1.68,0.06,0.23,60.18,52,1.5,36.92,2.11,0.75,0.69,0.06,0.0,5.29,51.0,46.0,12,0.35,42.9,0.23,0.0,0.0,0.0,0.0,0.0,0.0,0.0,0.0,0.0,0.0,0.0,0.0,0.0,0.0,0.0,0.0,0.0
Hans Nicolussi Caviglia,Italy,24.0,2000.0,Central Midfield,184.0,,IT1,Venezia Football Club,8000000.0,44,69,84,29,35,26,15,30,38,29,0,64,0,0,32,0,27,0,70,https://img.a.transfermarkt.technology/portrait/header/430280-1743004805.jpg?lm=1,35,33,2861,31.8,0.13,0.06,0.19,4,0.13,0.05,0.0,2.4,0.08,0.07,0.63,-0.1,1.67,0.63,0.08,37.7,4.4,0.69,1120,35.23,79.3,3.9,0.47,0.03,0.0,0.75,2.26,47,1.48,0.85,1.73,0.06,0.0,54.7,17,0.53,28.15,1.26,1.16,1.57,0.0,0.03,4.62,45.3,34.0,27,0.85,55.1,0.22,0.03,0.0,0.0,0.0,0.0,0.0,0.0,0.0,0.0,0.0,0.0,0.0,0.0,0.0,0.0,0.0,0.0
Boulaye Dia,Senegal,28.0,1996.0,Centre-Forward,180.0,2026-06-30,IT1,Società Sportiva Lazio S.p.A.,15000000.0,58,57,72,76,76,50,41,62,22,82,32,12,0,0,24,0,95,0,9,https://img.a.transfermarkt.technology/portrait/header/626913-1730127040.jpg?lm=1,35,27,2177,24.2,0.37,0.12,0.5,9,0.37,0.07,0.0,7.2,0.3,0.17,0.95,-1.2,1.61,0.79,0.23,48.7,2.11,4.71,494,20.42,83.4,1.53,0.29,0.0,0.0,0.21,0.08,22,0.91,0.25,0.66,0.04,0.08,33.2,17,0.7,18.73,1.36,1.41,0.95,0.04,0.0,2.27,43.8,40.5,21,0.87,26.6,0.08,0.0,0.0,0.0,0.0,0.0,0.0,0.0,0.0,0.0,0.0,0.0,0.0,0.0,0.0,0.0,0.0,0.0
Alexis Mac Allister,Argentina,26.0,1998.0,Central Midfield,176.0,2028-06-30,GB1,Liverpool Football Club,90000000.0,66,74,89,76,85,31,44,78,66,40,40,26,0,0,59,0,73,0,23,https://img.a.transfermarkt.technology/portrait/header/534033-1669835342.jpg?lm=1,35,30,2599,28.9,0.17,0.17,0.35,5,0.17,0.08,0.0,2.8,0.1,0.16,1.25,0.3,1.32,0.45,0.13,34.2,6.13,2.77,1273,44.08,83.5,4.22,1.21,0.07,0.0,0.1,2.98,95,3.29,0.76,1.0,0.03,0.07,64.41,16,0.55,31.65,1.07,0.76,2.15,0.0,0.0,5.13,52.9,38.1,19,0.66,35.8,0.21,0.0,0.0,0.0,0.0,0.0,0.0,0.0,0.0,0.0,0.0,0.0,0.0,0.0,0.0,0.0,0.0,0.0
Calvin Bassey,Nigeria,25.0,1999.0,Centre-Back,185.0,2027-06-30,GB1,Fulham Football Club,25000000.0,42,50,55,68,14,79,86,32,3,66,0,19,0,0,7,0,60,0,30,https://img.a.transfermarkt.technology/portrait/header/461883-1662989506.jpg?lm=1,35,34,3074,34.2,0.03,0.0,0.03,1,0.03,0.0,0.0,1.0,0.03,0.0,1.14,-0.1,0.41,0.12,0.07,28.6,3.4,0.44,1934,56.62,89.7,4.45,0.09,0.0,0.0,0.29,0.23,54,1.58,0.59,3.45,0.23,0.0,72.11,15,0.44,46.0,1.0,0.23,0.76,0.0,0.0,4.92,71.0,45.5,43,1.26,56.6,0.2,0.0,0.0,0.0,0.0,0.0,0.0,0.0,0.0,0.0,0.0,0.0,0.0,0.0,0.0,0.0,0.0,0.0
Andrei Rațiu,Romania,26.0,1998.0,Right-Back,183.0,2028-06-30,ES1,Rayo Vallecano de Madrid S.A.D.,12000000.0,67,81,76,71,86,100,94,47,15,76,56,22,0,0,52,0,79,0,19,https://img.a.transfermarkt.technology/portrait/header/527966-1716545627.jpg?lm=1,35,34,3065,34.1,0.06,0.09,0.15,2,0.06,0.01,0.0,1.8,0.05,0.17,3.58,-2.7,0.91,0.21,0.06,22.6,4.26,4.9,1435,42.14,81.6,3.08,0.68,0.32,0.0,0.06,2.26,71,2.08,0.79,2.14,0.06,0.06,64.39,76,2.23,34.94,2.03,1.44,0.7,0.0,0.0,4.96,60.0,51.7,20,0.59,37.7,0.15,0.0,0.0,0.0,0.0,0.0,0.0,0.0,0.0,0.0,0.0,0.0,0.0,0.0,0.0,0.0,0.0,0.0
Thierno Barry,France,22.0,2002.0,Centre-Forward,195.0,2029-06-30,ES1,Villarreal Club de Fútbol S.A.D.,14000000.0,71,88,76,9,51,46,45,17,63,27,48,90,0,0,27,0,11,0,97,https://img.a.transfermarkt.technology/portrait/header/937941-1743672693.jpg?lm=1,35,25,2323,25.8,0.43,0.15,0.58,10,0.39,-0.06,0.04,11.7,0.45,0.11,1.7,1.1,2.75,0.93,0.14,33.8,1.05,4.8,209,8.1,62.2,0.54,0.46,0.04,0.0,0.04,0.19,12,0.46,0.0,0.74,0.0,0.12,24.14,18,0.7,13.44,3.33,1.05,1.82,0.04,0.04,1.39,40.0,36.0,98,3.8,66.7,0.15,0.0,0.0,0.0,0.0,0.0,0.0,0.0,0.0,0.0,0.0,0.0,0.0,0.0,0.0,0.0,0.0,0.0
Kike Pérez,Spain,28.0,1997.0,Central Midfield,184.0,2027-06-30,IT1,Venezia Football Club,2800000.0,59,81,74,52,45,60,51,62,60,13,44,56,0,0,72,0,20,0,48,https://img.a.transfermarkt.technology/portrait/header/527698-1739282423.jpg?lm=1,35,27,2305,25.6,0.12,0.0,0.12,3,0.12,0.0,0.0,3.0,0.12,0.09,1.44,-2.2,1.29,0.43,0.09,41.51,5.0,2.3,916,35.77,76.44,4.22,0.66,0.12,0.0,0.7,3.2,78,3.05,0.66,1.29,0.0,0.08,59.19,21,0.82,30.73,1.95,1.37,2.46,0.0,0.0,5.11,48.87,42.59,26,1.02,45.64,0.39,0.0,0.0,0.0,0.0,0.0,0.0,0.0,0.0,0.0,0.0,0.0,0.0,0.0,0.0,0.0,0.0,0.0
Jørgen Strand Larsen,Norway,25.0,2000.0,Centre-Forward,193.0,2025-06-30,GB1,Wolverhampton Wanderers Football Club,27000000.0,66,78,91,10,46,19,7,11,62,51,17,58,0,0,64,0,18,0,46,https://img.a.transfermarkt.technology/portrait/header/429983-1743541067.jpg?lm=1,35,30,2587,28.7,0.49,0.14,0.63,14,0.49,0.13,0.0,10.3,0.36,0.1,0.59,1.0,1.88,1.15,0.26,61.1,1.01,3.9,295,10.26,64.7,0.66,0.14,0.03,0.0,0.07,0.21,10,0.35,0.21,1.01,0.0,0.07,25.57,8,0.28,12.0,3.13,1.18,1.6,0.0,0.0,1.46,14.8,40.0,66,2.3,39.5,0.14,0.0,0.0,0.0,0.0,0.0,0.0,0.0,0.0,0.0,0.0,0.0,0.0,0.0,0.0,0.0,0.0,0.0
Cameron Archer,England,23.0,2001.0,Centre-Forward,175.0,2028-06-30,GB1,Southampton Football Club,14000000.0,29,39,15,28,4,69,32,21,55,95,15,5,0,0,92,0,75,0,4,https://img.a.transfermarkt.technology/portrait/header/533662-1641461875.jpg?lm=1,35,13,1441,16.0,0.12,0.0,0.12,2,0.12,-0.23,0.0,4.9,0.31,0.03,1.31,-0.5,1.75,0.62,0.07,35.7,0.87,4.12,205,12.8,81.7,0.44,0.44,0.0,0.0,0.0,0.19,13,0.81,0.12,0.69,0.0,0.06,24.73,15,0.94,14.12,2.44,1.69,1.0,0.0,0.0,2.19,22.2,41.7,9,0.56,23.1,0.0,0.0,0.0,0.0,0.0,0.0,0.0,0.0,0.0,0.0,0.0,0.0,0.0,0.0,0.0,0.0,0.0,0.0
Luka Modric,Croatia,39.0,1985.0,Central Midfield,172.0,2025-06-30,ES1,Real Madrid Club de Fútbol,5000000.0,56,51,63,100,100,61,99,45,89,40,0,10,0,0,87,0,99,0,12,https://img.a.transfermarkt.technology/portrait/header/27992-1687776160.jpg?lm=1,35,17,1827,20.3,0.1,0.3,0.39,2,0.1,0.02,0.0,1.6,0.08,0.34,3.05,-1.0,1.08,0.3,0.09,27.3,10.25,3.1,1724,84.93,87.6,11.08,1.67,0.1,0.0,1.18,5.52,31,1.53,1.33,0.84,0.0,0.0,104.63,14,0.69,69.9,1.13,0.64,1.13,0.0,0.0,5.17,43.8,58.3,6,0.3,31.6,0.34,0.0,0.0,0.0,0.0,0.0,0.0,0.0,0.0,0.0,0.0,0.0,0.0,0.0,0.0,0.0,0.0,0.0
Nadir Zortea,Italy,25.0,1999.0,Right Midfield,187.0,2028-06-30,IT1,Cagliari Calcio,4500000.0,33,71,93,4,11,75,18,11,18,68,36,32,0,0,11,0,4,0,25,https://img.a.transfermarkt.technology/portrait/header/392966-1730186481.jpg?lm=1,35,33,2713,30.1,0.2,0.07,0.27,6,0.2,0.1,0.0,3.1,0.1,0.08,2.29,-0.4,1.09,0.33,0.18,30.3,2.09,4.78,557,18.48,67.4,1.39,1.03,0.7,0.0,0.03,3.95,30,1.0,0.63,1.56,0.07,0.03,36.99,38,1.26,21.93,1.89,1.03,1.09,0.0,0.03,3.18,37.8,43.7,17,0.56,36.2,0.07,0.0,0.0,0.0,0.0,0.0,0.0,0.0,0.0,0.0,0.0,0.0,0.0,0.0,0.0,0.0,0.0,0.0
Jon Aramburu,Venezuela,22.0,2002.0,Right-Back,176.0,2030-06-30,ES1,Real Sociedad de Fútbol S.A.D.,12000000.0,47,23,60,36,18,9,19,94,80,13,44,82,0,0,57,0,38,0,76,https://img.a.transfermarkt.technology/portrait/header/661145-1719915615.jpg?lm=1,35,28,2460,27.3,0.04,0.04,0.07,1,0.04,0.02,0.0,0.4,0.01,0.04,0.95,-0.1,0.4,0.11,0.09,27.3,3.55,1.94,1190,43.54,78.4,3.0,0.4,0.22,0.0,0.11,1.65,102,3.73,1.1,3.59,0.0,0.04,69.04,8,0.29,30.99,1.24,0.44,1.83,0.0,0.04,4.65,66.0,21.6,40,1.46,54.8,0.29,0.0,0.0,0.0,0.0,0.0,0.0,0.0,0.0,0.0,0.0,0.0,0.0,0.0,0.0,0.0,0.0,0.0
Mauro Arambarri,Uruguay,29.0,1995.0,Central Midfield,175.0,2028-06-30,ES1,Getafe Club de Fútbol S.A.D. Team Dubai,7000000.0,51,96,96,2,2,49,2,25,66,27,95,91,0,0,79,0,4,0,82,https://img.a.transfermarkt.technology/portrait/header/290249-1669365106.jpg?lm=1,35,31,2661,29.6,0.34,0.0,0.34,7,0.24,0.06,0.1,5.8,0.2,0.02,0.57,-0.6,1.79,0.54,0.13,30.2,2.54,1.86,586,19.82,73.3,2.5,0.14,0.03,0.0,0.3,0.47,48,1.62,0.51,1.56,0.0,0.3,38.76,18,0.61,18.06,2.03,0.98,1.72,0.0,0.0,4.63,45.8,52.9,59,2.0,52.2,0.34,0.0,0.0,0.0,0.0,0.0,0.0,0.0,0.0,0.0,0.0,0.0,0.0,0.0,0.0,0.0,0.0,0.0
Antonio Blanco,Spain,24.0,2000.0,Defensive Midfield,176.0,2027-06-30,ES1,Deportivo Alavés S.A.D.,7500000.0,30,39,18,33,50,62,10,26,65,12,38,33,0,0,58,0,15,0,24,https://img.a.transfermarkt.technology/portrait/header/495621-1705337231.jpg?lm=1,35,32,2727,30.3,0.0,0.03,0.03,0,0.0,-0.03,0.0,0.8,0.03,0.05,0.43,-0.6,0.83,0.1,0.0,12.0,4.82,0.63,1013,33.43,79.3,4.69,0.63,0.3,0.0,0.76,0.96,67,2.21,1.39,1.58,0.03,0.03,50.92,15,0.5,25.15,0.96,0.86,2.18,0.0,0.0,5.41,38.6,71.4,28,0.92,44.4,0.36,0.03,0.0,0.0,0.0,0.0,0.0,0.0,0.0,0.0,0.0,0.0,0.0,0.0,0.0,0.0,0.0,0.0
Óscar Valentín,Spain,30.0,1994.0,Central Midfield,177.0,2027-06-30,ES1,Rayo Vallecano de Madrid S.A.D.,3500000.0,31,5,21,20,10,13,9,65,34,23,70,79,0,0,19,0,38,0,60,https://img.a.transfermarkt.technology/portrait/header/517753-1641140471.jpg?lm=1,34,18,1835,20.4,0.0,0.0,0.0,0,0.0,-0.02,0.0,0.4,0.02,0.04,0.64,-0.9,0.25,0.05,0.0,20.0,4.22,0.39,688,33.74,82.9,3.63,0.29,0.05,0.0,0.2,0.1,55,2.7,1.03,2.5,0.1,0.15,52.38,5,0.25,24.96,0.88,0.39,2.8,0.0,0.0,5.35,43.4,45.5,33,1.62,45.8,0.25,0.0,0.0,0.0,0.0,0.0,0.0,0.0,0.0,0.0,0.0,0.0,0.0,0.0,0.0,0.0,0.0,0.0
Ermedin Demirovic,Bosnia-Herzegovina,27.0,1998.0,Centre-Forward,185.0,2028-06-30,L1,Verein für Bewegungsspiele Stuttgart 1893,22000000.0,73,92,93,36,32,6,23,19,81,72,43,47,0,0,80,0,42,0,47,https://img.a.transfermarkt.technology/portrait/header/335457-1723707508.jpg?lm=1,34,20,1855,20.6,0.73,0.05,0.78,15,0.73,0.04,0.0,12.4,0.6,0.09,0.97,-0.9,3.11,1.31,0.23,42.2,1.5,5.58,258,12.52,70.3,0.73,0.49,0.0,0.0,0.0,0.15,12,0.58,0.15,0.58,0.0,0.15,28.24,5,0.24,14.8,1.89,1.31,1.16,0.0,0.0,1.6,25.0,20.0,34,1.65,42.0,0.1,0.0,0.0,0.0,0.0,0.0,0.0,0.0,0.0,0.0,0.0,0.0,0.0,0.0,0.0,0.0,0.0,0.0
Nicolás Domínguez,Argentina,26.0,1998.0,Central Midfield,179.0,2028-06-30,GB1,Nottingham Forest Football Club,17000000.0,49,47,21,30,29,4,7,95,59,22,66,76,0,0,46,0,62,0,73,https://img.a.transfermarkt.technology/portrait/header/497291-1663656746.jpg?lm=1,34,23,1963,21.8,0.0,0.05,0.05,0,0.0,-0.07,0.0,1.5,0.07,0.06,0.73,-0.3,0.96,0.41,0.0,42.9,3.81,1.51,819,37.55,86.7,3.71,0.5,0.05,0.0,0.0,0.32,86,3.94,1.33,2.48,0.05,0.14,55.75,3,0.14,21.55,1.05,0.55,1.51,0.0,0.0,5.23,47.4,33.3,27,1.24,54.0,0.41,0.0,0.0,0.0,0.0,0.0,0.0,0.0,0.0,0.0,0.0,0.0,0.0,0.0,0.0,0.0,0.0,0.0
Danilho Doekhi,Netherlands,26.0,1998.0,Centre-Back,190.0,2026-06-30,L1,1. Fußballclub Union Berlin,13000000.0,45,95,50,14,80,33,16,29,75,67,85,72,0,0,77,0,9,0,50,https://img.a.transfermarkt.technology/portrait/header/387047-1692707468.jpg?lm=1,34,34,3060,34.0,0.03,0.03,0.06,1,0.03,-0.05,0.0,2.6,0.08,0.04,0.38,-0.4,0.94,0.12,0.03,12.5,2.82,0.41,995,29.26,78.3,2.38,0.18,0.09,0.0,0.03,0.29,37,1.09,1.29,4.97,0.03,0.06,48.65,3,0.09,25.97,0.38,0.18,1.06,0.0,0.03,2.85,56.5,60.0,93,2.74,55.4,0.12,0.0,0.0,0.0,0.0,0.0,0.0,0.0,0.0,0.0,0.0,0.0,0.0,0.0,0.0,0.0,0.0,0.0
Seydouba Cissé,Guinea,24.0,2001.0,Central Midfield,178.0,2026-06-30,ES1,Club Deportivo Leganés S.A.D.,3000000.0,47,76,71,33,13,91,31,32,50,43,86,42,0,0,42,0,47,0,34,https://img.a.transfermarkt.technology/portrait/header/543537-1698881175.jpg?lm=1,34,31,2435,27.1,0.11,0.04,0.15,3,0.11,0.0,0.0,3.0,0.11,0.04,0.96,0.0,0.89,0.18,0.13,20.8,4.07,1.55,972,35.93,84.6,3.18,0.55,0.04,0.0,0.37,0.37,59,2.18,0.44,1.66,0.04,0.18,52.08,30,1.11,29.09,1.18,1.22,1.44,0.04,0.04,5.69,46.0,66.7,25,0.92,39.7,0.11,0.04,0.0,0.0,0.0,0.0,0.0,0.0,0.0,0.0,0.0,0.0,0.0,0.0,0.0,0.0,0.0,0.0
Ritsu Doan,Japan,26.0,1998.0,Right Winger,172.0,2027-06-30,L1,Sport-Club Freiburg,22000000.0,68,79,92,53,31,68,23,86,39,63,93,40,0,0,33,0,39,0,37,https://img.a.transfermarkt.technology/portrait/header/358504-1658413443.jpg?lm=1,34,33,2862,31.8,0.31,0.22,0.53,10,0.31,0.11,0.0,6.6,0.21,0.12,2.01,3.3,1.92,0.66,0.16,34.4,4.09,5.6,783,24.62,71.8,2.2,1.51,0.47,0.0,0.16,2.52,66,2.08,0.44,1.48,0.03,0.47,48.33,56,1.76,26.01,1.82,1.95,0.85,0.03,0.03,4.18,54.3,44.1,16,0.5,30.8,0.06,0.0,0.0,0.0,0.0,0.0,0.0,0.0,0.0,0.0,0.0,0.0,0.0,0.0,0.0,0.0,0.0,0.0
Mario Pasalic,Croatia,30.0,1995.0,Central Midfield,188.0,2025-06-30,IT1,Atalanta Bergamasca Calcio S.p.a.,13000000.0,63,97,70,87,84,6,87,13,49,96,0,77,0,0,58,0,91,0,68,https://img.a.transfermarkt.technology/portrait/header/205938-1716240830.jpg?lm=1,34,23,1967,21.9,0.14,0.18,0.32,3,0.14,-0.16,0.0,5.8,0.27,0.15,2.01,0.7,2.06,0.5,0.07,24.4,6.82,3.11,1198,54.81,87.3,6.04,1.1,0.05,0.0,0.37,0.5,26,1.19,0.55,1.28,0.05,0.0,72.29,5,0.23,47.95,1.1,1.01,0.87,0.0,0.0,5.12,42.3,27.8,30,1.37,50.8,0.05,0.0,0.0,0.0,0.0,0.0,0.0,0.0,0.0,0.0,0.0,0.0,0.0,0.0,0.0,0.0,0.0,0.0
Lucas Chevalier,France,23.0,2001.0,Goalkeeper,189.0,2027-06-30,FR1,Lille Olympique Sporting Club,30000000.0,74,0,0,59,98,0,46,87,40,69,0,44,95,88,43,22,53,43,48,https://img.a.transfermarkt.technology/portrait/header/463600-1708342501.jpg?lm=1,34,34,3060,34.0,0.0,0.0,0.0,0,0.0,0.0,0.0,0.0,0.0,0.03,0.0,-0.9,0.0,0.0,0.0,0.0,0.03,0.0,862,25.35,79.6,0.38,0.0,0.0,13.9,0.0,0.0,3,0.09,0.0,0.38,0.12,0.0,33.82,0,0.0,21.65,0.0,0.0,0.0,0.0,0.0,2.06,75.0,0.0,6,0.18,100.0,0.0,0.0,1.06,3.71,2.68,1.24,7.2,0.21,0.0,0.0,4.24,0.62,74.6,32.4,29.6,25.7,5.6,0.71
Gautier Larsonneur,France,28.0,1997.0,Goalkeeper,181.0,2026-06-30,FR1,Association sportive de Saint-Étienne Loire,3500000.0,47,0,0,8,25,0,41,49,83,17,0,22,10,43,77,69,37,49,15,https://img.a.transfermarkt.technology/portrait/header/357047-1727720726.jpg?lm=1,34,34,3060,34.0,0.0,0.0,0.0,0,0.0,0.0,0.0,0.0,0.0,0.0,0.0,0.0,0.0,0.0,0.0,0.0,0.0,0.0,782,23.0,66.0,0.32,0.0,0.0,14.0,0.0,0.0,1,0.03,0.0,0.74,0.03,0.0,38.32,0,0.0,20.94,0.0,0.0,0.0,0.0,0.0,1.21,0.0,0.0,7,0.21,63.6,0.15,0.0,2.26,6.15,3.88,2.16,-1.5,-0.04,0.0,0.06,4.26,0.71,69.4,14.7,34.7,38.8,4.7,0.97
Kaishu Sano,Japan,24.0,2000.0,Defensive Midfield,176.0,2028-06-30,L1,1. Fußball- und Sportverein Mainz 05,17000000.0,61,40,12,39,31,90,77,73,59,99,80,88,0,0,84,0,17,0,76,https://img.a.transfermarkt.technology/portrait/header/643574-1705758334.jpg?lm=1,34,34,3043,33.8,0.0,0.0,0.0,0,0.0,-0.03,0.0,0.9,0.03,0.04,1.57,-1.2,0.59,0.06,0.0,10.0,4.7,1.36,1153,34.1,80.1,3.93,0.56,0.03,0.0,0.21,0.33,61,1.8,1.92,1.66,0.03,0.12,53.65,32,0.95,26.44,1.15,0.92,0.47,0.0,0.0,5.62,48.1,62.7,83,2.45,52.9,0.09,0.0,0.0,0.0,0.0,0.0,0.0,0.0,0.0,0.0,0.0,0.0,0.0,0.0,0.0,0.0,0.0,0.0
Pep Chavarría,Spain,27.0,1998.0,Left-Back,174.0,2027-06-30,ES1,Rayo Vallecano de Madrid S.A.D.,3500000.0,54,64,16,68,41,17,61,59,66,76,60,39,0,0,58,0,56,0,35,https://img.a.transfermarkt.technology/portrait/header/596122-1659947697.jpg?lm=1,34,28,2585,28.7,0.0,0.03,0.03,0,0.0,-0.04,0.0,1.2,0.04,0.07,2.05,-0.9,0.38,0.1,0.0,27.3,3.97,4.63,1244,43.31,79.7,2.61,0.94,0.35,0.0,0.31,2.75,46,1.6,1.04,3.76,0.03,0.07,65.59,10,0.35,30.88,1.36,0.21,1.08,0.0,0.03,3.97,62.2,31.3,23,0.8,43.4,0.1,0.0,0.0,0.0,0.0,0.0,0.0,0.0,0.0,0.0,0.0,0.0,0.0,0.0,0.0,0.0,0.0,0.0
Nahuel Tenaglia,Argentina,29.0,1996.0,Right-Back,181.0,2027-06-30,ES1,Deportivo Alavés S.A.D.,3000000.0,56,87,75,18,24,52,14,87,47,17,99,75,0,0,44,0,9,0,59,https://img.a.transfermarkt.technology/portrait/header/533568-1647530141.jpg?lm=1,34,33,2922,32.5,0.06,0.03,0.09,2,0.06,-0.01,0.0,2.2,0.07,0.05,1.29,-0.6,0.83,0.25,0.07,29.6,3.17,3.02,1017,31.32,72.1,2.62,0.59,0.28,0.0,0.12,2.62,96,2.96,1.45,3.79,0.06,0.25,56.52,17,0.52,23.32,1.11,0.46,1.14,0.09,0.0,3.6,60.2,48.6,46,1.42,46.9,0.34,0.0,0.0,0.0,0.0,0.0,0.0,0.0,0.0,0.0,0.0,0.0,0.0,0.0,0.0,0.0,0.0,0.0
Berat Djimsiti,Albania,32.0,1993.0,Centre-Back,190.0,2026-06-30,IT1,Atalanta Bergamasca Calcio S.p.a.,8000000.0,74,95,50,81,83,14,78,83,60,59,0,84,0,0,56,0,73,0,74,https://img.a.transfermarkt.technology/portrait/header/165513-1718627443.jpg?lm=1,34,32,2640,29.3,0.03,0.07,0.1,1,0.03,-0.06,0.0,2.7,0.09,0.04,1.09,0.7,0.68,0.14,0.05,20.0,3.72,1.43,1482,50.52,87.6,2.86,0.41,0.1,0.0,0.2,0.38,53,1.81,1.36,4.81,0.07,0.0,68.97,1,0.03,37.4,0.34,0.03,0.78,0.0,0.03,3.48,72.5,25.0,90,3.07,61.2,0.2,0.0,0.0,0.0,0.0,0.0,0.0,0.0,0.0,0.0,0.0,0.0,0.0,0.0,0.0,0.0,0.0,0.0
Marc Guéhi,England,24.0,2000.0,Centre-Back,182.0,2026-06-30,GB1,Crystal Palace Football Club,45000000.0,55,86,92,56,88,88,49,45,48,43,85,44,0,0,68,0,50,0,37,https://img.a.transfermarkt.technology/portrait/header/392757-1683030598.jpg?lm=1,34,34,3059,34.0,0.09,0.06,0.15,3,0.09,0.03,0.0,2.0,0.06,0.05,0.65,0.3,0.44,0.21,0.2,46.7,3.94,0.29,1474,43.37,83.5,3.91,0.32,0.09,0.0,0.41,0.38,61,1.79,0.82,4.77,0.06,0.06,62.7,12,0.35,33.57,0.47,0.53,0.71,0.0,0.0,4.27,66.0,80.0,68,2.0,54.0,0.26,0.03,0.0,0.0,0.0,0.0,0.0,0.0,0.0,0.0,0.0,0.0,0.0,0.0,0.0,0.0,0.0,0.0
Alexander Nübel,Germany,28.0,1996.0,Goalkeeper,193.0,2026-06-30,L1,Verein für Bewegungsspiele Stuttgart 1893,12000000.0,22,0,0,60,90,69,65,37,46,69,0,13,25,13,60,40,35,92,22,https://img.a.transfermarkt.technology/portrait/header/195778-1691998861.jpg?lm=1,34,34,3060,34.0,0.0,0.03,0.03,0,0.0,0.0,0.0,0.0,0.0,0.01,0.0,0.7,0.0,0.0,0.0,0.0,0.0,0.0,1009,29.68,77.0,0.44,0.03,0.0,17.6,0.06,0.0,0,0.0,0.0,0.53,0.09,0.0,40.5,1,0.03,24.21,0.03,0.0,0.0,0.0,0.0,2.12,0.0,100.0,4,0.12,80.0,0.0,0.0,1.56,4.0,2.44,1.32,-7.2,-0.21,0.0,0.03,4.03,0.62,62.5,20.6,30.7,30.1,5.1,1.68
Yehvann Diouf,Senegal,25.0,1999.0,Goalkeeper,190.0,2027-06-30,FR1,Stade de Reims,9000000.0,82,99,99,47,29,85,31,78,24,60,0,44,93,99,41,57,37,68,56,https://img.a.transfermarkt.technology/portrait/header/448632-1723831136.png?lm=1,34,34,3060,34.0,0.0,0.0,0.0,0,0.0,-0.0,0.0,0.1,0.0,0.0,0.0,0.0,0.03,0.03,0.0,100.0,0.03,0.0,848,24.94,69.6,0.35,0.0,0.0,14.6,0.06,0.0,2,0.06,0.03,0.65,0.12,0.0,38.94,2,0.06,20.12,0.06,0.0,0.0,0.0,0.0,1.32,33.3,100.0,6,0.18,100.0,0.03,0.0,1.38,5.26,3.85,1.81,14.6,0.43,0.0,0.03,4.5,0.91,76.0,20.6,33.3,34.4,5.6,1.24
Justin Kluivert,Netherlands,26.0,1999.0,Attacking Midfield,172.0,2028-06-30,GB1,Association Football Club Bournemouth,35000000.0,67,79,77,45,68,56,65,9,52,20,68,18,0,0,40,0,33,0,13,https://img.a.transfermarkt.technology/portrait/header/330659-1596107153.jpg?lm=1,34,29,2340,26.0,0.46,0.23,0.69,6,0.23,0.06,0.23,5.6,0.22,0.18,3.12,1.2,2.19,0.88,0.11,40.4,4.04,6.65,582,22.38,74.4,1.73,1.35,0.23,0.0,0.23,3.27,23,0.88,0.54,0.92,0.04,0.19,41.73,36,1.38,24.85,2.12,1.04,1.81,0.04,0.0,3.0,21.7,41.9,8,0.31,22.2,0.31,0.0,0.0,0.0,0.0,0.0,0.0,0.0,0.0,0.0,0.0,0.0,0.0,0.0,0.0,0.0,0.0,0.0
Andy Diouf,France,22.0,2003.0,Central Midfield,187.0,2028-06-30,FR1,Racing Club de Lens,10000000.0,49,79,31,53,62,98,93,15,10,74,44,31,0,0,26,0,35,0,25,https://img.a.transfermarkt.technology/portrait/header/711976-1637070021.jpg?lm=1,34,27,2225,24.7,0.04,0.08,0.12,1,0.04,-0.08,0.0,2.9,0.12,0.11,3.32,-0.8,1.62,0.2,0.03,12.5,4.69,3.8,849,34.34,79.5,2.43,1.25,0.12,0.0,0.08,1.21,37,1.5,0.61,0.73,0.08,0.08,55.29,43,1.74,30.38,3.03,1.7,1.74,0.0,0.04,6.23,40.0,49.4,18,0.73,36.7,0.08,0.0,0.0,0.0,0.0,0.0,0.0,0.0,0.0,0.0,0.0,0.0,0.0,0.0,0.0,0.0,0.0,0.0
André Onana,Cameroon,29.0,1996.0,Goalkeeper,190.0,2028-06-30,GB1,Manchester United Football Club,32000000.0,49,0,0,63,85,69,90,75,33,69,0,44,59,53,43,37,10,19,43,https://img.a.transfermarkt.technology/portrait/header/234509-1686929812.jpg?lm=1,34,34,3060,34.0,0.0,0.0,0.0,0,0.0,0.0,0.0,0.0,0.0,0.01,0.0,-0.2,0.0,0.0,0.0,0.0,0.03,0.0,948,27.88,72.6,0.82,0.0,0.0,11.8,0.06,0.0,2,0.06,0.0,0.32,0.12,0.0,40.32,1,0.03,28.26,0.03,0.0,0.0,0.0,0.0,1.0,50.0,100.0,6,0.18,100.0,0.0,0.0,1.29,3.88,2.59,1.29,1.0,0.03,0.0,0.03,4.0,0.65,68.9,26.5,30.3,29.7,5.5,0.68
Anthony Gordon,England,24.0,2001.0,Left Winger,183.0,,GB1,Newcastle United Football Club,65000000.0,64,80,59,63,55,41,76,14,11,80,81,52,0,0,11,0,49,0,74,https://img.a.transfermarkt.technology/portrait/header/503733-1660588736.jpg?lm=1,34,28,2434,27.0,0.22,0.18,0.41,5,0.18,-0.07,0.04,6.5,0.24,0.18,4.47,0.0,2.11,0.59,0.09,28.1,3.62,7.91,720,26.62,73.3,2.4,2.03,0.63,0.0,0.15,4.84,32,1.18,0.22,0.33,0.11,0.3,46.81,38,1.41,30.25,1.33,1.41,0.74,0.04,0.0,3.59,32.4,36.9,8,0.3,50.0,0.07,0.0,0.0,0.0,0.0,0.0,0.0,0.0,0.0,0.0,0.0,0.0,0.0,0.0,0.0,0.0,0.0,0.0
Daichi Kamada,Japan,28.0,1996.0,Attacking Midfield,180.0,2026-06-30,GB1,Crystal Palace Football Club,15000000.0,20,5,2,55,28,9,26,84,96,9,30,12,0,0,58,0,64,0,15,https://img.a.transfermarkt.technology/portrait/header/356141-1707947777.jpg?lm=1,34,15,1564,17.4,0.0,0.0,0.0,0,0.0,-0.06,0.0,1.1,0.06,0.11,1.44,-1.9,1.15,0.23,0.0,20.0,5.06,3.22,602,34.64,80.3,2.76,0.81,0.17,0.0,0.29,1.84,47,2.7,1.04,0.81,0.0,0.12,53.92,7,0.4,27.79,0.98,1.15,1.61,0.0,0.0,5.12,34.1,38.9,4,0.23,23.5,0.23,0.06,0.0,0.0,0.0,0.0,0.0,0.0,0.0,0.0,0.0,0.0,0.0,0.0,0.0,0.0,0.0,0.0
Vincenzo Grifo,Italy,32.0,1993.0,Left Winger,180.0,,L1,Sport-Club Freiburg,7500000.0,65,73,83,84,86,53,57,41,33,84,11,67,0,0,27,0,81,0,76,https://img.a.transfermarkt.technology/portrait/header/185077-1658413230.jpg?lm=1,34,31,2432,27.0,0.3,0.41,0.7,8,0.3,0.0,0.0,5.6,0.21,0.26,2.15,4.1,2.33,0.96,0.13,41.3,4.74,5.44,1173,43.41,76.7,3.85,1.78,0.37,0.0,0.37,5.74,30,1.11,0.33,0.85,0.07,0.04,65.43,25,0.93,34.75,1.33,0.63,0.56,0.0,0.0,4.96,44.1,55.6,15,0.56,48.4,0.07,0.0,0.0,0.0,0.0,0.0,0.0,0.0,0.0,0.0,0.0,0.0,0.0,0.0,0.0,0.0,0.0,0.0
Eberechi Eze,England,26.0,1998.0,Attacking Midfield,178.0,2027-06-30,GB1,Crystal Palace Football Club,55000000.0,78,96,83,33,81,94,56,57,10,96,88,4,0,0,20,0,34,0,3,https://img.a.transfermarkt.technology/portrait/header/479999-1678466922.jpg?lm=1,34,31,2588,28.8,0.28,0.28,0.56,7,0.24,-0.08,0.03,8.9,0.31,0.22,2.36,1.8,3.48,0.94,0.07,27.0,3.37,5.32,777,27.02,74.2,1.7,1.36,0.14,0.0,0.21,3.83,39,1.36,0.38,0.35,0.1,0.31,49.21,67,2.33,29.21,1.91,1.56,0.45,0.0,0.0,5.08,47.2,48.9,7,0.24,15.9,0.03,0.0,0.0,0.0,0.0,0.0,0.0,0.0,0.0,0.0,0.0,0.0,0.0,0.0,0.0,0.0,0.0,0.0
Juan Cruz,Spain,25.0,2000.0,Left Winger,180.0,2028-06-30,ES1,Club Deportivo Leganés S.A.D.,4000000.0,41,26,63,21,45,73,12,67,96,83,18,64,0,0,92,0,22,0,70,https://img.a.transfermarkt.technology/portrait/header/585700-1667290065.jpg?lm=1,34,26,2257,25.1,0.2,0.16,0.36,5,0.2,0.09,0.0,2.7,0.11,0.16,2.35,-0.1,1.32,0.56,0.15,42.4,2.63,5.22,488,19.46,68.2,1.36,1.28,0.56,0.0,0.08,3.67,32,1.28,0.52,1.24,0.0,0.08,37.92,40,1.6,21.65,1.6,0.96,0.56,0.0,0.0,4.35,48.6,51.3,15,0.6,44.1,0.08,0.0,0.0,0.0,0.0,0.0,0.0,0.0,0.0,0.0,0.0,0.0,0.0,0.0,0.0,0.0,0.0,0.0
Morgan Gibbs-White,England,25.0,2000.0,Attacking Midfield,171.0,2027-06-30,GB1,Nottingham Forest Football Club,50000000.0,71,81,85,59,65,35,51,73,54,12,59,80,0,0,43,0,58,0,77,https://img.a.transfermarkt.technology/portrait/header/429014-1687975822.jpg?lm=1,34,34,2803,31.1,0.22,0.26,0.48,7,0.22,0.02,0.0,6.3,0.2,0.16,2.22,3.0,1.96,0.67,0.11,34.4,5.3,4.4,994,31.92,78.3,4.11,1.32,0.32,0.0,0.39,1.44,43,1.38,0.74,0.93,0.03,0.16,52.3,31,1.0,29.64,2.25,1.41,1.22,0.03,0.0,4.08,51.5,40.3,40,1.28,42.1,0.35,0.03,0.0,0.0,0.0,0.0,0.0,0.0,0.0,0.0,0.0,0.0,0.0,0.0,0.0,0.0,0.0,0.0
Benedict Hollerbach,Germany,24.0,2001.0,Centre-Forward,181.0,,L1,1. Fußballclub Union Berlin,7500000.0,55,55,68,73,15,87,95,61,10,38,73,21,0,0,10,0,28,0,19,https://img.a.transfermarkt.technology/portrait/header/453870-1691614654.jpg?lm=1,34,30,2540,28.2,0.32,0.04,0.35,9,0.32,0.07,0.0,7.0,0.25,0.06,3.65,-0.6,2.69,0.85,0.12,31.6,2.41,7.58,441,15.63,65.4,0.85,0.78,0.11,0.0,0.14,2.59,43,1.52,0.07,0.46,0.04,0.21,39.4,42,1.49,25.16,3.93,3.33,1.49,0.07,0.04,3.93,41.2,36.5,29,1.03,30.9,0.11,0.0,0.0,0.0,0.0,0.0,0.0,0.0,0.0,0.0,0.0,0.0,0.0,0.0,0.0,0.0,0.0,0.0
Gerónimo Rulli,Argentina,33.0,1992.0,Goalkeeper,189.0,2027-06-30,FR1,Olympique de Marseille,8000000.0,52,0,0,86,14,0,58,86,46,39,0,40,53,60,28,4,2,95,79,https://img.a.transfermarkt.technology/portrait/header/229604-1698670758.jpg?lm=1,34,34,3060,34.0,0.0,0.0,0.0,0,0.0,0.0,0.0,0.0,0.0,0.0,0.0,-0.1,0.0,0.0,0.0,0.0,0.03,0.0,1058,31.12,87.9,0.21,0.0,0.0,18.3,0.09,0.0,4,0.12,0.03,0.74,0.09,0.0,38.24,0,0.0,23.21,0.03,0.0,0.06,0.0,0.06,1.09,50.0,0.0,7,0.21,87.5,0.03,0.0,1.38,3.97,2.56,1.4,2.5,0.07,0.0,0.09,3.91,0.82,67.4,14.7,24.4,15.0,9.1,1.74
Phillip Tietz,Germany,27.0,1997.0,Centre-Forward,190.0,2027-06-30,L1,Fußball-Club Augsburg 1907,5000000.0,43,45,55,35,19,67,21,80,18,35,29,86,0,0,16,0,10,0,79,https://img.a.transfermarkt.technology/portrait/header/288340-1723534293.jpg?lm=1,34,19,1686,18.7,0.37,0.11,0.48,6,0.32,0.05,0.05,5.3,0.28,0.06,0.43,0.8,2.72,1.01,0.12,37.3,1.55,6.03,300,16.01,62.4,0.96,0.48,0.05,0.0,0.0,0.05,11,0.59,0.27,1.39,0.05,0.11,36.14,15,0.8,18.52,2.46,0.91,1.92,0.0,0.0,2.56,62.5,48.4,78,4.16,47.9,0.21,0.0,0.0,0.0,0.0,0.0,0.0,0.0,0.0,0.0,0.0,0.0,0.0,0.0,0.0,0.0,0.0,0.0
Vicente Guaita,Spain,38.0,1987.0,Goalkeeper,190.0,2025-06-30,ES1,Real Club Celta de Vigo S. A. D.,800000.0,23,0,0,62,1,0,5,44,18,69,0,70,34,13,60,8,8,58,63,https://img.a.transfermarkt.technology/portrait/header/64399-1744193190.jpg?lm=1,34,34,3060,34.0,0.0,0.0,0.0,0,0.0,0.0,0.0,0.0,0.0,0.0,0.0,0.0,0.0,0.0,0.0,0.0,0.03,0.0,798,23.47,82.1,0.06,0.0,0.0,14.0,0.03,0.0,0,0.0,0.0,0.62,0.09,0.0,30.56,0,0.0,15.82,0.09,0.03,0.0,0.0,0.0,2.21,0.0,0.0,10,0.29,100.0,0.0,0.0,1.41,3.74,2.32,1.19,-7.4,-0.22,0.0,0.0,5.74,0.76,64.6,23.5,27.3,18.4,6.0,1.29
Michael Olise,France,23.0,2001.0,Right Winger,184.0,2029-06-30,L1,FC Bayern München,80000000.0,87,96,96,99,99,95,98,42,20,62,90,57,0,0,22,0,98,0,72,https://img.a.transfermarkt.technology/portrait/header/566723-1725873883.jpg?lm=1,34,28,2334,25.9,0.46,0.58,1.04,12,0.46,0.09,0.0,9.7,0.37,0.46,4.59,3.0,3.32,1.39,0.14,41.9,7.1,14.69,1290,49.74,81.4,3.43,4.28,0.5,0.0,0.27,5.05,36,1.39,0.31,0.62,0.08,0.35,75.46,72,2.78,50.32,2.28,1.12,0.85,0.08,0.0,4.05,44.7,47.7,11,0.42,47.8,0.12,0.0,0.0,0.0,0.0,0.0,0.0,0.0,0.0,0.0,0.0,0.0,0.0,0.0,0.0,0.0,0.0,0.0
Samuele Ricci,Italy,23.0,2001.0,Defensive Midfield,181.0,2028-06-30,IT1,Torino Calcio,30000000.0,37,59,50,38,16,8,71,24,50,44,58,18,0,0,52,0,55,0,23,https://img.a.transfermarkt.technology/portrait/header/467992-1730125512.jpg?lm=1,34,34,2825,31.4,0.03,0.03,0.06,1,0.03,-0.01,0.0,1.3,0.04,0.02,1.37,0.4,0.7,0.22,0.05,31.8,3.7,0.96,1177,37.5,88.0,3.25,0.41,0.0,0.0,0.19,0.96,35,1.12,0.8,1.62,0.06,0.06,50.62,6,0.19,30.58,1.12,0.57,1.21,0.0,0.0,4.14,64.3,27.3,14,0.45,48.3,0.25,0.03,0.0,0.0,0.0,0.0,0.0,0.0,0.0,0.0,0.0,0.0,0.0,0.0,0.0,0.0,0.0,0.0
Renato Tapia,Peru,29.0,1995.0,Defensive Midfield,185.0,2026-06-30,ES1,Club Deportivo Leganés S.A.D.,3500000.0,31,27,61,7,3,71,23,35,41,46,44,55,0,0,48,0,9,0,56,https://img.a.transfermarkt.technology/portrait/header/277137-1718679726.jpg?lm=1,34,28,2424,26.9,0.04,0.0,0.04,1,0.04,0.01,0.0,0.6,0.02,0.01,0.63,-0.4,0.52,0.22,0.07,42.9,3.08,0.74,838,31.11,78.3,2.97,0.33,0.0,0.0,0.74,0.45,61,2.26,1.0,3.19,0.07,0.04,51.87,19,0.71,24.62,1.23,0.56,1.41,0.0,0.0,5.75,48.0,51.4,32,1.19,57.1,0.3,0.0,0.0,0.0,0.0,0.0,0.0,0.0,0.0,0.0,0.0,0.0,0.0,0.0,0.0,0.0,0.0,0.0
Manu Koné,France,24.0,2001.0,Central Midfield,185.0,2029-06-30,IT1,Associazione Sportiva Roma,35000000.0,55,83,53,65,26,79,84,30,57,67,83,32,0,0,78,0,89,0,28,https://img.a.transfermarkt.technology/portrait/header/624690-1691248968.jpg?lm=1,34,31,2572,28.6,0.07,0.03,0.1,2,0.07,-0.05,0.0,3.4,0.12,0.06,2.41,-0.6,1.19,0.28,0.06,23.5,5.04,1.78,1160,40.59,91.1,3.95,0.52,0.03,0.0,0.17,0.07,41,1.43,0.84,0.98,0.0,0.21,54.41,30,1.05,35.2,1.89,1.57,0.98,0.0,0.03,4.58,47.5,41.7,20,0.7,37.7,0.21,0.0,0.0,0.0,0.0,0.0,0.0,0.0,0.0,0.0,0.0,0.0,0.0,0.0,0.0,0.0,0.0,0.0
Diego Coppola,Italy,21.0,2003.0,Centre-Back,193.0,2027-06-30,IT1,Verona Hellas Football Club,7500000.0,53,36,83,1,1,13,3,99,63,23,0,98,0,0,65,0,4,0,94,https://img.a.transfermarkt.technology/portrait/header/660860-1663671800.jpg?lm=1,34,33,2927,32.5,0.06,0.0,0.06,2,0.06,0.04,0.0,0.7,0.02,0.0,0.12,-0.1,0.31,0.12,0.2,40.0,1.48,0.09,920,28.29,81.1,0.98,0.0,0.0,0.0,0.15,0.0,66,2.03,2.21,5.97,0.06,0.0,48.43,1,0.03,23.03,0.31,0.15,1.35,0.0,0.0,2.74,70.0,20.0,133,4.09,64.6,0.31,0.0,0.0,0.0,0.0,0.0,0.0,0.0,0.0,0.0,0.0,0.0,0.0,0.0,0.0,0.0,0.0,0.0
Gaëtan Perrin,France,28.0,1996.0,Right Winger,169.0,2026-06-30,FR1,Association de la Jeunesse auxerroise,6000000.0,68,75,93,63,84,79,38,49,39,79,22,6,0,0,44,0,53,0,8,https://img.a.transfermarkt.technology/portrait/header/353404-1672330321.jpg?lm=1,34,31,2691,29.9,0.33,0.37,0.7,10,0.33,0.13,0.0,6.1,0.2,0.26,2.78,3.2,1.97,0.87,0.17,44.1,4.75,4.18,728,24.35,70.6,2.91,1.14,0.23,0.0,0.4,5.42,49,1.64,0.4,0.13,0.03,0.1,44.38,60,2.01,26.69,1.54,2.11,0.8,0.0,0.0,4.15,43.8,47.2,3,0.1,18.8,0.07,0.0,0.0,0.0,0.0,0.0,0.0,0.0,0.0,0.0,0.0,0.0,0.0,0.0,0.0,0.0,0.0,0.0
Mason Greenwood,England,23.0,2001.0,Right Winger,181.0,2029-06-30,FR1,Olympique de Marseille,35000000.0,78,94,98,93,54,63,86,30,28,72,72,55,0,0,30,0,82,0,79,https://img.a.transfermarkt.technology/portrait/header/532826-1693987766.jpg?lm=1,34,32,2804,31.2,0.67,0.16,0.83,14,0.45,0.15,0.22,9.1,0.29,0.18,4.04,-0.7,3.56,1.44,0.13,40.5,5.04,9.47,1089,34.95,78.4,2.5,2.25,0.45,0.0,0.8,3.53,35,1.12,0.39,0.16,0.06,0.22,56.04,54,1.73,38.97,2.02,1.41,0.77,0.06,0.0,2.82,41.0,41.9,8,0.26,53.3,0.1,0.0,0.0,0.0,0.0,0.0,0.0,0.0,0.0,0.0,0.0,0.0,0.0,0.0,0.0,0.0,0.0,0.0
Jurgen Ekkelenkamp,Netherlands,25.0,2000.0,Central Midfield,188.0,2029-06-30,IT1,Udinese Calcio,7500000.0,53,80,77,28,32,20,41,34,96,81,33,68,0,0,94,0,22,0,77,https://img.a.transfermarkt.technology/portrait/header/361068-1657098697.jpg?lm=1,34,20,1892,21.0,0.14,0.1,0.24,3,0.14,0.01,0.0,2.8,0.13,0.06,1.62,0.7,1.28,0.43,0.11,33.3,3.42,4.09,550,26.16,79.7,2.0,0.52,0.1,0.0,0.24,0.57,36,1.71,0.57,1.24,0.0,0.05,41.29,10,0.48,21.79,1.09,0.33,1.38,0.0,0.0,3.9,51.4,33.3,18,0.86,58.1,0.1,0.0,0.0,0.0,0.0,0.0,0.0,0.0,0.0,0.0,0.0,0.0,0.0,0.0,0.0,0.0,0.0,0.0
Lassine Sinayoko,Mali,25.0,1999.0,Left Winger,186.0,2026-06-30,FR1,Association de la Jeunesse auxerroise,3500000.0,57,73,47,35,71,32,11,63,73,28,74,71,0,0,59,0,67,0,47,https://img.a.transfermarkt.technology/portrait/header/569140-1635851830.jpg?lm=1,34,25,2299,25.5,0.2,0.31,0.51,4,0.16,-0.06,0.04,5.7,0.22,0.22,2.07,2.5,2.35,0.63,0.07,26.7,2.43,7.56,528,20.67,76.7,1.1,0.67,0.12,0.0,0.0,0.98,33,1.29,0.51,1.49,0.0,0.2,38.87,28,1.1,22.55,2.0,1.68,1.41,0.08,0.0,2.98,47.8,38.4,27,1.06,29.7,0.2,0.0,0.0,0.0,0.0,0.0,0.0,0.0,0.0,0.0,0.0,0.0,0.0,0.0,0.0,0.0,0.0,0.0
Fabian Schär,Switzerland,33.0,1991.0,Centre-Back,186.0,2026-06-30,GB1,Newcastle United Football Club,9000000.0,41,99,98,68,37,59,62,12,45,26,85,20,0,0,45,0,23,0,10,https://img.a.transfermarkt.technology/portrait/header/135343-1667990394.jpg?lm=1,34,33,2934,32.6,0.12,0.0,0.12,4,0.12,0.01,0.0,3.7,0.11,0.01,0.55,-0.4,1.23,0.34,0.1,27.5,3.59,0.67,1652,50.67,83.6,4.94,0.37,0.0,0.0,0.95,0.37,35,1.07,1.38,4.23,0.09,0.06,71.07,8,0.25,44.08,0.37,0.18,1.07,0.0,0.0,4.11,40.0,61.5,56,1.72,44.1,0.28,0.03,0.0,0.0,0.0,0.0,0.0,0.0,0.0,0.0,0.0,0.0,0.0,0.0,0.0,0.0,0.0,0.0
Rodrigo De Paul,Argentina,31.0,1994.0,Central Midfield,180.0,2026-06-30,ES1,Club Atlético de Madrid S.A.D.,25000000.0,48,37,77,96,97,40,99,7,12,58,48,12,0,0,15,0,92,0,16,https://img.a.transfermarkt.technology/portrait/header/255901-1712816368.jpg?lm=1,34,23,2106,23.4,0.13,0.21,0.34,3,0.13,0.07,0.0,1.3,0.06,0.24,3.63,-0.6,0.81,0.17,0.16,21.1,9.87,2.74,1449,61.92,81.7,7.69,2.48,0.56,0.0,0.6,2.52,33,1.41,0.26,0.64,0.13,0.09,83.33,14,0.6,58.68,1.41,1.03,0.81,0.0,0.0,5.47,42.4,40.0,4,0.17,36.4,0.3,0.0,0.0,0.0,0.0,0.0,0.0,0.0,0.0,0.0,0.0,0.0,0.0,0.0,0.0,0.0,0.0,0.0
Ezri Konsa,England,27.0,1997.0,Centre-Back,183.0,2028-06-30,GB1,Aston Villa Football Club,35000000.0,40,65,82,52,25,43,56,32,24,99,0,12,0,0,46,0,81,0,25,https://img.a.transfermarkt.technology/portrait/header/413403-1700651779.jpg?lm=1,34,33,2936,32.6,0.06,0.0,0.06,2,0.06,0.02,0.0,1.3,0.04,0.01,0.74,-0.4,0.34,0.15,0.18,45.5,2.76,0.34,1554,47.64,92.9,3.25,0.06,0.0,0.0,0.0,0.15,34,1.04,0.71,3.49,0.12,0.0,58.67,8,0.25,34.67,0.52,0.31,0.28,0.0,0.0,2.97,80.0,44.4,31,0.95,57.4,0.03,0.0,0.0,0.0,0.0,0.0,0.0,0.0,0.0,0.0,0.0,0.0,0.0,0.0,0.0,0.0,0.0,0.0
Christian Nørgaard,Denmark,31.0,1994.0,Defensive Midfield,187.0,2027-06-30,GB1,Brentford Football Club,12000000.0,64,99,98,48,46,20,14,84,66,38,58,78,0,0,66,0,25,0,80,https://img.a.transfermarkt.technology/portrait/header/148367-1699799827.jpg?lm=1,34,34,2819,31.3,0.16,0.13,0.29,5,0.16,0.02,0.0,4.3,0.14,0.04,0.45,2.7,1.25,0.48,0.13,38.5,4.92,1.34,1163,37.13,81.7,4.37,0.86,0.13,0.0,0.16,0.54,79,2.52,1.53,2.23,0.03,0.06,57.44,7,0.22,26.18,1.09,0.64,1.4,0.0,0.0,6.16,59.3,50.0,49,1.56,62.0,0.26,0.03,0.0,0.0,0.0,0.0,0.0,0.0,0.0,0.0,0.0,0.0,0.0,0.0,0.0,0.0,0.0,0.0
Mikel Jauregizar,Spain,21.0,2003.0,Central Midfield,177.0,2027-06-30,ES1,Athletic Club Bilbao,20000000.0,50,30,62,36,28,62,12,88,31,30,75,75,0,0,25,0,33,0,64,https://img.a.transfermarkt.technology/portrait/header/938729-1709675994.png?lm=1,34,25,2244,24.9,0.08,0.04,0.12,2,0.08,0.04,0.0,1.1,0.04,0.06,0.56,-0.4,0.84,0.32,0.1,38.1,4.73,1.24,904,36.26,80.6,4.25,0.44,0.04,0.0,0.52,1.08,85,3.41,1.16,1.44,0.08,0.12,56.95,20,0.8,28.36,1.4,0.88,1.84,0.04,0.0,5.78,49.4,46.5,34,1.36,49.3,0.16,0.04,0.0,0.0,0.0,0.0,0.0,0.0,0.0,0.0,0.0,0.0,0.0,0.0,0.0,0.0,0.0,0.0
Emile Smith Rowe,England,24.0,2000.0,Attacking Midfield,182.0,2029-06-30,GB1,Fulham Football Club,32000000.0,58,67,79,80,7,21,63,29,92,73,18,14,0,0,90,0,97,0,14,https://img.a.transfermarkt.technology/portrait/header/392765-1684164628.jpg?lm=1,34,25,2043,22.7,0.26,0.13,0.4,6,0.26,0.07,0.0,4.5,0.2,0.06,2.33,1.6,1.63,0.48,0.16,29.7,5.55,5.59,922,40.62,90.1,3.52,0.66,0.04,0.0,0.09,0.7,31,1.37,0.48,0.7,0.0,0.09,53.88,16,0.7,34.27,1.59,0.79,0.84,0.0,0.0,3.3,33.3,45.7,6,0.26,23.1,0.13,0.0,0.0,0.0,0.0,0.0,0.0,0.0,0.0,0.0,0.0,0.0,0.0,0.0,0.0,0.0,0.0,0.0
Nélson Semedo,Portugal,31.0,1993.0,Right-Back,177.0,2025-06-30,GB1,Wolverhampton Wanderers Football Club,10000000.0,45,55,37,23,56,82,55,41,25,23,68,40,0,0,20,0,54,0,30,https://img.a.transfermarkt.technology/portrait/header/231572-1684487147.jpg?lm=1,34,32,2886,32.1,0.0,0.12,0.12,0,0.0,-0.03,0.0,0.9,0.03,0.09,2.09,1.2,0.56,0.22,0.0,38.9,2.53,3.74,1095,34.15,80.8,2.18,0.87,0.41,0.0,0.16,1.96,62,1.93,0.72,3.24,0.09,0.09,53.48,32,1.0,28.0,1.31,0.65,1.5,0.0,0.03,4.37,59.6,45.1,28,0.87,40.0,0.25,0.0,0.0,0.0,0.0,0.0,0.0,0.0,0.0,0.0,0.0,0.0,0.0,0.0,0.0,0.0,0.0,0.0
Carlos Romero,Spain,23.0,2001.0,Left-Back,174.0,2025-06-30,ES1,Reial Club Deportiu Espanyol de Barcelona S.A.D.,3000000.0,48,84,78,5,41,63,21,63,57,24,44,17,0,0,33,0,6,0,16,https://img.a.transfermarkt.technology/portrait/header/709372-1698946783.jpg?lm=1,34,28,2554,28.4,0.07,0.04,0.11,2,0.07,0.0,0.0,2.0,0.07,0.07,1.76,-1.1,1.02,0.21,0.07,20.7,2.26,3.98,719,25.34,71.4,1.66,0.92,0.42,0.0,0.18,3.24,73,2.57,1.06,3.59,0.04,0.04,48.14,22,0.78,20.9,1.16,0.46,1.2,0.0,0.07,4.4,54.9,42.3,14,0.49,36.8,0.25,0.0,0.0,0.0,0.0,0.0,0.0,0.0,0.0,0.0,0.0,0.0,0.0,0.0,0.0,0.0,0.0,0.0
César Tárrega,Spain,23.0,2002.0,Centre-Back,194.0,2028-06-30,ES1,Valencia Club de Fútbol S. A. D.,6000000.0,36,84,80,19,5,83,44,19,60,21,0,70,0,0,40,0,16,0,57,https://img.a.transfermarkt.technology/portrait/header/707274-1698963222.jpg?lm=1,34,34,3026,33.6,0.06,0.0,0.06,2,0.06,0.0,0.0,1.9,0.06,0.0,0.59,-0.1,0.59,0.18,0.1,30.0,2.35,0.03,1428,42.47,84.4,2.35,0.03,0.0,0.0,0.3,0.03,49,1.46,0.65,6.6,0.06,0.0,62.34,11,0.33,33.73,0.48,0.12,1.67,0.0,0.06,3.09,61.3,73.3,87,2.59,58.4,0.21,0.0,0.0,0.0,0.0,0.0,0.0,0.0,0.0,0.0,0.0,0.0,0.0,0.0,0.0,0.0,0.0,0.0
Wout Faes,Belgium,27.0,1998.0,Centre-Back,187.0,2027-06-30,GB1,Leicester City Football Club,20000000.0,29,71,51,34,12,67,34,12,22,82,0,25,0,0,36,0,41,0,31,https://img.a.transfermarkt.technology/portrait/header/292808-1668080038.jpg?lm=1,34,30,2815,31.3,0.03,0.0,0.03,1,0.03,-0.02,0.0,1.5,0.05,0.0,0.38,-0.1,0.38,0.03,0.08,8.3,2.75,0.03,1378,44.06,88.0,2.65,0.19,0.0,0.0,0.22,0.16,42,1.34,0.83,5.88,0.13,0.0,60.97,5,0.16,35.36,0.54,0.19,0.74,0.0,0.0,2.88,52.1,83.3,45,1.44,55.6,0.13,0.0,0.0,0.0,0.0,0.0,0.0,0.0,0.0,0.0,0.0,0.0,0.0,0.0,0.0,0.0,0.0,0.0
Stefano Sabelli,Italy,32.0,1993.0,Right-Back,176.0,2026-06-30,IT1,Genoa Cricket and Football Club,1500000.0,31,4,42,22,50,10,34,19,91,72,68,27,0,0,88,0,6,0,22,https://img.a.transfermarkt.technology/portrait/header/167491-1595930293.jpg?lm=1,34,23,2058,22.9,0.0,0.09,0.09,0,0.0,-0.0,0.0,0.1,0.0,0.08,1.57,0.1,0.26,0.04,0.0,16.7,3.85,1.88,825,36.08,68.5,3.45,1.36,0.52,0.0,0.17,2.62,58,2.54,0.96,2.84,0.0,0.09,62.45,4,0.17,28.03,0.96,0.17,1.09,0.0,0.0,4.02,38.5,30.8,16,0.7,38.1,0.13,0.0,0.0,0.0,0.0,0.0,0.0,0.0,0.0,0.0,0.0,0.0,0.0,0.0,0.0,0.0,0.0,0.0
Valentin Atangana,France,19.0,2005.0,Central Midfield,176.0,2027-06-30,FR1,Stade de Reims,9000000.0,56,66,30,15,6,16,33,98,77,47,62,85,0,0,85,0,47,0,86,https://img.a.transfermarkt.technology/portrait/header/923759-1723836219.png?lm=1,34,33,2854,31.7,0.03,0.0,0.03,1,0.03,-0.05,0.0,2.5,0.08,0.03,1.29,-1.1,1.04,0.19,0.03,18.2,2.93,1.2,908,28.63,86.0,2.08,0.25,0.03,0.0,0.0,0.54,69,2.18,1.17,2.02,0.0,0.13,45.19,14,0.44,23.18,1.8,0.73,1.8,0.0,0.0,3.69,73.7,29.2,47,1.48,58.0,0.22,0.0,0.0,0.0,0.0,0.0,0.0,0.0,0.0,0.0,0.0,0.0,0.0,0.0,0.0,0.0,0.0,0.0
Mahdi Camara,France,26.0,1998.0,Central Midfield,178.0,2027-06-30,FR1,Stade brestois 29,10000000.0,66,91,89,51,39,76,67,70,81,69,96,21,0,0,92,0,58,0,19,https://img.a.transfermarkt.technology/portrait/header/324795-1710182811.jpg?lm=1,34,31,2659,29.5,0.17,0.1,0.27,5,0.17,0.03,0.0,4.1,0.14,0.07,1.96,1.0,1.66,0.64,0.1,38.8,3.76,3.79,1021,34.56,85.8,2.67,0.58,0.34,0.0,0.0,1.56,71,2.4,1.12,0.98,0.0,0.27,51.79,29,0.98,28.03,1.29,0.95,1.39,0.03,0.0,3.32,52.2,44.6,17,0.58,35.4,0.17,0.0,0.0,0.0,0.0,0.0,0.0,0.0,0.0,0.0,0.0,0.0,0.0,0.0,0.0,0.0,0.0,0.0
Carlos Baleba,Cameroon,21.0,2004.0,Defensive Midfield,179.0,2028-06-30,GB1,Brighton and Hove Albion Football Club,35000000.0,67,94,88,41,38,94,79,85,44,29,38,70,0,0,37,0,56,0,68,https://img.a.transfermarkt.technology/portrait/header/973085-1666690662.jpg?lm=1,34,31,2661,29.6,0.1,0.03,0.14,3,0.1,-0.0,0.0,3.1,0.1,0.04,1.45,-0.3,1.49,0.37,0.07,25.0,3.99,0.98,1149,38.86,87.4,3.69,0.78,0.1,0.0,0.1,0.3,77,2.6,1.56,1.49,0.03,0.03,57.33,33,1.12,32.81,1.32,1.42,1.35,0.0,0.07,6.63,59.5,58.9,39,1.32,60.0,0.27,0.03,0.0,0.0,0.0,0.0,0.0,0.0,0.0,0.0,0.0,0.0,0.0,0.0,0.0,0.0,0.0,0.0
John McGinn,Scotland,30.0,1994.0,Central Midfield,178.0,2027-06-30,GB1,Aston Villa Football Club,18000000.0,47,74,30,45,80,59,36,10,13,37,89,61,0,0,16,0,49,0,76,https://img.a.transfermarkt.technology/portrait/header/193116-1689172405.jpg?lm=1,34,27,2223,24.7,0.04,0.16,0.2,1,0.04,-0.09,0.0,2.8,0.11,0.14,1.3,0.5,1.26,0.2,0.03,16.1,4.17,3.48,700,28.34,82.0,2.83,1.17,0.32,0.0,0.08,2.47,33,1.34,0.57,0.73,0.12,0.2,43.4,20,0.81,23.52,1.46,1.17,1.74,0.04,0.0,4.05,41.9,42.6,17,0.69,58.6,0.28,0.0,0.0,0.0,0.0,0.0,0.0,0.0,0.0,0.0,0.0,0.0,0.0,0.0,0.0,0.0,0.0,0.0
Miguel de la Fuente,Spain,25.0,1999.0,Centre-Forward,182.0,2028-06-30,ES1,Club Deportivo Leganés S.A.D.,2000000.0,15,14,1,3,28,13,14,34,13,59,80,22,0,0,18,0,6,0,7,https://img.a.transfermarkt.technology/portrait/header/480883-1647530867.jpg?lm=1,34,17,1724,19.2,0.05,0.16,0.21,0,0.0,-0.2,0.05,3.3,0.17,0.07,0.73,1.6,1.72,0.73,0.0,42.4,0.84,4.7,139,7.26,58.6,0.47,0.26,0.05,0.0,0.05,0.47,16,0.84,0.21,1.2,0.05,0.31,24.64,8,0.42,13.47,3.76,1.36,1.2,0.0,0.0,1.41,28.6,22.2,29,1.51,23.2,0.16,0.0,0.0,0.0,0.0,0.0,0.0,0.0,0.0,0.0,0.0,0.0,0.0,0.0,0.0,0.0,0.0,0.0
Taylor Harwood-Bellis,England,23.0,2002.0,Centre-Back,188.0,2028-06-30,GB1,Southampton Football Club,25000000.0,45,83,53,71,68,72,81,10,9,34,70,47,0,0,11,0,67,0,42,https://img.a.transfermarkt.technology/portrait/header/503977-1687975943.jpg?lm=1,34,32,2825,31.4,0.03,0.0,0.03,1,0.03,-0.03,0.0,1.8,0.06,0.03,0.92,-1.0,0.64,0.25,0.05,40.0,3.98,0.29,1892,60.28,87.4,5.67,0.32,0.03,0.0,0.29,0.32,28,0.89,0.96,4.49,0.19,0.03,78.85,3,0.1,45.65,0.51,0.16,1.12,0.0,0.0,3.92,54.3,100.0,63,2.01,56.3,0.29,0.0,0.0,0.0,0.0,0.0,0.0,0.0,0.0,0.0,0.0,0.0,0.0,0.0,0.0,0.0,0.0,0.0
Bradley Barcola,France,22.0,2002.0,Left Winger,182.0,2028-06-30,FR1,Paris Saint-Germain Football Club,70000000.0,81,99,99,92,98,22,91,34,85,60,18,82,0,0,72,0,95,0,94,https://img.a.transfermarkt.technology/portrait/header/708265-1653406915.jpg?lm=1,34,27,2181,24.2,0.58,0.41,0.99,14,0.58,0.02,0.0,13.4,0.55,0.42,5.65,-0.1,3.05,1.57,0.19,51.4,3.96,15.43,749,30.91,81.7,1.16,2.1,0.17,0.0,0.08,1.03,27,1.11,0.78,0.5,0.0,0.08,52.74,34,1.4,35.28,2.64,0.83,1.24,0.0,0.0,2.76,25.8,24.8,14,0.58,66.7,0.08,0.0,0.0,0.0,0.0,0.0,0.0,0.0,0.0,0.0,0.0,0.0,0.0,0.0,0.0,0.0,0.0,0.0
Alexander Isak,Sweden,25.0,1999.0,Centre-Forward,192.0,2028-06-30,GB1,Newcastle United Football Club,100000000.0,84,95,97,83,70,88,83,19,22,94,24,18,0,0,30,0,79,0,21,https://img.a.transfermarkt.technology/portrait/header/349066-1680791339.jpg?lm=1,34,34,2756,30.6,0.75,0.2,0.95,19,0.62,0.08,0.13,17.3,0.56,0.14,2.71,1.7,3.1,1.34,0.2,43.2,2.87,7.09,519,16.95,75.3,1.14,1.01,0.03,0.0,0.1,0.52,12,0.39,0.1,0.56,0.03,0.07,33.41,42,1.37,20.08,2.16,1.86,0.88,0.03,0.0,1.8,33.3,46.7,26,0.85,32.1,0.03,0.0,0.0,0.0,0.0,0.0,0.0,0.0,0.0,0.0,0.0,0.0,0.0,0.0,0.0,0.0,0.0,0.0
Jack Harrison,England,28.0,1996.0,Right Winger,175.0,2025-06-30,GB1,Everton Football Club,16000000.0,31,40,8,8,36,21,29,37,12,96,57,6,0,0,19,0,4,0,5,https://img.a.transfermarkt.technology/portrait/header/417346-1711746777.jpg?lm=1,34,24,2076,23.1,0.04,0.0,0.04,1,0.04,-0.11,0.0,3.5,0.15,0.16,3.16,-3.7,1.26,0.3,0.03,24.1,2.21,5.51,414,17.95,62.8,1.21,1.08,0.48,0.0,0.09,5.68,33,1.43,0.43,1.52,0.09,0.17,41.14,24,1.04,22.72,2.3,1.78,0.56,0.04,0.0,3.16,32.6,32.0,4,0.17,12.5,0.0,0.0,0.0,0.0,0.0,0.0,0.0,0.0,0.0,0.0,0.0,0.0,0.0,0.0,0.0,0.0,0.0,0.0
Robert Lewandowski,Poland,36.0,1988.0,Centre-Forward,185.0,2026-06-30,ES1,Futbol Club Barcelona,15000000.0,81,100,100,48,30,66,24,31,59,91,50,44,0,0,89,0,58,0,59,https://img.a.transfermarkt.technology/portrait/header/38253-1701118759.jpg?lm=1,34,32,2667,29.6,0.91,0.07,0.98,24,0.81,-0.0,0.1,23.9,0.81,0.08,0.88,-0.3,3.75,1.52,0.22,40.5,1.62,5.53,383,12.92,73.4,1.05,0.3,0.0,0.0,0.2,0.17,10,0.34,0.1,0.88,0.0,0.17,28.38,20,0.67,15.89,2.53,1.52,1.01,0.0,0.0,1.52,45.5,57.1,36,1.21,48.0,0.03,0.0,0.0,0.0,0.0,0.0,0.0,0.0,0.0,0.0,0.0,0.0,0.0,0.0,0.0,0.0,0.0,0.0
Kylian Mbappé,France,26.0,1998.0,Centre-Forward,178.0,2029-06-30,ES1,Real Madrid Club de Fútbol,170000000.0,88,98,99,98,91,100,99,3,23,45,84,13,0,0,26,0,98,0,29,https://img.a.transfermarkt.technology/portrait/header/342229-1682683695.jpg?lm=1,34,34,2907,32.3,0.96,0.09,1.05,24,0.74,0.16,0.22,18.6,0.58,0.24,4.64,-4.7,4.71,2.32,0.16,49.3,4.33,11.95,949,29.38,82.9,2.32,1.61,0.09,0.0,0.59,1.08,8,0.25,0.03,0.03,0.03,0.25,48.67,83,2.57,32.97,2.6,1.52,0.77,0.09,0.0,1.11,20.0,44.4,4,0.12,40.0,0.09,0.03,0.0,0.0,0.0,0.0,0.0,0.0,0.0,0.0,0.0,0.0,0.0,0.0,0.0,0.0,0.0,0.0
André Almeida,Portugal,24.0,2000.0,Attacking Midfield,176.0,2028-06-30,ES1,Valencia Club de Fútbol S. A. D.,8000000.0,27,3,5,75,55,36,46,55,37,68,91,17,0,0,41,0,93,0,19,https://img.a.transfermarkt.technology/portrait/header/375382-1547563680.png?lm=1,34,24,1977,22.0,0.0,0.18,0.18,0,0.0,-0.05,0.0,1.2,0.05,0.15,2.05,0.8,0.82,0.23,0.0,27.8,6.46,3.51,798,36.33,84.3,4.37,1.09,0.23,0.0,0.32,3.05,48,2.19,0.36,0.64,0.05,0.41,52.9,22,1.0,30.77,1.68,1.73,1.27,0.0,0.0,4.05,35.9,40.7,5,0.23,25.0,0.09,0.0,0.0,0.0,0.0,0.0,0.0,0.0,0.0,0.0,0.0,0.0,0.0,0.0,0.0,0.0,0.0,0.0
Enrico Delprato,Italy,25.0,1999.0,Right-Back,183.0,2027-06-30,IT1,Parma Calcio 1913,6000000.0,42,83,95,13,14,17,6,46,71,51,40,63,0,0,50,0,58,0,52,https://img.a.transfermarkt.technology/portrait/header/392956-1730185180.jpg?lm=1,34,32,2947,32.7,0.12,0.0,0.12,4,0.12,0.06,0.0,2.0,0.06,0.04,0.24,-1.3,0.37,0.15,0.33,41.7,2.47,0.95,1288,39.33,84.0,2.08,0.27,0.06,0.0,0.09,0.49,33,1.01,0.58,4.03,0.06,0.03,55.89,2,0.06,30.72,0.37,0.09,0.61,0.0,0.0,3.66,73.1,50.0,38,1.16,46.9,0.24,0.0,0.0,0.0,0.0,0.0,0.0,0.0,0.0,0.0,0.0,0.0,0.0,0.0,0.0,0.0,0.0,0.0
Yéremy Pino,Spain,22.0,2002.0,Right Winger,172.0,2027-06-30,ES1,Villarreal Club de Fútbol S.A.D.,30000000.0,51,47,53,56,80,42,22,84,82,3,50,59,0,0,47,0,60,0,66,https://img.a.transfermarkt.technology/portrait/header/568157-1686664370.jpg?lm=1,34,25,1934,21.5,0.19,0.33,0.51,4,0.19,0.0,0.0,3.9,0.18,0.25,1.95,1.7,1.35,0.37,0.14,27.6,3.07,9.87,522,24.29,73.9,1.63,1.49,0.37,0.0,0.05,2.19,60,2.79,0.37,0.84,0.0,0.14,45.74,24,1.12,26.2,2.42,1.07,2.28,0.05,0.0,4.33,49.2,43.6,12,0.56,42.9,0.51,0.0,0.0,0.0,0.0,0.0,0.0,0.0,0.0,0.0,0.0,0.0,0.0,0.0,0.0,0.0,0.0,0.0
Óscar Mingueza,Spain,26.0,1999.0,Right-Back,184.0,2026-06-30,ES1,Real Club Celta de Vigo S. A. D.,20000000.0,58,79,95,96,93,67,91,3,3,42,83,20,0,0,3,0,78,0,37,https://img.a.transfermarkt.technology/portrait/header/331505-1698852962.jpg?lm=1,34,31,2729,30.3,0.13,0.2,0.33,4,0.13,0.08,0.0,1.5,0.05,0.18,2.28,0.4,1.09,0.33,0.12,30.3,6.6,6.4,1692,55.8,77.0,5.8,2.28,0.36,0.0,0.46,4.58,38,1.25,0.73,1.52,0.23,0.1,81.13,25,0.82,45.74,1.35,0.46,0.79,0.03,0.0,4.55,37.7,41.7,11,0.36,50.0,0.2,0.03,0.0,0.0,0.0,0.0,0.0,0.0,0.0,0.0,0.0,0.0,0.0,0.0,0.0,0.0,0.0,0.0
Jarrod Bowen,England,28.0,1996.0,Right Winger,176.0,2030-06-30,GB1,West Ham United Football Club,45000000.0,70,86,96,31,64,33,30,52,53,90,63,17,0,0,95,0,39,0,12,https://img.a.transfermarkt.technology/portrait/header/314875-1662362005.jpg?lm=1,34,34,2973,33.0,0.39,0.24,0.64,12,0.36,0.13,0.03,7.9,0.24,0.21,3.3,1.2,2.6,1.09,0.14,41.9,2.75,6.42,583,17.65,71.6,1.24,1.39,0.24,0.0,0.12,3.21,40,1.21,0.48,0.76,0.0,0.27,37.81,44,1.33,22.46,2.12,2.33,0.61,0.0,0.0,3.91,44.7,33.8,12,0.36,20.3,0.03,0.0,0.0,0.0,0.0,0.0,0.0,0.0,0.0,0.0,0.0,0.0,0.0,0.0,0.0,0.0,0.0,0.0
Omar Alderete,Paraguay,28.0,1996.0,Centre-Back,188.0,2028-06-30,ES1,Getafe Club de Fútbol S.A.D. Team Dubai,8000000.0,55,82,52,4,68,93,28,64,62,26,81,87,0,0,38,0,0,0,87,https://img.a.transfermarkt.technology/portrait/header/353032-1669365021.jpg?lm=1,34,34,2971,33.0,0.03,0.0,0.03,1,0.03,-0.02,0.0,1.7,0.05,0.03,0.76,-0.9,1.15,0.3,0.03,26.3,3.39,0.21,724,21.93,65.5,4.0,0.45,0.06,0.0,0.88,0.18,43,1.3,1.21,7.3,0.03,0.03,48.01,18,0.55,19.18,0.91,0.27,1.0,0.03,0.12,3.48,66.7,64.3,101,3.06,66.4,0.24,0.0,0.0,0.0,0.0,0.0,0.0,0.0,0.0,0.0,0.0,0.0,0.0,0.0,0.0,0.0,0.0,0.0
Fran Beltrán,Spain,26.0,1999.0,Central Midfield,165.0,2026-06-30,ES1,Real Club Celta de Vigo S. A. D.,6000000.0,37,25,58,69,34,27,43,36,12,78,0,35,0,0,9,0,82,0,34,https://img.a.transfermarkt.technology/portrait/header/423444-1693921591.jpg?lm=1,34,29,2421,26.9,0.07,0.04,0.11,2,0.07,0.04,0.0,1.0,0.04,0.07,1.04,-0.8,0.86,0.15,0.09,17.4,5.65,1.08,1313,48.81,88.6,4.91,0.52,0.04,0.0,0.52,0.19,50,1.86,0.97,1.26,0.15,0.0,63.61,10,0.37,35.32,0.86,0.82,1.26,0.0,0.04,4.42,42.9,52.6,19,0.71,41.3,0.11,0.0,0.0,0.0,0.0,0.0,0.0,0.0,0.0,0.0,0.0,0.0,0.0,0.0,0.0,0.0,0.0,0.0
Mattia Zaccagni,Italy,29.0,1995.0,Left Winger,177.0,2029-06-30,IT1,Società Sportiva Lazio S.p.A.,20000000.0,56,58,70,76,40,57,56,86,26,16,45,69,0,0,22,0,66,0,75,https://img.a.transfermarkt.technology/portrait/header/283735-1695026445.jpg?lm=1,34,33,2686,29.8,0.27,0.2,0.47,6,0.2,0.05,0.07,4.9,0.16,0.15,3.05,1.4,1.54,0.47,0.13,30.4,3.82,8.85,872,29.22,75.8,1.71,1.31,0.2,0.0,0.2,5.23,38,1.27,0.97,0.74,0.07,0.2,48.85,44,1.47,30.56,1.64,1.34,1.17,0.0,0.0,2.88,50.0,45.4,19,0.64,47.5,0.34,0.0,0.0,0.0,0.0,0.0,0.0,0.0,0.0,0.0,0.0,0.0,0.0,0.0,0.0,0.0,0.0,0.0
Georgios Kyriakopoulos,Greece,29.0,1996.0,Left Midfield,186.0,2026-06-30,IT1,Associazione Calcio Monza,3500000.0,42,25,64,25,25,32,39,46,96,46,79,61,0,0,61,0,29,0,54,https://img.a.transfermarkt.technology/portrait/header/311178-1695030734.jpg?lm=1,34,33,2845,31.6,0.06,0.13,0.19,2,0.06,0.03,0.0,0.9,0.03,0.1,2.12,0.7,0.85,0.28,0.07,33.3,3.07,4.18,1055,33.37,74.8,2.37,0.79,0.47,0.0,0.06,5.38,43,1.36,0.73,2.5,0.0,0.16,53.53,16,0.51,27.36,0.85,0.54,0.76,0.0,0.03,2.97,49.2,37.2,26,0.82,44.1,0.16,0.0,0.0,0.0,0.0,0.0,0.0,0.0,0.0,0.0,0.0,0.0,0.0,0.0,0.0,0.0,0.0,0.0
Michael Zetterer,Germany,29.0,1995.0,Goalkeeper,187.0,2027-06-30,L1,Sportverein Werder Bremen von 1899,4500000.0,29,0,0,90,57,69,94,54,8,48,0,51,27,33,13,30,71,41,72,https://img.a.transfermarkt.technology/portrait/header/196813-1660208839.jpg?lm=1,34,34,3060,34.0,0.0,0.0,0.0,0,0.0,0.0,0.0,0.0,0.0,0.0,0.0,0.0,0.0,0.0,0.0,0.0,0.09,0.0,1028,30.24,78.2,0.62,0.03,0.0,13.5,0.12,0.0,0,0.0,0.03,0.29,0.21,0.0,40.91,1,0.03,29.41,0.03,0.0,0.0,0.0,0.0,1.24,0.0,100.0,8,0.24,88.9,0.06,0.0,1.68,4.59,3.0,1.56,-1.1,-0.03,0.0,0.0,5.53,1.03,65.4,29.4,31.9,27.7,7.5,1.0
Marcin Bulka,Poland,25.0,1999.0,Goalkeeper,199.0,2026-06-30,FR1,Olympique Gymnaste Club Nice Côte d'Azur,20000000.0,64,0,0,78,82,0,38,21,11,69,0,58,63,81,18,17,33,34,81,https://img.a.transfermarkt.technology/portrait/header/465955-1739970628.jpg?lm=1,34,34,3060,34.0,0.0,0.0,0.0,0,0.0,0.0,0.0,0.0,0.0,0.01,0.0,-0.2,0.0,0.0,0.0,0.0,0.06,0.0,898,26.41,80.9,0.35,0.0,0.0,12.8,0.0,0.0,0,0.0,0.0,0.47,0.18,0.0,35.18,0,0.0,20.65,0.06,0.0,0.0,0.0,0.0,1.82,0.0,0.0,8,0.24,100.0,0.0,0.0,1.21,4.74,3.53,1.26,3.0,0.09,0.0,0.03,5.09,1.15,75.8,23.5,28.6,22.8,8.3,0.97
Daley Blind,Netherlands,35.0,1990.0,Centre-Back,180.0,2026-06-30,ES1,Girona Fútbol Club S. A. D.,2000000.0,54,30,43,100,90,86,99,41,51,95,0,1,0,0,78,0,97,0,5,https://img.a.transfermarkt.technology/portrait/header/12282-1718096647.jpg?lm=1,34,31,2780,30.9,0.0,0.06,0.06,0,0.0,-0.02,0.0,0.5,0.02,0.05,2.33,0.4,0.32,0.13,0.0,40.0,8.81,1.97,2318,75.04,88.8,10.04,0.84,0.26,0.0,1.04,1.36,49,1.59,1.04,3.04,0.06,0.0,92.59,15,0.49,60.31,0.52,0.39,0.62,0.0,0.0,3.76,64.6,53.6,17,0.55,41.5,0.06,0.0,0.0,0.0,0.0,0.0,0.0,0.0,0.0,0.0,0.0,0.0,0.0,0.0,0.0,0.0,0.0,0.0
Ridle Baku,Germany,27.0,1998.0,Right-Back,176.0,2027-06-30,L1,RasenBallsport Leipzig,7000000.0,49,96,96,45,65,87,23,11,60,79,44,16,0,0,90,0,28,0,13,https://img.a.transfermarkt.technology/portrait/header/327251-1657203077.jpg?lm=1,34,29,2445,27.2,0.15,0.15,0.29,4,0.15,0.04,0.0,2.9,0.11,0.1,1.36,1.2,1.29,0.4,0.11,31.53,3.13,6.44,861,31.69,74.71,2.47,1.14,0.37,0.0,0.18,2.61,47,1.73,0.88,2.21,0.0,0.04,53.08,25,0.92,27.06,1.51,0.88,0.96,0.0,0.0,4.16,40.57,58.89,15,0.55,32.6,0.11,0.0,0.0,0.0,0.0,0.0,0.0,0.0,0.0,0.0,0.0,0.0,0.0,0.0,0.0,0.0,0.0,0.0
Christian Pulisic,United States,26.0,1998.0,Right Winger,177.0,2027-06-30,IT1,Associazione Calcio Milan,50000000.0,73,91,83,70,75,52,77,27,23,85,58,20,0,0,26,0,74,0,14,https://img.a.transfermarkt.technology/portrait/header/315779-1691696699.jpg?lm=1,34,29,2478,27.5,0.4,0.33,0.73,8,0.29,-0.04,0.11,8.9,0.32,0.23,4.39,2.6,1.92,0.73,0.15,37.7,3.81,6.94,825,29.96,76.5,2.03,1.27,0.29,0.0,0.07,4.32,43,1.56,0.18,0.47,0.07,0.18,49.65,39,1.42,31.2,2.07,1.45,0.73,0.04,0.0,3.41,40.5,44.8,11,0.4,20.8,0.04,0.0,0.0,0.0,0.0,0.0,0.0,0.0,0.0,0.0,0.0,0.0,0.0,0.0,0.0,0.0,0.0,0.0
Gianluca Caprari,Italy,31.0,1993.0,Second Striker,171.0,2026-06-30,IT1,Associazione Calcio Monza,1500000.0,31,7,6,94,64,23,95,90,16,66,14,1,0,0,19,0,95,0,2,https://img.a.transfermarkt.technology/portrait/header/146752-1663659110.jpg?lm=1,34,18,1651,18.3,0.16,0.11,0.27,1,0.05,-0.07,0.11,2.6,0.14,0.13,2.34,-0.4,1.53,0.49,0.04,32.1,4.42,5.67,579,31.56,79.1,2.13,1.14,0.11,0.0,0.22,4.36,19,1.04,0.44,0.11,0.05,0.05,49.72,10,0.55,34.29,2.07,1.69,0.98,0.0,0.0,3.11,50.0,25.0,4,0.22,22.2,0.16,0.0,0.0,0.0,0.0,0.0,0.0,0.0,0.0,0.0,0.0,0.0,0.0,0.0,0.0,0.0,0.0,0.0
Jan Paul van Hecke,Netherlands,24.0,2000.0,Centre-Back,189.0,2027-06-30,GB1,Brighton and Hove Albion Football Club,32000000.0,57,66,54,94,87,31,96,15,59,45,70,71,0,0,68,0,94,0,67,https://img.a.transfermarkt.technology/portrait/header/576314-1742501220.jpg?lm=1,34,33,2958,32.9,0.03,0.03,0.06,1,0.03,-0.01,0.0,1.3,0.04,0.05,1.67,-0.5,0.52,0.15,0.06,29.4,6.91,0.15,2015,61.31,88.2,6.88,0.52,0.12,0.0,0.58,0.33,46,1.4,0.76,4.32,0.06,0.03,78.77,5,0.15,52.06,0.37,0.21,0.76,0.0,0.0,3.99,57.1,45.5,82,2.49,62.1,0.24,0.03,0.0,0.0,0.0,0.0,0.0,0.0,0.0,0.0,0.0,0.0,0.0,0.0,0.0,0.0,0.0,0.0
Yasin Ayari,Sweden,21.0,2003.0,Central Midfield,172.0,2027-06-30,GB1,Brighton and Hove Albion Football Club,17000000.0,56,70,59,32,60,58,46,60,70,62,77,34,0,0,68,0,38,0,35,https://img.a.transfermarkt.technology/portrait/header/667287-1662115248.jpg?lm=1,34,22,1966,21.8,0.09,0.05,0.14,2,0.09,-0.02,0.0,2.4,0.11,0.11,1.37,-1.4,1.28,0.37,0.07,28.6,3.43,2.79,793,36.3,81.6,2.52,0.82,0.18,0.0,0.05,3.16,59,2.7,0.92,1.19,0.0,0.18,56.4,18,0.82,29.85,1.74,1.01,1.69,0.0,0.05,5.4,46.4,40.0,15,0.69,41.7,0.14,0.0,0.0,0.0,0.0,0.0,0.0,0.0,0.0,0.0,0.0,0.0,0.0,0.0,0.0,0.0,0.0,0.0
Rafael Leão,Portugal,25.0,1999.0,Left Winger,188.0,2028-06-30,IT1,Associazione Calcio Milan,75000000.0,79,87,84,69,93,86,78,10,80,51,69,86,0,0,76,0,73,0,91,https://img.a.transfermarkt.technology/portrait/header/357164-1730126553.jpg?lm=1,34,25,2323,25.8,0.31,0.31,0.62,8,0.31,0.02,0.0,7.6,0.29,0.33,4.77,-0.4,2.56,1.12,0.12,43.9,3.6,10.15,630,24.41,74.2,1.43,1.98,0.39,0.0,0.15,2.13,16,0.62,0.23,0.15,0.0,0.23,43.97,59,2.29,30.22,2.05,1.39,0.74,0.04,0.0,2.56,37.9,45.7,26,1.01,56.5,0.19,0.0,0.0,0.0,0.0,0.0,0.0,0.0,0.0,0.0,0.0,0.0,0.0,0.0,0.0,0.0,0.0,0.0
Jordan Lefort,France,31.0,1993.0,Centre-Back,184.0,2026-06-30,FR1,Angers Sporting Club de l'Ouest,1200000.0,41,30,26,28,72,44,22,50,48,92,70,18,0,0,50,0,22,0,35,https://img.a.transfermarkt.technology/portrait/header/192492-1544024064.jpg?lm=1,34,34,3060,34.0,0.0,0.03,0.03,0,0.0,-0.02,0.0,0.6,0.02,0.03,0.18,-0.1,0.26,0.03,0.0,11.1,2.62,0.38,1446,42.53,82.7,2.62,0.32,0.12,0.0,0.26,0.35,52,1.53,0.94,6.06,0.09,0.03,63.06,8,0.24,35.18,0.47,0.06,0.41,0.0,0.03,3.24,68.2,47.1,40,1.18,58.8,0.09,0.0,0.0,0.0,0.0,0.0,0.0,0.0,0.0,0.0,0.0,0.0,0.0,0.0,0.0,0.0,0.0,0.0
Alex Meret,Italy,28.0,1997.0,Goalkeeper,190.0,2025-06-30,IT1,Società Sportiva Calcio Napoli,12000000.0,70,0,0,85,13,0,58,22,89,67,0,44,90,70,87,4,31,87,49,https://img.a.transfermarkt.technology/portrait/header/240414-1695025886.jpg?lm=1,34,34,3005,33.4,0.0,0.0,0.0,0,0.0,0.0,0.0,0.0,0.0,0.0,0.0,0.0,0.0,0.0,0.0,0.0,0.03,0.0,1050,31.45,85.9,0.15,0.0,0.0,16.5,0.06,0.0,0,0.0,0.0,0.48,0.0,0.0,38.64,0,0.0,23.21,0.03,0.0,0.03,0.0,0.03,1.83,0.0,0.0,6,0.18,100.0,0.0,0.0,0.75,2.52,1.77,0.76,2.3,0.07,0.03,0.06,3.5,0.63,71.4,47.1,27.7,15.4,5.6,1.41
Oli McBurnie,Scotland,28.0,1996.0,Centre-Forward,188.0,2027-06-30,ES1,Unión Deportiva Las Palmas S.A.D.,2500000.0,33,28,24,19,73,63,4,58,87,50,43,87,0,0,64,0,31,0,82,https://img.a.transfermarkt.technology/portrait/header/298477-1700672702.jpg?lm=1,34,20,1837,20.4,0.15,0.29,0.44,3,0.15,-0.09,0.0,4.8,0.24,0.14,0.34,3.2,1.57,0.59,0.09,37.5,1.32,3.67,276,13.52,65.9,1.13,0.34,0.05,0.0,0.0,0.1,15,0.73,0.29,1.18,0.0,0.15,29.64,16,0.78,13.18,1.86,1.03,1.57,0.0,0.0,1.96,41.7,47.1,87,4.26,48.3,0.15,0.0,0.0,0.0,0.0,0.0,0.0,0.0,0.0,0.0,0.0,0.0,0.0,0.0,0.0,0.0,0.0,0.0
Pepelu,Spain,26.0,1998.0,Defensive Midfield,186.0,2028-06-30,ES1,Valencia Club de Fútbol S. A. D.,12000000.0,51,29,44,88,83,49,36,51,87,13,50,50,0,0,76,0,34,0,48,https://img.a.transfermarkt.technology/portrait/header/328480-1713971066.jpg?lm=1,34,18,1742,19.4,0.1,0.1,0.21,0,0.0,-0.01,0.1,0.5,0.03,0.11,0.67,-0.1,0.62,0.21,0.0,33.3,7.34,0.98,970,50.11,78.4,8.42,0.31,0.15,0.0,1.29,5.63,43,2.22,0.98,2.17,0.0,0.05,72.64,8,0.41,33.32,0.83,0.57,1.34,0.0,0.0,5.11,57.6,61.5,23,1.19,52.3,0.41,0.05,0.0,0.0,0.0,0.0,0.0,0.0,0.0,0.0,0.0,0.0,0.0,0.0,0.0,0.0,0.0,0.0
Marco Carnesecchi,Italy,24.0,2000.0,Goalkeeper,191.0,2026-06-30,IT1,Atalanta Bergamasca Calcio S.p.a.,25000000.0,77,0,0,28,81,0,28,42,73,60,0,53,87,84,74,34,55,67,66,https://img.a.transfermarkt.technology/portrait/header/459763-1695027944.jpg?lm=1,34,34,3060,34.0,0.0,0.0,0.0,0,0.0,0.0,0.0,0.0,0.0,0.01,0.0,-0.2,0.0,0.0,0.0,0.0,0.0,0.0,811,23.85,75.0,0.26,0.0,0.0,14.5,0.0,0.0,0,0.0,0.0,0.76,0.06,0.0,34.65,0,0.0,19.94,0.0,0.0,0.0,0.0,0.0,1.68,0.0,0.0,7,0.21,100.0,0.03,0.0,1.0,3.79,2.85,1.07,4.4,0.13,0.0,0.0,5.21,0.62,75.2,38.2,32.3,28.2,6.6,1.32
Georges Mikautadze,Georgia,24.0,2000.0,Centre-Forward,176.0,2028-06-30,FR1,Olympique Lyonnais,20000000.0,68,72,75,92,97,64,86,37,61,92,78,14,0,0,97,0,94,0,11,https://img.a.transfermarkt.technology/portrait/header/729814-1719222514.jpg?lm=1,34,13,1449,16.1,0.68,0.37,1.06,8,0.5,0.04,0.19,7.0,0.43,0.27,2.3,1.7,3.23,1.37,0.15,42.3,3.35,8.7,326,20.25,76.5,1.3,0.87,0.0,0.0,0.19,0.56,7,0.43,0.25,0.37,0.0,0.19,40.56,17,1.06,24.97,3.04,1.24,0.43,0.12,0.0,2.73,33.3,28.8,15,0.93,27.3,0.12,0.0,0.0,0.0,0.0,0.0,0.0,0.0,0.0,0.0,0.0,0.0,0.0,0.0,0.0,0.0,0.0,0.0
Pape Gueye,Senegal,26.0,1999.0,Defensive Midfield,189.0,2028-06-30,ES1,Villarreal Club de Fútbol S.A.D.,10000000.0,67,98,95,85,35,31,81,76,33,18,44,60,0,0,24,0,21,0,59,https://img.a.transfermarkt.technology/portrait/header/485963-1604255792.jpg?lm=1,34,26,2224,24.7,0.16,0.0,0.16,4,0.16,0.02,0.0,3.4,0.14,0.04,1.46,-1.1,2.23,0.69,0.07,30.9,6.31,2.79,911,36.87,79.6,4.78,0.93,0.08,0.0,0.81,0.81,54,2.19,1.09,2.14,0.08,0.04,58.92,11,0.45,34.48,1.34,0.77,1.25,0.0,0.04,5.1,69.0,33.3,31,1.25,57.4,0.24,0.08,0.0,0.0,0.0,0.0,0.0,0.0,0.0,0.0,0.0,0.0,0.0,0.0,0.0,0.0,0.0,0.0
Giorgi Mamardashvili,Georgia,24.0,2000.0,Goalkeeper,197.0,2025-06-30,ES1,Valencia Club de Fútbol S. A. D.,30000000.0,51,0,0,13,43,0,99,84,54,36,0,10,47,56,40,60,42,60,50,https://img.a.transfermarkt.technology/portrait/header/502676-1716542116.jpg?lm=1,34,34,3060,34.0,0.0,0.0,0.0,0,0.0,0.0,0.0,0.0,0.0,0.0,0.03,-0.1,0.0,0.0,0.0,0.0,0.0,0.0,732,21.53,67.8,0.32,0.03,0.0,14.3,0.09,0.0,2,0.06,0.03,0.47,0.09,0.0,34.21,0,0.0,16.88,0.0,0.0,0.03,0.0,0.03,0.85,66.7,0.0,4,0.12,66.7,0.06,0.0,1.41,4.0,2.62,1.36,1.1,0.03,0.0,0.06,3.94,0.97,68.4,23.5,34.5,36.0,7.0,1.12
Matthis Abline,France,22.0,2003.0,Centre-Forward,182.0,2028-06-30,FR1,Football Club de Nantes,12000000.0,55,59,62,32,52,76,78,26,18,74,25,60,0,0,29,0,26,0,61,https://img.a.transfermarkt.technology/portrait/header/659543-1704213657.jpg?lm=1,34,33,2768,30.8,0.29,0.07,0.36,8,0.26,0.02,0.03,7.7,0.25,0.12,2.44,-1.8,2.37,0.85,0.11,35.6,1.56,5.49,351,11.41,65.2,0.75,0.49,0.13,0.0,0.13,0.98,11,0.36,0.13,1.17,0.03,0.1,28.55,35,1.14,19.09,2.99,2.11,1.11,0.0,0.0,2.7,33.3,40.7,64,2.08,45.7,0.1,0.0,0.0,0.0,0.0,0.0,0.0,0.0,0.0,0.0,0.0,0.0,0.0,0.0,0.0,0.0,0.0,0.0
Patrick Mainka,Germany,30.0,1994.0,Centre-Back,194.0,2027-06-30,L1,1. Fußballclub Heidenheim 1846,3000000.0,70,85,52,37,41,40,48,94,85,94,0,89,0,0,98,0,30,0,81,https://img.a.transfermarkt.technology/portrait/header/133731-1657874688.jpg?lm=1,34,34,3060,34.0,0.03,0.03,0.06,1,0.03,-0.03,0.0,1.9,0.06,0.01,0.62,0.7,0.74,0.24,0.04,32.0,3.0,0.35,1425,41.91,85.4,2.59,0.15,0.0,0.0,0.03,0.12,58,1.71,2.0,6.06,0.0,0.0,62.82,6,0.18,34.44,0.47,0.24,0.5,0.0,0.0,4.47,63.6,54.5,109,3.21,63.7,0.09,0.0,0.0,0.0,0.0,0.0,0.0,0.0,0.0,0.0,0.0,0.0,0.0,0.0,0.0,0.0,0.0,0.0
Lucas Perri,Brazil,27.0,1997.0,Goalkeeper,197.0,2028-06-30,FR1,Olympique Lyonnais,10000000.0,75,0,0,46,48,0,42,48,49,54,0,85,63,81,81,32,24,40,67,https://img.a.transfermarkt.technology/portrait/header/352041-1733188777.jpg?lm=1,33,33,2970,33.0,0.0,0.0,0.0,0,0.0,0.0,0.0,0.0,0.0,0.0,0.0,0.0,0.0,0.0,0.0,0.0,0.0,0.0,799,24.21,76.8,0.61,0.0,0.0,13.5,0.09,0.0,1,0.03,0.0,0.67,0.03,0.0,34.03,0,0.0,21.09,0.03,0.06,0.03,0.0,0.0,0.88,0.0,0.0,12,0.36,100.0,0.03,0.0,1.33,4.85,3.52,1.45,3.8,0.12,0.0,0.0,5.55,0.79,74.4,30.3,30.5,28.1,6.3,0.88
Giuliano Simeone,Argentina,22.0,2002.0,Right Winger,173.0,2028-06-30,ES1,Club Atlético de Madrid S.A.D.,25000000.0,34,16,24,48,76,51,58,73,34,39,50,43,0,0,32,0,64,0,41,https://img.a.transfermarkt.technology/portrait/header/742201-1741120599.jpg?lm=1,33,26,1926,21.4,0.09,0.28,0.37,2,0.09,-0.01,0.0,2.2,0.1,0.24,3.22,0.8,1.03,0.33,0.09,31.8,2.29,8.83,600,28.04,75.5,1.4,1.26,0.47,0.0,0.0,2.29,27,1.26,0.65,1.03,0.05,0.14,48.32,30,1.4,30.47,2.57,0.93,1.07,0.05,0.0,3.36,50.0,44.1,11,0.51,32.4,0.19,0.0,0.0,0.0,0.0,0.0,0.0,0.0,0.0,0.0,0.0,0.0,0.0,0.0,0.0,0.0,0.0,0.0
Kingsley Ehizibue,Netherlands,30.0,1995.0,Right-Back,189.0,2026-06-30,IT1,Udinese Calcio,3000000.0,39,65,17,6,47,32,29,49,6,54,78,57,0,0,7,0,25,0,49,https://img.a.transfermarkt.technology/portrait/header/272812-1657109971.jpg?lm=1,33,30,2498,27.8,0.0,0.04,0.04,0,0.0,-0.04,0.0,1.2,0.04,0.08,1.95,-1.2,0.5,0.14,0.0,28.6,1.98,4.18,753,27.13,76.8,1.04,0.76,0.58,0.0,0.04,2.2,54,1.95,0.86,2.45,0.18,0.11,45.79,12,0.43,20.86,1.04,0.76,1.19,0.0,0.0,3.96,61.0,38.7,29,1.04,46.8,0.18,0.0,0.0,0.0,0.0,0.0,0.0,0.0,0.0,0.0,0.0,0.0,0.0,0.0,0.0,0.0,0.0,0.0
Jonathan Tah,Germany,29.0,1996.0,Centre-Back,195.0,2025-06-30,L1,Bayer 04 Leverkusen Fußball,30000000.0,55,59,92,87,39,33,60,21,54,94,70,79,0,0,79,0,91,0,95,https://img.a.transfermarkt.technology/portrait/header/196357-1695367765.jpg?lm=1,33,33,2970,33.0,0.09,0.0,0.09,3,0.09,0.06,0.0,1.1,0.03,0.01,0.45,-0.4,0.73,0.21,0.13,29.2,5.12,0.27,2145,65.0,92.9,6.12,0.18,0.09,0.0,0.12,0.18,19,0.58,1.09,4.76,0.06,0.03,79.58,3,0.09,47.0,0.48,0.3,0.48,0.0,0.0,5.0,62.5,60.0,77,2.33,77.0,0.09,0.0,0.0,0.0,0.0,0.0,0.0,0.0,0.0,0.0,0.0,0.0,0.0,0.0,0.0,0.0,0.0,0.0
Michele Di Gregorio,Italy,27.0,1997.0,Goalkeeper,187.0,2029-06-30,IT1,Juventus Football Club,18000000.0,45,0,0,30,96,0,34,54,90,69,0,40,74,36,92,40,56,36,57,https://img.a.transfermarkt.technology/portrait/header/301238-1730125609.jpg?lm=1,33,33,2970,33.0,0.0,0.0,0.0,0,0.0,0.0,0.0,0.0,0.0,0.02,0.0,-0.5,0.0,0.0,0.0,0.0,0.0,0.0,761,23.06,76.6,0.76,0.0,0.0,13.1,0.0,0.0,0,0.0,0.03,0.42,0.0,0.0,31.7,0,0.0,20.3,0.0,0.0,0.0,0.0,0.0,1.09,0.0,0.0,7,0.21,87.5,0.0,0.0,0.97,3.12,2.15,0.85,-3.9,-0.12,0.0,0.0,3.82,0.88,73.8,42.4,31.4,30.0,6.2,0.91
Zuriko Davitashvili,Georgia,24.0,2001.0,Right Winger,175.0,2028-06-30,FR1,Association sportive de Saint-Étienne Loire,10000000.0,62,79,78,45,42,44,35,17,59,76,80,25,0,0,89,0,71,0,21,https://img.a.transfermarkt.technology/portrait/header/427572-1727721934.jpg?lm=1,33,32,2778,30.9,0.29,0.26,0.55,7,0.23,0.03,0.06,6.6,0.21,0.15,3.08,3.3,2.2,0.78,0.1,35.3,2.37,7.26,737,23.88,78.6,1.23,0.75,0.13,0.0,0.03,2.75,22,0.71,0.45,0.45,0.0,0.26,42.05,46,1.49,24.75,2.4,1.85,0.65,0.06,0.0,3.79,30.6,37.4,14,0.45,23.0,0.1,0.0,0.0,0.0,0.0,0.0,0.0,0.0,0.0,0.0,0.0,0.0,0.0,0.0,0.0,0.0,0.0,0.0
Răzvan Marin,Romania,29.0,1996.0,Defensive Midfield,178.0,2026-06-30,IT1,Cagliari Calcio,3500000.0,40,60,71,63,98,80,73,4,17,50,58,12,0,0,28,0,32,0,11,https://img.a.transfermarkt.technology/portrait/header/295183-1719665338.jpg?lm=1,33,13,1406,15.6,0.19,0.13,0.32,1,0.06,0.04,0.13,0.8,0.05,0.23,1.41,-1.6,1.34,0.51,0.05,38.1,5.38,1.86,564,36.1,76.1,3.58,1.28,0.13,0.0,0.26,4.93,22,1.41,0.13,1.28,0.13,0.06,55.05,13,0.83,30.15,1.15,1.02,1.6,0.0,0.0,4.48,52.0,54.2,9,0.58,34.6,0.26,0.0,0.0,0.0,0.0,0.0,0.0,0.0,0.0,0.0,0.0,0.0,0.0,0.0,0.0,0.0,0.0,0.0
Will Hughes,England,30.0,1995.0,Central Midfield,185.0,2025-06-30,GB1,Crystal Palace Football Club,9000000.0,38,29,6,17,74,7,13,59,14,4,83,62,0,0,9,0,18,0,68,https://img.a.transfermarkt.technology/portrait/header/207014-1700672424.jpg?lm=1,33,24,2108,23.4,0.0,0.13,0.13,0,0.0,-0.05,0.0,1.1,0.05,0.13,0.85,-0.1,0.94,0.04,0.0,4.5,3.71,1.15,737,31.47,76.0,3.24,0.64,0.13,0.0,0.09,3.03,66,2.82,0.94,1.2,0.13,0.21,51.32,5,0.21,22.8,0.85,1.28,2.78,0.0,0.04,5.17,45.2,31.3,20,0.85,54.1,0.47,0.0,0.0,0.0,0.0,0.0,0.0,0.0,0.0,0.0,0.0,0.0,0.0,0.0,0.0,0.0,0.0,0.0
Lorenzo Lucca,Italy,24.0,2000.0,Centre-Forward,201.0,2028-06-30,IT1,Udinese Calcio,22000000.0,51,54,83,4,13,40,10,45,73,15,29,64,0,0,43,0,9,0,66,https://img.a.transfermarkt.technology/portrait/header/572265-1725531439.jpg?lm=1,33,27,2353,26.1,0.46,0.04,0.5,11,0.42,0.17,0.04,6.8,0.26,0.06,0.57,-0.6,2.45,0.96,0.17,39.1,0.69,3.75,241,9.22,64.1,0.65,0.04,0.0,0.0,0.11,0.19,10,0.38,0.23,1.03,0.0,0.11,24.56,12,0.46,13.35,2.79,1.07,2.49,0.0,0.0,1.68,45.5,48.0,59,2.26,46.5,0.38,0.0,0.0,0.0,0.0,0.0,0.0,0.0,0.0,0.0,0.0,0.0,0.0,0.0,0.0,0.0,0.0,0.0
Theo Hernández,France,27.0,1997.0,Left-Back,184.0,2026-06-30,IT1,Associazione Calcio Milan,40000000.0,62,84,94,77,83,68,91,14,23,63,91,82,0,0,19,0,86,0,90,https://img.a.transfermarkt.technology/portrait/header/339808-1725532072.jpg?lm=1,33,30,2696,30.0,0.13,0.1,0.23,4,0.13,0.04,0.0,1.9,0.06,0.16,3.1,-1.7,1.44,0.47,0.09,32.6,4.41,4.94,1373,45.83,83.8,3.2,1.07,0.4,0.0,0.33,3.71,36,1.2,0.57,2.5,0.1,0.13,63.46,24,0.8,34.92,1.07,0.67,0.57,0.03,0.03,4.31,53.8,43.6,37,1.24,69.8,0.13,0.03,0.0,0.0,0.0,0.0,0.0,0.0,0.0,0.0,0.0,0.0,0.0,0.0,0.0,0.0,0.0,0.0
Andrew Robertson,Scotland,31.0,1994.0,Left-Back,178.0,2026-06-30,GB1,Liverpool Football Club,20000000.0,52,64,9,94,87,19,86,28,44,67,0,6,0,0,31,0,93,0,8,https://img.a.transfermarkt.technology/portrait/header/234803-1709147379.jpg?lm=1,33,29,2482,27.6,0.0,0.04,0.04,0,0.0,-0.04,0.0,1.2,0.04,0.17,2.32,-3.6,0.54,0.07,0.0,13.3,6.38,3.92,1558,56.49,82.7,5.44,1.12,0.62,0.0,0.22,5.29,39,1.41,0.76,1.96,0.07,0.0,75.57,7,0.25,40.1,0.91,0.47,0.4,0.0,0.04,3.81,60.8,38.9,7,0.25,33.3,0.11,0.04,0.0,0.0,0.0,0.0,0.0,0.0,0.0,0.0,0.0,0.0,0.0,0.0,0.0,0.0,0.0,0.0
Tim Skarke,Germany,28.0,1996.0,Right Winger,181.0,,L1,1. Fußballclub Union Berlin,2500000.0,24,27,6,20,19,26,10,60,63,76,55,43,0,0,88,0,20,0,22,https://img.a.transfermarkt.technology/portrait/header/287920-1692707601.jpg?lm=1,33,11,1164,12.9,0.0,0.15,0.15,0,0.0,-0.16,0.0,2.1,0.16,0.09,2.01,0.8,1.55,0.7,0.0,45.0,1.93,7.42,243,18.79,70.0,0.93,1.16,0.7,0.0,0.15,2.24,14,1.08,0.39,1.31,0.0,0.23,37.65,10,0.77,22.65,2.63,1.62,0.77,0.0,0.0,4.33,52.6,41.7,10,0.77,20.0,0.08,0.0,0.0,0.0,0.0,0.0,0.0,0.0,0.0,0.0,0.0,0.0,0.0,0.0,0.0,0.0,0.0,0.0
Saba Goglichidze,Georgia,20.0,2004.0,Centre-Back,192.0,2027-06-30,IT1,Empoli Football Club S.r.l.,8000000.0,24,12,20,2,42,27,9,42,28,60,0,3,0,0,39,0,2,0,2,https://img.a.transfermarkt.technology/portrait/header/906160-1732017345.jpg?lm=1,33,29,2539,28.2,0.0,0.04,0.04,0,0.0,-0.01,0.0,0.3,0.01,0.01,0.43,0.7,0.21,0.0,0.0,0.0,1.67,0.32,723,25.63,77.9,1.7,0.04,0.04,0.0,0.25,0.18,64,2.27,1.17,3.44,0.11,0.0,42.5,4,0.14,19.81,0.67,0.18,0.92,0.0,0.0,3.83,49.0,40.0,28,0.99,34.6,0.11,0.04,0.0,0.0,0.0,0.0,0.0,0.0,0.0,0.0,0.0,0.0,0.0,0.0,0.0,0.0,0.0,0.0
Lucas Beltrán,Argentina,24.0,2001.0,Attacking Midfield,176.0,2028-06-30,IT1,Associazione Calcio Fiorentina,18000000.0,36,36,46,20,48,30,7,13,70,30,35,83,0,0,70,0,39,0,67,https://img.a.transfermarkt.technology/portrait/header/628366-1692881138.jpg?lm=1,33,21,1953,21.7,0.23,0.18,0.41,3,0.14,-0.02,0.09,3.1,0.14,0.14,1.06,1.0,1.2,0.28,0.12,23.1,2.95,4.33,459,21.15,77.5,1.75,0.78,0.14,0.0,0.23,0.32,23,1.06,0.23,0.65,0.0,0.09,36.45,15,0.69,21.57,1.89,1.89,1.47,0.05,0.0,2.72,33.3,50.0,32,1.47,37.6,0.28,0.0,0.0,0.0,0.0,0.0,0.0,0.0,0.0,0.0,0.0,0.0,0.0,0.0,0.0,0.0,0.0,0.0
Leif Davis,England,25.0,2000.0,Left-Back,182.0,2028-06-30,GB1,Ipswich Town Football Club,25000000.0,41,56,51,9,81,27,26,39,24,40,40,72,0,0,13,0,13,0,76,https://img.a.transfermarkt.technology/portrait/header/596446-1738823882.jpg?lm=1,33,32,2743,30.5,0.03,0.07,0.1,1,0.03,0.0,0.0,1.0,0.03,0.16,1.71,-2.9,0.52,0.07,0.06,12.5,1.94,4.5,919,30.15,71.6,1.08,0.92,0.39,0.0,0.13,5.25,46,1.51,0.82,2.53,0.1,0.03,51.25,13,0.43,23.23,1.21,0.52,0.89,0.0,0.07,3.71,62.5,34.2,34,1.12,59.6,0.16,0.03,0.0,0.0,0.0,0.0,0.0,0.0,0.0,0.0,0.0,0.0,0.0,0.0,0.0,0.0,0.0,0.0
Eliesse Ben Seghir,Morocco,20.0,2005.0,Left Winger,178.0,2027-06-30,FR1,Association sportive de Monaco Football Club,30000000.0,63,63,56,95,83,54,93,84,52,78,47,58,0,0,80,0,91,0,55,https://img.a.transfermarkt.technology/portrait/header/810895-1682691420.jpg?lm=1,33,19,1750,19.4,0.31,0.15,0.46,4,0.21,0.03,0.1,4.1,0.21,0.27,4.37,-2.2,2.98,0.98,0.07,32.8,6.27,8.74,754,38.78,79.3,3.65,2.31,0.21,0.0,0.15,2.67,31,1.59,0.67,0.21,0.0,0.21,63.98,35,1.8,43.35,3.03,1.8,1.29,0.0,0.0,4.42,56.3,36.5,13,0.67,37.1,0.0,0.0,0.0,0.0,0.0,0.0,0.0,0.0,0.0,0.0,0.0,0.0,0.0,0.0,0.0,0.0,0.0,0.0
Hugo Ekitiké,France,22.0,2002.0,Centre-Forward,190.0,2029-06-30,L1,Eintracht Frankfurt Fußball AG,55000000.0,87,99,88,72,94,97,91,43,54,77,55,57,0,0,79,0,83,0,63,https://img.a.transfermarkt.technology/portrait/header/709726-1724772213.jpg?lm=1,33,31,2563,28.5,0.53,0.28,0.81,14,0.49,-0.23,0.04,19.3,0.68,0.24,3.27,1.2,4.0,1.55,0.12,38.6,1.86,7.55,486,17.07,75.5,0.84,1.09,0.14,0.0,0.18,0.6,16,0.56,0.25,0.84,0.0,0.14,37.01,52,1.83,22.23,3.48,1.19,1.37,0.04,0.0,3.06,33.3,43.7,52,1.83,46.8,0.04,0.0,0.0,0.0,0.0,0.0,0.0,0.0,0.0,0.0,0.0,0.0,0.0,0.0,0.0,0.0,0.0,0.0
Robin Hack,Germany,26.0,1998.0,Left Winger,178.0,2029-06-30,L1,Borussia Verein für Leibesübungen 1900 Mönchengladbach,10000000.0,56,72,50,66,48,32,31,40,57,55,42,70,0,0,78,0,67,0,68,https://img.a.transfermarkt.technology/portrait/header/284010-1722945425.jpg?lm=1,33,27,2172,24.1,0.17,0.29,0.46,4,0.17,-0.06,0.0,5.4,0.22,0.15,2.11,3.4,2.44,0.99,0.07,40.7,3.94,5.84,684,28.34,76.2,2.15,1.41,0.5,0.0,0.37,2.53,22,0.91,0.37,1.16,0.0,0.12,49.14,25,1.04,28.34,2.69,1.82,0.79,0.04,0.0,5.1,42.9,39.7,19,0.79,41.3,0.17,0.0,0.0,0.0,0.0,0.0,0.0,0.0,0.0,0.0,0.0,0.0,0.0,0.0,0.0,0.0,0.0,0.0
Jae-sung Lee,"Korea, South",32.0,1992.0,Attacking Midfield,180.0,2026-06-30,L1,1. Fußball- und Sportverein Mainz 05,2500000.0,63,71,86,36,62,8,8,77,80,58,70,90,0,0,57,0,44,0,80,https://img.a.transfermarkt.technology/portrait/header/314398-1668504727.jpg?lm=1,33,31,2650,29.4,0.24,0.2,0.44,7,0.24,0.06,0.0,5.3,0.18,0.17,0.95,1.0,1.36,0.51,0.18,37.5,3.57,5.6,813,27.61,77.5,1.9,0.75,0.1,0.0,0.14,1.05,42,1.43,1.19,1.29,0.0,0.17,47.04,11,0.37,23.74,2.48,0.92,0.78,0.07,0.03,4.04,38.5,36.7,50,1.7,41.0,0.14,0.0,0.0,0.0,0.0,0.0,0.0,0.0,0.0,0.0,0.0,0.0,0.0,0.0,0.0,0.0,0.0,0.0
Antoine Makoumbou,Congo,26.0,1998.0,Defensive Midfield,187.0,2026-06-30,IT1,Cagliari Calcio,4000000.0,36,6,14,35,44,42,26,60,83,46,44,2,0,0,65,0,65,0,2,https://img.a.transfermarkt.technology/portrait/header/460651-1730186433.jpg?lm=1,33,27,2150,23.9,0.0,0.13,0.13,0,0.0,-0.01,0.0,0.3,0.01,0.04,0.46,2.1,0.29,0.0,0.0,0.0,3.85,0.59,1051,44.0,88.8,2.93,0.59,0.13,0.0,0.08,0.29,42,1.76,0.71,1.17,0.0,0.04,57.22,10,0.42,34.24,0.71,1.0,1.13,0.0,0.04,4.56,76.0,52.6,4,0.17,18.2,0.17,0.04,0.0,0.0,0.0,0.0,0.0,0.0,0.0,0.0,0.0,0.0,0.0,0.0,0.0,0.0,0.0,0.0
Yann Sommer,Switzerland,36.0,1988.0,Goalkeeper,183.0,2026-06-30,IT1,Football Club Internazionale Milano S.p.A.,4000000.0,65,0,0,88,19,0,88,8,83,69,0,28,83,66,87,6,22,28,19,https://img.a.transfermarkt.technology/portrait/header/42205-1669897427.jpg?lm=1,33,33,2970,33.0,0.0,0.0,0.0,0,0.0,0.0,0.0,0.0,0.0,0.0,0.0,0.0,0.0,0.0,0.0,0.0,0.03,0.0,1167,35.36,87.6,0.21,0.0,0.0,13.2,0.03,0.0,0,0.0,0.0,0.39,0.03,0.0,42.06,0,0.0,28.03,0.0,0.0,0.0,0.0,0.0,1.39,0.0,0.0,4,0.12,100.0,0.0,0.0,0.97,3.52,2.55,0.96,0.7,0.02,0.0,0.03,4.12,0.42,75.0,39.4,26.6,16.9,3.9,0.42
Jeffrey Gouweleeuw,Netherlands,33.0,1991.0,Centre-Back,188.0,2026-06-30,L1,Fußball-Club Augsburg 1907,1500000.0,59,48,53,64,97,51,57,62,85,48,0,53,0,0,86,0,62,0,61,https://img.a.transfermarkt.technology/portrait/header/106405-1723534156.jpg?lm=1,33,33,2944,32.7,0.03,0.12,0.15,1,0.03,-0.02,0.0,0.9,0.03,0.07,0.73,1.8,0.52,0.12,0.06,23.5,4.34,0.58,1400,42.8,82.6,4.62,0.67,0.06,0.0,0.06,0.52,50,1.53,1.07,5.59,0.0,0.0,63.01,7,0.21,35.74,0.58,0.18,0.67,0.0,0.03,4.31,67.5,58.3,62,1.9,63.9,0.28,0.0,0.0,0.0,0.0,0.0,0.0,0.0,0.0,0.0,0.0,0.0,0.0,0.0,0.0,0.0,0.0,0.0
Jan Schöppner,Germany,25.0,1999.0,Central Midfield,190.0,2028-06-30,L1,1. Fußballclub Heidenheim 1846,4500000.0,57,88,81,10,61,30,29,41,61,58,26,88,0,0,64,0,12,0,70,https://img.a.transfermarkt.technology/portrait/header/581357-1721852254.jpg?lm=1,33,32,2681,29.8,0.13,0.1,0.23,4,0.13,0.0,0.0,3.9,0.13,0.11,1.17,-0.4,1.38,0.44,0.1,31.7,3.59,1.61,778,26.12,74.7,2.25,0.64,0.1,0.0,0.3,0.4,56,1.88,1.44,3.19,0.03,0.03,48.34,14,0.47,23.63,1.34,0.81,1.07,0.0,0.0,4.36,34.5,43.8,57,1.91,48.7,0.27,0.0,0.0,0.0,0.0,0.0,0.0,0.0,0.0,0.0,0.0,0.0,0.0,0.0,0.0,0.0,0.0,0.0
Sebastiano Esposito,Italy,22.0,2002.0,Second Striker,183.0,2025-06-30,IT1,Empoli Football Club S.r.l.,10000000.0,42,20,58,74,30,77,64,98,34,64,85,22,0,0,68,0,20,0,21,https://img.a.transfermarkt.technology/portrait/header/538918-1730127469.jpg?lm=1,33,27,2331,25.9,0.31,0.0,0.31,7,0.27,0.09,0.04,4.1,0.16,0.08,1.2,-2.1,2.28,0.73,0.12,32.2,3.55,4.09,444,17.14,60.2,2.16,1.2,0.19,0.0,0.23,2.12,57,2.2,0.46,0.54,0.0,0.27,41.7,29,1.12,21.78,3.4,1.93,1.81,0.08,0.0,4.05,51.4,43.3,26,1.0,32.1,0.04,0.0,0.0,0.0,0.0,0.0,0.0,0.0,0.0,0.0,0.0,0.0,0.0,0.0,0.0,0.0,0.0,0.0
Anastasios Douvikas,Greece,25.0,1999.0,Centre-Forward,186.0,2029-06-30,IT1,Calcio Como,8000000.0,52,71,50,25,45,50,32,60,32,39,74,36,0,0,56,0,50,0,29,https://img.a.transfermarkt.technology/portrait/header/523318-1682331342.jpg?lm=1,33,12,1280,14.2,0.35,0.21,0.56,5,0.35,-0.13,0.0,6.9,0.49,0.09,0.98,1.7,2.18,0.98,0.16,46.76,0.84,5.55,157,11.04,73.79,0.56,0.14,0.0,0.0,0.0,0.21,12,0.84,0.28,0.63,0.0,0.28,26.3,9,0.63,16.38,3.38,2.18,1.62,0.0,0.0,1.83,43.75,44.58,22,1.55,34.82,0.21,0.0,0.0,0.0,0.0,0.0,0.0,0.0,0.0,0.0,0.0,0.0,0.0,0.0,0.0,0.0,0.0,0.0
Abdoulaye Doucouré,Mali,32.0,1993.0,Central Midfield,183.0,2025-06-30,GB1,Everton Football Club,8000000.0,43,89,70,19,40,70,38,3,45,30,0,48,0,0,48,0,24,0,37,https://img.a.transfermarkt.technology/portrait/header/127187-1687966805.jpg?lm=1,33,31,2564,28.5,0.11,0.07,0.18,3,0.11,-0.04,0.0,4.1,0.14,0.08,1.47,-0.4,1.09,0.32,0.1,29.0,2.88,3.37,725,25.45,80.3,1.54,0.53,0.0,0.0,0.07,0.81,48,1.68,0.35,0.7,0.04,0.0,40.75,24,0.84,21.2,1.33,1.33,1.72,0.0,0.0,5.27,32.6,53.3,30,1.05,40.5,0.18,0.04,0.0,0.0,0.0,0.0,0.0,0.0,0.0,0.0,0.0,0.0,0.0,0.0,0.0,0.0,0.0,0.0
Luis Henrique,Brazil,23.0,2001.0,Left Winger,181.0,2028-06-30,FR1,Olympique de Marseille,18000000.0,57,46,80,92,41,85,69,92,99,99,0,0,0,0,100,0,88,0,0,https://img.a.transfermarkt.technology/portrait/header/691316-1743759325.jpg?lm=1,33,29,2613,29.0,0.24,0.24,0.48,7,0.24,0.1,0.0,4.2,0.14,0.14,2.89,2.8,1.03,0.48,0.23,46.7,4.93,9.64,1156,39.82,81.0,3.27,1.62,0.69,0.0,0.21,3.34,16,0.55,0.34,1.03,0.0,0.0,56.59,51,1.76,34.96,1.03,0.65,0.28,0.0,0.0,4.0,90.0,56.0,0,0.0,0.0,0.0,0.0,0.0,0.0,0.0,0.0,0.0,0.0,0.0,0.0,0.0,0.0,0.0,0.0,0.0,0.0,0.0,0.0
Patrick Dorgu,Denmark,20.0,2004.0,Left-Back,185.0,2030-06-30,GB1,Manchester United Football Club,25000000.0,62,98,87,55,40,29,93,50,5,18,100,87,0,0,10,0,40,0,85,https://img.a.transfermarkt.technology/portrait/header/926952-1697182638.jpg?lm=1,33,31,2682,29.8,0.1,0.03,0.13,3,0.1,-0.02,0.0,3.7,0.12,0.07,3.66,-1.2,1.54,0.4,0.06,26.5,2.99,6.74,978,32.82,78.88,2.18,1.11,0.34,0.0,0.27,2.65,76,2.55,0.74,2.21,0.13,0.37,54.09,16,0.54,30.64,1.64,1.58,1.38,0.03,0.0,4.56,58.65,28.3,46,1.54,60.55,0.17,0.07,0.0,0.0,0.0,0.0,0.0,0.0,0.0,0.0,0.0,0.0,0.0,0.0,0.0,0.0,0.0,0.0
Dennis Man,Romania,26.0,1998.0,Right Winger,183.0,2027-06-30,IT1,Parma Calcio 1913,12500000.0,55,75,51,51,57,24,54,6,81,98,12,39,0,0,99,0,78,0,44,https://img.a.transfermarkt.technology/portrait/header/397486-1718259797.jpg?lm=1,33,23,1995,22.2,0.18,0.18,0.36,4,0.18,-0.07,0.0,5.5,0.25,0.19,3.02,-0.2,2.21,0.9,0.08,40.8,2.71,6.41,631,28.47,79.6,2.08,1.13,0.23,0.0,0.14,1.49,13,0.59,0.36,0.5,0.0,0.05,46.33,25,1.13,30.0,1.98,1.4,0.36,0.0,0.0,3.25,25.0,33.3,9,0.41,34.6,0.0,0.0,0.0,0.0,0.0,0.0,0.0,0.0,0.0,0.0,0.0,0.0,0.0,0.0,0.0,0.0,0.0,0.0
Bernardo Silva,Portugal,30.0,1994.0,Attacking Midfield,173.0,2026-06-30,GB1,Manchester City Football Club,45000000.0,54,48,59,83,61,41,94,75,20,43,23,26,0,0,14,0,94,0,32,https://img.a.transfermarkt.technology/portrait/header/241641-1684311533.jpg?lm=1,33,29,2670,29.7,0.13,0.13,0.27,4,0.13,0.0,0.0,3.9,0.13,0.17,3.4,-1.1,1.08,0.37,0.13,34.4,4.52,6.74,1546,52.11,86.8,2.93,1.35,0.24,0.0,0.2,2.02,56,1.89,0.78,1.08,0.1,0.1,69.17,28,0.94,43.42,0.84,1.11,0.91,0.0,0.0,3.61,44.6,45.9,5,0.17,33.3,0.24,0.0,0.0,0.0,0.0,0.0,0.0,0.0,0.0,0.0,0.0,0.0,0.0,0.0,0.0,0.0,0.0,0.0
Luis Milla,Spain,30.0,1994.0,Central Midfield,175.0,2027-06-30,ES1,Getafe Club de Fútbol S.A.D. Team Dubai,3500000.0,39,23,23,36,71,55,23,40,32,66,71,56,0,0,25,0,14,0,51,https://img.a.transfermarkt.technology/portrait/header/281989-1669364960.jpg?lm=1,33,32,2875,31.9,0.03,0.13,0.16,0,0.0,-0.03,0.03,1.0,0.03,0.12,1.0,0.1,0.97,0.22,0.0,22.6,4.76,0.94,1129,35.34,73.5,4.66,0.81,0.31,0.0,0.72,6.29,61,1.91,0.75,0.88,0.09,0.16,56.41,21,0.66,25.01,1.44,0.53,1.19,0.0,0.03,5.26,48.6,53.8,31,0.97,47.0,0.19,0.0,0.0,0.0,0.0,0.0,0.0,0.0,0.0,0.0,0.0,0.0,0.0,0.0,0.0,0.0,0.0,0.0
Arnaud Kalimuendo,France,23.0,2002.0,Centre-Forward,175.0,2027-06-30,FR1,Stade Rennais Football Club,20000000.0,62,69,86,77,27,46,66,44,21,82,24,11,0,0,29,0,81,0,10,https://img.a.transfermarkt.technology/portrait/header/585959-1666698479.jpg?lm=1,33,31,2578,28.6,0.59,0.1,0.7,12,0.42,0.07,0.17,8.9,0.31,0.07,1.75,1.0,2.37,1.01,0.18,42.6,2.51,5.83,477,16.65,78.8,1.26,0.49,0.03,0.0,0.17,0.45,19,0.66,0.14,0.56,0.03,0.07,30.9,21,0.73,18.19,2.06,2.06,1.01,0.03,0.0,2.2,46.7,33.9,22,0.77,27.2,0.07,0.0,0.0,0.0,0.0,0.0,0.0,0.0,0.0,0.0,0.0,0.0,0.0,0.0,0.0,0.0,0.0,0.0
André,Brazil,23.0,2001.0,Defensive Midfield,176.0,2029-06-30,GB1,Wolverhampton Wanderers Football Club,25000000.0,41,10,28,52,24,55,22,84,57,50,0,3,0,0,48,0,89,0,3,https://img.a.transfermarkt.technology/portrait/header/800176-1699348390.jpg?lm=1,33,31,2472,27.5,0.0,0.0,0.0,0,0.0,-0.01,0.0,0.4,0.01,0.03,0.36,-0.8,0.36,0.04,0.0,10.0,3.93,0.4,1244,45.29,92.9,4.04,0.18,0.0,0.0,0.55,0.0,90,3.28,1.35,1.09,0.04,0.0,58.94,16,0.58,33.17,1.13,0.76,1.31,0.0,0.04,7.06,58.1,50.0,2,0.07,25.0,0.25,0.0,0.0,0.0,0.0,0.0,0.0,0.0,0.0,0.0,0.0,0.0,0.0,0.0,0.0,0.0,0.0,0.0
Joshua Kimmich,Germany,30.0,1995.0,Defensive Midfield,177.0,2029-06-30,L1,FC Bayern München,50000000.0,63,81,89,100,99,39,98,28,48,96,38,23,0,0,50,0,100,0,41,https://img.a.transfermarkt.technology/portrait/header/161056-1700039639.jpg?lm=1,33,32,2847,31.6,0.09,0.22,0.32,3,0.09,0.04,0.0,1.8,0.06,0.23,1.61,-0.4,1.07,0.32,0.09,29.4,11.44,2.43,3269,103.34,89.5,13.81,1.68,0.32,0.0,1.33,5.56,47,1.49,0.79,1.07,0.09,0.03,122.24,12,0.38,75.84,0.66,0.22,0.47,0.0,0.0,6.01,60.0,54.5,12,0.38,57.1,0.13,0.0,0.0,0.0,0.0,0.0,0.0,0.0,0.0,0.0,0.0,0.0,0.0,0.0,0.0,0.0,0.0,0.0
Florent Hanin,France,35.0,1990.0,Left-Back,177.0,2025-06-30,FR1,Angers Sporting Club de l'Ouest,350000.0,56,48,51,50,37,40,43,77,50,91,73,15,0,0,51,0,35,0,14,https://img.a.transfermarkt.technology/portrait/header/111811-1547404478.png?lm=1,33,31,2672,29.7,0.03,0.07,0.1,1,0.03,0.0,0.0,0.9,0.03,0.06,1.62,0.1,0.37,0.03,0.09,9.1,3.33,3.64,1282,43.18,77.5,3.13,1.25,0.71,0.0,0.3,3.6,69,2.32,1.58,3.33,0.07,0.1,66.19,11,0.37,30.45,0.91,0.24,0.54,0.0,0.0,4.45,54.9,47.8,15,0.51,34.9,0.07,0.0,0.0,0.0,0.0,0.0,0.0,0.0,0.0,0.0,0.0,0.0,0.0,0.0,0.0,0.0,0.0,0.0
Omar Marmoush,Egypt,26.0,1999.0,Centre-Forward,183.0,2029-06-30,GB1,Manchester City Football Club,75000000.0,90,91,97,86,99,99,95,68,32,90,99,10,0,0,91,0,91,0,17,https://img.a.transfermarkt.technology/portrait/header/445939-1696508916.jpg?lm=1,33,31,2623,29.2,0.75,0.31,1.06,20,0.69,0.27,0.07,12.7,0.44,0.31,3.5,0.1,4.25,1.75,0.16,41.77,2.99,6.97,552,18.94,74.09,1.37,1.72,0.17,0.0,0.07,3.64,25,0.86,0.27,0.17,0.0,0.55,40.32,66,2.26,26.15,3.81,1.92,0.79,0.07,0.0,3.02,46.59,44.89,12,0.41,32.47,0.07,0.0,0.0,0.0,0.0,0.0,0.0,0.0,0.0,0.0,0.0,0.0,0.0,0.0,0.0,0.0,0.0,0.0
Nicolò Rovella,Italy,23.0,2001.0,Defensive Midfield,179.0,2025-06-30,IT1,Società Sportiva Lazio S.p.A.,28000000.0,63,72,21,84,66,73,93,76,37,30,73,11,0,0,33,0,83,0,12,https://img.a.transfermarkt.technology/portrait/header/525704-1730127184.jpg?lm=1,33,31,2718,30.2,0.0,0.1,0.1,0,0.0,-0.05,0.0,1.6,0.05,0.07,1.49,0.8,0.93,0.26,0.0,28.6,5.26,1.39,1861,61.62,89.6,5.76,0.79,0.1,0.0,0.53,1.23,84,2.78,1.56,1.59,0.1,0.1,77.95,18,0.6,48.08,0.73,0.46,1.42,0.0,0.0,5.13,51.9,72.0,11,0.36,36.7,0.43,0.0,0.0,0.0,0.0,0.0,0.0,0.0,0.0,0.0,0.0,0.0,0.0,0.0,0.0,0.0,0.0,0.0
Loïs Openda,Belgium,25.0,2000.0,Centre-Forward,177.0,2028-06-30,L1,RasenBallsport Leipzig,60000000.0,64,67,69,56,60,47,74,20,72,22,97,23,0,0,41,0,23,0,30,https://img.a.transfermarkt.technology/portrait/header/368887-1713944805.jpg?lm=1,33,28,2453,27.3,0.33,0.18,0.51,9,0.33,0.0,0.0,8.2,0.3,0.12,2.13,1.6,2.83,1.14,0.12,40.3,1.72,8.4,377,13.83,63.8,0.88,0.73,0.04,0.0,0.22,0.99,9,0.33,0.18,0.44,0.0,0.4,33.17,22,0.81,19.12,3.01,0.99,1.06,0.15,0.0,1.98,27.3,29.7,19,0.7,38.0,0.18,0.04,0.0,0.0,0.0,0.0,0.0,0.0,0.0,0.0,0.0,0.0,0.0,0.0,0.0,0.0,0.0,0.0
Nicolò Barella,Italy,28.0,1997.0,Central Midfield,175.0,2029-06-30,IT1,Football Club Internazionale Milano S.p.A.,80000000.0,62,63,72,96,87,59,91,20,46,86,66,61,0,0,63,0,79,0,62,https://img.a.transfermarkt.technology/portrait/header/255942-1725531625.jpg?lm=1,33,29,2493,27.7,0.11,0.22,0.32,3,0.11,0.03,0.0,2.2,0.08,0.16,2.27,1.5,1.55,0.32,0.07,20.9,8.48,4.8,1484,53.57,82.1,6.21,1.95,0.43,0.0,0.83,2.45,50,1.81,0.43,0.58,0.04,0.14,74.51,23,0.83,50.29,1.05,1.52,0.9,0.0,0.0,5.96,44.1,40.4,26,0.94,51.0,0.14,0.0,0.0,0.0,0.0,0.0,0.0,0.0,0.0,0.0,0.0,0.0,0.0,0.0,0.0,0.0,0.0,0.0
Federico Dimarco,Italy,27.0,1997.0,Left-Back,175.0,2027-06-30,IT1,Football Club Internazionale Milano S.p.A.,60000000.0,58,98,96,82,97,15,63,9,43,81,64,7,0,0,45,0,67,0,10,https://img.a.transfermarkt.technology/portrait/header/198116-1725531769.jpg?lm=1,33,29,2177,24.2,0.17,0.29,0.45,4,0.17,0.03,0.0,3.3,0.14,0.25,1.94,0.9,2.32,0.87,0.07,37.5,3.43,9.59,973,40.23,76.3,1.94,1.65,0.79,0.0,0.54,7.85,25,1.03,0.58,1.36,0.08,0.08,60.98,4,0.17,32.62,0.74,0.41,0.79,0.0,0.0,3.14,52.6,40.0,7,0.29,35.0,0.12,0.0,0.0,0.0,0.0,0.0,0.0,0.0,0.0,0.0,0.0,0.0,0.0,0.0,0.0,0.0,0.0,0.0
Harvey Barnes,England,27.0,1997.0,Left Winger,182.0,2028-06-30,GB1,Newcastle United Football Club,30000000.0,71,90,92,77,65,35,75,9,37,92,71,24,0,0,37,0,80,0,27,https://img.a.transfermarkt.technology/portrait/header/398065-1700650664.jpg?lm=1,33,17,1755,19.5,0.46,0.21,0.67,9,0.46,0.09,0.0,7.2,0.37,0.21,4.77,0.0,3.23,1.03,0.14,31.7,4.26,9.85,475,24.36,78.1,1.28,2.1,0.46,0.0,0.05,2.41,16,0.82,0.31,0.77,0.05,0.31,41.59,24,1.23,28.77,1.69,1.18,0.77,0.0,0.0,2.82,27.3,37.5,6,0.31,28.6,0.0,0.0,0.0,0.0,0.0,0.0,0.0,0.0,0.0,0.0,0.0,0.0,0.0,0.0,0.0,0.0,0.0,0.0
Tyler Dibling,England,19.0,2006.0,Right Winger,178.0,2027-06-30,GB1,Southampton Football Club,25000000.0,34,24,24,49,6,74,44,80,22,17,84,35,0,0,29,0,76,0,30,https://img.a.transfermarkt.technology/portrait/header/866655-1724485194.jpg?lm=1,33,20,1874,20.8,0.1,0.0,0.1,2,0.1,-0.02,0.0,2.5,0.12,0.07,3.31,-1.5,1.34,0.43,0.07,32.1,3.07,4.61,504,24.2,81.3,1.3,0.96,0.05,0.0,0.14,1.34,34,1.63,0.38,0.77,0.05,0.24,41.69,45,2.16,26.8,2.11,2.64,1.44,0.1,0.0,3.84,61.5,40.9,10,0.48,28.6,0.29,0.0,0.0,0.0,0.0,0.0,0.0,0.0,0.0,0.0,0.0,0.0,0.0,0.0,0.0,0.0,0.0,0.0
Robin Gosens,Germany,30.0,1994.0,Left-Back,183.0,2025-06-30,IT1,Associazione Calcio Fiorentina,8000000.0,47,83,99,39,60,13,16,24,88,42,40,99,0,0,79,0,35,0,98,https://img.a.transfermarkt.technology/portrait/header/273132-1686641124.jpg?lm=1,33,30,2611,29.0,0.17,0.17,0.34,5,0.17,0.11,0.0,1.8,0.06,0.09,1.1,2.5,0.83,0.28,0.21,34.8,3.65,3.31,1042,35.92,75.92,2.55,1.17,0.34,0.0,0.14,2.24,56,1.93,0.65,3.21,0.0,0.03,57.08,4,0.14,27.51,1.14,0.17,1.0,0.0,0.0,2.41,56.8,40.0,78,2.69,62.87,0.24,0.0,0.0,0.0,0.0,0.0,0.0,0.0,0.0,0.0,0.0,0.0,0.0,0.0,0.0,0.0,0.0,0.0
Alessandro Bastoni,Italy,26.0,1999.0,Centre-Back,190.0,2028-06-30,IT1,Football Club Internazionale Milano S.p.A.,80000000.0,57,43,59,100,99,44,100,31,59,17,96,44,0,0,70,0,97,0,59,https://img.a.transfermarkt.technology/portrait/header/315853-1742497518.jpg?lm=1,33,31,2401,26.7,0.04,0.19,0.22,1,0.04,0.01,0.0,0.8,0.03,0.09,2.32,2.7,0.49,0.07,0.08,15.4,6.07,3.11,1966,73.69,88.4,4.8,1.84,0.9,0.0,0.82,2.4,46,1.72,0.82,1.95,0.04,0.11,91.69,7,0.26,61.21,0.97,0.19,1.65,0.0,0.0,3.6,66.7,43.8,44,1.65,64.7,0.22,0.04,0.0,0.0,0.0,0.0,0.0,0.0,0.0,0.0,0.0,0.0,0.0,0.0,0.0,0.0,0.0,0.0
Amine Gouiri,Algeria,25.0,2000.0,Centre-Forward,181.0,2029-06-30,FR1,Olympique de Marseille,20000000.0,79,90,89,89,81,77,73,36,73,70,13,9,0,0,78,0,91,0,14,https://img.a.transfermarkt.technology/portrait/header/418659-1649428727.jpg?lm=1,33,23,2085,23.1,0.56,0.22,0.78,13,0.56,0.05,0.0,11.9,0.51,0.17,1.68,1.0,3.54,1.73,0.16,48.9,2.85,6.91,561,24.22,79.57,1.25,0.73,0.0,0.0,0.0,2.98,14,0.6,0.13,0.26,0.0,0.04,40.83,25,1.08,22.19,1.81,1.55,1.25,0.0,0.0,2.76,39.89,45.5,10,0.43,31.18,0.09,0.0,0.0,0.0,0.0,0.0,0.0,0.0,0.0,0.0,0.0,0.0,0.0,0.0,0.0,0.0,0.0,0.0
Benjamin Sesko,Slovenia,21.0,2003.0,Centre-Forward,195.0,2029-06-30,L1,RasenBallsport Leipzig,65000000.0,62,68,82,45,37,92,62,22,40,34,19,80,0,0,44,0,33,0,86,https://img.a.transfermarkt.technology/portrait/header/627442-1713897956.jpg?lm=1,33,30,2380,26.4,0.49,0.19,0.68,11,0.42,0.11,0.08,8.4,0.32,0.08,1.78,2.9,2.5,1.1,0.17,43.9,1.74,5.33,415,15.69,67.6,0.95,0.34,0.0,0.0,0.04,0.26,7,0.26,0.19,0.76,0.0,0.08,34.07,39,1.47,16.79,2.5,2.08,0.98,0.0,0.0,2.34,27.3,52.0,70,2.65,58.8,0.08,0.04,0.0,0.0,0.0,0.0,0.0,0.0,0.0,0.0,0.0,0.0,0.0,0.0,0.0,0.0,0.0,0.0
Yahia Fofana,Cote d'Ivoire,24.0,2000.0,Goalkeeper,194.0,2026-06-30,FR1,Angers Sporting Club de l'Ouest,6000000.0,85,0,0,10,23,85,10,57,73,27,0,16,57,96,67,67,69,7,77,https://img.a.transfermarkt.technology/portrait/header/418651-1672669760.jpg?lm=1,33,33,2970,33.0,0.0,0.0,0.0,0,0.0,0.0,0.0,0.0,0.0,0.0,0.0,-0.1,0.0,0.0,0.0,0.0,0.0,0.0,697,21.12,68.7,0.33,0.0,0.0,10.7,0.03,0.0,0,0.0,0.03,0.76,0.06,0.0,33.64,2,0.06,16.82,0.0,0.0,0.0,0.0,0.0,1.09,0.0,100.0,6,0.18,66.7,0.12,0.0,1.55,5.64,4.09,1.92,12.5,0.38,0.03,0.0,5.45,1.45,74.2,21.2,35.8,38.6,9.0,0.61
Maximilian Eggestein,Germany,28.0,1996.0,Central Midfield,181.0,,L1,Sport-Club Freiburg,10000000.0,56,57,54,32,17,19,30,77,73,89,62,89,0,0,71,0,44,0,79,https://img.a.transfermarkt.technology/portrait/header/190284-1723189965.jpg?lm=1,33,33,2845,31.6,0.06,0.0,0.06,2,0.06,0.0,0.0,2.0,0.06,0.05,1.08,-1.5,1.14,0.32,0.06,27.8,4.46,1.3,1213,38.37,83.5,4.14,0.51,0.09,0.0,0.0,0.28,57,1.8,1.23,1.71,0.03,0.13,55.58,11,0.35,25.72,0.89,0.6,0.7,0.0,0.0,4.87,55.8,45.8,60,1.9,51.7,0.13,0.0,0.0,0.0,0.0,0.0,0.0,0.0,0.0,0.0,0.0,0.0,0.0,0.0,0.0,0.0,0.0,0.0
Diego Rico,Spain,32.0,1993.0,Left-Back,183.0,2026-06-30,ES1,Getafe Club de Fútbol S.A.D. Team Dubai,1300000.0,40,23,37,41,59,19,6,64,39,15,68,56,0,0,39,0,7,0,64,https://img.a.transfermarkt.technology/portrait/header/249513-1697221474.jpg?lm=1,33,32,2819,31.3,0.0,0.1,0.1,0,0.0,-0.01,0.0,0.4,0.01,0.09,0.86,0.3,0.51,0.1,0.0,18.8,4.34,2.68,1058,33.78,67.6,3.64,1.47,0.93,0.0,0.29,4.73,81,2.59,1.09,3.26,0.06,0.06,61.59,6,0.19,22.16,1.53,0.42,1.21,0.03,0.0,4.21,55.3,42.9,26,0.83,57.8,0.29,0.03,0.0,0.0,0.0,0.0,0.0,0.0,0.0,0.0,0.0,0.0,0.0,0.0,0.0,0.0,0.0,0.0
Lucas Paquetá,Brazil,27.0,1997.0,Attacking Midfield,180.0,2027-06-30,GB1,West Ham United Football Club,35000000.0,41,45,26,66,35,29,30,86,1,8,61,92,0,0,0,0,50,0,90,https://img.a.transfermarkt.technology/portrait/header/444523-1695370009.jpg?lm=1,33,27,2380,26.4,0.15,0.0,0.15,2,0.08,-0.05,0.08,3.7,0.14,0.12,0.98,-3.1,1.47,0.11,0.05,7.7,5.86,3.21,1125,42.54,77.3,4.99,1.66,0.15,0.0,0.45,1.1,66,2.5,0.68,1.4,0.23,0.19,67.88,21,0.79,34.75,2.04,1.93,2.0,0.0,0.04,5.63,49.1,44.7,48,1.82,45.7,0.38,0.0,0.0,0.0,0.0,0.0,0.0,0.0,0.0,0.0,0.0,0.0,0.0,0.0,0.0,0.0,0.0,0.0
Hauke Wahl,Germany,31.0,1994.0,Centre-Back,189.0,,L1,Fußball-Club St. Pauli von 1910,1500000.0,41,47,39,64,51,78,61,21,28,99,70,17,0,0,45,0,58,0,13,https://img.a.transfermarkt.technology/portrait/header/154147-1723631071.jpeg?lm=1,33,33,2970,33.0,0.0,0.0,0.0,0,0.0,-0.03,0.0,0.9,0.03,0.02,0.91,-0.5,0.33,0.12,0.0,36.4,4.3,0.3,1520,46.06,86.6,3.64,0.24,0.03,0.0,0.0,0.24,36,1.09,0.94,5.15,0.12,0.03,63.52,8,0.24,31.52,0.3,0.27,0.39,0.0,0.0,3.91,60.5,80.0,47,1.42,48.5,0.03,0.0,0.0,0.0,0.0,0.0,0.0,0.0,0.0,0.0,0.0,0.0,0.0,0.0,0.0,0.0,0.0,0.0
Chris Führich,Germany,27.0,1998.0,Left Winger,181.0,2028-06-30,L1,Verein für Bewegungsspiele Stuttgart 1893,18000000.0,42,33,23,84,49,73,88,29,91,93,0,32,0,0,97,0,84,0,49,https://img.a.transfermarkt.technology/portrait/header/272278-1691999004.jpg?lm=1,33,23,1981,22.0,0.09,0.14,0.23,2,0.09,-0.04,0.0,2.9,0.13,0.17,5.18,-0.7,1.64,0.55,0.06,33.3,4.32,9.18,807,36.66,80.5,1.77,2.32,0.59,0.0,0.05,3.73,15,0.68,0.27,0.86,0.0,0.0,55.43,40,1.82,35.53,1.68,1.18,0.41,0.0,0.0,2.91,48.1,47.1,5,0.23,38.5,0.05,0.0,0.0,0.0,0.0,0.0,0.0,0.0,0.0,0.0,0.0,0.0,0.0,0.0,0.0,0.0,0.0,0.0
Pathé Ciss,Senegal,31.0,1994.0,Central Midfield,186.0,2025-06-30,ES1,Rayo Vallecano de Madrid S.A.D.,2000000.0,57,51,88,49,19,54,28,87,22,7,44,95,0,0,6,0,56,0,95,https://img.a.transfermarkt.technology/portrait/header/525578-1541089527.jpg?lm=1,33,25,2140,23.8,0.17,0.04,0.21,4,0.17,0.09,0.0,1.7,0.07,0.05,0.8,-0.1,0.88,0.25,0.19,28.6,5.38,0.5,999,42.01,84.7,4.29,0.34,0.0,0.0,0.34,0.17,49,2.06,1.68,2.57,0.13,0.08,60.94,14,0.59,31.5,0.67,0.84,1.89,0.0,0.08,6.22,48.8,60.9,48,2.02,61.5,0.5,0.0,0.0,0.0,0.0,0.0,0.0,0.0,0.0,0.0,0.0,0.0,0.0,0.0,0.0,0.0,0.0,0.0
Logan Costa,Cape Verde,24.0,2001.0,Centre-Back,190.0,2030-06-30,ES1,Villarreal Club de Fútbol S.A.D.,15000000.0,59,37,84,69,81,0,68,61,63,77,81,35,0,0,42,0,75,0,37,https://img.a.transfermarkt.technology/portrait/header/484988-1708555203.jpg?lm=1,33,29,2677,29.7,0.07,0.03,0.1,2,0.07,0.04,0.0,0.7,0.02,0.04,0.87,-0.1,0.4,0.17,0.17,41.7,4.03,0.37,1402,47.13,87.57,3.73,0.24,0.03,0.0,0.61,0.2,40,1.34,0.77,4.03,0.07,0.03,62.36,0,0.0,36.04,0.24,0.03,0.64,0.03,0.07,3.6,83.66,0.0,50,1.68,56.3,0.1,0.0,0.0,0.0,0.0,0.0,0.0,0.0,0.0,0.0,0.0,0.0,0.0,0.0,0.0,0.0,0.0,0.0
Maximilian Wittek,Germany,29.0,1995.0,Left-Back,173.0,2026-06-30,L1,Verein für Leibesübungen Bochum 1848 Fußballgemeinschaft,2000000.0,55,77,6,58,78,31,26,74,27,30,84,43,0,0,26,0,29,0,47,https://img.a.transfermarkt.technology/portrait/header/196793-1721851854.jpg?lm=1,33,32,2706,30.1,0.0,0.0,0.0,0,0.0,-0.05,0.0,1.4,0.05,0.15,1.56,-4.4,1.36,0.23,0.0,17.1,4.69,2.76,1077,35.82,70.6,3.79,1.23,0.6,0.0,0.2,5.45,65,2.16,0.9,2.96,0.1,0.13,62.59,12,0.4,25.58,1.26,0.4,1.13,0.0,0.0,3.82,70.4,40.0,23,0.76,50.0,0.27,0.0,0.0,0.0,0.0,0.0,0.0,0.0,0.0,0.0,0.0,0.0,0.0,0.0,0.0,0.0,0.0,0.0
Jefferson Lerma,Colombia,30.0,1994.0,Defensive Midfield,179.0,2026-06-30,GB1,Crystal Palace Football Club,12000000.0,46,57,30,14,56,23,14,69,68,37,0,72,0,0,63,0,6,0,50,https://img.a.transfermarkt.technology/portrait/header/262980-1693334146.jpg?lm=1,33,26,2274,25.3,0.0,0.04,0.04,0,0.0,-0.04,0.0,1.1,0.04,0.06,0.47,-0.5,1.03,0.32,0.0,30.8,3.84,1.03,843,33.36,75.4,3.44,0.71,0.08,0.0,0.32,0.47,35,1.39,1.66,3.17,0.04,0.0,55.49,6,0.24,25.53,0.59,0.71,1.39,0.0,0.0,6.09,54.1,50.0,41,1.62,51.3,0.36,0.0,0.0,0.0,0.0,0.0,0.0,0.0,0.0,0.0,0.0,0.0,0.0,0.0,0.0,0.0,0.0,0.0
Junya Ito,Japan,32.0,1993.0,Right Winger,176.0,2026-06-30,FR1,Stade de Reims,8000000.0,48,51,47,73,73,56,51,27,21,94,10,54,0,0,27,0,32,0,55,https://img.a.transfermarkt.technology/portrait/header/348791-1723820780.png?lm=1,33,31,2690,29.9,0.13,0.1,0.23,4,0.13,-0.02,0.0,4.6,0.15,0.24,3.35,-4.1,1.04,0.37,0.13,35.5,4.45,8.57,811,27.13,66.8,2.31,2.24,0.94,0.0,0.2,7.83,45,1.51,0.43,0.5,0.07,0.03,51.29,47,1.57,28.0,2.84,1.3,0.47,0.0,0.0,4.52,28.3,42.7,17,0.57,37.8,0.03,0.0,0.0,0.0,0.0,0.0,0.0,0.0,0.0,0.0,0.0,0.0,0.0,0.0,0.0,0.0,0.0,0.0
Kyle Walker-Peters,England,28.0,1997.0,Right-Back,173.0,2025-06-30,GB1,Southampton Football Club,18000000.0,49,46,39,76,53,86,96,9,45,72,68,9,0,0,66,0,91,0,11,https://img.a.transfermarkt.technology/portrait/header/341051-1693826850.jpg?lm=1,33,33,2918,32.4,0.0,0.06,0.06,0,0.0,-0.02,0.0,0.8,0.02,0.09,3.52,-0.8,0.62,0.19,0.0,30.0,4.29,4.44,1493,46.05,88.2,3.67,0.93,0.12,0.0,0.06,1.57,44,1.36,0.59,2.78,0.03,0.09,62.36,38,1.17,39.2,0.99,1.2,0.86,0.0,0.0,4.16,45.7,41.3,11,0.34,34.4,0.15,0.0,0.0,0.0,0.0,0.0,0.0,0.0,0.0,0.0,0.0,0.0,0.0,0.0,0.0,0.0,0.0,0.0
Gabriel Martinelli,Brazil,23.0,2001.0,Left Winger,178.0,2027-06-30,GB1,Arsenal Football Club,55000000.0,67,84,85,41,57,26,68,8,79,89,27,49,0,0,94,0,35,0,39,https://img.a.transfermarkt.technology/portrait/header/655488-1682689091.jpg?lm=1,33,25,2291,25.5,0.31,0.16,0.47,8,0.31,0.03,0.0,7.3,0.29,0.19,4.87,-0.9,2.16,0.94,0.15,43.6,2.04,11.35,499,19.6,71.4,0.43,1.45,0.59,0.0,0.08,3.61,23,0.9,0.2,0.75,0.0,0.12,39.05,33,1.3,26.28,1.96,1.49,0.63,0.0,0.0,3.06,30.4,30.3,17,0.67,30.4,0.04,0.0,0.0,0.0,0.0,0.0,0.0,0.0,0.0,0.0,0.0,0.0,0.0,0.0,0.0,0.0,0.0,0.0
Gianluca Busio,United States,22.0,2002.0,Central Midfield,172.0,2026-06-30,IT1,Venezia Football Club,6500000.0,50,68,55,27,25,25,72,24,65,85,86,66,0,0,96,0,11,0,58,https://img.a.transfermarkt.technology/portrait/header/504209-1717660047.jpg?lm=1,33,28,2518,28.0,0.07,0.0,0.07,2,0.07,-0.01,0.0,2.4,0.09,0.06,2.14,-1.6,1.29,0.25,0.06,19.4,3.4,4.83,696,24.88,75.9,1.64,0.89,0.14,0.0,0.29,1.04,46,1.64,0.68,1.86,0.0,0.18,44.68,15,0.54,26.7,1.93,1.14,0.93,0.04,0.0,3.82,42.6,31.3,32,1.14,48.5,0.14,0.0,0.0,0.0,0.0,0.0,0.0,0.0,0.0,0.0,0.0,0.0,0.0,0.0,0.0,0.0,0.0,0.0
Ilaix Moriba,Guinea,22.0,2003.0,Central Midfield,185.0,2025-06-30,ES1,Real Club Celta de Vigo S. A. D.,4000000.0,53,55,36,63,30,32,54,72,40,13,85,62,0,0,44,0,62,0,57,https://img.a.transfermarkt.technology/portrait/header/617074-1695158882.jpg?lm=1,33,22,2132,23.7,0.04,0.04,0.08,1,0.04,-0.03,0.0,1.7,0.07,0.06,1.44,-0.5,1.44,0.46,0.03,32.4,5.02,2.7,843,35.59,85.7,4.52,0.8,0.08,0.0,0.46,0.25,68,2.87,0.59,1.39,0.04,0.17,55.09,15,0.63,32.46,2.15,1.06,1.35,0.04,0.0,4.56,56.1,30.6,24,1.01,49.0,0.38,0.04,0.0,0.0,0.0,0.0,0.0,0.0,0.0,0.0,0.0,0.0,0.0,0.0,0.0,0.0,0.0,0.0
James Tarkowski,England,32.0,1992.0,Centre-Back,185.0,2026-06-30,GB1,Everton Football Club,10000000.0,55,66,54,9,98,54,6,74,27,54,0,95,0,0,26,0,44,0,98,https://img.a.transfermarkt.technology/portrait/header/173504-1655979328.jpg?lm=1,33,33,2922,32.5,0.03,0.03,0.06,1,0.03,-0.01,0.0,1.3,0.04,0.09,0.28,-1.9,0.46,0.12,0.07,26.7,2.31,0.09,1045,32.19,81.0,2.56,0.34,0.0,0.0,0.4,0.03,64,1.97,1.26,6.56,0.12,0.0,52.55,5,0.15,22.39,0.4,0.22,1.08,0.0,0.03,3.02,61.5,71.4,102,3.14,75.6,0.18,0.0,0.0,0.0,0.0,0.0,0.0,0.0,0.0,0.0,0.0,0.0,0.0,0.0,0.0,0.0,0.0,0.0
Brennan Johnson,Wales,24.0,2001.0,Right Winger,186.0,2028-06-30,GB1,Tottenham Hotspur Football Club,50000000.0,72,97,95,35,20,29,18,39,98,34,77,20,0,0,64,0,29,0,22,https://img.a.transfermarkt.technology/portrait/header/470607-1692959021.jpg?lm=1,33,24,2177,24.2,0.45,0.12,0.58,11,0.45,0.03,0.0,10.3,0.43,0.1,2.48,0.7,2.23,0.83,0.2,37.0,2.89,8.14,449,18.56,70.4,1.03,1.45,0.25,0.0,0.04,2.19,39,1.61,0.17,0.54,0.0,0.21,35.26,19,0.79,22.49,1.07,0.7,1.12,0.08,0.0,2.6,48.5,43.2,7,0.29,25.9,0.21,0.0,0.0,0.0,0.0,0.0,0.0,0.0,0.0,0.0,0.0,0.0,0.0,0.0,0.0,0.0,0.0,0.0
Adrien Truffert,France,23.0,2001.0,Left-Back,176.0,2026-06-30,FR1,Stade Rennais Football Club,15000000.0,68,89,79,73,61,38,71,64,53,83,73,52,0,0,68,0,53,0,50,https://img.a.transfermarkt.technology/portrait/header/654539-1616684807.jpg?lm=1,33,31,2752,30.6,0.07,0.07,0.13,2,0.07,-0.01,0.0,2.3,0.08,0.1,2.26,-1.2,0.75,0.33,0.09,43.5,3.4,7.95,1263,41.3,78.9,1.83,1.28,0.65,0.0,0.1,4.74,61,1.99,0.88,1.83,0.03,0.1,62.33,16,0.52,31.76,1.18,0.82,0.82,0.0,0.0,4.55,66.7,36.4,27,0.88,50.0,0.1,0.0,0.0,0.0,0.0,0.0,0.0,0.0,0.0,0.0,0.0,0.0,0.0,0.0,0.0,0.0,0.0,0.0
Leandro Cabrera,Uruguay,33.0,1991.0,Centre-Back,190.0,2025-06-30,ES1,Reial Club Deportiu Espanyol de Barcelona S.A.D.,1000000.0,38,57,99,5,75,19,11,19,69,60,81,72,0,0,59,0,1,0,73,https://img.a.transfermarkt.technology/portrait/header/102423-1500024381.jpg?lm=1,33,32,2869,31.9,0.13,0.06,0.19,4,0.13,0.09,0.0,1.1,0.03,0.03,0.28,1.1,0.6,0.19,0.21,31.6,2.16,0.19,1084,34.0,75.2,2.82,0.47,0.09,0.0,0.5,0.53,40,1.25,0.94,6.24,0.06,0.03,56.34,1,0.03,26.13,0.28,0.03,0.75,0.03,0.03,2.6,57.6,50.0,77,2.42,64.7,0.13,0.03,0.0,0.0,0.0,0.0,0.0,0.0,0.0,0.0,0.0,0.0,0.0,0.0,0.0,0.0,0.0,0.0
Pietro Comuzzo,Italy,20.0,2005.0,Centre-Back,185.0,2028-06-30,IT1,Associazione Calcio Fiorentina,25000000.0,57,27,65,46,49,0,49,83,14,57,0,71,0,0,20,0,40,0,61,https://img.a.transfermarkt.technology/portrait/header/746712-1730183199.jpg?lm=1,33,24,2200,24.4,0.04,0.0,0.04,1,0.04,0.02,0.0,0.5,0.02,0.02,0.57,-0.6,0.2,0.08,0.2,40.0,3.07,0.49,1086,44.43,85.8,2.82,0.16,0.0,0.0,0.12,0.12,43,1.76,1.19,4.62,0.16,0.0,62.71,0,0.0,36.45,0.61,0.16,1.02,0.0,0.0,3.52,79.3,0.0,63,2.58,59.4,0.2,0.0,0.0,0.0,0.0,0.0,0.0,0.0,0.0,0.0,0.0,0.0,0.0,0.0,0.0,0.0,0.0,0.0
Liberato Cacace,New Zealand,24.0,2000.0,Left-Back,183.0,2026-06-30,IT1,Empoli Football Club S.r.l.,3000000.0,54,95,80,11,46,29,38,65,60,39,44,83,0,0,78,0,3,0,60,https://img.a.transfermarkt.technology/portrait/header/469211-1730125371.jpg?lm=1,33,24,2230,24.8,0.08,0.16,0.24,2,0.08,-0.02,0.0,2.6,0.1,0.07,2.14,2.3,1.17,0.36,0.07,31.0,2.83,3.87,618,24.94,67.9,2.14,0.73,0.24,0.0,0.2,4.12,37,1.49,0.89,2.38,0.0,0.04,47.87,14,0.57,21.71,1.61,0.85,1.09,0.0,0.0,3.96,71.0,26.9,41,1.65,44.6,0.24,0.0,0.0,0.0,0.0,0.0,0.0,0.0,0.0,0.0,0.0,0.0,0.0,0.0,0.0,0.0,0.0,0.0
Anthony Caci,France,27.0,1997.0,Right Midfield,184.0,2026-06-30,L1,1. Fußball- und Sportverein Mainz 05,10000000.0,59,75,29,68,89,68,32,82,25,32,0,82,0,0,39,0,54,0,86,https://img.a.transfermarkt.technology/portrait/header/453016-1657706767.jpg?lm=1,33,33,2684,29.8,0.03,0.23,0.27,1,0.03,-0.07,0.0,3.1,0.1,0.22,1.51,0.4,1.07,0.4,0.03,37.5,4.46,5.1,1188,39.84,71.8,3.22,1.54,0.7,0.0,0.37,4.46,60,2.01,0.91,1.58,0.07,0.0,66.16,29,0.97,32.19,1.48,0.8,1.24,0.0,0.0,4.39,63.6,45.3,35,1.17,51.5,0.2,0.0,0.0,0.0,0.0,0.0,0.0,0.0,0.0,0.0,0.0,0.0,0.0,0.0,0.0,0.0,0.0,0.0
Raúl Moro,Spain,22.0,2002.0,Left Winger,169.0,2028-06-30,ES1,Real Valladolid Club de Fútbol S.A.D.,5000000.0,51,51,49,41,70,79,49,28,50,94,27,29,0,0,43,0,17,0,38,https://img.a.transfermarkt.technology/portrait/header/624942-1632729036.jpg?lm=1,33,26,2341,26.0,0.15,0.19,0.35,4,0.15,-0.0,0.0,4.1,0.16,0.22,4.31,-0.7,1.77,0.62,0.09,34.8,3.11,7.3,517,19.88,64.9,1.58,1.46,0.85,0.0,0.54,5.73,22,0.85,0.38,0.77,0.04,0.12,40.37,57,2.19,23.34,1.81,0.42,0.15,0.0,0.0,3.27,40.6,43.2,8,0.31,33.3,0.08,0.0,0.0,0.0,0.0,0.0,0.0,0.0,0.0,0.0,0.0,0.0,0.0,0.0,0.0,0.0,0.0,0.0
Pedro Porro,Spain,25.0,1999.0,Right-Back,173.0,2028-06-30,GB1,Tottenham Hotspur Football Club,45000000.0,74,82,78,80,91,28,85,71,40,67,87,11,0,0,47,0,54,0,12,https://img.a.transfermarkt.technology/portrait/header/553875-1730812390.jpg?lm=1,33,28,2610,29.0,0.07,0.21,0.28,2,0.07,0.01,0.0,1.6,0.06,0.17,2.24,1.0,1.34,0.28,0.05,20.5,5.31,3.72,1385,47.76,73.2,4.28,1.97,0.93,0.0,0.55,6.76,67,2.31,1.21,2.9,0.07,0.14,77.1,13,0.45,40.9,0.86,0.62,0.86,0.0,0.0,5.24,58.4,33.3,12,0.41,34.3,0.17,0.0,0.0,0.0,0.0,0.0,0.0,0.0,0.0,0.0,0.0,0.0,0.0,0.0,0.0,0.0,0.0,0.0
Frank Onyeka,Nigeria,27.0,1998.0,Central Midfield,183.0,2025-06-30,L1,Fußball-Club Augsburg 1907,7000000.0,41,38,18,25,13,34,48,79,28,38,76,32,0,0,37,0,39,0,36,https://img.a.transfermarkt.technology/portrait/header/421637-1726605377.jpg?lm=1,33,30,2611,29.0,0.0,0.03,0.03,0,0.0,-0.05,0.0,1.4,0.05,0.04,1.59,-0.3,0.83,0.21,0.0,25.0,3.69,2.45,858,29.57,83.61,2.41,0.45,0.17,0.0,0.03,0.69,58,2.0,1.24,1.24,0.07,0.17,46.5,18,0.62,26.2,1.76,1.21,1.69,0.0,0.0,5.14,55.0,33.3,16,0.55,43.2,0.28,0.0,0.0,0.0,0.0,0.0,0.0,0.0,0.0,0.0,0.0,0.0,0.0,0.0,0.0,0.0,0.0,0.0
Andrea Cambiaso,Italy,25.0,2000.0,Left-Back,182.0,2029-06-30,IT1,Juventus Football Club,40000000.0,59,51,83,89,68,91,97,35,2,61,64,7,0,0,6,0,94,0,10,https://img.a.transfermarkt.technology/portrait/header/459658-1662127057.jpg?lm=1,33,25,2221,24.7,0.08,0.12,0.2,2,0.08,0.05,0.0,0.8,0.03,0.11,3.16,0.4,0.69,0.24,0.12,35.3,4.5,4.94,1476,59.81,88.6,3.32,1.26,0.36,0.0,0.49,2.67,46,1.86,0.65,1.38,0.2,0.08,77.36,27,1.09,48.38,1.82,0.85,1.13,0.0,0.0,4.66,61.4,55.1,6,0.24,35.3,0.16,0.0,0.0,0.0,0.0,0.0,0.0,0.0,0.0,0.0,0.0,0.0,0.0,0.0,0.0,0.0,0.0,0.0
Philipp Treu,Germany,24.0,2000.0,Left-Back,173.0,,L1,Fußball-Club St. Pauli von 1910,5000000.0,42,66,14,40,47,26,37,27,49,92,81,24,0,0,56,0,55,0,20,https://img.a.transfermarkt.technology/portrait/header/335993-1723631488.jpeg?lm=1,33,33,2881,32.0,0.0,0.06,0.06,0,0.0,-0.04,0.0,1.2,0.04,0.08,1.81,-0.5,0.59,0.12,0.0,21.1,3.28,3.65,1225,38.27,80.0,1.94,0.59,0.25,0.0,0.03,1.87,61,1.91,0.59,2.72,0.06,0.12,58.32,13,0.41,25.77,1.06,0.37,0.62,0.0,0.0,4.59,57.4,33.3,21,0.66,36.8,0.06,0.0,0.0,0.0,0.0,0.0,0.0,0.0,0.0,0.0,0.0,0.0,0.0,0.0,0.0,0.0,0.0,0.0
Julian Weigl,Germany,29.0,1995.0,Defensive Midfield,186.0,2028-06-30,L1,Borussia Verein für Leibesübungen 1900 Mönchengladbach,6000000.0,46,29,38,32,29,50,19,72,51,61,38,73,0,0,19,0,61,0,84,https://img.a.transfermarkt.technology/portrait/header/196792-1662965628.jpg?lm=1,33,33,2881,32.0,0.0,0.06,0.06,0,0.0,-0.02,0.0,0.7,0.02,0.03,0.34,0.9,0.59,0.19,0.0,31.6,3.81,0.28,1557,48.64,88.3,3.78,0.56,0.03,0.0,0.19,0.34,53,1.66,1.5,2.69,0.09,0.03,64.82,7,0.22,33.14,0.41,0.31,0.72,0.0,0.09,4.15,60.9,87.5,39,1.22,67.2,0.25,0.0,0.0,0.0,0.0,0.0,0.0,0.0,0.0,0.0,0.0,0.0,0.0,0.0,0.0,0.0,0.0,0.0
Jeremie Frimpong,Netherlands,24.0,2000.0,Right Midfield,172.0,2028-06-30,L1,Bayer 04 Leverkusen Fußball,50000000.0,59,86,89,46,64,50,79,39,36,43,71,21,0,0,29,0,46,0,14,https://img.a.transfermarkt.technology/portrait/header/484547-1689710682.jpg?lm=1,33,25,2314,25.7,0.19,0.19,0.39,5,0.19,0.04,0.0,4.1,0.16,0.16,3.89,0.8,1.32,0.62,0.15,47.1,2.14,10.58,715,27.81,76.1,1.09,1.13,0.7,0.0,0.08,4.51,33,1.28,0.31,0.86,0.04,0.12,46.87,25,0.97,26.18,1.75,1.01,0.78,0.0,0.04,3.27,55.2,32.1,13,0.51,33.3,0.16,0.0,0.0,0.0,0.0,0.0,0.0,0.0,0.0,0.0,0.0,0.0,0.0,0.0,0.0,0.0,0.0,0.0
Christantus Uche,Nigeria,22.0,2003.0,Attacking Midfield,190.0,2028-06-30,ES1,Getafe Club de Fútbol S.A.D. Team Dubai,8000000.0,45,53,58,3,34,40,11,48,36,4,99,98,0,0,50,0,2,0,96,https://img.a.transfermarkt.technology/portrait/header/1124005-1723797368.jpg?lm=1,33,30,2486,27.6,0.14,0.22,0.36,4,0.14,0.01,0.0,3.8,0.14,0.1,1.56,3.1,1.81,0.51,0.08,28.0,1.77,5.36,387,14.01,65.4,1.34,0.58,0.14,0.0,0.07,0.8,35,1.27,0.36,0.69,0.0,0.54,35.15,32,1.16,20.02,4.09,2.43,1.99,0.0,0.0,3.98,45.0,35.2,91,3.29,42.3,0.29,0.07,0.0,0.0,0.0,0.0,0.0,0.0,0.0,0.0,0.0,0.0,0.0,0.0,0.0,0.0,0.0,0.0
Moritz Broschinski,Germany,24.0,2000.0,Centre-Forward,190.0,2026-06-30,L1,Verein für Leibesübungen Bochum 1848 Fußballgemeinschaft,2500000.0,28,30,3,45,61,52,81,50,27,61,36,56,0,0,67,0,17,0,52,https://img.a.transfermarkt.technology/portrait/header/406973-1691250658.jpg?lm=1,33,15,1390,15.4,0.06,0.19,0.26,1,0.06,-0.21,0.0,4.2,0.27,0.12,2.4,1.2,2.46,0.71,0.03,28.9,1.29,8.42,187,12.11,63.4,0.58,0.52,0.26,0.0,0.0,1.81,19,1.23,0.06,1.17,0.0,0.13,35.74,14,0.91,20.85,4.47,2.14,1.75,0.0,0.0,4.14,40.0,26.4,31,2.01,42.5,0.06,0.0,0.0,0.0,0.0,0.0,0.0,0.0,0.0,0.0,0.0,0.0,0.0,0.0,0.0,0.0,0.0,0.0
Jon Guridi,Spain,30.0,1995.0,Central Midfield,179.0,2026-06-30,ES1,Deportivo Alavés S.A.D.,3000000.0,45,86,62,18,20,12,21,13,80,41,28,86,0,0,70,0,9,0,55,https://img.a.transfermarkt.technology/portrait/header/289257-1604301765.jpg?lm=1,33,27,2080,23.1,0.13,0.04,0.17,2,0.09,-0.05,0.04,3.4,0.15,0.05,1.17,-0.2,1.0,0.48,0.09,47.8,3.42,3.89,547,23.67,74.2,2.38,0.48,0.13,0.0,0.0,0.74,40,1.73,0.61,0.69,0.0,0.04,40.67,8,0.35,20.38,1.64,0.74,1.51,0.0,0.04,3.72,40.9,30.8,47,2.03,41.6,0.26,0.0,0.0,0.0,0.0,0.0,0.0,0.0,0.0,0.0,0.0,0.0,0.0,0.0,0.0,0.0,0.0,0.0
Konstantinos Mavropanos,Greece,27.0,1997.0,Centre-Back,194.0,2028-06-30,GB1,West Ham United Football Club,17000000.0,64,80,6,43,49,79,64,79,74,36,0,79,0,0,76,0,41,0,85,https://img.a.transfermarkt.technology/portrait/header/415912-1691999569.jpg?lm=1,33,21,2045,22.7,0.0,0.0,0.0,0,0.0,-0.07,0.0,1.5,0.07,0.02,0.75,-0.5,0.79,0.22,0.0,27.8,2.68,0.09,1092,48.06,86.3,2.82,0.18,0.04,0.0,1.06,0.09,35,1.54,1.76,5.55,0.04,0.0,67.38,9,0.4,37.94,0.53,0.0,0.75,0.0,0.0,3.39,59.3,52.9,57,2.51,69.5,0.26,0.04,0.0,0.0,0.0,0.0,0.0,0.0,0.0,0.0,0.0,0.0,0.0,0.0,0.0,0.0,0.0,0.0
Trent Alexander-Arnold,England,26.0,1998.0,Right-Back,175.0,2025-06-30,GB1,Liverpool Football Club,75000000.0,68,85,89,99,99,58,86,49,14,71,0,1,0,0,14,0,90,0,1,https://img.a.transfermarkt.technology/portrait/header/314353-1701680958.jpg?lm=1,33,28,2365,26.3,0.11,0.23,0.34,3,0.11,0.04,0.0,1.9,0.07,0.28,1.94,-1.3,1.71,0.3,0.07,17.8,8.83,3.58,1448,55.1,73.5,7.88,2.47,0.76,0.0,1.22,5.82,72,2.74,1.18,2.09,0.15,0.0,85.7,17,0.65,45.02,0.72,0.57,0.42,0.0,0.0,5.02,46.7,47.2,3,0.11,18.8,0.19,0.0,0.0,0.0,0.0,0.0,0.0,0.0,0.0,0.0,0.0,0.0,0.0,0.0,0.0,0.0,0.0,0.0
Valentino Lazaro,Austria,29.0,1996.0,Left Midfield,181.0,2025-06-30,IT1,Torino Calcio,4500000.0,26,29,4,36,50,36,14,25,46,18,0,39,0,0,18,0,43,0,36,https://img.a.transfermarkt.technology/portrait/header/186368-1692819728.jpg?lm=1,33,26,2307,25.6,0.0,0.23,0.23,0,0.0,-0.04,0.0,1.0,0.04,0.13,1.37,2.7,0.62,0.08,0.0,12.5,2.96,5.11,880,34.33,75.1,2.22,0.9,0.59,0.0,0.04,5.66,26,1.01,0.43,1.48,0.04,0.0,53.37,14,0.55,28.36,1.29,0.47,1.17,0.0,0.04,3.67,50.0,37.8,16,0.62,39.0,0.23,0.0,0.0,0.0,0.0,0.0,0.0,0.0,0.0,0.0,0.0,0.0,0.0,0.0,0.0,0.0,0.0,0.0
Andreas Pereira,Brazil,29.0,1996.0,Attacking Midfield,178.0,2026-06-30,GB1,Fulham Football Club,20000000.0,41,47,27,44,72,20,18,10,9,30,65,46,0,0,6,0,19,0,47,https://img.a.transfermarkt.technology/portrait/header/203394-1659355525.jpg?lm=1,33,25,2013,22.4,0.09,0.18,0.27,2,0.09,-0.1,0.0,3.4,0.15,0.21,1.3,-0.6,1.7,0.36,0.05,21.1,4.65,3.58,670,29.96,69.1,3.0,0.85,0.18,0.0,0.36,7.65,24,1.07,0.36,0.76,0.13,0.18,51.28,14,0.63,25.84,1.25,0.98,1.25,0.04,0.0,4.47,23.8,46.7,13,0.58,37.1,0.31,0.0,0.0,0.0,0.0,0.0,0.0,0.0,0.0,0.0,0.0,0.0,0.0,0.0,0.0,0.0,0.0,0.0
Nikola Vasilj,Bosnia-Herzegovina,29.0,1995.0,Goalkeeper,193.0,,L1,Fußball-Club St. Pauli von 1910,3000000.0,76,0,0,55,73,69,86,36,54,19,0,66,94,93,29,57,44,31,60,https://img.a.transfermarkt.technology/portrait/header/248454-1723630622.jpeg?lm=1,33,33,2969,33.0,0.0,0.0,0.0,0,0.0,0.0,0.0,0.0,0.0,0.0,0.0,0.0,0.0,0.0,0.0,0.0,0.0,0.0,1033,31.31,73.6,1.21,0.06,0.0,12.8,0.03,0.0,0,0.0,0.0,0.67,0.09,0.0,45.26,1,0.03,27.55,0.0,0.0,0.03,0.0,0.03,1.64,0.0,100.0,9,0.27,100.0,0.06,0.03,1.18,4.09,2.82,1.44,9.4,0.29,0.0,0.12,3.24,0.73,71.9,27.3,32.7,34.2,5.8,0.82
Diogo Dalot,Portugal,26.0,1999.0,Right-Back,183.0,2028-06-30,GB1,Manchester United Football Club,35000000.0,61,83,5,60,35,79,72,78,73,53,0,77,0,0,68,0,54,0,84,https://img.a.transfermarkt.technology/portrait/header/357147-1727785546.jpg?lm=1,33,31,2814,31.3,0.0,0.1,0.1,0,0.0,-0.06,0.0,2.0,0.06,0.06,1.98,1.0,0.77,0.16,0.0,20.8,3.29,5.37,1347,43.08,80.6,1.95,0.8,0.26,0.0,0.26,2.11,68,2.17,1.18,2.3,0.0,0.0,63.39,27,0.86,35.98,1.22,0.67,1.28,0.0,0.03,5.34,65.4,50.9,38,1.22,64.4,0.16,0.0,0.0,0.0,0.0,0.0,0.0,0.0,0.0,0.0,0.0,0.0,0.0,0.0,0.0,0.0,0.0,0.0
Curtis Jones,England,24.0,2001.0,Central Midfield,185.0,2027-06-30,GB1,Liverpool Football Club,50000000.0,64,95,77,89,36,52,74,60,5,44,75,52,0,0,8,0,95,0,62,https://img.a.transfermarkt.technology/portrait/header/433188-1701681163.jpg?lm=1,33,19,1711,19.0,0.16,0.16,0.32,3,0.16,-0.07,0.0,4.3,0.23,0.06,1.58,1.9,1.79,0.68,0.09,38.2,6.15,4.16,1022,53.76,93.2,4.42,1.0,0.05,0.0,0.11,0.42,39,2.05,0.37,0.53,0.16,0.11,67.75,12,0.63,41.34,1.37,1.89,0.95,0.05,0.0,5.1,63.0,54.5,14,0.74,51.9,0.16,0.05,0.0,0.0,0.0,0.0,0.0,0.0,0.0,0.0,0.0,0.0,0.0,0.0,0.0,0.0,0.0,0.0
Marshall Munetsi,Zimbabwe,28.0,1996.0,Central Midfield,188.0,2028-06-30,GB1,Wolverhampton Wanderers Football Club,15000000.0,66,98,92,0,66,14,1,60,81,67,79,94,0,0,91,0,2,0,81,https://img.a.transfermarkt.technology/portrait/header/414908-1723836952.png?lm=1,33,31,2770,30.8,0.19,0.1,0.29,6,0.19,-0.04,0.0,7.3,0.24,0.12,0.55,-0.7,1.75,0.55,0.11,31.51,1.17,2.73,415,13.48,69.67,0.68,0.26,0.13,0.0,0.0,0.68,60,1.95,0.75,1.72,0.0,0.19,31.09,9,0.29,11.37,1.88,0.55,1.53,0.0,0.0,3.48,57.34,42.43,70,2.27,50.12,0.16,0.0,0.0,0.0,0.0,0.0,0.0,0.0,0.0,0.0,0.0,0.0,0.0,0.0,0.0,0.0,0.0,0.0
Hugo Larsson,Sweden,20.0,2004.0,Central Midfield,187.0,2029-06-30,L1,Eintracht Frankfurt Fußball AG,40000000.0,54,81,73,44,42,45,16,55,68,91,28,35,0,0,53,0,70,0,45,https://img.a.transfermarkt.technology/portrait/header/931838-1696509259.jpg?lm=1,33,28,2393,26.6,0.11,0.04,0.15,3,0.11,-0.0,0.0,3.1,0.12,0.08,0.6,-1.1,0.79,0.38,0.14,47.6,4.55,1.24,1080,40.62,86.9,3.35,0.71,0.11,0.0,0.19,0.3,47,1.77,1.13,1.32,0.04,0.04,55.59,12,0.45,30.2,0.87,0.41,0.79,0.0,0.04,4.55,50.0,63.2,13,0.49,48.1,0.08,0.0,0.0,0.0,0.0,0.0,0.0,0.0,0.0,0.0,0.0,0.0,0.0,0.0,0.0,0.0,0.0,0.0
Manu Sánchez,Spain,24.0,2000.0,Left-Back,171.0,2025-06-30,ES1,Deportivo Alavés S.A.D.,6000000.0,42,79,50,9,17,8,14,68,54,15,60,2,0,0,43,0,7,0,2,https://img.a.transfermarkt.technology/portrait/header/618809-1673281847.jpg?lm=1,33,30,2634,29.3,0.03,0.0,0.03,1,0.03,-0.02,0.0,1.7,0.06,0.04,1.61,-1.2,0.41,0.07,0.08,16.7,2.67,3.31,807,27.57,72.2,1.81,0.72,0.44,0.0,0.1,2.67,83,2.84,1.03,2.6,0.03,0.07,50.47,8,0.27,19.2,1.33,0.68,1.91,0.0,0.03,3.59,59.4,21.6,8,0.27,20.0,0.21,0.03,0.0,0.0,0.0,0.0,0.0,0.0,0.0,0.0,0.0,0.0,0.0,0.0,0.0,0.0,0.0,0.0
Granit Xhaka,Switzerland,32.0,1992.0,Defensive Midfield,186.0,2028-06-30,L1,Bayer 04 Leverkusen Fußball,17000000.0,56,44,78,99,90,17,89,12,10,95,58,69,0,0,13,0,97,0,71,https://img.a.transfermarkt.technology/portrait/header/111455-1689711080.jpg?lm=1,33,33,2888,32.1,0.06,0.22,0.28,2,0.06,0.03,0.0,0.9,0.03,0.14,1.31,2.6,0.65,0.09,0.1,14.3,9.91,2.24,2528,78.78,89.7,11.59,1.25,0.19,0.0,0.69,0.93,48,1.5,0.37,1.62,0.19,0.06,95.11,7,0.22,50.2,0.56,0.44,1.03,0.0,0.0,5.58,57.1,43.8,41,1.28,61.2,0.09,0.0,0.0,0.0,0.0,0.0,0.0,0.0,0.0,0.0,0.0,0.0,0.0,0.0,0.0,0.0,0.0,0.0
Marcos Llorente,Spain,30.0,1995.0,Right Midfield,184.0,2027-06-30,ES1,Club Atlético de Madrid S.A.D.,28000000.0,61,14,68,79,57,43,86,89,50,50,57,50,0,0,50,0,96,0,61,https://img.a.transfermarkt.technology/portrait/header/282411-1684159821.jpg?lm=1,33,28,2513,27.9,0.07,0.14,0.21,2,0.07,0.04,0.0,0.8,0.03,0.15,2.94,-0.3,0.57,0.18,0.13,31.3,3.98,5.41,1337,47.88,85.5,3.22,0.93,0.5,0.0,0.07,2.22,69,2.47,0.97,1.83,0.04,0.04,64.75,14,0.5,40.0,1.04,0.32,0.82,0.04,0.0,4.69,65.5,46.7,15,0.54,50.0,0.0,0.04,0.0,0.0,0.0,0.0,0.0,0.0,0.0,0.0,0.0,0.0,0.0,0.0,0.0,0.0,0.0,0.0
Sam Morsy,Egypt,33.0,1991.0,Central Midfield,175.0,2026-06-30,GB1,Ipswich Town Football Club,900000.0,26,5,36,24,14,49,17,47,15,28,26,33,0,0,7,0,55,0,35,https://img.a.transfermarkt.technology/portrait/header/123551-1658821486.jpg?lm=1,33,31,2751,30.6,0.03,0.03,0.07,1,0.03,0.02,0.0,0.4,0.01,0.04,0.72,-0.2,0.43,0.1,0.08,23.1,3.93,0.43,1249,40.86,86.4,4.87,0.56,0.13,0.0,0.16,0.49,69,2.26,0.95,1.54,0.16,0.03,55.06,17,0.56,27.84,0.56,0.43,1.57,0.0,0.03,5.14,44.4,58.6,18,0.59,42.9,0.33,0.0,0.0,0.0,0.0,0.0,0.0,0.0,0.0,0.0,0.0,0.0,0.0,0.0,0.0,0.0,0.0,0.0
Patrick Cutrone,Italy,27.0,1998.0,Centre-Forward,183.0,2028-06-30,IT1,Calcio Como,7000000.0,54,56,58,50,44,27,78,59,72,89,49,14,0,0,88,0,40,0,8,https://img.a.transfermarkt.technology/portrait/header/265078-1714818222.jpg?lm=1,33,23,2047,22.7,0.31,0.18,0.48,7,0.31,-0.0,0.0,6.3,0.28,0.09,2.33,1.9,3.03,1.14,0.1,37.7,1.36,6.81,336,14.77,70.3,0.7,0.44,0.09,0.0,0.09,1.32,16,0.7,0.22,0.31,0.0,0.13,30.43,9,0.4,19.57,2.73,1.14,1.01,0.04,0.0,2.37,50.0,37.5,23,1.01,25.8,0.04,0.0,0.0,0.0,0.0,0.0,0.0,0.0,0.0,0.0,0.0,0.0,0.0,0.0,0.0,0.0,0.0,0.0
İlkay Gündoğan,Germany,34.0,1990.0,Central Midfield,180.0,2025-06-30,GB1,Manchester City Football Club,7000000.0,58,82,31,83,78,48,92,8,82,98,47,50,0,0,100,0,91,0,68,https://img.a.transfermarkt.technology/portrait/header/53622-1689683568.jpg?lm=1,33,25,2223,24.7,0.04,0.24,0.28,1,0.04,-0.09,0.0,3.2,0.13,0.13,2.59,2.7,1.09,0.28,0.04,25.9,5.14,3.89,1524,61.7,89.5,4.37,0.93,0.08,0.0,0.12,2.43,25,1.01,0.53,0.93,0.0,0.04,76.52,17,0.69,45.22,1.17,1.01,0.61,0.04,0.0,4.7,41.7,42.5,14,0.57,56.0,0.04,0.0,0.0,0.0,0.0,0.0,0.0,0.0,0.0,0.0,0.0,0.0,0.0,0.0,0.0,0.0,0.0,0.0
Adrien Thomasson,France,31.0,1993.0,Attacking Midfield,175.0,2026-06-30,FR1,Racing Club de Lens,5000000.0,58,76,40,71,77,33,33,95,24,22,23,35,0,0,11,0,82,0,29,https://img.a.transfermarkt.technology/portrait/header/215977-1673538425.jpg?lm=1,33,31,2615,29.1,0.1,0.24,0.34,3,0.1,-0.1,0.0,5.9,0.2,0.21,1.03,1.0,1.41,0.38,0.07,26.8,5.13,4.75,1318,45.36,81.8,3.41,1.0,0.24,0.0,0.31,2.0,90,3.1,0.65,0.96,0.07,0.1,68.66,26,0.89,36.34,2.31,1.41,1.76,0.0,0.03,7.09,54.7,43.3,17,0.59,27.4,0.24,0.0,0.0,0.0,0.0,0.0,0.0,0.0,0.0,0.0,0.0,0.0,0.0,0.0,0.0,0.0,0.0,0.0
Antonio Sánchez,Spain,28.0,1997.0,Central Midfield,179.0,2027-06-30,ES1,Real Club Deportivo Mallorca S.A.D.,2500000.0,24,36,4,8,11,77,28,38,47,62,36,9,0,0,45,0,4,0,9,https://img.a.transfermarkt.technology/portrait/header/513031-1576533215.jpg?lm=1,33,12,1395,15.5,0.0,0.0,0.0,0,0.0,-0.07,0.0,1.1,0.07,0.04,1.16,-0.6,1.1,0.13,0.0,11.8,2.45,3.42,391,25.23,72.8,2.32,0.52,0.26,0.0,0.13,2.13,28,1.81,1.16,2.32,0.06,0.06,47.03,14,0.9,23.68,1.68,0.45,1.55,0.0,0.0,4.97,38.9,56.0,6,0.39,27.3,0.19,0.0,0.0,0.0,0.0,0.0,0.0,0.0,0.0,0.0,0.0,0.0,0.0,0.0,0.0,0.0,0.0,0.0
Ander Guevara,Spain,27.0,1997.0,Central Midfield,180.0,2027-06-30,ES1,Deportivo Alavés S.A.D.,4000000.0,28,21,19,26,9,39,8,34,53,65,0,71,0,0,49,0,15,0,49,https://img.a.transfermarkt.technology/portrait/header/465967-1705338008.jpg?lm=1,33,20,1947,21.6,0.0,0.05,0.05,0,0.0,-0.04,0.0,0.9,0.04,0.03,0.65,0.4,0.55,0.14,0.0,25.0,5.18,0.88,762,35.22,76.6,4.39,0.51,0.05,0.0,0.28,0.23,49,2.27,0.65,1.99,0.05,0.0,55.84,9,0.42,23.67,1.02,0.88,1.8,0.0,0.0,5.55,41.7,60.0,30,1.39,43.5,0.14,0.0,0.0,0.0,0.0,0.0,0.0,0.0,0.0,0.0,0.0,0.0,0.0,0.0,0.0,0.0,0.0,0.0
Matheus Cunha,Brazil,25.0,1999.0,Centre-Forward,183.0,2029-06-30,GB1,Wolverhampton Wanderers Football Club,55000000.0,80,73,92,95,96,99,98,92,41,38,91,9,0,0,31,0,92,0,14,https://img.a.transfermarkt.technology/portrait/header/517894-1696599737.jpg?lm=1,33,29,2597,28.9,0.52,0.21,0.73,15,0.52,0.22,0.0,8.6,0.3,0.27,3.88,-1.7,3.81,1.52,0.14,40.0,5.06,5.58,807,27.97,71.5,3.15,2.01,0.35,0.0,0.52,4.96,38,1.32,0.59,0.8,0.0,0.42,54.03,61,2.11,31.22,2.81,1.87,1.46,0.0,0.03,4.33,33.3,44.2,13,0.45,31.0,0.14,0.0,0.0,0.0,0.0,0.0,0.0,0.0,0.0,0.0,0.0,0.0,0.0,0.0,0.0,0.0,0.0,0.0
Iliman Ndiaye,Senegal,25.0,2000.0,Left Winger,180.0,2029-06-30,GB1,Everton Football Club,22000000.0,56,57,80,32,6,91,30,88,36,64,51,14,0,0,41,0,74,0,18,https://img.a.transfermarkt.technology/portrait/header/623570-1651653048.png?lm=1,33,29,2431,27.0,0.33,0.0,0.33,7,0.26,0.1,0.07,4.7,0.17,0.07,3.15,-1.9,1.3,0.56,0.2,42.9,2.18,4.52,601,22.25,81.8,1.52,0.52,0.19,0.0,0.07,1.41,53,1.96,0.74,0.89,0.04,0.22,40.13,67,2.48,22.95,2.04,1.59,0.89,0.0,0.0,6.33,44.9,46.9,6,0.22,24.0,0.11,0.0,0.0,0.0,0.0,0.0,0.0,0.0,0.0,0.0,0.0,0.0,0.0,0.0,0.0,0.0,0.0,0.0
Kevin Müller,Germany,34.0,1991.0,Goalkeeper,190.0,2027-06-30,L1,1. Fußballclub Heidenheim 1846,1000000.0,23,0,0,74,51,0,63,98,24,69,0,51,16,19,43,45,76,21,27,https://img.a.transfermarkt.technology/portrait/header/43824-1657874601.jpg?lm=1,33,33,2939,32.7,0.0,0.0,0.0,0,0.0,0.0,0.0,0.0,0.0,0.0,0.0,0.0,0.0,0.0,0.0,0.0,0.03,0.0,987,30.22,75.6,0.49,0.03,0.0,12.0,0.06,0.0,3,0.09,0.0,0.4,0.12,0.0,42.66,0,0.0,23.86,0.06,0.0,0.0,0.0,0.0,1.53,100.0,0.0,8,0.24,88.9,0.0,0.0,1.96,5.18,3.22,1.82,-4.7,-0.14,0.0,0.0,4.69,0.64,65.7,21.2,33.8,31.4,4.6,0.61
John Yeboah,Ecuador,24.0,2000.0,Attacking Midfield,170.0,2028-06-30,IT1,Venezia Football Club,2500000.0,43,60,10,26,45,73,79,2,50,15,92,38,0,0,68,0,23,0,43,https://img.a.transfermarkt.technology/portrait/header/439914-1668768754.png?lm=1,33,11,1226,13.6,0.07,0.07,0.15,1,0.07,-0.15,0.0,3.0,0.22,0.14,3.67,-0.9,2.2,0.73,0.03,33.3,3.08,6.53,257,18.87,72.8,1.32,0.88,0.0,0.0,0.0,1.91,6,0.44,0.29,0.15,0.0,0.37,37.95,24,1.76,27.23,3.38,2.2,1.03,0.07,0.0,3.3,10.0,40.0,6,0.44,37.5,0.44,0.0,0.0,0.0,0.0,0.0,0.0,0.0,0.0,0.0,0.0,0.0,0.0,0.0,0.0,0.0,0.0,0.0
Evann Guessand,Cote d'Ivoire,23.0,2001.0,Centre-Forward,188.0,2028-06-30,FR1,Olympique Gymnaste Club Nice Côte d'Azur,25000000.0,75,72,86,73,89,97,88,94,33,65,82,31,0,0,73,0,78,0,40,https://img.a.transfermarkt.technology/portrait/header/500689-1739972437.jpg?lm=1,33,30,2565,28.5,0.42,0.28,0.7,12,0.42,0.1,0.0,9.2,0.32,0.19,3.05,2.6,2.21,0.95,0.19,42.9,2.77,5.68,421,14.77,73.3,1.61,0.95,0.14,0.0,0.04,1.26,44,1.54,0.53,0.56,0.0,0.28,32.49,49,1.72,20.39,2.63,2.49,1.58,0.04,0.0,3.44,42.9,47.6,26,0.91,41.9,0.07,0.0,0.0,0.0,0.0,0.0,0.0,0.0,0.0,0.0,0.0,0.0,0.0,0.0,0.0,0.0,0.0,0.0
Mathías Olivera,Uruguay,27.0,1997.0,Left-Back,185.0,2030-06-30,IT1,Società Sportiva Calcio Napoli,18000000.0,57,62,8,74,35,11,67,65,59,68,88,85,0,0,61,0,81,0,75,https://img.a.transfermarkt.technology/portrait/header/376514-1681910576.jpg?lm=1,32,26,2370,26.3,0.0,0.08,0.08,0,0.0,-0.04,0.0,1.1,0.04,0.06,1.75,0.3,0.61,0.08,0.0,12.5,4.78,2.35,1350,51.27,85.4,4.59,0.42,0.15,0.0,0.23,0.84,63,2.39,1.06,2.81,0.04,0.11,71.54,5,0.19,36.34,1.03,0.49,1.06,0.04,0.0,3.53,60.4,31.3,41,1.56,53.2,0.15,0.0,0.0,0.0,0.0,0.0,0.0,0.0,0.0,0.0,0.0,0.0,0.0,0.0,0.0,0.0,0.0,0.0
Philipp Hofmann,Germany,32.0,1993.0,Centre-Forward,195.0,2026-06-30,L1,Verein für Leibesübungen Bochum 1848 Fußballgemeinschaft,1500000.0,36,36,21,47,62,36,21,55,77,33,19,98,0,0,28,0,26,0,96,https://img.a.transfermarkt.technology/portrait/header/119037-1657284242.jpg?lm=1,32,27,2277,25.3,0.12,0.12,0.24,3,0.12,-0.1,0.0,5.5,0.22,0.13,0.32,-0.3,2.13,0.75,0.06,35.2,2.09,4.43,441,17.43,63.5,1.58,0.36,0.0,0.0,0.08,0.4,17,0.67,0.16,1.3,0.0,0.08,37.08,10,0.4,19.21,2.17,1.26,1.42,0.0,0.04,2.06,53.3,50.0,164,6.48,56.6,0.16,0.0,0.0,0.0,0.0,0.0,0.0,0.0,0.0,0.0,0.0,0.0,0.0,0.0,0.0,0.0,0.0,0.0
Matthias Ginter,Germany,31.0,1994.0,Centre-Back,189.0,2027-06-30,L1,Sport-Club Freiburg,8000000.0,46,97,80,61,59,46,34,4,14,79,95,92,0,0,18,0,25,0,80,https://img.a.transfermarkt.technology/portrait/header/124502-1658411624.jpg?lm=1,32,28,2561,28.5,0.07,0.04,0.11,2,0.07,-0.03,0.0,2.8,0.1,0.02,0.39,0.3,0.84,0.14,0.08,16.7,3.97,0.56,1256,44.14,82.6,3.41,0.28,0.04,0.0,0.32,0.46,30,1.05,0.67,5.13,0.18,0.07,63.82,4,0.14,34.83,0.35,0.0,0.46,0.04,0.0,3.27,53.6,66.7,98,3.44,61.6,0.18,0.0,0.0,0.0,0.0,0.0,0.0,0.0,0.0,0.0,0.0,0.0,0.0,0.0,0.0,0.0,0.0,0.0
Omar Mascarell,Equatorial Guinea,32.0,1993.0,Defensive Midfield,181.0,2026-06-30,ES1,Real Club Deportivo Mallorca S.A.D.,900000.0,39,21,67,21,3,54,15,59,26,36,50,85,0,0,18,0,26,0,90,https://img.a.transfermarkt.technology/portrait/header/142031-1531813358.jpg?lm=1,32,21,1992,22.1,0.05,0.0,0.05,1,0.05,0.02,0.0,0.5,0.02,0.01,0.45,-0.2,0.41,0.09,0.11,22.2,3.39,0.54,809,36.55,84.0,3.25,0.14,0.0,0.0,0.41,0.23,27,1.22,2.21,2.67,0.14,0.05,53.72,10,0.45,26.61,0.5,0.41,1.36,0.0,0.0,4.07,40.0,66.7,44,1.99,63.8,0.23,0.05,0.0,0.0,0.0,0.0,0.0,0.0,0.0,0.0,0.0,0.0,0.0,0.0,0.0,0.0,0.0,0.0
Jamie Gittens,England,20.0,2004.0,Left Winger,178.0,2028-06-30,L1,Borussia Dortmund,50000000.0,62,54,90,45,30,98,86,94,60,31,54,39,0,0,61,0,55,0,56,https://img.a.transfermarkt.technology/portrait/header/670882-1736780080.jpg?lm=1,32,21,1776,19.7,0.41,0.15,0.56,8,0.41,0.22,0.0,3.6,0.18,0.13,5.73,0.5,2.64,1.22,0.15,46.2,2.13,9.12,427,21.64,76.5,0.86,1.22,0.2,0.0,0.15,2.48,31,1.57,0.51,0.2,0.0,0.15,44.24,77,3.9,31.77,2.48,1.77,1.27,0.05,0.0,3.19,77.8,45.0,5,0.25,41.7,0.2,0.0,0.0,0.0,0.0,0.0,0.0,0.0,0.0,0.0,0.0,0.0,0.0,0.0,0.0,0.0,0.0,0.0
Moses Simon,Nigeria,29.0,1995.0,Left Winger,168.0,2026-06-30,FR1,Football Club de Nantes,12000000.0,43,23,52,14,76,84,66,17,59,90,61,17,0,0,96,0,6,0,12,https://img.a.transfermarkt.technology/portrait/header/274862-1703065226.jpg?lm=1,32,31,2609,29.0,0.28,0.34,0.62,4,0.14,0.08,0.14,2.7,0.09,0.23,5.07,3.3,1.38,0.45,0.1,32.5,2.04,7.66,505,17.42,62.0,0.93,1.41,0.83,0.0,0.03,7.66,20,0.69,0.41,0.45,0.0,0.21,39.01,65,2.24,25.22,2.31,1.9,0.38,0.03,0.0,4.07,31.8,44.2,10,0.34,20.8,0.07,0.0,0.0,0.0,0.0,0.0,0.0,0.0,0.0,0.0,0.0,0.0,0.0,0.0,0.0,0.0,0.0,0.0
Raúl García,Spain,24.0,2000.0,Centre-Forward,192.0,2028-06-30,ES1,Club Atlético Osasuna,3500000.0,42,49,53,50,24,91,49,53,51,63,94,69,0,0,74,0,38,0,69,https://img.a.transfermarkt.technology/portrait/header/631002-1614090749.jpg?lm=1,32,5,750,8.3,0.48,0.0,0.48,4,0.48,0.06,0.0,3.5,0.42,0.08,1.2,-0.7,3.0,1.44,0.16,48.0,1.92,5.88,116,13.92,69.0,1.32,0.12,0.0,0.0,0.12,0.72,13,1.56,0.0,0.72,0.0,0.48,31.92,11,1.32,18.36,2.88,1.56,1.32,0.0,0.0,1.68,50.0,55.0,20,2.4,47.6,0.12,0.0,0.0,0.0,0.0,0.0,0.0,0.0,0.0,0.0,0.0,0.0,0.0,0.0,0.0,0.0,0.0,0.0
Joe Aribo,Nigeria,28.0,1996.0,Central Midfield,183.0,2026-06-30,GB1,Southampton Football Club,6000000.0,59,73,76,42,31,71,62,51,16,93,48,70,0,0,14,0,72,0,64,https://img.a.transfermarkt.technology/portrait/header/468198-1656428996.png?lm=1,32,21,2013,22.4,0.13,0.0,0.13,3,0.13,0.01,0.0,2.7,0.12,0.07,1.61,-1.6,0.76,0.31,0.18,41.2,3.35,2.91,929,41.54,88.8,2.28,0.18,0.04,0.0,0.04,0.45,47,2.1,0.89,1.43,0.13,0.09,56.83,21,0.94,33.31,1.21,0.85,0.89,0.0,0.04,5.01,48.6,42.9,25,1.12,51.0,0.04,0.0,0.0,0.0,0.0,0.0,0.0,0.0,0.0,0.0,0.0,0.0,0.0,0.0,0.0,0.0,0.0,0.0
Moise Kean,Italy,25.0,2000.0,Centre-Forward,183.0,2029-06-30,IT1,Associazione Calcio Fiorentina,40000000.0,78,97,95,13,17,90,41,74,20,34,50,59,0,0,17,0,32,0,71,https://img.a.transfermarkt.technology/portrait/header/364135-1725532147.jpg?lm=1,32,31,2704,30.0,0.63,0.1,0.73,18,0.6,-0.01,0.03,17.8,0.59,0.06,1.4,1.1,3.43,1.63,0.17,47.6,0.87,4.76,228,7.59,69.9,0.5,0.33,0.03,0.0,0.17,0.3,7,0.23,0.2,0.87,0.03,0.17,23.3,44,1.46,15.11,3.23,1.76,1.36,0.0,0.03,1.73,75.0,43.6,51,1.7,51.5,0.2,0.0,0.0,0.0,0.0,0.0,0.0,0.0,0.0,0.0,0.0,0.0,0.0,0.0,0.0,0.0,0.0,0.0
Romano Schmid,Austria,25.0,2000.0,Attacking Midfield,168.0,,L1,Sportverein Werder Bremen von 1899,15000000.0,55,39,57,92,73,64,92,56,28,71,74,68,0,0,36,0,62,0,74,https://img.a.transfermarkt.technology/portrait/header/346853-1730117104.jpg?lm=1,32,32,2834,31.5,0.16,0.13,0.29,4,0.13,0.02,0.03,3.5,0.11,0.2,3.4,-2.2,1.49,0.41,0.09,27.7,8.86,6.38,1239,39.35,74.5,5.4,2.86,0.76,0.0,0.22,4.6,43,1.37,0.35,0.29,0.06,0.22,63.13,45,1.43,41.76,2.38,1.75,0.89,0.03,0.0,5.3,47.1,47.4,23,0.73,45.1,0.13,0.0,0.0,0.0,0.0,0.0,0.0,0.0,0.0,0.0,0.0,0.0,0.0,0.0,0.0,0.0,0.0,0.0
Farid El Melali,Algeria,28.0,1997.0,Left Winger,168.0,2025-06-30,FR1,Angers Sporting Club de l'Ouest,4000000.0,45,48,22,12,36,90,25,61,23,76,94,15,0,0,36,0,26,0,16,https://img.a.transfermarkt.technology/portrait/header/425400-1672670238.jpg?lm=1,32,22,1893,21.0,0.1,0.14,0.24,2,0.1,-0.08,0.0,3.6,0.17,0.15,2.95,-0.1,2.19,0.67,0.04,30.4,2.04,5.37,372,17.69,69.9,0.86,0.67,0.1,0.0,0.0,4.14,28,1.33,0.76,0.57,0.05,0.33,40.03,52,2.47,22.44,3.04,1.9,1.0,0.14,0.0,4.75,37.1,43.7,6,0.29,22.2,0.05,0.0,0.0,0.0,0.0,0.0,0.0,0.0,0.0,0.0,0.0,0.0,0.0,0.0,0.0,0.0,0.0,0.0
Maghnes Akliouche,France,23.0,2002.0,Right Winger,183.0,2028-06-30,FR1,Association sportive de Monaco Football Club,40000000.0,75,90,44,96,86,78,88,75,54,64,69,8,0,0,76,0,94,0,9,https://img.a.transfermarkt.technology/portrait/header/745200-1717406573.jpg?lm=1,32,27,2406,26.7,0.19,0.37,0.56,4,0.15,-0.16,0.04,8.4,0.31,0.27,4.75,2.7,2.28,0.64,0.07,27.9,6.47,8.45,989,37.0,81.3,3.37,2.39,0.11,0.0,0.3,1.98,51,1.91,0.56,0.49,0.0,0.3,58.58,50,1.87,37.37,2.92,1.76,1.16,0.0,0.0,4.9,46.3,48.5,5,0.19,17.9,0.07,0.0,0.0,0.0,0.0,0.0,0.0,0.0,0.0,0.0,0.0,0.0,0.0,0.0,0.0,0.0,0.0,0.0
Amin Sarr,Sweden,24.0,2001.0,Centre-Forward,188.0,2025-06-30,IT1,Verona Hellas Football Club,4000000.0,25,9,35,49,41,52,49,57,68,28,22,74,0,0,24,0,45,0,60,https://img.a.transfermarkt.technology/portrait/header/748382-1695624167.jpg?lm=1,32,25,1907,21.2,0.19,0.05,0.24,4,0.19,0.04,0.0,3.2,0.15,0.1,1.46,-1.1,1.09,0.33,0.17,30.4,1.93,4.86,322,15.2,70.0,1.23,0.76,0.09,0.0,0.05,0.33,22,1.04,0.14,0.66,0.0,0.09,32.09,14,0.66,16.33,2.69,1.23,2.22,0.0,0.05,1.98,50.0,43.8,65,3.07,41.7,0.05,0.0,0.0,0.0,0.0,0.0,0.0,0.0,0.0,0.0,0.0,0.0,0.0,0.0,0.0,0.0,0.0,0.0
Dango Ouattara,Burkina Faso,23.0,2002.0,Left Winger,177.0,2028-06-30,GB1,Association Football Club Bournemouth,25000000.0,72,93,79,10,75,71,33,67,63,67,11,94,0,0,85,0,3,0,87,https://img.a.transfermarkt.technology/portrait/header/823231-1737452292.jpg?lm=1,32,21,2005,22.3,0.31,0.18,0.49,7,0.31,-0.06,0.0,8.4,0.38,0.25,3.55,-1.5,2.78,0.9,0.11,32.3,1.93,8.57,367,16.47,60.0,0.94,1.17,0.49,0.0,0.22,3.95,35,1.57,0.49,2.29,0.0,0.04,43.05,39,1.75,22.08,2.83,1.44,0.72,0.0,0.0,4.13,41.5,47.6,45,2.02,41.7,0.13,0.0,0.0,0.0,0.0,0.0,0.0,0.0,0.0,0.0,0.0,0.0,0.0,0.0,0.0,0.0,0.0,0.0
Dimitri Foulquier,Guadeloupe,32.0,1993.0,Right-Back,183.0,2025-06-30,ES1,Valencia Club de Fútbol S. A. D.,2000000.0,36,26,27,46,25,11,51,50,53,46,0,19,0,0,59,0,45,0,21,https://img.a.transfermarkt.technology/portrait/header/170472-1447230887.jpg?lm=1,32,25,2299,25.5,0.0,0.04,0.04,0,0.0,-0.02,0.0,0.4,0.02,0.05,1.88,-0.4,0.51,0.08,0.0,15.4,3.8,2.58,1007,39.42,78.9,3.01,0.59,0.23,0.0,0.16,2.23,48,1.88,0.63,3.37,0.04,0.0,59.9,8,0.31,29.32,1.17,0.63,0.94,0.0,0.0,3.8,66.7,24.2,13,0.51,39.4,0.23,0.0,0.0,0.0,0.0,0.0,0.0,0.0,0.0,0.0,0.0,0.0,0.0,0.0,0.0,0.0,0.0,0.0
Robert Sánchez,Spain,27.0,1997.0,Goalkeeper,197.0,2030-06-30,GB1,Chelsea Football Club,20000000.0,61,0,0,72,61,0,85,66,2,5,0,88,82,76,1,51,40,76,96,https://img.a.transfermarkt.technology/portrait/header/403151-1695028195.jpg?lm=1,32,32,2880,32.0,0.0,0.0,0.0,0,0.0,0.0,0.0,0.0,0.0,0.0,0.0,-0.1,0.0,0.0,0.0,0.0,0.03,0.0,871,27.22,69.8,0.81,0.03,0.0,14.5,0.19,0.0,0,0.0,0.06,0.75,0.31,0.0,41.31,0,0.0,27.53,0.0,0.0,0.06,0.0,0.06,1.34,0.0,0.0,12,0.38,100.0,0.16,0.0,1.06,3.97,2.88,1.12,1.7,0.05,0.0,0.03,5.94,1.47,76.4,31.3,33.4,33.2,12.7,1.78
Kilian Fischer,Germany,24.0,2000.0,Right-Back,182.0,2027-06-30,L1,Verein für Leibesübungen Wolfsburg,6000000.0,33,15,61,59,5,36,51,36,37,27,0,34,0,0,35,0,41,0,24,https://img.a.transfermarkt.technology/portrait/header/435796-1657202527.jpg?lm=1,32,29,2297,25.5,0.04,0.0,0.04,1,0.04,0.03,0.0,0.3,0.01,0.02,2.0,-0.5,0.24,0.04,0.17,16.7,4.31,3.49,976,38.24,78.6,2.86,0.78,0.12,0.0,0.16,1.53,64,2.51,0.74,3.84,0.08,0.0,59.91,10,0.39,27.58,1.21,0.35,1.33,0.0,0.0,3.29,52.8,43.5,21,0.82,36.8,0.27,0.0,0.0,0.0,0.0,0.0,0.0,0.0,0.0,0.0,0.0,0.0,0.0,0.0,0.0,0.0,0.0,0.0
Sergi Altimira,Spain,23.0,2001.0,Central Midfield,188.0,2028-06-30,ES1,Real Betis Balompié S.A.D.,10000000.0,49,47,6,64,41,71,58,94,11,63,54,15,0,0,13,0,81,0,15,https://img.a.transfermarkt.technology/portrait/header/466801-1676910380.png?lm=1,32,22,1972,21.9,0.0,0.05,0.05,0,0.0,-0.08,0.0,1.6,0.07,0.08,1.14,-0.7,0.96,0.18,0.0,19.0,4.52,1.37,1123,51.25,89.3,4.15,0.59,0.0,0.0,0.73,0.23,61,2.78,1.1,1.96,0.14,0.05,69.42,16,0.73,41.44,1.23,0.96,1.6,0.05,0.0,5.34,60.0,66.7,11,0.5,33.3,0.18,0.0,0.0,0.0,0.0,0.0,0.0,0.0,0.0,0.0,0.0,0.0,0.0,0.0,0.0,0.0,0.0,0.0
Juanlu Sánchez,Spain,21.0,2003.0,Right-Back,186.0,2029-06-30,ES1,Sevilla Fútbol Club S.A.D.,12000000.0,55,91,97,47,81,46,45,56,74,11,0,58,0,0,65,0,72,0,53,https://img.a.transfermarkt.technology/portrait/header/676042-1695240552.jpg?lm=1,32,18,1722,19.1,0.21,0.21,0.42,4,0.21,0.09,0.0,2.2,0.11,0.15,2.3,1.2,0.68,0.31,0.31,46.2,3.55,4.34,568,29.69,81.5,2.67,0.73,0.26,0.0,0.1,2.09,50,2.61,0.89,0.99,0.0,0.0,46.2,11,0.57,22.26,1.25,0.63,0.94,0.0,0.0,3.4,60.3,39.3,19,0.99,50.0,0.31,0.05,0.0,0.0,0.0,0.0,0.0,0.0,0.0,0.0,0.0,0.0,0.0,0.0,0.0,0.0,0.0,0.0
Kevin Akpoguma,Nigeria,30.0,1995.0,Centre-Back,192.0,2026-06-30,L1,Turn- und Sportgemeinschaft 1899 Hoffenheim Fußball-Spielbetriebs,2500000.0,56,3,42,70,37,65,48,78,65,43,77,39,0,0,24,0,51,0,25,https://img.a.transfermarkt.technology/portrait/header/160241-1723920979.jpg?lm=1,32,23,2220,24.7,0.0,0.0,0.0,0,0.0,-0.0,0.0,0.1,0.0,0.01,0.57,-0.3,0.2,0.04,0.0,20.0,3.97,0.65,1193,48.36,87.1,4.09,0.41,0.0,0.0,0.2,0.49,54,2.19,1.18,4.66,0.04,0.04,68.59,8,0.32,36.16,0.45,0.36,1.01,0.0,0.16,4.34,65.2,53.3,48,1.95,50.5,0.12,0.0,0.0,0.0,0.0,0.0,0.0,0.0,0.0,0.0,0.0,0.0,0.0,0.0,0.0,0.0,0.0,0.0
Mario Gila,Spain,24.0,2000.0,Centre-Back,185.0,2027-06-30,IT1,Società Sportiva Lazio S.p.A.,28000000.0,58,59,54,90,54,18,94,57,21,44,0,48,0,0,29,0,90,0,33,https://img.a.transfermarkt.technology/portrait/header/618341-1730127774.jpg?lm=1,32,31,2741,30.5,0.03,0.0,0.03,1,0.03,-0.0,0.0,1.1,0.04,0.02,1.58,-0.6,0.49,0.13,0.07,26.7,5.16,0.39,1878,61.66,91.6,5.29,0.3,0.03,0.0,0.69,0.16,55,1.81,0.95,3.74,0.13,0.0,76.8,4,0.13,48.5,0.56,0.23,1.05,0.0,0.0,4.99,66.1,26.7,66,2.17,51.6,0.26,0.0,0.0,0.0,0.0,0.0,0.0,0.0,0.0,0.0,0.0,0.0,0.0,0.0,0.0,0.0,0.0,0.0
Iván Sánchez,Spain,32.0,1992.0,Right Winger,169.0,2025-06-30,ES1,Real Valladolid Club de Fútbol S.A.D.,600000.0,35,1,30,79,57,87,64,92,89,29,73,75,0,0,63,0,48,0,80,https://img.a.transfermarkt.technology/portrait/header/221311-1601023639.jpg?lm=1,32,11,1404,15.6,0.13,0.06,0.19,2,0.13,0.08,0.0,0.7,0.04,0.19,3.85,-1.9,0.96,0.32,0.13,33.3,4.94,5.96,422,27.05,71.4,3.33,1.47,0.96,0.0,0.83,7.31,37,2.37,0.9,0.64,0.0,0.32,48.4,28,1.79,29.94,1.54,1.35,0.96,0.0,0.0,3.78,44.4,57.1,11,0.71,50.0,0.26,0.0,0.0,0.0,0.0,0.0,0.0,0.0,0.0,0.0,0.0,0.0,0.0,0.0,0.0,0.0,0.0,0.0
Joe Scally,United States,22.0,2002.0,Right-Back,184.0,2027-06-30,L1,Borussia Verein für Leibesübungen 1900 Mönchengladbach,10000000.0,32,20,36,27,15,88,62,21,37,50,40,46,0,0,37,0,56,0,41,https://img.a.transfermarkt.technology/portrait/header/504153-1662965954.jpg?lm=1,32,30,2578,28.6,0.0,0.0,0.0,0,0.0,-0.01,0.0,0.4,0.01,0.04,1.82,-1.1,0.21,0.03,0.0,16.7,2.37,2.41,1300,45.38,83.4,2.09,0.52,0.24,0.0,0.35,1.75,45,1.57,0.56,3.0,0.07,0.03,64.58,31,1.08,34.21,0.87,0.8,0.8,0.0,0.03,3.39,58.7,52.5,24,0.84,46.2,0.21,0.0,0.0,0.0,0.0,0.0,0.0,0.0,0.0,0.0,0.0,0.0,0.0,0.0,0.0,0.0,0.0,0.0
Oladapo Afolayan,England,27.0,1998.0,Right Winger,180.0,,L1,Fußball-Club St. Pauli von 1910,4000000.0,47,43,39,10,60,94,40,33,40,44,80,71,0,0,67,0,28,0,46,https://img.a.transfermarkt.technology/portrait/header/487850-1723632432.jpeg?lm=1,32,17,1639,18.2,0.16,0.05,0.22,3,0.16,-0.01,0.0,3.1,0.17,0.21,2.91,-2.8,2.09,0.71,0.08,34.2,1.76,5.93,320,17.57,69.4,1.26,0.77,0.55,0.0,0.22,2.91,17,0.93,0.44,1.1,0.0,0.27,40.69,48,2.64,27.18,3.46,2.47,1.15,0.05,0.0,3.95,36.8,49.0,19,1.04,29.7,0.16,0.0,0.0,0.0,0.0,0.0,0.0,0.0,0.0,0.0,0.0,0.0,0.0,0.0,0.0,0.0,0.0,0.0
Benedikt Gimber,Germany,28.0,1997.0,Centre-Back,187.0,2028-06-30,L1,1. Fußballclub Heidenheim 1846,3000000.0,40,35,19,6,20,53,13,66,66,7,70,56,0,0,46,0,9,0,45,https://img.a.transfermarkt.technology/portrait/header/227084-1657099906.jpg?lm=1,32,32,2671,29.7,0.0,0.0,0.0,0,0.0,-0.02,0.0,0.7,0.02,0.01,0.24,-0.3,0.47,0.03,0.0,7.1,1.55,0.27,1058,35.65,82.5,1.58,0.07,0.0,0.0,0.2,0.1,72,2.43,1.04,4.41,0.03,0.03,55.36,8,0.27,29.15,0.84,0.24,2.06,0.0,0.07,3.3,60.3,50.0,66,2.22,55.9,0.3,0.0,0.0,0.0,0.0,0.0,0.0,0.0,0.0,0.0,0.0,0.0,0.0,0.0,0.0,0.0,0.0,0.0
Dean Huijsen,Spain,20.0,2005.0,Centre-Back,197.0,2030-06-30,GB1,Association Football Club Bournemouth,42000000.0,75,85,93,76,96,19,92,87,16,19,77,70,0,0,20,0,71,0,65,https://img.a.transfermarkt.technology/portrait/header/890290-1740065734.jpg?lm=1,32,26,2427,27.0,0.11,0.07,0.19,3,0.11,0.04,0.0,1.9,0.07,0.07,1.52,0.0,0.67,0.11,0.17,16.7,4.89,0.37,1355,50.25,83.4,6.67,0.26,0.07,0.0,0.56,0.44,36,1.33,1.89,7.34,0.15,0.04,74.94,2,0.07,41.46,0.74,0.04,1.15,0.0,0.0,3.89,62.1,40.0,68,2.52,60.7,0.37,0.0,0.0,0.0,0.0,0.0,0.0,0.0,0.0,0.0,0.0,0.0,0.0,0.0,0.0,0.0,0.0,0.0
Iván Martín,Spain,26.0,1999.0,Attacking Midfield,178.0,2028-06-30,ES1,Girona Fútbol Club S. A. D.,10000000.0,27,10,10,86,18,55,86,58,53,90,8,7,0,0,53,0,99,0,6,https://img.a.transfermarkt.technology/portrait/header/341278-1703177977.jpg?lm=1,32,24,2039,22.7,0.04,0.04,0.09,1,0.04,-0.04,0.0,1.8,0.08,0.08,2.56,-0.9,0.49,0.13,0.09,27.3,5.78,3.35,1251,55.22,90.2,4.46,0.66,0.13,0.0,0.04,0.93,32,1.41,0.49,0.66,0.04,0.04,69.61,25,1.1,46.13,1.9,1.19,0.93,0.0,0.0,4.86,44.1,53.2,4,0.18,18.2,0.04,0.0,0.0,0.0,0.0,0.0,0.0,0.0,0.0,0.0,0.0,0.0,0.0,0.0,0.0,0.0,0.0,0.0
Brice Samba,France,31.0,1994.0,Goalkeeper,187.0,2029-06-30,FR1,Stade Rennais Football Club,15000000.0,72,0,0,87,58,69,57,81,19,25,0,36,80,90,19,28,43,65,84,https://img.a.transfermarkt.technology/portrait/header/191056-1602242038.jpg?lm=1,32,32,2879,32.0,0.0,0.0,0.0,0,0.0,0.0,0.0,0.0,0.0,0.0,0.0,0.0,0.0,0.0,0.0,0.0,0.06,0.0,940,29.39,79.42,0.69,0.03,0.0,14.56,0.19,0.0,2,0.06,0.03,0.56,0.16,0.0,39.76,1,0.03,22.73,0.0,0.0,0.0,0.0,0.0,1.47,50.0,100.0,5,0.16,100.0,0.13,0.0,1.28,4.41,3.06,1.46,5.7,0.18,0.0,0.06,3.91,1.03,74.75,37.51,30.08,26.88,9.21,1.16
Pablo Marí,Spain,31.0,1993.0,Centre-Back,193.0,2027-06-30,IT1,Associazione Calcio Fiorentina,3500000.0,51,13,37,44,7,84,31,79,59,27,0,74,0,0,44,0,59,0,80,https://img.a.transfermarkt.technology/portrait/header/210178-1739282325.jpg?lm=1,32,31,2726,30.3,0.0,0.0,0.0,0,0.0,-0.01,0.0,0.3,0.01,0.0,0.23,-0.1,0.23,0.03,0.0,20.0,2.81,0.03,1562,51.57,90.31,2.67,0.0,0.0,0.0,0.17,0.03,40,1.32,2.05,5.91,0.07,0.0,68.67,6,0.2,38.76,0.13,0.23,1.35,0.0,0.03,3.24,53.13,100.0,71,2.34,68.44,0.2,0.03,0.0,0.0,0.0,0.0,0.0,0.0,0.0,0.0,0.0,0.0,0.0,0.0,0.0,0.0,0.0,0.0
Piero Hincapié,Ecuador,23.0,2002.0,Centre-Back,184.0,2029-06-30,L1,Bayer 04 Leverkusen Fußball,50000000.0,65,98,80,97,100,22,95,44,72,48,0,60,0,0,83,0,98,0,54,https://img.a.transfermarkt.technology/portrait/header/659813-1727377918.jpg?lm=1,32,28,2670,29.7,0.07,0.07,0.13,2,0.07,-0.03,0.0,2.9,0.1,0.11,1.75,-1.2,0.74,0.1,0.09,13.6,5.12,2.43,1855,62.53,87.9,5.39,0.54,0.24,0.0,0.24,1.25,52,1.75,1.08,3.84,0.03,0.0,82.79,5,0.17,46.04,0.64,0.17,0.88,0.0,0.0,3.54,61.0,29.4,65,2.19,60.2,0.27,0.0,0.0,0.0,0.0,0.0,0.0,0.0,0.0,0.0,0.0,0.0,0.0,0.0,0.0,0.0,0.0,0.0
Conor Gallagher,England,25.0,2000.0,Central Midfield,182.0,2029-06-30,ES1,Club Atlético de Madrid S.A.D.,40000000.0,56,81,79,43,41,68,56,62,69,73,88,13,0,0,91,0,51,0,11,https://img.a.transfermarkt.technology/portrait/header/488362-1668500476.jpg?lm=1,32,19,1633,18.1,0.17,0.17,0.33,3,0.17,0.01,0.0,2.8,0.15,0.07,1.27,1.8,1.21,0.22,0.14,18.2,3.53,3.53,714,39.35,85.0,2.59,0.77,0.06,0.0,0.06,0.72,45,2.48,1.1,1.27,0.0,0.17,58.53,17,0.94,37.09,1.38,1.27,1.76,0.06,0.0,5.9,44.9,40.5,9,0.5,30.0,0.11,0.0,0.0,0.0,0.0,0.0,0.0,0.0,0.0,0.0,0.0,0.0,0.0,0.0,0.0,0.0,0.0,0.0
Nicolò Fagioli,Italy,24.0,2001.0,Central Midfield,178.0,2025-06-30,IT1,Associazione Calcio Fiorentina,18000000.0,43,36,45,74,88,55,86,35,17,64,36,13,0,0,18,0,85,0,24,https://img.a.transfermarkt.technology/portrait/header/432090-1695025310.jpg?lm=1,32,15,1533,17.0,0.06,0.12,0.18,1,0.06,-0.01,0.0,1.1,0.06,0.19,2.0,-1.3,1.29,0.29,0.05,33.66,5.34,2.17,889,52.19,86.05,4.76,1.17,0.12,0.0,0.76,2.35,32,1.88,0.41,1.06,0.12,0.06,69.33,12,0.7,46.44,1.64,0.76,1.12,0.0,0.0,4.64,52.19,49.03,3,0.18,40.0,0.23,0.0,0.0,0.0,0.0,0.0,0.0,0.0,0.0,0.0,0.0,0.0,0.0,0.0,0.0,0.0,0.0,0.0
Arnau Martínez,Spain,22.0,2003.0,Right-Back,182.0,2027-06-30,ES1,Girona Fútbol Club S. A. D.,10000000.0,58,68,81,88,48,70,65,32,46,82,60,62,0,0,40,0,90,0,67,https://img.a.transfermarkt.technology/portrait/header/826224-1701444094.jpg?lm=1,32,30,2624,29.2,0.07,0.07,0.14,2,0.07,0.03,0.0,1.2,0.04,0.08,1.41,-0.2,0.65,0.21,0.11,31.6,5.56,3.5,1603,54.98,86.4,5.32,0.48,0.14,0.0,0.17,1.99,51,1.75,1.06,2.61,0.07,0.07,72.3,20,0.69,40.54,0.86,0.48,0.69,0.0,0.03,4.29,50.8,54.1,29,0.99,56.9,0.1,0.0,0.0,0.0,0.0,0.0,0.0,0.0,0.0,0.0,0.0,0.0,0.0,0.0,0.0,0.0,0.0,0.0
Weston McKennie,United States,26.0,1998.0,Central Midfield,185.0,2026-06-30,IT1,Juventus Football Club,24000000.0,62,75,59,66,79,68,35,43,73,78,59,80,0,0,75,0,54,0,74,https://img.a.transfermarkt.technology/portrait/header/332697-1642687384.jpg?lm=1,32,27,2310,25.7,0.08,0.16,0.23,2,0.08,-0.04,0.0,2.9,0.11,0.14,1.09,0.4,0.86,0.31,0.09,36.4,3.94,5.96,928,36.16,83.1,2.73,0.86,0.08,0.0,0.16,0.74,33,1.29,0.55,1.44,0.0,0.12,52.6,20,0.78,28.01,1.6,1.01,1.21,0.0,0.04,4.05,59.1,58.8,35,1.36,53.8,0.12,0.0,0.0,0.0,0.0,0.0,0.0,0.0,0.0,0.0,0.0,0.0,0.0,0.0,0.0,0.0,0.0,0.0
Abde Ezzalzouli,Morocco,23.0,2001.0,Left Winger,177.0,2029-06-30,ES1,Real Betis Balompié S.A.D.,12000000.0,62,88,19,55,14,78,84,71,45,63,72,83,0,0,78,0,32,0,74,https://img.a.transfermarkt.technology/portrait/header/724520-1636969902.jpg?lm=1,32,23,1984,22.0,0.09,0.09,0.18,2,0.09,-0.27,0.0,7.2,0.33,0.09,5.31,0.0,2.77,1.13,0.03,41.0,3.08,9.75,542,24.59,71.6,1.91,0.86,0.09,0.0,0.18,2.22,37,1.68,0.32,0.86,0.0,0.18,49.04,46,2.09,32.03,2.9,2.27,1.04,0.09,0.0,4.63,55.6,44.7,26,1.18,41.3,0.09,0.0,0.0,0.0,0.0,0.0,0.0,0.0,0.0,0.0,0.0,0.0,0.0,0.0,0.0,0.0,0.0,0.0
Andrey Santos,Brazil,21.0,2004.0,Central Midfield,180.0,2025-06-30,FR1,Racing Club de Strasbourg Alsace,25000000.0,74,94,99,45,55,44,36,96,68,62,52,81,0,0,56,0,80,0,87,https://img.a.transfermarkt.technology/portrait/header/743600-1732576153.png?lm=1,32,32,2855,31.7,0.32,0.09,0.41,10,0.32,0.15,0.0,5.1,0.16,0.1,0.91,-0.3,1.45,0.5,0.22,34.8,4.7,0.82,1401,44.16,88.2,4.44,0.47,0.0,0.0,0.03,0.0,110,3.47,1.01,2.11,0.03,0.06,62.51,18,0.57,32.0,1.39,0.35,0.91,0.03,0.03,5.93,58.6,48.6,37,1.17,60.7,0.25,0.0,0.0,0.0,0.0,0.0,0.0,0.0,0.0,0.0,0.0,0.0,0.0,0.0,0.0,0.0,0.0,0.0
Cristian Cásseres Jr.,Venezuela,25.0,2000.0,Central Midfield,176.0,2027-06-30,FR1,Toulouse Football Club,5000000.0,50,22,34,31,51,64,34,94,70,24,76,66,0,0,56,0,26,0,78,https://img.a.transfermarkt.technology/portrait/header/467632-1646141354.JPG?lm=1,32,31,2696,30.0,0.03,0.1,0.13,1,0.03,0.0,0.0,1.0,0.03,0.09,1.03,0.4,0.57,0.17,0.06,29.4,4.27,1.54,1120,37.39,78.8,2.97,0.77,0.23,0.0,0.3,2.67,96,3.2,1.4,1.2,0.03,0.17,57.65,22,0.73,29.14,1.3,0.4,1.77,0.0,0.0,5.74,52.3,57.9,24,0.8,58.5,0.37,0.0,0.0,0.0,0.0,0.0,0.0,0.0,0.0,0.0,0.0,0.0,0.0,0.0,0.0,0.0,0.0,0.0
Ainsley Maitland-Niles,England,27.0,1997.0,Right-Back,180.0,2027-06-30,FR1,Olympique Lyonnais,10000000.0,67,96,52,81,82,63,48,84,1,92,0,40,0,0,2,0,89,0,49,https://img.a.transfermarkt.technology/portrait/header/285845-1702991138.jpg?lm=1,32,20,1985,22.1,0.05,0.18,0.23,1,0.05,-0.09,0.0,2.9,0.13,0.15,1.5,0.6,1.0,0.32,0.05,31.8,4.62,4.99,1049,47.56,85.0,2.99,1.36,0.32,0.0,0.32,2.18,71,3.22,1.13,2.77,0.27,0.0,68.42,17,0.77,34.01,1.27,0.91,0.73,0.0,0.0,4.04,63.2,42.5,15,0.68,51.7,0.05,0.0,0.0,0.0,0.0,0.0,0.0,0.0,0.0,0.0,0.0,0.0,0.0,0.0,0.0,0.0,0.0,0.0
Joshua Zirkzee,Netherlands,24.0,2001.0,Centre-Forward,193.0,2029-06-30,GB1,Manchester United Football Club,35000000.0,36,39,26,70,40,42,51,86,11,85,32,23,0,0,15,0,63,0,15,https://img.a.transfermarkt.technology/portrait/header/435648-1651087961.jpg?lm=1,32,14,1402,15.6,0.19,0.06,0.26,3,0.19,-0.12,0.0,4.8,0.31,0.1,0.9,-0.5,1.8,0.71,0.11,39.3,2.82,4.43,292,18.74,71.2,1.67,0.39,0.0,0.0,0.13,0.26,14,0.9,0.39,0.51,0.06,0.06,37.68,11,0.71,20.99,2.63,1.93,0.58,0.06,0.0,3.66,50.0,31.4,21,1.35,28.0,0.13,0.0,0.0,0.0,0.0,0.0,0.0,0.0,0.0,0.0,0.0,0.0,0.0,0.0,0.0,0.0,0.0,0.0
Andrej Kramaric,Croatia,33.0,1991.0,Attacking Midfield,177.0,2025-06-30,L1,Turn- und Sportgemeinschaft 1899 Hoffenheim Fußball-Spielbetriebs,4000000.0,72,97,90,65,56,19,59,34,62,83,13,20,0,0,61,0,47,0,23,https://img.a.transfermarkt.technology/portrait/header/46580-1657201316.jpg?lm=1,32,32,2767,30.7,0.36,0.26,0.62,8,0.26,-0.03,0.1,9.5,0.31,0.14,2.44,3.7,2.15,0.75,0.12,34.8,4.65,6.57,1021,33.21,77.7,3.29,1.24,0.49,0.0,0.16,3.77,15,0.49,0.23,0.36,0.03,0.07,50.55,20,0.65,30.51,1.5,1.24,0.39,0.0,0.0,4.42,54.5,42.6,8,0.26,25.8,0.13,0.0,0.0,0.0,0.0,0.0,0.0,0.0,0.0,0.0,0.0,0.0,0.0,0.0,0.0,0.0,0.0,0.0
Aurélien Tchouaméni,France,25.0,2000.0,Defensive Midfield,188.0,2028-06-30,ES1,Real Madrid Club de Fútbol,80000000.0,55,73,4,73,12,41,54,56,78,80,0,96,0,0,65,0,91,0,99,https://img.a.transfermarkt.technology/portrait/header/413112-1668500754.jpg?lm=1,32,31,2689,29.9,0.0,0.0,0.0,0,0.0,-0.06,0.0,1.7,0.06,0.02,0.64,-0.6,0.64,0.1,0.0,15.8,5.15,0.44,1869,62.55,92.3,5.89,0.3,0.03,0.0,0.3,0.4,47,1.57,1.54,3.08,0.03,0.0,77.78,10,0.33,48.2,0.77,0.27,0.87,0.0,0.03,4.79,51.2,62.5,74,2.48,73.3,0.17,0.0,0.0,0.0,0.0,0.0,0.0,0.0,0.0,0.0,0.0,0.0,0.0,0.0,0.0,0.0,0.0,0.0
Jules Koundé,France,26.0,1998.0,Right-Back,180.0,2027-06-30,ES1,Futbol Club Barcelona,60000000.0,67,82,80,96,74,64,76,58,36,77,0,65,0,0,48,0,97,0,68,https://img.a.transfermarkt.technology/portrait/header/411975-1702502639.jpg?lm=1,32,29,2605,28.9,0.07,0.1,0.17,2,0.07,0.01,0.0,1.8,0.06,0.13,1.52,-0.9,0.62,0.21,0.11,33.3,5.7,6.56,1856,64.12,86.7,5.32,1.0,0.28,0.0,0.45,2.18,63,2.18,0.69,2.35,0.07,0.0,84.75,22,0.76,44.46,1.42,0.45,0.76,0.0,0.0,3.7,66.7,44.0,30,1.04,56.6,0.14,0.0,0.0,0.0,0.0,0.0,0.0,0.0,0.0,0.0,0.0,0.0,0.0,0.0,0.0,0.0,0.0,0.0
Malo Gusto,France,22.0,2003.0,Right-Back,178.0,2030-06-30,GB1,Chelsea Football Club,35000000.0,53,83,1,92,43,7,89,54,2,58,0,14,0,0,3,0,90,0,16,https://img.a.transfermarkt.technology/portrait/header/620322-1672831209.jpg?lm=1,32,19,1862,20.7,0.0,0.05,0.05,0,0.0,-0.08,0.0,1.7,0.08,0.07,2.37,-0.4,1.06,0.19,0.0,18.2,5.75,4.11,1197,57.86,86.5,5.37,0.92,0.34,0.0,0.15,2.56,45,2.18,1.16,2.37,0.24,0.0,77.05,4,0.19,42.58,0.87,0.82,0.97,0.0,0.0,5.7,52.1,25.0,9,0.44,37.5,0.19,0.0,0.0,0.0,0.0,0.0,0.0,0.0,0.0,0.0,0.0,0.0,0.0,0.0,0.0,0.0,0.0,0.0
Stanislav Lobotka,Slovakia,30.0,1994.0,Defensive Midfield,168.0,2027-06-30,IT1,Società Sportiva Calcio Napoli,25000000.0,37,5,14,60,37,43,64,32,84,93,0,13,0,0,67,0,80,0,22,https://img.a.transfermarkt.technology/portrait/header/192735-1661509021.jpg?lm=1,32,31,2636,29.3,0.0,0.03,0.03,0,0.0,-0.01,0.0,0.3,0.01,0.04,1.02,-0.2,0.24,0.0,0.0,0.0,4.03,1.09,1600,54.63,90.8,3.76,0.68,0.03,0.0,0.34,0.07,47,1.6,0.72,1.95,0.03,0.0,67.16,8,0.27,38.34,0.44,0.41,0.82,0.0,0.03,5.67,61.3,72.7,6,0.2,50.0,0.1,0.0,0.0,0.0,0.0,0.0,0.0,0.0,0.0,0.0,0.0,0.0,0.0,0.0,0.0,0.0,0.0,0.0
Robin Zentner,Germany,30.0,1994.0,Goalkeeper,195.0,2028-06-30,L1,1. Fußball- und Sportverein Mainz 05,4000000.0,68,96,0,43,91,0,60,80,24,30,0,63,72,82,24,89,89,69,85,https://img.a.transfermarkt.technology/portrait/header/160963-1676499369.jpg?lm=1,32,32,2880,32.0,0.0,0.0,0.0,0,0.0,0.0,0.0,0.0,0.0,0.01,0.0,-0.3,0.03,0.0,0.0,0.0,0.06,0.0,732,22.88,62.9,1.62,0.12,0.0,14.0,0.06,0.0,2,0.06,0.0,0.97,0.12,0.0,40.22,0,0.0,23.47,0.06,0.0,0.03,0.0,0.03,1.75,50.0,0.0,8,0.25,100.0,0.09,0.0,1.28,4.44,3.12,1.41,4.0,0.12,0.0,0.03,4.12,1.41,73.9,28.1,38.7,46.2,8.6,1.81
Jack Taylor,Ireland,26.0,1998.0,Central Midfield,185.0,2026-06-30,GB1,Ipswich Town Football Club,3000000.0,33,34,51,46,17,18,33,50,90,19,0,43,0,0,77,0,43,0,46,https://img.a.transfermarkt.technology/portrait/header/458178-1706522764.jpg?lm=1,32,4,860,9.6,0.1,0.0,0.1,1,0.1,0.03,0.0,0.7,0.07,0.05,1.15,-0.5,1.99,0.42,0.05,21.1,4.5,2.41,349,36.52,83.1,3.14,0.84,0.1,0.0,0.31,0.63,20,2.09,0.94,2.51,0.0,0.0,55.78,4,0.42,26.48,1.05,0.63,1.67,0.0,0.0,5.55,44.4,36.4,7,0.73,46.7,0.42,0.0,0.0,0.0,0.0,0.0,0.0,0.0,0.0,0.0,0.0,0.0,0.0,0.0,0.0,0.0,0.0,0.0
Jonathan David,Canada,25.0,2000.0,Centre-Forward,178.0,2025-06-30,FR1,Lille Olympique Sporting Club,45000000.0,72,82,76,81,75,59,55,56,20,73,61,6,0,0,23,0,93,0,9,https://img.a.transfermarkt.technology/portrait/header/533738-1666690584.jpg?lm=1,32,28,2554,28.4,0.56,0.18,0.74,10,0.35,-0.01,0.21,10.7,0.38,0.16,1.41,0.6,2.33,0.99,0.15,42.4,2.29,6.48,563,19.84,82.1,1.02,0.92,0.0,0.0,0.11,0.14,24,0.85,0.25,0.35,0.04,0.18,33.55,20,0.7,18.25,2.4,1.41,0.88,0.04,0.0,2.33,42.9,47.6,16,0.56,27.6,0.14,0.0,0.0,0.0,0.0,0.0,0.0,0.0,0.0,0.0,0.0,0.0,0.0,0.0,0.0,0.0,0.0,0.0
Jon Moncayola,Spain,27.0,1998.0,Central Midfield,182.0,2031-06-30,ES1,Club Atlético Osasuna,7000000.0,44,49,21,35,83,5,25,53,97,33,0,42,0,0,83,0,19,0,49,https://img.a.transfermarkt.technology/portrait/header/552425-1583310847.jpg?lm=1,32,26,2099,23.3,0.0,0.0,0.0,0,0.0,-0.07,0.0,1.6,0.07,0.16,1.07,-3.7,0.9,0.39,0.0,42.9,4.59,2.19,738,31.64,74.4,3.26,1.07,0.56,0.0,0.39,4.59,70,3.0,0.47,0.86,0.0,0.0,51.37,4,0.17,24.48,1.03,0.34,1.46,0.0,0.0,3.9,51.7,33.3,15,0.64,48.4,0.34,0.0,0.0,0.0,0.0,0.0,0.0,0.0,0.0,0.0,0.0,0.0,0.0,0.0,0.0,0.0,0.0,0.0
Marco Bizot,Netherlands,34.0,1991.0,Goalkeeper,193.0,2026-06-30,FR1,Stade brestois 29,3500000.0,31,0,0,44,22,0,37,78,82,23,0,36,16,16,88,82,77,86,71,https://img.a.transfermarkt.technology/portrait/header/124884-1707302509.jpg?lm=1,32,32,2880,32.0,0.0,0.0,0.0,0,0.0,0.0,0.0,0.0,0.0,0.0,0.0,0.0,0.0,0.0,0.0,0.0,0.03,0.0,775,24.22,69.1,0.25,0.0,0.0,16.2,0.06,0.0,2,0.06,0.0,1.03,0.0,0.0,37.62,0,0.0,20.56,0.06,0.0,0.03,0.0,0.0,1.06,50.0,0.0,5,0.16,100.0,0.12,0.0,1.69,4.0,2.31,1.44,-6.8,-0.21,0.03,0.03,4.19,1.03,64.1,31.3,36.0,42.0,7.2,1.66
Henrikh Mkhitaryan,Armenia,36.0,1989.0,Central Midfield,177.0,2026-06-30,IT1,Football Club Internazionale Milano S.p.A.,4000000.0,52,40,33,91,63,8,91,26,93,77,28,74,0,0,94,0,89,0,87,https://img.a.transfermarkt.technology/portrait/header/55735-1664973670.jpg?lm=1,32,30,2396,26.6,0.04,0.15,0.19,1,0.04,-0.02,0.0,1.5,0.06,0.1,2.7,1.3,0.86,0.08,0.04,8.7,7.47,3.49,1326,49.81,87.4,5.86,1.99,0.19,0.0,0.41,0.9,43,1.62,0.64,1.54,0.0,0.04,65.62,7,0.26,38.91,1.01,0.56,1.24,0.0,0.0,4.92,44.4,26.9,23,0.86,63.9,0.15,0.0,0.0,0.0,0.0,0.0,0.0,0.0,0.0,0.0,0.0,0.0,0.0,0.0,0.0,0.0,0.0,0.0
Lorenz Assignon,France,24.0,2000.0,Right-Back,181.0,2028-06-30,FR1,Stade Rennais Football Club,9000000.0,57,87,89,78,75,79,93,18,38,7,44,86,0,0,53,0,61,0,86,https://img.a.transfermarkt.technology/portrait/header/711969-1666699250.jpg?lm=1,32,27,2357,26.2,0.11,0.15,0.27,3,0.11,0.03,0.0,2.2,0.08,0.13,3.74,0.5,0.84,0.19,0.14,22.7,4.43,7.87,1015,38.76,78.0,2.67,1.07,0.46,0.0,0.19,2.67,49,1.87,0.95,2.83,0.0,0.04,62.55,28,1.07,30.81,2.14,1.3,1.99,0.0,0.04,4.2,44.2,36.4,38,1.45,63.3,0.34,0.0,0.0,0.0,0.0,0.0,0.0,0.0,0.0,0.0,0.0,0.0,0.0,0.0,0.0,0.0,0.0,0.0
Williot Swedberg,Sweden,21.0,2004.0,Left Winger,187.0,2027-06-30,ES1,Real Club Celta de Vigo S. A. D.,5000000.0,48,81,60,22,53,2,18,69,19,57,15,46,0,0,24,0,38,0,46,https://img.a.transfermarkt.technology/portrait/header/764859-1653656881.png?lm=1,32,15,1348,15.0,0.27,0.33,0.6,4,0.27,-0.08,0.0,5.2,0.35,0.17,2.27,2.4,2.14,1.0,0.13,46.9,1.87,7.74,266,17.76,73.3,1.07,0.8,0.07,0.0,0.07,1.2,23,1.54,0.2,0.67,0.07,0.07,37.52,10,0.67,23.43,3.34,1.07,1.4,0.0,0.0,3.07,65.0,22.7,8,0.53,34.8,0.07,0.0,0.0,0.0,0.0,0.0,0.0,0.0,0.0,0.0,0.0,0.0,0.0,0.0,0.0,0.0,0.0,0.0
Nicolai Remberg,Germany,24.0,2000.0,Central Midfield,188.0,,L1,Kieler Sportvereinigung Holstein von 1900,2800000.0,37,41,5,7,9,9,13,52,93,21,55,99,0,0,77,0,13,0,98,https://img.a.transfermarkt.technology/portrait/header/592534-1688646465.jpg?lm=1,32,26,2417,26.9,0.0,0.04,0.04,0,0.0,-0.06,0.0,1.5,0.06,0.03,0.93,0.2,0.89,0.07,0.0,8.3,2.98,1.15,756,28.15,77.9,2.72,0.37,0.11,0.0,0.34,0.3,45,1.68,1.08,3.72,0.0,0.11,49.0,7,0.26,20.55,0.82,0.67,1.6,0.0,0.0,3.76,46.3,28.0,86,3.2,62.3,0.41,0.0,0.0,0.0,0.0,0.0,0.0,0.0,0.0,0.0,0.0,0.0,0.0,0.0,0.0,0.0,0.0,0.0
Jhon Lucumí,Colombia,26.0,1998.0,Centre-Back,187.0,2026-06-30,IT1,Bologna Football Club 1909,18000000.0,50,32,30,75,41,83,89,65,4,31,0,21,0,0,2,0,79,0,17,https://img.a.transfermarkt.technology/portrait/header/413565-1663657119.jpg?lm=1,32,29,2614,29.0,0.0,0.03,0.03,0,0.0,-0.02,0.0,0.6,0.02,0.01,1.17,0.6,0.45,0.07,0.0,15.4,3.72,0.24,1859,64.01,91.1,3.86,0.0,0.0,0.0,0.55,0.14,53,1.82,0.9,3.03,0.24,0.0,78.98,10,0.34,50.41,0.45,0.14,0.76,0.0,0.03,6.06,70.7,71.4,45,1.55,50.0,0.28,0.03,0.0,0.0,0.0,0.0,0.0,0.0,0.0,0.0,0.0,0.0,0.0,0.0,0.0,0.0,0.0,0.0
Yankuba Minteh,The Gambia,20.0,2004.0,Right Winger,180.0,2029-06-30,GB1,Brighton and Hove Albion Football Club,30000000.0,59,56,78,26,74,84,51,76,70,22,22,64,0,0,60,0,9,0,51,https://img.a.transfermarkt.technology/portrait/header/1012534-1694774813.jpg?lm=1,32,20,1838,20.4,0.29,0.2,0.49,6,0.29,0.09,0.0,4.1,0.2,0.24,4.36,-0.9,1.66,0.78,0.18,47.1,2.35,9.84,348,17.04,62.5,0.69,1.76,0.44,0.0,0.2,4.46,49,2.4,0.54,1.52,0.0,0.1,40.94,44,2.15,23.5,2.64,1.37,1.03,0.0,0.0,4.16,37.8,46.8,17,0.83,33.3,0.29,0.0,0.0,0.0,0.0,0.0,0.0,0.0,0.0,0.0,0.0,0.0,0.0,0.0,0.0,0.0,0.0,0.0
Ashley Young,England,39.0,1985.0,Right-Back,175.0,2025-06-30,GB1,Everton Football Club,500000.0,46,20,67,34,70,21,10,79,47,5,73,23,0,0,16,0,19,0,34,https://img.a.transfermarkt.technology/portrait/header/14086-1700736434.jpg?lm=1,32,19,1875,20.8,0.05,0.14,0.19,1,0.05,0.03,0.0,0.3,0.01,0.11,1.15,0.7,0.29,0.14,0.17,50.0,4.32,1.54,708,33.98,70.9,3.74,1.2,0.67,0.0,0.19,3.6,58,2.78,1.2,3.07,0.1,0.1,57.31,7,0.34,23.42,0.53,0.05,1.44,0.0,0.0,3.6,61.4,35.0,10,0.48,47.6,0.34,0.05,0.0,0.0,0.0,0.0,0.0,0.0,0.0,0.0,0.0,0.0,0.0,0.0,0.0,0.0,0.0,0.0
Philipp Lienhart,Austria,28.0,1996.0,Centre-Back,189.0,,L1,Sport-Club Freiburg,15000000.0,45,26,56,79,67,26,92,7,45,75,70,48,0,0,53,0,63,0,52,https://img.a.transfermarkt.technology/portrait/header/225657-1658411602.jpg?lm=1,32,31,2770,30.8,0.03,0.0,0.03,1,0.03,0.02,0.0,0.5,0.02,0.03,1.43,-0.8,0.26,0.03,0.13,12.5,4.48,0.29,1943,63.13,86.2,4.81,0.29,0.0,0.0,0.58,0.29,22,0.71,1.17,4.03,0.1,0.03,81.88,4,0.13,46.92,0.32,0.06,0.71,0.0,0.0,3.67,48.4,40.0,57,1.85,61.3,0.16,0.0,0.0,0.0,0.0,0.0,0.0,0.0,0.0,0.0,0.0,0.0,0.0,0.0,0.0,0.0,0.0,0.0
Koke,Spain,33.0,1992.0,Central Midfield,176.0,2025-06-30,ES1,Club Atlético de Madrid S.A.D.,10000000.0,43,28,43,78,38,21,74,55,42,74,0,30,0,0,32,0,82,0,41,https://img.a.transfermarkt.technology/portrait/header/74229-1664970397.jpg?lm=1,32,20,1926,21.4,0.05,0.05,0.09,1,0.05,-0.0,0.0,1.1,0.05,0.07,1.03,-0.4,0.51,0.19,0.09,36.4,6.17,0.84,1444,67.48,88.0,6.26,1.03,0.28,0.0,0.28,1.03,46,2.15,0.93,1.36,0.09,0.0,85.47,9,0.42,53.18,0.7,0.37,1.07,0.0,0.0,5.7,48.8,40.9,8,0.37,47.1,0.19,0.0,0.0,0.0,0.0,0.0,0.0,0.0,0.0,0.0,0.0,0.0,0.0,0.0,0.0,0.0,0.0,0.0
Dejan Kulusevski,Sweden,25.0,2000.0,Attacking Midfield,186.0,2028-06-30,GB1,Tottenham Hotspur Football Club,60000000.0,65,64,87,58,82,49,95,51,16,45,28,39,0,0,47,0,37,0,51,https://img.a.transfermarkt.technology/portrait/header/431755-1684943454.jpg?lm=1,32,27,2389,26.5,0.26,0.15,0.41,7,0.26,0.11,0.0,4.2,0.16,0.23,4.52,-2.2,1.77,0.64,0.15,36.2,4.67,7.91,658,24.79,73.7,2.34,1.96,0.23,0.0,0.04,3.35,45,1.7,0.49,0.38,0.04,0.11,48.07,38,1.43,31.0,2.9,2.79,1.81,0.0,0.0,4.56,37.3,32.5,10,0.38,40.0,0.11,0.0,0.0,0.0,0.0,0.0,0.0,0.0,0.0,0.0,0.0,0.0,0.0,0.0,0.0,0.0,0.0,0.0
Devis Vásquez,Colombia,27.0,1998.0,Goalkeeper,195.0,2025-06-30,IT1,Empoli Football Club S.r.l.,2000000.0,22,0,0,7,65,69,49,29,24,36,0,54,30,19,27,92,75,7,70,https://img.a.transfermarkt.technology/portrait/header/495722-1730186022.jpg?lm=1,32,32,2880,32.0,0.0,0.0,0.0,0,0.0,0.0,0.0,0.0,0.0,0.0,0.0,0.0,0.0,0.0,0.0,0.0,0.0,0.0,667,20.84,60.4,0.91,0.03,0.0,10.9,0.03,0.0,0,0.0,0.0,0.66,0.12,0.0,36.97,1,0.03,21.84,0.06,0.0,0.03,0.0,0.03,1.38,0.0,100.0,8,0.25,88.9,0.06,0.0,1.41,3.91,2.47,1.25,-4.9,-0.15,0.03,0.03,3.25,1.12,64.8,18.8,39.0,48.5,7.3,0.47
Cyle Larin,Canada,30.0,1995.0,Centre-Forward,188.0,2028-06-30,ES1,Real Club Deportivo Mallorca S.A.D.,3500000.0,42,50,54,17,23,17,32,23,25,40,68,77,0,0,57,0,23,0,68,https://img.a.transfermarkt.technology/portrait/header/343463-1720430112.jpg?lm=1,32,21,1764,19.6,0.36,0.1,0.46,6,0.31,0.01,0.05,6.1,0.31,0.07,1.02,0.6,1.94,0.71,0.16,36.8,1.02,4.85,214,10.92,67.5,0.56,0.15,0.0,0.0,0.0,0.31,12,0.61,0.05,0.82,0.0,0.2,28.62,8,0.41,16.12,3.67,2.96,1.63,0.05,0.0,2.35,33.3,26.7,66,3.37,43.4,0.2,0.0,0.0,0.0,0.0,0.0,0.0,0.0,0.0,0.0,0.0,0.0,0.0,0.0,0.0,0.0,0.0,0.0
Jack Clarke,England,24.0,2000.0,Left Winger,181.0,2029-06-30,GB1,Ipswich Town Football Club,15000000.0,20,5,2,44,56,80,29,94,3,47,0,37,0,0,5,0,70,0,29,https://img.a.transfermarkt.technology/portrait/header/559794-1708003059.jpg?lm=1,32,12,1181,13.1,0.0,0.3,0.3,0,0.0,-0.09,0.0,1.2,0.09,0.18,2.97,1.7,1.3,0.15,0.0,11.8,3.35,4.34,302,23.01,76.8,2.06,0.69,0.0,0.0,0.23,0.99,32,2.44,0.53,2.21,0.15,0.0,42.14,25,1.91,23.62,1.91,1.68,1.14,0.0,0.0,5.72,50.0,50.0,7,0.53,28.0,0.15,0.0,0.0,0.0,0.0,0.0,0.0,0.0,0.0,0.0,0.0,0.0,0.0,0.0,0.0,0.0,0.0,0.0
Phillipp Mwene,Austria,31.0,1994.0,Left-Back,170.0,2026-06-30,L1,1. Fußball- und Sportverein Mainz 05,1800000.0,42,74,50,48,48,64,54,10,40,45,60,26,0,0,63,0,29,0,21,https://img.a.transfermarkt.technology/portrait/header/127573-1722886402.jpg?lm=1,32,32,2607,29.0,0.03,0.14,0.17,1,0.03,-0.02,0.0,1.5,0.05,0.07,2.14,2.1,0.72,0.14,0.05,19.0,3.66,4.97,954,32.93,75.0,2.35,1.31,0.66,0.0,0.07,2.93,51,1.76,0.83,1.76,0.03,0.07,53.68,22,0.76,26.75,1.62,0.9,0.83,0.0,0.0,3.8,41.3,44.0,20,0.69,37.0,0.24,0.0,0.0,0.0,0.0,0.0,0.0,0.0,0.0,0.0,0.0,0.0,0.0,0.0,0.0,0.0,0.0,0.0
Saúl Coco,Equatorial Guinea,26.0,1999.0,Centre-Back,187.0,2028-06-30,IT1,Torino Calcio,12000000.0,41,64,81,25,10,72,45,48,26,16,70,41,0,0,25,0,38,0,29,https://img.a.transfermarkt.technology/portrait/header/588426-1725531089.jpg?lm=1,32,32,2845,31.6,0.06,0.0,0.06,2,0.06,0.03,0.0,1.2,0.04,0.0,0.54,0.0,0.63,0.16,0.1,25.0,2.21,0.09,1350,42.71,88.3,2.34,0.06,0.03,0.0,0.38,0.06,46,1.46,1.2,4.97,0.13,0.03,59.44,7,0.22,35.91,0.41,0.06,1.68,0.0,0.0,2.75,63.3,77.8,62,1.96,51.7,0.32,0.0,0.0,0.0,0.0,0.0,0.0,0.0,0.0,0.0,0.0,0.0,0.0,0.0,0.0,0.0,0.0,0.0
Mitchell Weiser,Germany,31.0,1994.0,Right-Back,177.0,,L1,Sportverein Werder Bremen von 1899,5000000.0,57,99,98,63,85,84,61,18,9,19,91,47,0,0,26,0,38,0,29,https://img.a.transfermarkt.technology/portrait/header/119211-1660208775.jpg?lm=1,32,32,2868,31.9,0.16,0.28,0.44,5,0.16,-0.01,0.0,5.4,0.17,0.15,2.04,4.3,1.35,0.47,0.12,34.9,3.92,6.28,1151,36.12,73.9,2.32,1.26,0.38,0.0,0.22,2.45,61,1.91,0.69,1.91,0.09,0.16,61.16,35,1.1,31.07,2.23,1.13,0.94,0.0,0.0,4.77,50.0,41.7,31,0.97,38.3,0.28,0.03,0.0,0.0,0.0,0.0,0.0,0.0,0.0,0.0,0.0,0.0,0.0,0.0,0.0,0.0,0.0,0.0
Keito Nakamura,Japan,24.0,2000.0,Left Winger,180.0,2028-06-30,FR1,Stade de Reims,10000000.0,62,93,93,39,18,30,28,25,73,48,0,26,0,0,71,0,41,0,36,https://img.a.transfermarkt.technology/portrait/header/405397-1723837290.png?lm=1,32,31,2649,29.4,0.37,0.07,0.44,11,0.37,0.06,0.0,9.1,0.31,0.1,3.06,-0.9,2.85,1.09,0.13,38.1,2.79,6.69,575,19.54,74.2,1.09,0.82,0.34,0.0,0.34,1.9,24,0.82,0.44,0.65,0.0,0.0,37.71,30,1.02,22.93,2.28,1.46,0.99,0.0,0.0,3.94,35.5,38.5,7,0.24,33.3,0.17,0.0,0.0,0.0,0.0,0.0,0.0,0.0,0.0,0.0,0.0,0.0,0.0,0.0,0.0,0.0,0.0,0.0
Mohammed Kudus,Ghana,24.0,2000.0,Right Winger,177.0,2028-06-30,GB1,West Ham United Football Club,50000000.0,61,81,58,65,23,98,57,21,8,38,15,20,0,0,22,0,84,0,18,https://img.a.transfermarkt.technology/portrait/header/543499-1668429218.jpg?lm=1,32,31,2589,28.8,0.17,0.1,0.28,5,0.17,-0.07,0.0,6.9,0.24,0.11,3.41,-0.1,2.61,0.73,0.07,28.0,2.75,7.51,715,24.86,83.6,1.6,1.04,0.52,0.0,0.45,2.82,38,1.32,0.14,0.28,0.07,0.07,44.29,92,3.2,29.27,2.68,3.23,1.36,0.0,0.0,4.8,37.0,44.2,11,0.38,22.0,0.07,0.03,0.0,0.0,0.0,0.0,0.0,0.0,0.0,0.0,0.0,0.0,0.0,0.0,0.0,0.0,0.0,0.0
Diego Moreira,Portugal,20.0,2004.0,Left Winger,179.0,2029-06-30,FR1,Racing Club de Strasbourg Alsace,10000000.0,38,10,23,71,81,77,71,98,83,19,15,80,0,0,40,0,77,0,82,https://img.a.transfermarkt.technology/portrait/header/655006-1732575837.png?lm=1,32,29,2568,28.5,0.07,0.25,0.32,2,0.07,0.0,0.0,2.0,0.07,0.26,3.47,-0.3,0.88,0.28,0.08,32.0,3.05,8.59,1028,36.03,77.5,1.05,1.3,0.35,0.0,0.21,3.26,44,1.54,1.23,2.28,0.0,0.07,59.61,57,2.0,33.4,2.28,1.16,0.91,0.0,0.04,4.87,48.0,45.6,27,0.95,48.2,0.14,0.04,0.0,0.0,0.0,0.0,0.0,0.0,0.0,0.0,0.0,0.0,0.0,0.0,0.0,0.0,0.0,0.0
Donovan Léon,French Guiana,32.0,1992.0,Goalkeeper,187.0,2027-06-30,FR1,Association de la Jeunesse auxerroise,800000.0,84,0,0,16,93,85,52,33,83,19,0,43,66,95,66,95,96,66,38,https://img.a.transfermarkt.technology/portrait/header/170911-1593969267.jpg?lm=1,32,32,2880,32.0,0.0,0.06,0.06,0,0.0,0.0,0.0,0.0,0.0,0.01,0.0,1.6,0.0,0.0,0.0,0.0,0.03,0.0,670,20.94,59.2,1.0,0.06,0.0,14.6,0.12,0.0,0,0.0,0.0,0.81,0.03,0.0,38.47,2,0.06,22.12,0.0,0.0,0.03,0.0,0.03,1.03,0.0,100.0,7,0.22,87.5,0.12,0.0,1.5,5.12,3.69,1.74,10.8,0.34,0.0,0.03,5.41,0.88,73.8,28.1,42.0,53.0,5.4,1.22
Joe Willock,England,25.0,1999.0,Central Midfield,186.0,2027-06-30,GB1,Newcastle United Football Club,28000000.0,44,62,0,64,86,69,89,55,34,25,44,8,0,0,78,0,52,0,8,https://img.a.transfermarkt.technology/portrait/header/340329-1683890024.jpg?lm=1,32,11,1086,12.1,0.0,0.17,0.17,0,0.0,-0.13,0.0,1.6,0.13,0.17,3.15,-0.1,1.49,0.25,0.0,16.7,3.4,7.13,299,24.78,82.6,2.32,0.66,0.0,0.0,0.17,1.49,30,2.49,0.5,0.58,0.0,0.08,44.01,12,0.99,26.93,3.07,1.99,1.91,0.0,0.0,3.31,58.1,35.3,5,0.41,26.3,0.33,0.0,0.0,0.0,0.0,0.0,0.0,0.0,0.0,0.0,0.0,0.0,0.0,0.0,0.0,0.0,0.0,0.0
Tiago Tomás,Portugal,22.0,2002.0,Centre-Forward,180.0,2027-06-30,L1,Verein für Leibesübungen Wolfsburg,12000000.0,49,40,53,65,53,83,73,92,51,30,84,3,0,0,54,0,51,0,3,https://img.a.transfermarkt.technology/portrait/header/616344-1695623995.jpg?lm=1,32,23,1884,20.9,0.29,0.05,0.33,6,0.29,0.03,0.0,5.4,0.26,0.12,1.48,-1.6,2.01,0.96,0.14,47.6,2.39,5.97,329,15.72,69.3,1.58,0.62,0.14,0.0,0.14,1.05,33,1.58,0.43,0.91,0.0,0.29,37.36,29,1.39,24.03,2.63,1.67,1.43,0.05,0.0,3.54,42.9,36.3,9,0.43,23.1,0.33,0.0,0.0,0.0,0.0,0.0,0.0,0.0,0.0,0.0,0.0,0.0,0.0,0.0,0.0,0.0,0.0,0.0
Corentin Tolisso,France,30.0,1994.0,Central Midfield,181.0,2027-06-30,FR1,Olympique Lyonnais,10000000.0,76,96,97,90,89,32,60,62,58,60,28,90,0,0,47,0,84,0,72,https://img.a.transfermarkt.technology/portrait/header/190393-1672830594.jpg?lm=1,32,27,2329,25.9,0.27,0.15,0.43,7,0.27,0.07,0.0,5.3,0.2,0.19,1.2,-0.9,1.97,0.7,0.14,35.3,6.41,5.14,1359,52.52,84.8,5.68,1.35,0.15,0.0,0.5,1.24,57,2.2,0.85,1.58,0.04,0.04,74.08,11,0.43,41.46,1.2,0.77,1.7,0.0,0.04,4.95,52.3,52.4,54,2.09,48.2,0.15,0.0,0.0,0.0,0.0,0.0,0.0,0.0,0.0,0.0,0.0,0.0,0.0,0.0,0.0,0.0,0.0,0.0
Samú Costa,Portugal,24.0,2000.0,Defensive Midfield,185.0,2028-06-30,ES1,Real Club Deportivo Mallorca S.A.D.,15000000.0,51,80,12,54,40,36,48,42,47,16,84,90,0,0,59,0,16,0,93,https://img.a.transfermarkt.technology/portrait/header/657430-1624028681.jpg?lm=1,32,31,2649,29.4,0.0,0.07,0.07,0,0.0,-0.06,0.0,1.8,0.06,0.04,0.82,0.8,1.02,0.27,0.0,26.7,3.94,2.34,1164,39.55,80.7,3.98,0.48,0.17,0.0,0.65,0.68,90,3.06,1.09,2.89,0.03,0.14,62.31,13,0.44,34.96,1.43,1.19,2.11,0.0,0.0,4.38,44.3,39.4,68,2.31,63.0,0.34,0.03,0.0,0.0,0.0,0.0,0.0,0.0,0.0,0.0,0.0,0.0,0.0,0.0,0.0,0.0,0.0,0.0
Marius Wolf,Germany,29.0,1995.0,Right-Back,188.0,2027-06-30,L1,Fußball-Club Augsburg 1907,3000000.0,43,45,59,62,75,69,27,6,54,85,84,18,0,0,64,0,15,0,36,https://img.a.transfermarkt.technology/portrait/header/193900-1723533785.jpg?lm=1,32,28,2144,23.8,0.04,0.13,0.17,1,0.04,0.01,0.0,0.7,0.03,0.13,1.51,-0.2,0.5,0.08,0.08,16.7,4.91,3.99,826,34.67,68.5,3.19,1.05,0.55,0.0,0.13,4.83,27,1.13,1.01,2.14,0.04,0.13,59.9,19,0.8,26.32,1.05,0.67,0.8,0.0,0.0,3.44,37.2,44.2,8,0.34,50.0,0.08,0.0,0.0,0.0,0.0,0.0,0.0,0.0,0.0,0.0,0.0,0.0,0.0,0.0,0.0,0.0,0.0,0.0
Marcus Thuram,France,27.0,1997.0,Centre-Forward,192.0,2028-06-30,IT1,Football Club Internazionale Milano S.p.A.,75000000.0,77,80,91,66,79,72,76,20,82,84,91,67,0,0,85,0,73,0,81,https://img.a.transfermarkt.technology/portrait/header/318528-1662966601.jpg?lm=1,32,27,2290,25.4,0.55,0.16,0.71,14,0.55,0.16,0.0,9.9,0.39,0.17,2.44,-0.4,2.55,1.06,0.22,41.5,2.08,6.68,412,16.19,73.7,0.94,1.06,0.16,0.0,0.08,0.51,18,0.71,0.12,0.59,0.0,0.35,32.62,24,0.94,17.8,2.16,1.14,1.18,0.08,0.0,2.79,21.4,45.3,45,1.77,57.0,0.04,0.0,0.0,0.0,0.0,0.0,0.0,0.0,0.0,0.0,0.0,0.0,0.0,0.0,0.0,0.0,0.0,0.0
Adrian Beck,Germany,27.0,1997.0,Attacking Midfield,186.0,2028-06-30,L1,1. Fußballclub Heidenheim 1846,2000000.0,49,57,66,46,11,95,50,63,72,85,9,95,0,0,92,0,48,0,100,https://img.a.transfermarkt.technology/portrait/header/273669-1721852328.jpg?lm=1,32,18,1598,17.8,0.23,0.06,0.28,4,0.23,0.04,0.0,3.3,0.19,0.07,2.08,-0.2,2.2,0.73,0.1,33.3,3.89,4.67,581,32.72,80.1,2.98,1.01,0.23,0.0,0.23,1.8,36,2.03,0.51,0.96,0.0,0.06,54.18,40,2.25,31.15,2.37,1.46,0.9,0.0,0.0,7.38,34.3,53.3,29,1.63,59.2,0.06,0.0,0.0,0.0,0.0,0.0,0.0,0.0,0.0,0.0,0.0,0.0,0.0,0.0,0.0,0.0,0.0,0.0
Unai López,Spain,29.0,1995.0,Central Midfield,170.0,2026-06-30,ES1,Rayo Vallecano de Madrid S.A.D.,2800000.0,48,56,79,75,22,75,63,49,80,10,33,20,0,0,66,0,58,0,19,https://img.a.transfermarkt.technology/portrait/header/192009-1726662500.jpg?lm=1,32,23,1707,19.0,0.16,0.05,0.21,3,0.16,0.07,0.0,1.6,0.08,0.05,1.16,0.0,1.37,0.58,0.12,42.3,5.91,2.11,1041,54.89,84.2,5.59,0.58,0.11,0.0,0.42,1.74,31,1.63,1.11,1.05,0.0,0.05,74.34,15,0.79,43.66,1.27,1.0,0.95,0.0,0.0,6.17,47.2,65.2,10,0.53,35.7,0.47,0.05,0.0,0.0,0.0,0.0,0.0,0.0,0.0,0.0,0.0,0.0,0.0,0.0,0.0,0.0,0.0,0.0
Himad Abdelli,Algeria,25.0,1999.0,Attacking Midfield,185.0,2026-06-30,FR1,Angers Sporting Club de l'Ouest,7000000.0,40,30,41,76,24,86,90,60,33,50,23,40,0,0,32,0,78,0,50,https://img.a.transfermarkt.technology/portrait/header/592979-1672670828.jpg?lm=1,32,32,2842,31.6,0.19,0.03,0.22,3,0.1,-0.01,0.1,3.2,0.1,0.1,3.39,-2.2,1.11,0.25,0.09,22.9,6.56,3.52,1373,43.48,82.1,5.42,1.2,0.1,0.0,0.41,1.39,48,1.52,0.82,0.89,0.06,0.1,63.11,57,1.81,37.46,1.74,1.62,1.52,0.0,0.0,6.11,31.3,47.1,13,0.41,39.4,0.13,0.0,0.0,0.0,0.0,0.0,0.0,0.0,0.0,0.0,0.0,0.0,0.0,0.0,0.0,0.0,0.0,0.0
Hugo Magnetti,France,26.0,1998.0,Central Midfield,180.0,2027-06-30,FR1,Stade brestois 29,7000000.0,27,18,39,17,3,15,18,32,87,72,28,34,0,0,93,0,40,0,49,https://img.a.transfermarkt.technology/portrait/header/474662-1582538510.jpg?lm=1,32,27,2323,25.8,0.04,0.0,0.04,1,0.04,0.01,0.0,0.8,0.03,0.02,0.81,-0.4,0.74,0.23,0.05,31.6,3.1,0.77,920,35.64,84.9,2.71,0.23,0.04,0.0,0.31,0.7,52,2.01,0.7,1.43,0.0,0.04,50.95,9,0.35,26.89,0.89,0.89,1.12,0.0,0.0,4.3,45.1,37.5,10,0.39,50.0,0.19,0.0,0.0,0.0,0.0,0.0,0.0,0.0,0.0,0.0,0.0,0.0,0.0,0.0,0.0,0.0,0.0,0.0
Antonio Sivera,Spain,28.0,1996.0,Goalkeeper,185.0,2027-06-30,ES1,Deportivo Alavés S.A.D.,6000000.0,54,0,0,4,72,0,3,94,90,1,0,25,64,63,25,99,100,31,59,https://img.a.transfermarkt.technology/portrait/header/298197-1713856039.jpg?lm=1,32,32,2810,31.2,0.0,0.0,0.0,0,0.0,0.0,0.0,0.0,0.0,0.0,0.0,-0.1,0.0,0.0,0.0,0.0,0.03,0.0,521,16.69,53.9,1.35,0.03,0.0,12.7,0.0,0.0,2,0.06,0.0,0.64,0.0,0.0,33.47,0,0.0,15.44,0.0,0.0,0.13,0.0,0.1,0.67,100.0,0.0,5,0.16,83.3,0.19,0.03,1.25,3.59,2.4,1.25,2.0,0.06,0.0,0.0,2.24,0.96,73.2,25.0,47.7,71.8,6.6,0.93
Bilal El Khannouss,Morocco,21.0,2004.0,Attacking Midfield,180.0,2028-06-30,GB1,Leicester City Football Club,30000000.0,31,6,29,52,69,74,70,66,8,54,30,70,0,0,9,0,43,0,73,https://img.a.transfermarkt.technology/portrait/header/654982-1714038053.png?lm=1,32,27,2182,24.2,0.08,0.12,0.21,2,0.08,0.03,0.0,1.3,0.05,0.19,3.01,-1.6,1.24,0.29,0.07,23.3,5.28,3.67,798,32.91,75.1,3.67,1.28,0.25,0.0,0.33,3.67,50,2.06,0.25,0.41,0.12,0.12,52.3,34,1.4,30.19,1.57,1.57,1.24,0.0,0.0,3.79,53.1,56.7,19,0.78,44.2,0.16,0.0,0.0,0.0,0.0,0.0,0.0,0.0,0.0,0.0,0.0,0.0,0.0,0.0,0.0,0.0,0.0,0.0
Rasmus Højlund,Denmark,22.0,2003.0,Centre-Forward,191.0,2028-06-30,GB1,Manchester United Football Club,45000000.0,32,32,34,20,23,18,30,0,56,87,61,21,0,0,90,0,55,0,10,https://img.a.transfermarkt.technology/portrait/header/610442-1699471458.jpg?lm=1,32,23,2004,22.3,0.18,0.0,0.18,4,0.18,-0.06,0.0,5.3,0.24,0.08,1.26,-1.8,1.44,0.58,0.13,40.6,0.81,4.54,251,11.27,74.7,0.63,0.22,0.04,0.0,0.0,0.36,3,0.13,0.09,0.27,0.0,0.18,23.13,9,0.4,13.79,2.83,1.48,0.76,0.04,0.0,1.57,0.0,28.1,31,1.39,24.8,0.09,0.0,0.0,0.0,0.0,0.0,0.0,0.0,0.0,0.0,0.0,0.0,0.0,0.0,0.0,0.0,0.0,0.0
Edoardo Goldaniga,Italy,31.0,1993.0,Centre-Back,193.0,2026-06-30,IT1,Calcio Como,2000000.0,45,94,58,45,30,25,57,51,32,5,0,45,0,0,26,0,37,0,48,https://img.a.transfermarkt.technology/portrait/header/242940-1725530007.jpg?lm=1,32,28,2532,28.1,0.04,0.0,0.04,1,0.04,-0.05,0.0,2.5,0.09,0.01,0.71,-0.3,0.43,0.18,0.08,41.7,2.88,0.28,1310,46.56,86.4,2.84,0.21,0.04,0.0,0.46,0.32,34,1.21,1.17,3.63,0.11,0.0,62.45,3,0.11,35.83,0.36,0.28,1.56,0.0,0.0,2.63,72.2,42.9,52,1.85,59.8,0.43,0.04,0.0,0.0,0.0,0.0,0.0,0.0,0.0,0.0,0.0,0.0,0.0,0.0,0.0,0.0,0.0,0.0
Cristhian Stuani,Uruguay,38.0,1986.0,Centre-Forward,184.0,2026-06-30,ES1,Girona Fútbol Club S. A. D.,1200000.0,50,67,83,6,14,14,0,94,95,13,0,68,0,0,41,0,29,0,79,https://img.a.transfermarkt.technology/portrait/header/59323-1726736068.jpg?lm=1,32,6,1078,12.0,0.92,0.17,1.09,8,0.67,0.24,0.25,5.8,0.48,0.05,0.17,1.4,2.59,1.34,0.26,51.6,0.83,3.01,107,8.93,69.5,0.08,0.25,0.0,0.0,0.0,0.17,9,0.75,0.58,0.92,0.0,0.0,21.37,2,0.17,8.01,2.0,0.58,2.92,0.0,0.0,1.17,62.5,40.0,22,1.84,56.4,0.33,0.0,0.0,0.0,0.0,0.0,0.0,0.0,0.0,0.0,0.0,0.0,0.0,0.0,0.0,0.0,0.0,0.0
Alejandro Grimaldo,Spain,29.0,1995.0,Left-Back,171.0,2027-06-30,L1,Bayer 04 Leverkusen Fußball,40000000.0,60,94,77,96,99,54,95,1,18,50,83,29,0,0,27,0,96,0,39,https://img.a.transfermarkt.technology/portrait/header/193082-1689710805.jpg?lm=1,32,31,2636,29.3,0.07,0.24,0.31,2,0.07,-0.02,0.0,2.5,0.09,0.28,2.94,-1.1,1.5,0.44,0.05,29.5,5.46,8.6,1700,58.04,81.2,3.69,1.71,0.72,0.0,0.34,7.41,24,0.82,0.55,1.47,0.1,0.1,80.75,20,0.68,44.73,1.81,0.44,0.51,0.03,0.0,4.85,38.1,40.0,16,0.55,48.5,0.2,0.03,0.0,0.0,0.0,0.0,0.0,0.0,0.0,0.0,0.0,0.0,0.0,0.0,0.0,0.0,0.0,0.0
Guéla Doué,Cote d'Ivoire,22.0,2002.0,Right-Back,187.0,2029-06-30,FR1,Racing Club de Strasbourg Alsace,12000000.0,61,49,55,84,9,89,71,85,58,31,40,93,0,0,50,0,74,0,91,https://img.a.transfermarkt.technology/portrait/header/711980-1732575765.png?lm=1,32,30,2717,30.2,0.03,0.07,0.1,1,0.03,0.01,0.0,0.8,0.03,0.02,1.69,1.3,0.6,0.2,0.06,33.3,5.73,1.79,1688,55.91,83.4,5.07,0.46,0.2,0.0,0.1,1.52,65,2.15,1.13,5.1,0.03,0.03,80.2,27,0.89,39.22,1.42,0.43,1.36,0.0,0.03,5.37,68.5,65.9,58,1.92,61.1,0.23,0.0,0.0,0.0,0.0,0.0,0.0,0.0,0.0,0.0,0.0,0.0,0.0,0.0,0.0,0.0,0.0,0.0
Alejandro Balde,Spain,21.0,2003.0,Left-Back,175.0,2028-06-30,ES1,Futbol Club Barcelona,60000000.0,55,30,36,89,76,97,98,15,52,88,98,50,0,0,95,0,91,0,72,https://img.a.transfermarkt.technology/portrait/header/636688-1662836200.jpg?lm=1,32,26,2284,25.4,0.0,0.16,0.16,0,0.0,-0.02,0.0,0.5,0.02,0.13,4.22,0.6,0.47,0.12,0.0,25.0,3.66,9.69,1306,51.46,88.0,2.01,1.54,0.43,0.0,0.08,2.64,18,0.71,0.2,1.06,0.0,0.28,67.85,47,1.85,42.4,1.77,1.02,0.63,0.0,0.0,4.81,68.8,42.3,16,0.63,64.0,0.08,0.0,0.0,0.0,0.0,0.0,0.0,0.0,0.0,0.0,0.0,0.0,0.0,0.0,0.0,0.0,0.0,0.0
Marvin Ducksch,Germany,31.0,1994.0,Centre-Forward,188.0,2025-06-30,L1,Sportverein Werder Bremen von 1899,7500000.0,59,68,56,87,100,16,48,29,7,96,0,24,0,0,6,0,56,0,34,https://img.a.transfermarkt.technology/portrait/header/125103-1660206693.jpg?lm=1,32,30,2418,26.9,0.3,0.3,0.6,7,0.26,-0.08,0.04,8.5,0.32,0.32,0.97,-0.5,2.61,1.0,0.1,38.6,3.2,6.18,560,20.84,61.7,1.6,1.12,0.3,0.0,0.48,6.22,10,0.37,0.3,0.97,0.11,0.0,41.13,7,0.26,20.02,1.15,0.41,0.22,0.0,0.0,2.42,21.4,36.8,19,0.71,39.6,0.11,0.0,0.0,0.0,0.0,0.0,0.0,0.0,0.0,0.0,0.0,0.0,0.0,0.0,0.0,0.0,0.0,0.0
Álex Baena,Spain,23.0,2001.0,Left Winger,174.0,2028-06-30,ES1,Villarreal Club de Fútbol S.A.D.,50000000.0,65,78,77,87,97,18,58,37,28,15,29,62,0,0,21,0,62,0,70,https://img.a.transfermarkt.technology/portrait/header/548111-1714487266.jpg?lm=1,32,30,2595,28.8,0.24,0.31,0.55,7,0.24,-0.0,0.0,6.3,0.22,0.41,3.16,-2.7,2.39,0.59,0.1,24.6,6.55,5.34,857,29.72,66.6,3.29,2.5,0.66,0.0,0.69,7.18,28,0.97,0.76,0.76,0.07,0.14,54.42,21,0.73,31.04,1.46,1.11,1.49,0.0,0.0,4.86,25.6,37.5,16,0.55,45.7,0.31,0.0,0.0,0.0,0.0,0.0,0.0,0.0,0.0,0.0,0.0,0.0,0.0,0.0,0.0,0.0,0.0,0.0
Eric Smith,Sweden,28.0,1997.0,Centre-Back,192.0,,L1,Fußball-Club St. Pauli von 1910,5000000.0,39,73,54,63,86,35,25,34,25,58,70,6,0,0,30,0,29,0,7,https://img.a.transfermarkt.technology/portrait/header/292534-1723631157.jpeg?lm=1,32,32,2827,31.4,0.03,0.03,0.06,1,0.03,-0.01,0.0,1.4,0.04,0.05,0.51,-0.5,0.76,0.29,0.04,37.5,3.76,0.35,1355,43.14,80.8,3.76,0.6,0.13,0.0,0.25,3.25,46,1.46,1.18,3.31,0.13,0.03,62.27,3,0.1,26.68,0.35,0.22,0.86,0.0,0.0,4.43,57.5,60.0,30,0.96,44.8,0.22,0.0,0.0,0.0,0.0,0.0,0.0,0.0,0.0,0.0,0.0,0.0,0.0,0.0,0.0,0.0,0.0,0.0
Loïc Badé,France,25.0,2000.0,Centre-Back,191.0,2029-06-30,ES1,Sevilla Fútbol Club S.A.D.,30000000.0,53,34,57,32,57,96,40,71,49,37,0,69,0,0,48,0,31,0,76,https://img.a.transfermarkt.technology/portrait/header/730581-1681464974.jpg?lm=1,32,31,2686,29.8,0.03,0.03,0.07,1,0.03,0.01,0.0,0.6,0.02,0.02,0.37,0.3,0.44,0.13,0.08,30.8,2.08,0.2,1562,52.34,85.7,3.15,0.1,0.0,0.0,0.6,0.27,47,1.57,0.97,5.43,0.07,0.0,71.54,17,0.57,39.3,0.57,0.27,0.87,0.0,0.03,4.62,74.2,77.3,65,2.18,68.4,0.23,0.03,0.0,0.0,0.0,0.0,0.0,0.0,0.0,0.0,0.0,0.0,0.0,0.0,0.0,0.0,0.0,0.0
Artem Dovbyk,Ukraine,27.0,1997.0,Centre-Forward,189.0,2029-06-30,IT1,Associazione Sportiva Roma,30000000.0,63,80,77,26,33,18,17,0,64,94,13,42,0,0,88,0,49,0,45,https://img.a.transfermarkt.technology/portrait/header/343537-1719215184.jpg?lm=1,32,27,2418,26.9,0.45,0.07,0.52,10,0.37,0.0,0.07,10.3,0.38,0.09,0.89,-0.4,2.27,0.93,0.16,41.0,0.6,6.51,321,11.95,74.1,0.63,0.15,0.0,0.0,0.0,0.04,4,0.15,0.07,0.45,0.0,0.04,24.34,7,0.26,13.21,2.94,1.23,1.12,0.0,0.0,0.97,0.0,38.9,42,1.56,41.2,0.0,0.0,0.0,0.0,0.0,0.0,0.0,0.0,0.0,0.0,0.0,0.0,0.0,0.0,0.0,0.0,0.0,0.0
Vitaly Janelt,Germany,27.0,1998.0,Defensive Midfield,184.0,2026-06-30,GB1,Brentford Football Club,22000000.0,44,37,56,26,78,5,27,44,72,90,0,45,0,0,74,0,33,0,61,https://img.a.transfermarkt.technology/portrait/header/270171-1649932358.jpg?lm=1,32,27,2254,25.0,0.04,0.12,0.16,1,0.04,0.01,0.0,0.8,0.03,0.09,0.68,0.8,0.56,0.16,0.07,28.6,3.19,1.52,872,34.82,82.5,3.11,0.92,0.28,0.0,0.24,1.2,38,1.52,1.08,2.12,0.04,0.0,51.47,3,0.12,26.03,0.64,0.4,0.96,0.0,0.0,4.27,58.3,25.0,19,0.76,63.3,0.12,0.0,0.0,0.0,0.0,0.0,0.0,0.0,0.0,0.0,0.0,0.0,0.0,0.0,0.0,0.0,0.0,0.0
Alessio Romagnoli,Italy,30.0,1995.0,Centre-Back,185.0,2027-06-30,IT1,Società Sportiva Lazio S.p.A.,12000000.0,59,94,82,55,32,15,28,69,83,43,0,82,0,0,79,0,77,0,78,https://img.a.transfermarkt.technology/portrait/header/197747-1730125586.jpg?lm=1,32,31,2672,29.7,0.07,0.0,0.07,2,0.07,-0.01,0.0,2.4,0.08,0.01,0.27,-0.3,0.67,0.24,0.1,35.0,3.03,0.13,1625,54.73,91.7,3.6,0.17,0.0,0.0,0.0,0.0,48,1.62,0.88,3.91,0.03,0.0,68.78,1,0.03,35.84,0.2,0.03,0.98,0.0,0.0,3.23,81.5,33.3,85,2.86,64.4,0.13,0.07,0.0,0.0,0.0,0.0,0.0,0.0,0.0,0.0,0.0,0.0,0.0,0.0,0.0,0.0,0.0,0.0
Valentin Rosier,France,28.0,1996.0,Right-Back,175.0,2025-06-30,ES1,Club Deportivo Leganés S.A.D.,3000000.0,47,51,53,16,20,75,21,97,35,21,0,59,0,0,39,0,34,0,72,https://img.a.transfermarkt.technology/portrait/header/441170-1666619891.png?lm=1,32,28,2595,28.8,0.03,0.07,0.1,1,0.03,0.0,0.0,0.9,0.03,0.04,1.42,0.9,0.49,0.14,0.07,28.6,2.57,3.09,956,33.16,79.3,2.5,0.59,0.14,0.0,0.07,1.35,72,2.5,1.8,5.17,0.07,0.0,56.01,23,0.8,25.87,1.08,0.73,1.53,0.0,0.0,4.2,63.2,51.1,26,0.9,60.5,0.28,0.0,0.0,0.0,0.0,0.0,0.0,0.0,0.0,0.0,0.0,0.0,0.0,0.0,0.0,0.0,0.0,0.0
Senne Lynen,Belgium,26.0,1999.0,Defensive Midfield,185.0,,L1,Sportverein Werder Bremen von 1899,9000000.0,40,52,10,15,17,35,9,96,13,52,0,31,0,0,17,0,19,0,29,https://img.a.transfermarkt.technology/portrait/header/338668-1722887459.jpg?lm=1,32,32,2733,30.4,0.0,0.03,0.03,0,0.0,-0.04,0.0,1.1,0.04,0.02,0.3,0.4,0.79,0.1,0.0,12.5,3.0,0.92,1099,36.19,82.9,2.67,0.49,0.03,0.0,0.13,0.16,72,2.37,2.14,2.47,0.16,0.0,56.54,12,0.4,27.96,1.15,0.49,1.25,0.0,0.0,6.29,56.5,42.9,25,0.82,47.2,0.3,0.0,0.0,0.0,0.0,0.0,0.0,0.0,0.0,0.0,0.0,0.0,0.0,0.0,0.0,0.0,0.0,0.0
Lucas Digne,France,31.0,1993.0,Left-Back,178.0,2026-06-30,GB1,Aston Villa Football Club,12000000.0,50,47,25,27,90,37,8,75,61,74,0,81,0,0,62,0,35,0,78,https://img.a.transfermarkt.technology/portrait/header/126664-1736160616.jpg?lm=1,32,28,2351,26.1,0.0,0.15,0.15,0,0.0,-0.03,0.0,0.8,0.03,0.18,0.88,-0.7,0.5,0.11,0.0,23.1,2.18,5.44,956,36.6,74.9,1.68,1.15,0.73,0.0,0.15,5.36,65,2.49,0.96,3.41,0.04,0.0,58.46,9,0.34,26.15,0.65,0.61,0.8,0.0,0.0,3.98,66.7,47.4,37,1.42,56.9,0.15,0.0,0.0,0.0,0.0,0.0,0.0,0.0,0.0,0.0,0.0,0.0,0.0,0.0,0.0,0.0,0.0,0.0
Marko Dmitrovic,Serbia,33.0,1992.0,Goalkeeper,189.0,2025-06-30,ES1,Club Deportivo Leganés S.A.D.,800000.0,65,0,0,0,86,69,10,73,46,67,0,92,34,72,42,98,96,73,87,https://img.a.transfermarkt.technology/portrait/header/94308-1669364494.jpg?lm=1,32,32,2880,32.0,0.0,0.0,0.0,0,0.0,0.0,0.0,0.0,0.0,0.01,0.0,-0.2,0.0,0.0,0.0,0.0,0.03,0.0,470,14.69,44.7,0.88,0.0,0.0,14.5,0.03,0.0,1,0.03,0.0,0.84,0.09,0.0,35.78,1,0.03,16.94,0.03,0.0,0.03,0.0,0.03,1.16,50.0,100.0,13,0.41,100.0,0.0,0.0,1.53,4.69,3.22,1.57,3.2,0.1,0.03,0.0,3.5,1.53,72.0,31.3,47.2,65.3,8.5,1.66
Unai Gómez,Spain,22.0,2003.0,Attacking Midfield,183.0,2028-06-30,ES1,Athletic Club Bilbao,6000000.0,16,19,12,4,8,27,5,46,30,84,13,96,0,0,31,0,13,0,93,https://img.a.transfermarkt.technology/portrait/header/834752-1709676122.png?lm=1,32,14,1284,14.3,0.07,0.21,0.28,1,0.07,-0.06,0.0,1.9,0.13,0.06,1.33,2.2,1.33,0.28,0.05,21.1,1.61,3.43,223,15.63,73.1,1.4,0.07,0.0,0.0,0.0,1.61,12,0.84,0.14,1.05,0.07,0.07,30.77,12,0.84,16.47,1.61,1.47,0.84,0.0,0.0,2.94,57.1,41.4,29,2.03,48.3,0.07,0.0,0.0,0.0,0.0,0.0,0.0,0.0,0.0,0.0,0.0,0.0,0.0,0.0,0.0,0.0,0.0,0.0
Rani Khedira,Germany,31.0,1994.0,Defensive Midfield,189.0,2025-06-30,L1,1. Fußballclub Union Berlin,3000000.0,43,61,49,1,16,14,4,79,93,51,0,57,0,0,76,0,1,0,44,https://img.a.transfermarkt.technology/portrait/header/124410-1692707430.jpg?lm=1,32,31,2723,30.3,0.03,0.03,0.07,1,0.03,-0.01,0.0,1.4,0.05,0.02,0.4,0.4,0.46,0.03,0.07,7.1,2.64,1.12,700,23.14,73.7,2.18,0.33,0.1,0.0,0.03,0.73,68,2.25,1.45,1.82,0.0,0.0,41.18,5,0.17,16.72,0.79,0.33,1.49,0.0,0.03,3.57,63.2,45.5,42,1.39,50.0,0.23,0.0,0.0,0.0,0.0,0.0,0.0,0.0,0.0,0.0,0.0,0.0,0.0,0.0,0.0,0.0,0.0,0.0
Augusto Batalla,Argentina,29.0,1996.0,Goalkeeper,186.0,2025-06-30,ES1,Rayo Vallecano de Madrid S.A.D.,6000000.0,67,0,0,54,63,99,64,85,33,6,0,68,66,78,31,84,91,63,78,https://img.a.transfermarkt.technology/portrait/header/275218-1656336113.JPG?lm=1,32,32,2880,32.0,0.0,0.0,0.0,0,0.0,0.0,0.0,0.0,0.0,0.0,0.0,0.0,0.0,0.0,0.0,0.0,0.06,0.0,784,24.5,66.6,0.78,0.03,0.0,14.4,0.06,0.0,4,0.12,0.0,0.47,0.12,0.0,39.38,6,0.19,24.03,0.03,0.0,0.03,0.0,0.0,1.53,66.7,100.0,9,0.28,100.0,0.19,0.0,1.22,4.16,2.91,1.25,2.0,0.06,0.0,0.06,4.03,1.09,75.2,25.0,38.2,42.3,7.7,1.19
Shuto Machino,Japan,25.0,1999.0,Centre-Forward,185.0,2027-06-30,L1,Kieler Sportvereinigung Holstein von 1900,3500000.0,47,35,77,68,66,48,65,46,19,82,22,34,0,0,20,0,35,0,36,https://img.a.transfermarkt.technology/portrait/header/550580-1688645996.jpg?lm=1,32,23,1953,21.7,0.51,0.09,0.6,9,0.41,0.21,0.09,4.9,0.23,0.14,1.38,-1.0,2.26,0.97,0.18,42.9,2.72,4.98,454,20.92,64.2,1.61,0.92,0.28,0.0,0.0,1.61,8,0.37,0.32,1.29,0.05,0.09,41.43,10,0.46,20.69,2.03,0.92,0.88,0.0,0.0,2.3,37.5,55.6,27,1.24,39.1,0.09,0.0,0.0,0.0,0.0,0.0,0.0,0.0,0.0,0.0,0.0,0.0,0.0,0.0,0.0,0.0,0.0,0.0
Lucas Vázquez,Spain,33.0,1991.0,Right-Back,173.0,2025-06-30,ES1,Real Madrid Club de Fútbol,3500000.0,61,74,55,90,94,76,73,32,49,60,64,4,0,0,60,0,97,0,6,https://img.a.transfermarkt.technology/portrait/header/221316-1536655786.jpg?lm=1,32,25,2189,24.3,0.04,0.21,0.25,1,0.04,-0.02,0.0,1.4,0.06,0.19,1.52,0.3,0.62,0.12,0.07,20.0,4.07,7.98,1415,58.18,87.1,2.67,1.19,0.08,0.0,0.29,2.59,58,2.38,0.7,1.44,0.04,0.08,76.06,19,0.78,42.39,1.4,0.53,1.19,0.0,0.0,3.41,56.3,52.8,6,0.25,31.6,0.16,0.0,0.0,0.0,0.0,0.0,0.0,0.0,0.0,0.0,0.0,0.0,0.0,0.0,0.0,0.0,0.0,0.0
Ibrahima Sissoko,Mali,27.0,1997.0,Defensive Midfield,193.0,2027-06-30,L1,Verein für Leibesübungen Bochum 1848 Fußballgemeinschaft,6000000.0,58,78,79,24,56,92,52,55,69,6,93,94,0,0,57,0,5,0,91,https://img.a.transfermarkt.technology/portrait/header/372712-1721851302.jpg?lm=1,32,30,2610,29.0,0.07,0.03,0.1,2,0.07,0.01,0.0,1.7,0.06,0.06,1.21,-0.6,0.86,0.28,0.08,32.0,3.62,2.38,804,27.72,75.0,2.66,0.55,0.17,0.0,0.1,0.72,66,2.28,1.24,2.1,0.0,0.14,49.28,32,1.1,23.83,1.38,1.1,2.59,0.03,0.03,5.31,53.3,52.5,76,2.62,58.5,0.38,0.03,0.0,0.0,0.0,0.0,0.0,0.0,0.0,0.0,0.0,0.0,0.0,0.0,0.0,0.0,0.0,0.0
Noni Madueke,England,23.0,2002.0,Right Winger,182.0,2030-06-30,GB1,Chelsea Football Club,40000000.0,78,96,79,64,55,74,87,32,84,58,39,47,0,0,76,0,72,0,51,https://img.a.transfermarkt.technology/portrait/header/503987-1683102348.jpg?lm=1,32,27,2033,22.6,0.31,0.13,0.44,7,0.31,-0.12,0.0,9.6,0.42,0.19,6.82,-1.2,3.54,1.33,0.09,37.5,3.05,10.05,529,23.42,77.3,0.66,1.51,0.35,0.0,0.18,2.79,26,1.15,0.44,0.49,0.0,0.18,43.38,45,1.99,28.29,2.3,1.11,0.97,0.0,0.0,3.72,36.8,44.6,11,0.49,36.7,0.13,0.0,0.0,0.0,0.0,0.0,0.0,0.0,0.0,0.0,0.0,0.0,0.0,0.0,0.0,0.0,0.0,0.0
Gregor Kobel,Switzerland,27.0,1997.0,Goalkeeper,196.0,2028-06-30,L1,Borussia Dortmund,40000000.0,44,0,0,76,15,85,79,58,43,60,99,36,50,44,57,19,13,83,39,https://img.a.transfermarkt.technology/portrait/header/257814-1709559904.jpg?lm=1,32,32,2880,32.0,0.0,0.0,0.0,0,0.0,0.0,0.0,0.0,0.0,0.0,0.0,0.0,0.0,0.0,0.0,0.0,0.03,0.0,993,31.03,80.0,0.16,0.0,0.0,15.7,0.0,0.0,0,0.0,0.03,0.72,0.09,0.03,41.0,2,0.06,25.97,0.0,0.03,0.0,0.0,0.0,1.91,0.0,100.0,5,0.16,100.0,0.03,0.0,1.47,4.03,2.56,1.48,1.4,0.04,0.0,0.0,3.94,0.69,66.7,21.9,28.6,23.7,5.2,1.47
Dani Vivian,Spain,25.0,1999.0,Centre-Back,184.0,2032-06-30,ES1,Athletic Club Bilbao,40000000.0,68,86,99,90,40,76,85,82,42,74,0,30,0,0,58,0,72,0,38,https://img.a.transfermarkt.technology/portrait/header/524000-1709674998.png?lm=1,32,28,2608,29.0,0.14,0.0,0.14,4,0.14,0.07,0.0,1.9,0.07,0.01,1.24,-0.4,0.62,0.17,0.22,27.8,6.38,0.21,1526,52.66,87.1,5.73,0.35,0.1,0.0,0.38,0.28,40,1.38,1.62,5.25,0.07,0.0,71.95,10,0.35,40.34,0.66,0.45,0.93,0.0,0.03,5.66,65.6,58.8,43,1.48,58.1,0.1,0.0,0.0,0.0,0.0,0.0,0.0,0.0,0.0,0.0,0.0,0.0,0.0,0.0,0.0,0.0,0.0,0.0
Angelo Stiller,Germany,24.0,2001.0,Defensive Midfield,183.0,2028-06-30,L1,Verein für Bewegungsspiele Stuttgart 1893,38000000.0,56,76,48,98,99,76,90,12,23,86,84,17,0,0,31,0,97,0,14,https://img.a.transfermarkt.technology/portrait/header/443710-1723707618.jpg?lm=1,32,31,2741,30.5,0.03,0.26,0.3,1,0.03,-0.03,0.0,1.8,0.06,0.24,1.28,0.8,0.69,0.13,0.05,19.0,9.49,2.27,2219,72.86,87.4,8.9,1.64,0.33,0.0,0.2,3.12,49,1.61,0.85,1.64,0.13,0.1,91.31,20,0.66,52.14,0.69,0.82,0.69,0.03,0.0,4.6,46.7,66.7,18,0.59,39.1,0.2,0.0,0.0,0.0,0.0,0.0,0.0,0.0,0.0,0.0,0.0,0.0,0.0,0.0,0.0,0.0,0.0,0.0
Aron Dønnum,Norway,27.0,1998.0,Left Midfield,178.0,2028-06-30,FR1,Toulouse Football Club,4000000.0,55,61,54,50,54,86,64,71,39,29,61,18,0,0,57,0,39,0,32,https://img.a.transfermarkt.technology/portrait/header/476836-1678012976.jpg?lm=1,32,31,2689,29.9,0.07,0.07,0.13,2,0.07,-0.0,0.0,2.1,0.07,0.15,3.15,-2.6,1.04,0.17,0.06,16.1,4.22,4.75,880,29.45,72.5,2.44,1.67,0.47,0.0,0.87,3.92,56,1.87,0.94,1.24,0.03,0.1,51.61,47,1.57,28.85,1.47,1.27,1.27,0.0,0.0,5.72,56.4,45.2,12,0.4,41.4,0.2,0.0,0.0,0.0,0.0,0.0,0.0,0.0,0.0,0.0,0.0,0.0,0.0,0.0,0.0,0.0,0.0,0.0
Omari Hutchinson,England,21.0,2003.0,Attacking Midfield,174.0,2029-06-30,GB1,Ipswich Town Football Club,22000000.0,38,31,42,29,36,71,73,15,35,57,51,9,0,0,56,0,36,0,8,https://img.a.transfermarkt.technology/portrait/header/741238-1646905031.jpg?lm=1,31,30,2583,28.7,0.1,0.07,0.17,3,0.1,0.0,0.0,2.9,0.1,0.12,3.38,-1.5,1.57,0.63,0.07,40.0,2.61,5.54,690,24.04,78.0,1.57,0.94,0.52,0.0,0.07,2.82,32,1.11,0.42,0.52,0.03,0.17,43.9,51,1.78,27.14,2.79,2.02,1.05,0.0,0.0,3.83,27.1,37.2,6,0.21,18.8,0.17,0.0,0.0,0.0,0.0,0.0,0.0,0.0,0.0,0.0,0.0,0.0,0.0,0.0,0.0,0.0,0.0,0.0
Léo Pétrot,France,28.0,1997.0,Left-Back,188.0,2025-06-30,FR1,Association sportive de Saint-Étienne Loire,1000000.0,45,33,43,36,27,31,10,86,65,61,0,76,0,0,37,0,47,0,68,https://img.a.transfermarkt.technology/portrait/header/412829-1727723239.jpg?lm=1,31,29,2634,29.3,0.0,0.1,0.1,0,0.0,-0.02,0.0,0.6,0.02,0.05,0.96,1.4,0.24,0.1,0.0,42.9,3.18,3.42,1114,38.06,80.4,2.49,0.58,0.24,0.0,0.07,1.74,62,2.12,1.44,3.52,0.03,0.0,58.36,7,0.24,26.17,0.82,0.58,0.75,0.0,0.1,3.93,66.7,50.0,40,1.37,51.9,0.14,0.0,0.0,0.0,0.0,0.0,0.0,0.0,0.0,0.0,0.0,0.0,0.0,0.0,0.0,0.0,0.0,0.0
Yann Gboho,France,24.0,2001.0,Left Winger,178.0,2026-06-30,FR1,Toulouse Football Club,8000000.0,57,69,61,53,33,69,62,23,30,82,69,7,0,0,41,0,56,0,6,https://img.a.transfermarkt.technology/portrait/header/463613-1672485001.jpg?lm=1,31,27,2333,25.9,0.19,0.15,0.35,5,0.19,-0.02,0.0,5.4,0.21,0.14,4.47,0.5,1.93,1.0,0.1,52.0,3.97,7.29,478,18.44,74.2,2.04,1.08,0.0,0.0,0.04,1.0,31,1.2,0.23,0.15,0.04,0.23,36.76,50,1.93,26.62,2.55,1.93,0.62,0.04,0.0,4.13,40.0,41.0,5,0.19,15.6,0.08,0.0,0.0,0.0,0.0,0.0,0.0,0.0,0.0,0.0,0.0,0.0,0.0,0.0,0.0,0.0,0.0,0.0
Ko Itakura,Japan,28.0,1997.0,Centre-Back,188.0,2026-06-30,L1,Borussia Verein für Leibesübungen 1900 Mönchengladbach,12000000.0,52,78,92,36,65,77,70,25,89,63,70,62,0,0,87,0,65,0,69,https://img.a.transfermarkt.technology/portrait/header/355816-1662966245.jpg?lm=1,31,31,2790,31.0,0.1,0.0,0.1,3,0.1,0.05,0.0,1.6,0.05,0.03,0.74,-0.8,0.68,0.23,0.14,33.3,2.23,0.16,1617,52.16,89.0,1.94,0.26,0.13,0.0,0.1,0.29,40,1.29,0.9,5.52,0.0,0.03,70.0,12,0.39,42.77,0.29,0.26,0.9,0.0,0.03,3.06,61.8,52.2,65,2.1,65.0,0.16,0.0,0.0,0.0,0.0,0.0,0.0,0.0,0.0,0.0,0.0,0.0,0.0,0.0,0.0,0.0,0.0,0.0
Frédéric Guilbert,France,30.0,1994.0,Right-Back,178.0,2026-06-30,IT1,Unione Sportiva Lecce,2500000.0,44,17,17,19,43,62,32,95,31,29,0,84,0,0,10,0,31,0,80,https://img.a.transfermarkt.technology/portrait/header/354352-1673963895.jpg?lm=1,31,31,2435,27.1,0.0,0.04,0.04,0,0.0,-0.01,0.0,0.3,0.01,0.07,1.77,-0.8,0.41,0.0,0.0,0.0,3.22,1.66,980,36.22,76.7,2.96,0.85,0.55,0.0,0.07,2.0,65,2.4,1.74,4.18,0.11,0.0,59.51,18,0.67,24.58,0.92,0.26,1.22,0.0,0.04,3.1,65.5,48.6,40,1.48,58.0,0.11,0.07,0.0,0.0,0.0,0.0,0.0,0.0,0.0,0.0,0.0,0.0,0.0,0.0,0.0,0.0,0.0,0.0
Kristijan Jakic,Croatia,28.0,1997.0,Defensive Midfield,184.0,2028-06-30,L1,Fußball-Club Augsburg 1907,6500000.0,45,41,29,51,46,52,44,33,49,95,44,62,0,0,78,0,31,0,50,https://img.a.transfermarkt.technology/portrait/header/374954-1722850639.jpg?lm=1,31,27,2306,25.6,0.0,0.04,0.04,0,0.0,-0.03,0.0,0.8,0.03,0.05,0.94,-0.2,0.7,0.16,0.0,22.2,4.14,1.91,900,35.13,82.9,3.71,0.43,0.0,0.0,0.43,0.51,46,1.8,1.09,1.95,0.04,0.04,53.12,14,0.55,27.44,1.52,0.82,0.9,0.0,0.0,5.19,51.2,48.3,35,1.37,53.8,0.08,0.0,0.0,0.0,0.0,0.0,0.0,0.0,0.0,0.0,0.0,0.0,0.0,0.0,0.0,0.0,0.0,0.0
Adrià Pedrosa,Spain,27.0,1998.0,Left-Back,172.0,2028-06-30,ES1,Sevilla Fútbol Club S.A.D.,7000000.0,43,54,59,31,32,58,24,52,70,21,44,9,0,0,73,0,15,0,6,https://img.a.transfermarkt.technology/portrait/header/501418-1583506190.jpg?lm=1,31,27,2298,25.5,0.04,0.04,0.08,1,0.04,0.01,0.0,0.8,0.03,0.06,1.61,-0.6,0.94,0.27,0.04,29.2,3.09,3.72,886,34.7,74.1,2.55,0.86,0.39,0.0,0.35,3.8,56,2.19,0.94,3.29,0.0,0.04,59.65,17,0.67,24.01,1.45,0.59,1.49,0.0,0.0,3.92,57.4,45.9,11,0.43,28.2,0.27,0.0,0.0,0.0,0.0,0.0,0.0,0.0,0.0,0.0,0.0,0.0,0.0,0.0,0.0,0.0,0.0,0.0
Finn Porath,Germany,28.0,1997.0,Attacking Midfield,180.0,2026-06-30,L1,Kieler Sportvereinigung Holstein von 1900,2000000.0,29,18,32,7,26,22,21,88,100,51,41,85,0,0,77,0,4,0,90,https://img.a.transfermarkt.technology/portrait/header/241307-1657792610.jpg?lm=1,31,20,1970,21.9,0.09,0.14,0.23,2,0.09,0.0,0.0,1.8,0.08,0.09,1.92,1.0,1.32,0.55,0.07,41.4,2.65,3.15,489,22.34,66.9,2.47,1.01,0.55,0.0,0.18,3.84,45,2.06,0.96,3.06,0.0,0.14,45.64,16,0.73,19.1,0.69,0.69,1.42,0.0,0.0,3.61,49.1,44.4,26,1.19,51.0,0.14,0.0,0.0,0.0,0.0,0.0,0.0,0.0,0.0,0.0,0.0,0.0,0.0,0.0,0.0,0.0,0.0,0.0
Nemanja Gudelj,Serbia,33.0,1991.0,Defensive Midfield,187.0,2026-06-30,ES1,Sevilla Fútbol Club S.A.D.,3500000.0,38,44,37,10,14,35,18,37,76,78,44,80,0,0,73,0,42,0,85,https://img.a.transfermarkt.technology/portrait/header/74294-1718893660.jpg?lm=1,31,27,2493,27.7,0.04,0.04,0.07,0,0.0,-0.02,0.04,0.8,0.03,0.02,0.51,0.4,0.79,0.18,0.0,22.7,2.27,0.18,1192,43.03,86.9,2.6,0.25,0.0,0.0,0.32,1.12,42,1.52,0.97,3.39,0.04,0.04,59.03,6,0.22,26.53,0.69,0.11,0.94,0.0,0.0,2.67,60.0,66.7,46,1.66,63.9,0.22,0.0,0.0,0.0,0.0,0.0,0.0,0.0,0.0,0.0,0.0,0.0,0.0,0.0,0.0,0.0,0.0,0.0
Isaac Romero,Spain,25.0,2000.0,Centre-Forward,183.0,2028-06-30,ES1,Sevilla Fútbol Club S.A.D.,10000000.0,38,43,32,25,36,57,25,31,28,5,69,29,0,0,21,0,39,0,31,https://img.a.transfermarkt.technology/portrait/header/687609-1704970459.jpg?lm=1,31,26,2156,24.0,0.17,0.08,0.25,4,0.17,-0.12,0.0,6.0,0.25,0.09,0.88,-0.1,2.21,0.71,0.08,32.1,1.21,3.97,310,12.94,70.3,0.83,0.46,0.17,0.0,0.04,0.75,13,0.54,0.29,1.13,0.0,0.21,31.35,21,0.88,15.95,3.3,2.55,1.59,0.04,0.04,2.46,18.8,32.3,29,1.21,36.3,0.42,0.04,0.0,0.0,0.0,0.0,0.0,0.0,0.0,0.0,0.0,0.0,0.0,0.0,0.0,0.0,0.0,0.0
Sandro Ramírez,Spain,29.0,1995.0,Centre-Forward,174.0,2026-06-30,ES1,Unión Deportiva Las Palmas S.A.D.,2500000.0,40,16,67,68,71,45,79,98,8,24,89,24,0,0,5,0,33,0,39,https://img.a.transfermarkt.technology/portrait/header/199369-1726230862.jpg?lm=1,31,25,2034,22.6,0.4,0.13,0.53,8,0.35,0.22,0.04,3.3,0.15,0.15,2.3,-0.4,2.26,0.88,0.16,39.2,2.3,5.35,438,19.38,64.2,1.46,0.44,0.13,0.0,0.13,5.4,27,1.19,0.71,0.97,0.09,0.35,41.15,16,0.71,20.75,2.17,1.24,1.15,0.04,0.04,4.12,43.3,34.0,12,0.53,42.9,0.27,0.0,0.0,0.0,0.0,0.0,0.0,0.0,0.0,0.0,0.0,0.0,0.0,0.0,0.0,0.0,0.0,0.0
Callum Hudson-Odoi,England,24.0,2000.0,Left Winger,178.0,2026-06-30,GB1,Nottingham Forest Football Club,24000000.0,45,24,64,67,22,80,74,81,42,85,53,10,0,0,42,0,81,0,13,https://img.a.transfermarkt.technology/portrait/header/392768-1659969850.png?lm=1,31,25,2194,24.4,0.21,0.08,0.29,5,0.21,0.1,0.0,2.5,0.1,0.11,5.29,-0.7,1.52,0.7,0.14,45.9,2.91,7.75,691,28.35,82.0,1.56,1.35,0.45,0.0,0.25,3.24,22,0.9,0.53,0.49,0.04,0.16,42.46,37,1.52,26.34,1.85,0.94,0.49,0.04,0.0,3.77,66.7,58.7,3,0.12,23.1,0.08,0.0,0.0,0.0,0.0,0.0,0.0,0.0,0.0,0.0,0.0,0.0,0.0,0.0,0.0,0.0,0.0,0.0
Javi Hernández,Spain,27.0,1998.0,Left-Back,180.0,2027-06-30,ES1,Club Deportivo Leganés S.A.D.,2000000.0,32,50,83,20,30,65,18,5,67,25,64,42,0,0,72,0,20,0,44,https://img.a.transfermarkt.technology/portrait/header/422466-1601367999.jpg?lm=1,31,27,2389,26.5,0.08,0.04,0.11,2,0.08,0.05,0.0,0.8,0.03,0.06,1.51,-0.5,0.64,0.23,0.12,35.3,3.01,3.39,797,30.03,75.2,2.03,0.41,0.15,0.0,0.15,1.96,26,0.98,0.87,3.69,0.0,0.08,49.84,16,0.6,22.72,1.02,0.98,1.85,0.0,0.0,4.22,37.0,55.2,21,0.79,47.7,0.23,0.0,0.0,0.0,0.0,0.0,0.0,0.0,0.0,0.0,0.0,0.0,0.0,0.0,0.0,0.0,0.0,0.0
Dominik Greif,Slovakia,28.0,1997.0,Goalkeeper,197.0,2026-06-30,ES1,Real Club Deportivo Mallorca S.A.D.,6000000.0,59,0,0,25,63,85,30,10,78,60,0,35,73,57,85,81,81,30,10,https://img.a.transfermarkt.technology/portrait/header/316884-1581331466.png?lm=1,31,31,2790,31.0,0.0,0.0,0.0,0,0.0,0.0,0.0,0.0,0.0,0.0,0.0,0.0,0.0,0.0,0.0,0.0,0.0,0.0,735,23.71,70.2,0.55,0.06,0.0,12.9,0.06,0.0,0,0.0,0.0,0.42,0.03,0.0,35.77,2,0.06,20.03,0.03,0.0,0.0,0.0,0.0,1.35,0.0,100.0,7,0.23,77.8,0.03,0.0,1.1,3.74,2.68,1.09,0.9,0.03,0.0,0.0,4.06,0.48,72.4,22.6,36.4,41.9,2.9,0.68
Marvin Pieringer,Germany,25.0,1999.0,Centre-Forward,191.0,2027-06-30,L1,1. Fußballclub Heidenheim 1846,5500000.0,51,50,32,50,74,54,43,82,76,23,87,69,0,0,47,0,41,0,48,https://img.a.transfermarkt.technology/portrait/header/471055-1690186870.jpg?lm=1,31,26,2206,24.5,0.29,0.16,0.45,4,0.16,-0.08,0.12,6.6,0.27,0.16,0.94,0.0,2.33,0.69,0.07,29.8,2.41,4.69,363,14.81,65.8,1.47,0.49,0.04,0.0,0.04,0.45,23,0.94,0.33,1.31,0.0,0.29,34.64,16,0.65,19.05,2.82,0.98,2.04,0.08,0.0,2.57,50.0,45.7,73,2.98,37.1,0.29,0.0,0.0,0.0,0.0,0.0,0.0,0.0,0.0,0.0,0.0,0.0,0.0,0.0,0.0,0.0,0.0,0.0
Erling Haaland,Norway,24.0,2000.0,Centre-Forward,195.0,2034-06-30,GB1,Manchester City Football Club,200000000.0,79,98,96,5,42,27,6,26,92,90,17,64,0,0,91,0,23,0,77,https://img.a.transfermarkt.technology/portrait/header/418560-1709108116.png?lm=1,31,31,2736,30.4,0.72,0.1,0.82,19,0.62,0.0,0.1,18.8,0.62,0.1,0.79,0.0,3.42,1.81,0.18,52.9,0.66,4.08,255,8.39,66.9,0.33,0.26,0.03,0.0,0.0,0.1,11,0.36,0.16,0.76,0.0,0.07,21.02,13,0.43,10.2,1.48,0.89,0.79,0.0,0.0,1.12,37.5,36.1,57,1.88,53.3,0.07,0.0,0.0,0.0,0.0,0.0,0.0,0.0,0.0,0.0,0.0,0.0,0.0,0.0,0.0,0.0,0.0,0.0
Armin Gigovic,Bosnia-Herzegovina,23.0,2002.0,Central Midfield,187.0,,L1,Kieler Sportvereinigung Holstein von 1900,3000000.0,46,62,93,6,51,67,49,4,63,57,96,53,0,0,71,0,16,0,53,https://img.a.transfermarkt.technology/portrait/header/651269-1606809695.png?lm=1,31,23,1895,21.1,0.24,0.05,0.28,5,0.24,0.15,0.0,1.9,0.09,0.1,1.76,-1.1,1.23,0.47,0.19,38.5,2.37,2.14,524,24.89,77.7,2.09,0.33,0.0,0.0,0.19,0.66,25,1.19,1.0,1.57,0.0,0.28,44.41,20,0.95,22.61,2.14,1.09,1.04,0.05,0.05,5.56,23.8,36.4,18,0.85,48.6,0.24,0.0,0.0,0.0,0.0,0.0,0.0,0.0,0.0,0.0,0.0,0.0,0.0,0.0,0.0,0.0,0.0,0.0
Patrik Schick,Czech Republic,29.0,1996.0,Centre-Forward,191.0,2027-06-30,L1,Bayer 04 Leverkusen Fußball,27000000.0,73,95,100,44,4,36,15,14,16,47,82,65,0,0,18,0,67,0,64,https://img.a.transfermarkt.technology/portrait/header/242086-1727378322.jpg?lm=1,31,19,1684,18.7,1.12,0.0,1.12,20,1.07,0.44,0.05,11.9,0.64,0.03,0.37,-0.6,3.63,1.71,0.29,47.1,1.12,5.72,287,15.34,78.0,0.59,0.32,0.0,0.0,0.0,0.05,6,0.32,0.21,0.91,0.05,0.27,30.89,10,0.53,16.67,2.3,1.6,1.28,0.05,0.0,1.55,20.0,38.5,45,2.4,45.0,0.21,0.0,0.0,0.0,0.0,0.0,0.0,0.0,0.0,0.0,0.0,0.0,0.0,0.0,0.0,0.0,0.0,0.0
Charlie Cresswell,England,22.0,2002.0,Centre-Back,190.0,2028-06-30,FR1,Toulouse Football Club,7000000.0,51,99,91,28,92,17,28,30,37,64,70,95,0,0,48,0,39,0,94,https://img.a.transfermarkt.technology/portrait/header/597659-1641461698.jpg?lm=1,31,29,2592,28.8,0.1,0.03,0.14,3,0.1,-0.01,0.0,3.3,0.11,0.06,0.28,-0.7,1.11,0.45,0.09,40.6,2.4,0.45,1287,44.69,83.0,2.12,0.14,0.03,0.0,0.28,0.14,35,1.22,0.97,6.63,0.1,0.03,66.67,3,0.1,35.87,0.69,0.1,0.97,0.0,0.0,3.58,60.9,27.3,98,3.4,69.0,0.17,0.0,0.0,0.0,0.0,0.0,0.0,0.0,0.0,0.0,0.0,0.0,0.0,0.0,0.0,0.0,0.0,0.0
Felix Passlack,Germany,26.0,1998.0,Right-Back,170.0,2025-06-30,L1,Verein für Leibesübungen Bochum 1848 Fußballgemeinschaft,2500000.0,41,72,56,6,83,36,22,26,60,52,64,10,0,0,34,0,4,0,8,https://img.a.transfermarkt.technology/portrait/header/274461-1691250368.jpg?lm=1,31,30,2334,25.9,0.04,0.23,0.27,1,0.04,-0.01,0.0,1.3,0.05,0.15,1.66,2.1,1.0,0.23,0.04,23.1,2.51,4.55,660,25.45,66.2,2.24,1.04,0.42,0.0,0.08,4.36,53,2.04,0.69,2.43,0.04,0.08,49.74,12,0.46,22.67,0.93,0.46,1.12,0.0,0.08,4.4,54.5,38.7,10,0.39,31.3,0.15,0.0,0.0,0.0,0.0,0.0,0.0,0.0,0.0,0.0,0.0,0.0,0.0,0.0,0.0,0.0,0.0,0.0
Tete Morente,Spain,28.0,1996.0,Left Winger,184.0,2027-06-30,IT1,Unione Sportiva Lecce,2000000.0,36,34,36,70,10,69,22,40,45,30,19,95,0,0,38,0,53,0,98,https://img.a.transfermarkt.technology/portrait/header/339816-1730123532.jpg?lm=1,31,23,2021,22.5,0.13,0.09,0.22,3,0.13,0.0,0.0,2.9,0.13,0.07,2.14,0.4,1.83,0.58,0.07,31.7,4.54,6.41,545,24.27,74.8,2.4,1.02,0.4,0.0,0.22,2.49,27,1.2,0.62,1.38,0.04,0.09,43.78,30,1.34,24.94,1.91,0.67,1.16,0.0,0.0,4.63,27.8,54.5,37,1.65,61.7,0.22,0.0,0.0,0.0,0.0,0.0,0.0,0.0,0.0,0.0,0.0,0.0,0.0,0.0,0.0,0.0,0.0,0.0
Sander Berge,Norway,27.0,1998.0,Defensive Midfield,195.0,2029-06-30,GB1,Fulham Football Club,25000000.0,46,14,39,56,7,48,65,61,70,65,0,50,0,0,69,0,84,0,52,https://img.a.transfermarkt.technology/portrait/header/333014-1679676693.jpg?lm=1,31,26,2224,24.7,0.0,0.0,0.0,0,0.0,-0.02,0.0,0.4,0.02,0.02,1.17,-0.6,0.12,0.04,0.0,33.3,5.02,0.36,1091,44.15,91.5,4.69,0.2,0.0,0.0,0.28,0.12,50,2.02,0.85,1.54,0.04,0.0,56.01,11,0.45,32.54,0.61,0.65,1.25,0.0,0.0,5.1,69.2,55.0,28,1.13,56.0,0.24,0.0,0.0,0.0,0.0,0.0,0.0,0.0,0.0,0.0,0.0,0.0,0.0,0.0,0.0,0.0,0.0,0.0
Juan Miranda,Spain,25.0,2000.0,Left-Back,185.0,2027-06-30,IT1,Bologna Football Club 1909,11000000.0,48,48,25,92,97,15,65,10,65,42,44,78,0,0,52,0,80,0,69,https://img.a.transfermarkt.technology/portrait/header/341227-1689338510.jpg?lm=1,31,25,2277,25.3,0.0,0.24,0.24,0,0.0,-0.03,0.0,0.7,0.03,0.24,1.34,-0.1,0.87,0.2,0.0,22.7,6.44,3.48,1420,56.13,75.7,6.17,2.06,1.19,0.0,0.16,8.34,32,1.26,0.91,1.98,0.04,0.04,82.21,7,0.28,41.38,0.91,0.32,1.03,0.0,0.0,3.83,42.4,35.0,36,1.42,52.2,0.16,0.04,0.0,0.0,0.0,0.0,0.0,0.0,0.0,0.0,0.0,0.0,0.0,0.0,0.0,0.0,0.0,0.0
Dimitrios Giannoulis,Greece,29.0,1995.0,Left-Back,178.0,2028-06-30,L1,Fußball-Club Augsburg 1907,2800000.0,62,61,54,54,79,71,56,73,70,44,56,5,0,0,84,0,37,0,4,https://img.a.transfermarkt.technology/portrait/header/295630-1722850451.jpg?lm=1,31,31,2650,29.4,0.03,0.14,0.17,1,0.03,-0.0,0.0,1.1,0.04,0.14,2.04,-0.2,0.44,0.14,0.08,30.8,3.53,5.57,1076,36.54,74.7,2.41,1.87,0.78,0.0,0.07,4.08,47,1.6,1.6,2.55,0.0,0.03,61.2,29,0.98,28.7,1.66,0.44,0.58,0.03,0.0,4.62,59.1,35.4,9,0.31,28.1,0.27,0.0,0.0,0.0,0.0,0.0,0.0,0.0,0.0,0.0,0.0,0.0,0.0,0.0,0.0,0.0,0.0,0.0
Maximilian Mittelstädt,Germany,28.0,1997.0,Left-Back,180.0,2028-06-30,L1,Verein für Bewegungsspiele Stuttgart 1893,20000000.0,75,55,56,97,93,77,90,98,50,62,0,57,0,0,47,0,96,0,61,https://img.a.transfermarkt.technology/portrait/header/282660-1723707584.jpg?lm=1,31,28,2469,27.4,0.04,0.26,0.29,1,0.04,0.0,0.0,0.9,0.03,0.17,2.26,2.3,0.77,0.15,0.05,19.0,6.63,5.65,1698,61.9,83.4,5.83,2.22,1.13,0.0,0.4,5.98,79,2.88,1.71,3.5,0.07,0.0,86.94,21,0.77,45.6,0.87,0.29,0.87,0.0,0.0,4.34,72.6,55.3,24,0.87,55.8,0.18,0.0,0.0,0.0,0.0,0.0,0.0,0.0,0.0,0.0,0.0,0.0,0.0,0.0,0.0,0.0,0.0,0.0
Ademola Lookman,Nigeria,27.0,1997.0,Second Striker,174.0,2026-06-30,IT1,Atalanta Bergamasca Calcio S.p.a.,60000000.0,79,79,91,94,97,87,100,74,17,58,19,43,0,0,23,0,86,0,73,https://img.a.transfermarkt.technology/portrait/header/406040-1682076571.jpg?lm=1,31,28,2247,25.0,0.6,0.2,0.8,14,0.56,0.19,0.04,9.5,0.38,0.28,5.69,-2.0,3.24,1.28,0.17,39.5,2.92,12.66,684,27.4,72.5,1.16,1.72,0.52,0.0,0.04,4.97,32,1.28,0.12,0.2,0.04,0.08,50.99,37,1.48,33.12,2.88,2.04,1.24,0.0,0.0,2.76,57.9,35.9,17,0.68,56.7,0.16,0.0,0.0,0.0,0.0,0.0,0.0,0.0,0.0,0.0,0.0,0.0,0.0,0.0,0.0,0.0,0.0,0.0
Tom Bischof,Germany,19.0,2005.0,Central Midfield,176.0,2025-06-30,L1,Turn- und Sportgemeinschaft 1899 Hoffenheim Fußball-Spielbetriebs,25000000.0,68,68,91,67,75,80,64,89,43,63,66,28,0,0,55,0,34,0,33,https://img.a.transfermarkt.technology/portrait/header/822959-1723921256.jpg?lm=1,31,30,2559,28.4,0.18,0.07,0.25,5,0.18,0.1,0.0,2.2,0.08,0.13,1.65,-1.6,1.79,0.63,0.1,35.3,4.85,3.59,1210,42.56,78.7,3.87,1.37,0.35,0.0,0.21,5.1,95,3.34,1.06,1.86,0.04,0.14,68.62,29,1.02,33.83,1.44,1.34,1.58,0.0,0.0,5.49,51.9,45.3,14,0.49,42.4,0.18,0.0,0.0,0.0,0.0,0.0,0.0,0.0,0.0,0.0,0.0,0.0,0.0,0.0,0.0,0.0,0.0,0.0
Alessandro Zanoli,Italy,24.0,2000.0,Right-Back,188.0,2025-06-30,IT1,Genoa Cricket and Football Club,6000000.0,35,28,64,1,45,76,77,7,68,70,50,58,0,0,89,0,1,0,54,https://img.a.transfermarkt.technology/portrait/header/397225-1673603620.jpg?lm=1,31,19,1711,19.0,0.05,0.0,0.05,1,0.05,0.03,0.0,0.4,0.02,0.08,3.42,-1.6,0.58,0.16,0.09,27.3,1.42,4.73,339,17.83,66.9,0.53,1.1,0.68,0.0,0.05,3.42,29,1.53,0.63,2.1,0.0,0.05,37.87,20,1.05,19.15,1.68,0.47,0.89,0.0,0.0,3.16,43.5,35.7,19,1.0,50.0,0.16,0.0,0.0,0.0,0.0,0.0,0.0,0.0,0.0,0.0,0.0,0.0,0.0,0.0,0.0,0.0,0.0,0.0
Gautier Lloris,France,29.0,1995.0,Centre-Back,191.0,2026-06-30,FR1,Le Havre Athletic Club,3000000.0,60,61,83,44,70,36,33,83,92,54,0,61,0,0,78,0,59,0,70,https://img.a.transfermarkt.technology/portrait/header/249636-1704795536.jpg?lm=1,31,31,2768,30.8,0.07,0.03,0.1,2,0.07,0.03,0.0,1.2,0.04,0.03,0.42,0.1,0.36,0.07,0.18,18.2,3.22,0.23,1317,42.82,87.2,2.86,0.16,0.03,0.0,0.2,0.1,68,2.21,1.11,6.24,0.0,0.0,61.29,4,0.13,33.42,0.42,0.1,1.01,0.0,0.07,3.25,71.7,57.1,64,2.08,65.3,0.16,0.0,0.0,0.0,0.0,0.0,0.0,0.0,0.0,0.0,0.0,0.0,0.0,0.0,0.0,0.0,0.0,0.0
Samuel Lino,Brazil,25.0,1999.0,Left Winger,177.0,2027-06-30,ES1,Club Atlético de Madrid S.A.D.,25000000.0,65,84,36,86,52,67,87,64,92,51,62,76,0,0,74,0,82,0,84,https://img.a.transfermarkt.technology/portrait/header/694928-1695982815.jpg?lm=1,31,21,1552,17.2,0.17,0.23,0.41,3,0.17,-0.17,0.0,6.0,0.35,0.17,4.18,1.1,2.61,1.04,0.07,40.0,4.23,10.38,652,37.81,79.4,2.38,1.39,0.35,0.0,0.17,2.38,33,1.91,0.46,0.75,0.0,0.17,60.19,27,1.57,39.43,1.8,1.04,0.87,0.06,0.0,4.93,42.3,48.2,13,0.75,52.0,0.17,0.0,0.0,0.0,0.0,0.0,0.0,0.0,0.0,0.0,0.0,0.0,0.0,0.0,0.0,0.0,0.0,0.0
Facundo Buonanotte,Argentina,20.0,2004.0,Attacking Midfield,174.0,2025-06-30,GB1,Leicester City Football Club,22000000.0,59,70,75,30,64,62,50,76,44,6,57,70,0,0,64,0,40,0,49,https://img.a.transfermarkt.technology/portrait/header/983989-1682588141.jpg?lm=1,31,14,1523,16.9,0.3,0.12,0.41,5,0.3,0.07,0.0,3.9,0.23,0.18,2.3,-1.1,2.13,0.71,0.14,33.3,3.19,4.37,437,25.82,76.4,2.42,0.77,0.12,0.0,0.24,2.54,53,3.13,0.71,0.83,0.0,0.18,51.47,28,1.65,28.25,3.37,2.36,2.19,0.0,0.0,4.67,31.3,34.1,18,1.06,34.0,0.47,0.0,0.0,0.0,0.0,0.0,0.0,0.0,0.0,0.0,0.0,0.0,0.0,0.0,0.0,0.0,0.0,0.0
Florian Wirtz,Germany,22.0,2003.0,Attacking Midfield,177.0,2027-06-30,L1,Bayer 04 Leverkusen Fußball,140000000.0,81,86,91,96,94,99,100,36,38,79,56,13,0,0,50,0,79,0,10,https://img.a.transfermarkt.technology/portrait/header/598577-1689710503.jpg?lm=1,31,25,2351,26.1,0.38,0.46,0.84,8,0.31,0.02,0.08,6.1,0.23,0.27,5.01,5.0,2.83,1.34,0.11,47.3,6.74,11.83,1370,52.45,78.3,3.68,2.49,0.31,0.0,0.31,3.87,32,1.23,0.38,0.23,0.04,0.15,80.24,82,3.14,46.59,2.22,1.8,0.84,0.04,0.0,4.33,40.9,49.1,9,0.34,20.0,0.11,0.0,0.0,0.0,0.0,0.0,0.0,0.0,0.0,0.0,0.0,0.0,0.0,0.0,0.0,0.0,0.0,0.0
Mateo Kovacic,Croatia,31.0,1994.0,Central Midfield,177.0,2027-06-30,GB1,Manchester City Football Club,25000000.0,70,62,95,86,81,77,95,67,56,43,71,37,0,0,50,0,98,0,56,https://img.a.transfermarkt.technology/portrait/header/51471-1682668192.jpg?lm=1,31,25,2198,24.4,0.25,0.08,0.33,6,0.25,0.17,0.0,1.9,0.08,0.15,2.29,-1.6,1.84,0.49,0.13,26.7,6.72,0.66,1742,71.33,92.6,8.43,1.23,0.0,0.0,0.33,0.0,69,2.83,0.98,0.86,0.04,0.16,86.93,22,0.9,59.17,0.78,1.19,0.98,0.0,0.0,4.67,47.7,53.7,10,0.41,52.6,0.2,0.04,0.0,0.0,0.0,0.0,0.0,0.0,0.0,0.0,0.0,0.0,0.0,0.0,0.0,0.0,0.0,0.0
Jonas Wind,Denmark,26.0,1999.0,Centre-Forward,190.0,2026-06-30,L1,Verein für Leibesübungen Wolfsburg,15000000.0,42,18,68,89,85,10,45,61,70,89,64,89,0,0,94,0,82,0,84,https://img.a.transfermarkt.technology/portrait/header/391004-1689866009.jpg?lm=1,31,21,1966,21.8,0.41,0.14,0.55,8,0.37,0.15,0.05,4.0,0.18,0.19,0.78,-1.2,1.74,0.5,0.21,28.9,4.58,4.3,432,19.78,70.6,3.02,1.1,0.0,0.0,0.0,0.32,10,0.46,0.27,0.69,0.0,0.23,37.08,6,0.27,20.6,2.52,1.28,0.69,0.0,0.0,2.7,50.0,30.0,98,4.49,49.5,0.09,0.0,0.0,0.0,0.0,0.0,0.0,0.0,0.0,0.0,0.0,0.0,0.0,0.0,0.0,0.0,0.0,0.0
Sebastian Walukiewicz,Poland,25.0,2000.0,Centre-Back,188.0,2027-06-30,IT1,Torino Calcio,5000000.0,49,24,31,80,56,35,77,62,84,20,0,11,0,0,88,0,18,0,8,https://img.a.transfermarkt.technology/portrait/header/345458-1716985042.jpg?lm=1,31,22,1841,20.5,0.0,0.0,0.0,0,0.0,-0.02,0.0,0.4,0.02,0.02,1.32,-0.4,0.29,0.05,0.0,16.7,4.3,1.66,809,39.55,80.88,3.91,0.73,0.24,0.0,0.2,1.27,39,1.91,0.93,3.67,0.0,0.0,58.76,6,0.29,28.79,0.54,0.24,1.61,0.0,0.0,2.84,72.3,27.3,28,1.37,43.2,0.29,0.0,0.0,0.0,0.0,0.0,0.0,0.0,0.0,0.0,0.0,0.0,0.0,0.0,0.0,0.0,0.0,0.0
Emre Can,Germany,31.0,1994.0,Defensive Midfield,186.0,2026-06-30,L1,Borussia Dortmund,7000000.0,47,16,65,71,24,66,84,23,27,62,44,84,0,0,27,0,77,0,90,https://img.a.transfermarkt.technology/portrait/header/119296-1709561046.jpg?lm=1,31,23,2105,23.4,0.13,0.0,0.13,1,0.04,0.04,0.09,0.4,0.02,0.03,0.86,-0.7,0.3,0.04,0.14,14.3,4.96,0.51,1705,72.9,89.5,5.09,0.21,0.0,0.0,0.3,0.47,50,2.14,0.86,3.81,0.13,0.04,92.18,15,0.64,60.07,0.77,0.43,1.07,0.0,0.0,4.83,50.0,57.7,45,1.92,64.3,0.17,0.04,0.0,0.0,0.0,0.0,0.0,0.0,0.0,0.0,0.0,0.0,0.0,0.0,0.0,0.0,0.0,0.0
Dany Mota,Portugal,27.0,1998.0,Second Striker,180.0,2027-06-30,IT1,Associazione Calcio Monza,5000000.0,41,29,41,67,33,32,79,77,3,61,77,71,0,0,3,0,56,0,66,https://img.a.transfermarkt.technology/portrait/header/347253-1652095197.jpg?lm=1,31,24,2104,23.4,0.21,0.09,0.3,5,0.21,-0.0,0.0,5.1,0.22,0.08,2.27,0.2,1.8,0.47,0.12,26.2,2.01,5.95,412,17.62,72.4,1.15,0.81,0.26,0.0,0.26,1.63,13,0.56,0.38,1.15,0.13,0.3,35.08,13,0.56,21.43,2.69,1.24,1.28,0.0,0.0,2.61,50.0,33.3,60,2.57,45.8,0.13,0.0,0.0,0.0,0.0,0.0,0.0,0.0,0.0,0.0,0.0,0.0,0.0,0.0,0.0,0.0,0.0,0.0
Rodrigo Muniz,Brazil,24.0,2001.0,Centre-Forward,186.0,2026-06-30,GB1,Fulham Football Club,20000000.0,58,75,85,33,24,32,14,99,26,78,56,96,0,0,83,0,27,0,94,https://img.a.transfermarkt.technology/portrait/header/735571-1657802369.jpg?lm=1,31,8,964,10.7,0.75,0.09,0.84,8,0.75,0.21,0.0,5.8,0.54,0.07,0.56,0.3,3.64,1.77,0.21,48.7,2.52,2.89,92,8.59,64.8,1.21,0.28,0.0,0.0,0.19,0.09,10,0.93,0.47,1.31,0.0,0.19,29.04,6,0.56,14.66,4.39,2.24,1.03,0.0,0.0,1.31,100.0,33.3,67,6.26,51.5,0.09,0.0,0.0,0.0,0.0,0.0,0.0,0.0,0.0,0.0,0.0,0.0,0.0,0.0,0.0,0.0,0.0,0.0
Fran García,Spain,25.0,1999.0,Left-Back,169.0,2027-06-30,ES1,Real Madrid Club de Fútbol,15000000.0,58,56,14,93,44,20,95,57,64,97,0,35,0,0,70,0,87,0,34,https://img.a.transfermarkt.technology/portrait/header/341264-1688119965.jpg?lm=1,31,24,2171,24.1,0.0,0.08,0.08,0,0.0,-0.04,0.0,0.9,0.04,0.07,3.23,0.2,0.58,0.12,0.0,21.4,4.93,7.34,1344,55.72,86.7,3.61,0.95,0.37,0.0,0.21,2.74,51,2.11,1.16,2.78,0.04,0.0,74.29,8,0.33,41.5,0.83,0.41,0.54,0.0,0.0,4.39,54.9,34.8,17,0.7,44.7,0.0,0.0,0.0,0.0,0.0,0.0,0.0,0.0,0.0,0.0,0.0,0.0,0.0,0.0,0.0,0.0,0.0,0.0
Martin Valjent,Slovakia,29.0,1995.0,Centre-Back,187.0,2029-06-30,ES1,Real Club Deportivo Mallorca S.A.D.,6000000.0,36,44,94,42,11,51,51,9,77,90,70,29,0,0,86,0,26,0,30,https://img.a.transfermarkt.technology/portrait/header/277384-1738232660.jpg?lm=1,31,31,2763,30.7,0.1,0.0,0.1,3,0.1,0.07,0.0,0.8,0.03,0.0,0.75,-0.1,0.39,0.16,0.25,41.7,2.96,0.55,1195,38.93,85.9,2.74,0.13,0.0,0.0,0.13,0.36,30,0.98,0.59,6.35,0.03,0.03,56.12,6,0.2,30.88,0.42,0.03,0.49,0.0,0.0,3.32,60.0,60.0,49,1.6,54.4,0.13,0.0,0.0,0.0,0.0,0.0,0.0,0.0,0.0,0.0,0.0,0.0,0.0,0.0,0.0,0.0,0.0,0.0
Ángel Correa,Argentina,30.0,1995.0,Right Winger,171.0,2026-06-30,ES1,Club Atlético de Madrid S.A.D.,15000000.0,57,87,67,53,69,37,61,31,49,2,78,3,0,0,42,0,54,0,3,https://img.a.transfermarkt.technology/portrait/header/266807-1701212448.jpg?lm=1,31,3,805,8.9,0.45,0.11,0.56,4,0.45,-0.06,0.0,4.5,0.5,0.23,3.35,-1.1,3.8,1.57,0.12,41.2,2.8,9.5,206,23.03,73.6,2.12,1.12,0.11,0.0,0.22,2.68,9,1.01,0.45,0.89,0.0,0.34,46.84,13,1.45,30.86,3.24,1.79,2.01,0.0,0.0,4.47,33.3,34.2,1,0.11,11.1,0.34,0.11,0.0,0.0,0.0,0.0,0.0,0.0,0.0,0.0,0.0,0.0,0.0,0.0,0.0,0.0,0.0,0.0
Sebastian Nanasi,Sweden,23.0,2002.0,Left Midfield,178.0,2029-06-30,FR1,Racing Club de Strasbourg Alsace,15000000.0,56,96,96,75,86,61,29,0,89,93,43,0,0,0,96,0,82,0,0,https://img.a.transfermarkt.technology/portrait/header/579928-1732576164.png?lm=1,31,26,2107,23.4,0.26,0.17,0.43,6,0.26,-0.02,0.0,6.5,0.28,0.21,2.26,-0.9,1.2,0.51,0.21,42.9,5.38,5.42,643,27.47,79.2,3.16,1.67,0.09,0.0,0.04,2.82,20,0.85,0.3,0.77,0.0,0.04,42.37,19,0.81,23.79,0.85,0.64,0.38,0.0,0.0,3.03,36.4,47.5,3,0.13,21.4,0.04,0.0,0.0,0.0,0.0,0.0,0.0,0.0,0.0,0.0,0.0,0.0,0.0,0.0,0.0,0.0,0.0,0.0
Natan,Brazil,24.0,2001.0,Centre-Back,188.0,2025-06-30,ES1,Real Betis Balompié S.A.D.,9000000.0,61,18,65,33,58,37,47,85,41,46,77,81,0,0,56,0,56,0,85,https://img.a.transfermarkt.technology/portrait/header/735568-1708553167.jpg?lm=1,31,23,2175,24.2,0.04,0.04,0.08,1,0.04,0.03,0.0,0.3,0.01,0.02,0.5,0.4,0.37,0.17,0.11,44.4,2.15,0.25,1122,46.43,88.7,2.15,0.12,0.04,0.0,0.46,0.08,35,1.45,1.16,5.09,0.08,0.04,62.65,2,0.08,38.44,0.62,0.33,0.79,0.0,0.0,3.1,86.7,66.7,65,2.69,68.4,0.21,0.04,0.0,0.0,0.0,0.0,0.0,0.0,0.0,0.0,0.0,0.0,0.0,0.0,0.0,0.0,0.0,0.0
Marc Oliver Kempf,Germany,30.0,1995.0,Centre-Back,186.0,2027-06-30,IT1,Calcio Como,2500000.0,46,79,6,49,78,59,55,18,20,53,0,97,0,0,26,0,65,0,99,https://img.a.transfermarkt.technology/portrait/header/160938-1657098066.jpg?lm=1,31,30,2615,29.1,0.0,0.0,0.0,0,0.0,-0.06,0.0,1.6,0.06,0.04,0.59,-1.2,0.69,0.14,0.0,20.0,2.93,0.14,1498,51.56,87.2,3.99,0.31,0.03,0.0,0.48,0.14,30,1.03,1.14,4.68,0.14,0.0,69.18,4,0.14,39.1,0.41,0.17,0.72,0.0,0.0,3.65,54.2,80.0,108,3.72,73.5,0.21,0.03,0.0,0.0,0.0,0.0,0.0,0.0,0.0,0.0,0.0,0.0,0.0,0.0,0.0,0.0,0.0,0.0
Ramy Bensebaini,Algeria,30.0,1995.0,Left-Back,187.0,2027-06-30,L1,Borussia Dortmund,7000000.0,66,72,54,88,81,10,57,87,70,28,0,92,0,0,54,0,97,0,91,https://img.a.transfermarkt.technology/portrait/header/284732-1730103772.jpg?lm=1,31,23,2022,22.5,0.04,0.27,0.31,1,0.04,-0.01,0.0,1.3,0.06,0.14,1.16,2.8,0.89,0.09,0.05,10.0,5.7,2.58,1273,56.66,86.1,5.16,0.85,0.22,0.0,0.22,1.6,51,2.27,1.47,3.83,0.04,0.0,78.61,5,0.22,41.88,0.71,0.27,1.25,0.0,0.0,4.45,64.7,27.8,41,1.82,62.1,0.27,0.0,0.0,0.0,0.0,0.0,0.0,0.0,0.0,0.0,0.0,0.0,0.0,0.0,0.0,0.0,0.0,0.0
Jude Bellingham,England,21.0,2003.0,Attacking Midfield,186.0,2029-06-30,ES1,Real Madrid Club de Fútbol,180000000.0,81,98,90,91,54,76,85,97,42,25,40,81,0,0,37,0,96,0,86,https://img.a.transfermarkt.technology/portrait/header/581678-1693987944.jpg?lm=1,31,29,2488,27.6,0.33,0.29,0.61,8,0.29,-0.09,0.04,9.9,0.36,0.14,2.68,4.1,2.17,0.8,0.13,36.7,7.2,5.17,1333,48.22,86.1,4.7,1.12,0.0,0.0,0.69,0.65,61,2.21,1.01,0.83,0.04,0.11,68.04,41,1.48,44.46,1.95,1.56,1.19,0.04,0.0,3.51,66.7,54.7,30,1.09,49.2,0.18,0.04,0.0,0.0,0.0,0.0,0.0,0.0,0.0,0.0,0.0,0.0,0.0,0.0,0.0,0.0,0.0,0.0
Christoph Baumgartner,Austria,25.0,1999.0,Attacking Midfield,180.0,2028-06-30,L1,RasenBallsport Leipzig,15000000.0,43,74,30,15,9,32,34,78,7,14,9,97,0,0,7,0,5,0,97,https://img.a.transfermarkt.technology/portrait/header/324278-1716315718.jpg?lm=1,31,18,1610,17.9,0.11,0.06,0.17,2,0.11,-0.14,0.0,4.5,0.25,0.07,2.07,-0.3,2.18,0.84,0.05,38.5,2.96,5.31,421,23.53,68.2,2.24,0.89,0.06,0.0,0.06,0.78,44,2.46,0.67,1.34,0.11,0.06,50.87,17,0.95,24.48,2.63,1.73,2.46,0.0,0.0,4.81,40.5,40.5,41,2.29,51.3,0.28,0.0,0.0,0.0,0.0,0.0,0.0,0.0,0.0,0.0,0.0,0.0,0.0,0.0,0.0,0.0,0.0,0.0
Lautaro Martínez,Argentina,27.0,1997.0,Centre-Forward,174.0,2029-06-30,IT1,Football Club Internazionale Milano S.p.A.,95000000.0,79,91,84,79,69,37,64,84,45,75,39,45,0,0,77,0,76,0,58,https://img.a.transfermarkt.technology/portrait/header/406625-1695024988.jpg?lm=1,31,31,2564,28.5,0.42,0.11,0.53,12,0.42,-0.05,0.0,13.5,0.47,0.15,1.19,-1.3,3.58,1.19,0.12,33.3,2.39,6.91,472,16.57,74.4,1.44,0.77,0.04,0.0,0.35,0.46,30,1.05,0.35,0.53,0.0,0.14,34.43,17,0.6,21.94,2.46,1.9,1.44,0.0,0.0,2.56,52.0,36.2,35,1.23,47.9,0.04,0.0,0.0,0.0,0.0,0.0,0.0,0.0,0.0,0.0,0.0,0.0,0.0,0.0,0.0,0.0,0.0,0.0
Djordje Petrovic,Serbia,25.0,1999.0,Goalkeeper,190.0,2025-06-30,FR1,Racing Club de Strasbourg Alsace,18000000.0,88,0,0,90,59,69,100,53,83,48,0,29,87,97,83,13,6,79,81,https://img.a.transfermarkt.technology/portrait/header/465555-1732575132.png?lm=1,31,31,2790,31.0,0.0,0.0,0.0,0,0.0,0.0,0.0,0.0,0.0,0.0,0.03,0.0,0.0,0.0,0.0,0.0,0.03,0.0,1244,40.13,80.4,0.71,0.03,0.0,15.2,0.03,0.0,1,0.03,0.0,0.77,0.03,0.0,53.13,1,0.03,35.29,0.0,0.0,0.0,0.0,0.0,1.87,0.0,100.0,4,0.13,100.0,0.06,0.0,1.23,4.74,3.55,1.48,9.9,0.32,0.0,0.03,4.1,1.32,78.9,32.3,27.4,20.9,8.4,1.52
Khvicha Kvaratskhelia,Georgia,24.0,2001.0,Left Winger,183.0,2029-06-30,FR1,Paris Saint-Germain Football Club,80000000.0,78,85,86,88,95,62,90,36,66,78,61,42,0,0,84,0,94,0,57,https://img.a.transfermarkt.technology/portrait/header/502670-1708553120.jpg?lm=1,31,26,2094,23.3,0.39,0.26,0.64,8,0.34,0.07,0.04,6.7,0.29,0.37,5.33,-2.6,3.57,1.33,0.1,38.22,4.3,9.46,820,35.24,81.65,2.71,1.85,0.34,0.0,0.34,3.61,34,1.46,0.26,0.47,0.0,0.26,57.03,44,1.89,36.49,1.89,1.98,1.03,0.0,0.0,3.09,43.35,38.22,7,0.3,41.44,0.04,0.0,0.0,0.0,0.0,0.0,0.0,0.0,0.0,0.0,0.0,0.0,0.0,0.0,0.0,0.0,0.0,0.0
Toti,Portugal,26.0,1999.0,Centre-Back,187.0,2029-06-30,GB1,Wolverhampton Wanderers Football Club,25000000.0,61,35,38,53,71,97,76,81,7,50,0,54,0,0,13,0,46,0,70,https://img.a.transfermarkt.technology/portrait/header/606718-1743575342.jpg?lm=1,31,30,2614,29.0,0.0,0.03,0.03,0,0.0,-0.02,0.0,0.7,0.02,0.03,0.93,0.1,0.24,0.07,0.0,28.6,2.89,0.62,1471,50.65,85.9,2.96,0.21,0.1,0.0,0.1,0.45,61,2.1,0.86,5.23,0.17,0.0,69.76,20,0.69,41.49,0.65,0.52,0.83,0.0,0.03,3.96,80.4,62.5,53,1.82,67.1,0.24,0.0,0.0,0.0,0.0,0.0,0.0,0.0,0.0,0.0,0.0,0.0,0.0,0.0,0.0,0.0,0.0,0.0
Ludovic Ajorque,France,31.0,1994.0,Centre-Forward,196.0,2025-06-30,FR1,Stade brestois 29,4000000.0,66,74,87,43,49,27,9,44,97,32,38,92,0,0,50,0,38,0,89,https://img.a.transfermarkt.technology/portrait/header/283994-1692000251.jpg?lm=1,31,29,2495,27.7,0.47,0.07,0.54,13,0.47,0.09,0.0,9.6,0.35,0.11,0.36,-1.1,1.91,0.9,0.25,47.2,1.48,4.47,462,16.67,68.9,1.05,0.4,0.04,0.0,0.43,0.25,26,0.94,0.22,0.94,0.0,0.07,32.97,8,0.29,14.79,2.16,0.4,2.2,0.07,0.0,2.24,31.3,47.1,133,4.8,52.4,0.18,0.0,0.0,0.0,0.0,0.0,0.0,0.0,0.0,0.0,0.0,0.0,0.0,0.0,0.0,0.0,0.0,0.0
Clément Akpa,Cote d'Ivoire,23.0,2001.0,Centre-Back,181.0,2027-06-30,FR1,Association de la Jeunesse auxerroise,3000000.0,58,14,35,55,74,40,68,88,57,56,89,22,0,0,53,0,20,0,28,https://img.a.transfermarkt.technology/portrait/header/806793-1709202392.jpg?lm=1,31,29,2486,27.6,0.0,0.04,0.04,0,0.0,-0.01,0.0,0.3,0.01,0.03,0.98,0.1,0.22,0.04,0.0,16.7,2.68,0.87,998,36.13,82.5,2.68,0.36,0.18,0.0,1.45,0.91,55,1.99,1.52,5.1,0.07,0.07,55.46,8,0.29,32.4,0.33,0.14,0.54,0.0,0.04,4.2,67.4,34.8,38,1.38,55.1,0.25,0.0,0.0,0.0,0.0,0.0,0.0,0.0,0.0,0.0,0.0,0.0,0.0,0.0,0.0,0.0,0.0,0.0
Irvin Cardona,France,27.0,1997.0,Centre-Forward,185.0,2025-06-30,FR1,Association sportive de Saint-Étienne Loire,2000000.0,40,33,55,85,62,20,81,57,5,62,14,41,0,0,6,0,35,0,60,https://img.a.transfermarkt.technology/portrait/header/342226-1723534120.jpg?lm=1,31,18,1669,18.5,0.32,0.22,0.54,6,0.32,0.02,0.0,4.8,0.26,0.11,2.37,2.0,1.78,0.7,0.18,40.38,2.53,9.6,355,19.14,65.55,1.08,1.46,0.38,0.0,0.11,2.43,14,0.75,0.43,0.86,0.11,0.05,40.07,9,0.49,21.41,3.24,0.86,1.08,0.0,0.0,2.43,27.56,25.9,18,0.97,49.6,0.16,0.0,0.0,0.0,0.0,0.0,0.0,0.0,0.0,0.0,0.0,0.0,0.0,0.0,0.0,0.0,0.0,0.0
Emerson,Italy,30.0,1994.0,Left-Back,176.0,2026-06-30,GB1,West Ham United Football Club,12000000.0,53,86,84,28,30,27,38,50,87,50,68,41,0,0,80,0,44,0,42,https://img.a.transfermarkt.technology/portrait/header/181778-1660636930.jpg?lm=1,31,26,2113,23.5,0.09,0.04,0.13,2,0.09,0.0,0.0,2.0,0.09,0.06,2.0,-0.5,0.68,0.3,0.13,43.8,2.81,3.54,861,36.67,79.9,2.17,0.55,0.21,0.0,0.09,2.73,60,2.56,0.89,2.51,0.0,0.09,56.44,10,0.43,23.64,1.02,0.3,1.06,0.0,0.0,3.58,56.3,33.3,18,0.77,47.4,0.21,0.0,0.0,0.0,0.0,0.0,0.0,0.0,0.0,0.0,0.0,0.0,0.0,0.0,0.0,0.0,0.0,0.0
Marcos Alonso,Spain,34.0,1990.0,Left-Back,188.0,2025-06-30,ES1,Real Club Celta de Vigo S. A. D.,1800000.0,57,80,48,97,21,70,96,52,20,3,0,97,0,0,6,0,98,0,96,https://img.a.transfermarkt.technology/portrait/header/112515-1694505734.jpg?lm=1,31,29,2647,29.4,0.1,0.0,0.1,0,0.0,-0.03,0.1,1.6,0.05,0.04,2.18,-1.3,1.05,0.34,0.0,32.3,7.31,1.67,2139,72.73,89.2,7.68,0.71,0.2,0.0,0.85,1.43,35,1.19,1.16,4.28,0.14,0.0,91.22,16,0.54,58.92,0.68,0.31,1.05,0.0,0.03,5.98,56.8,64.0,70,2.38,62.5,0.34,0.07,0.0,0.0,0.0,0.0,0.0,0.0,0.0,0.0,0.0,0.0,0.0,0.0,0.0,0.0,0.0,0.0
Mohamed Amoura,Algeria,25.0,2000.0,Centre-Forward,170.0,2025-06-30,L1,Verein für Leibesübungen Wolfsburg,32000000.0,63,58,63,84,80,84,89,73,83,52,56,12,0,0,73,0,60,0,13,https://img.a.transfermarkt.technology/portrait/header/746910-1724771303.jpg?lm=1,31,29,2467,27.4,0.36,0.33,0.69,8,0.29,0.05,0.07,7.2,0.26,0.15,2.96,5.0,2.66,0.91,0.11,34.2,2.23,8.9,532,19.41,70.3,1.06,0.95,0.18,0.0,0.51,1.28,29,1.06,0.33,0.88,0.0,0.15,40.35,37,1.35,22.91,3.14,0.66,1.09,0.04,0.0,3.36,37.8,40.7,19,0.69,29.7,0.22,0.0,0.0,0.0,0.0,0.0,0.0,0.0,0.0,0.0,0.0,0.0,0.0,0.0,0.0,0.0,0.0,0.0
Jeff Chabot,Germany,27.0,1998.0,Centre-Back,195.0,2028-06-30,L1,Verein für Bewegungsspiele Stuttgart 1893,12000000.0,58,84,94,82,60,37,63,40,88,5,0,86,0,0,84,0,79,0,82,https://img.a.transfermarkt.technology/portrait/header/303219-1723707145.jpg?lm=1,31,27,2269,25.2,0.12,0.04,0.16,3,0.12,0.04,0.0,1.8,0.07,0.02,0.28,0.5,0.75,0.12,0.16,15.8,4.28,0.2,1749,69.37,89.9,5.28,0.2,0.0,0.0,0.59,0.08,37,1.47,1.51,5.35,0.0,0.0,88.81,3,0.12,53.71,0.52,0.12,1.39,0.0,0.0,3.89,46.9,60.0,78,3.09,65.0,0.44,0.04,0.0,0.0,0.0,0.0,0.0,0.0,0.0,0.0,0.0,0.0,0.0,0.0,0.0,0.0,0.0,0.0
Yegor Yarmolyuk,Ukraine,21.0,2004.0,Attacking Midfield,180.0,2028-06-30,GB1,Brentford Football Club,12000000.0,16,0,4,56,6,34,20,96,87,23,9,51,0,0,70,0,86,0,64,https://img.a.transfermarkt.technology/portrait/header/717411-1740606151.jpg?lm=1,31,15,1450,16.1,0.0,0.0,0.0,0,0.0,-0.04,0.0,0.6,0.04,0.06,0.93,-0.9,0.56,0.12,0.0,22.2,3.91,2.92,660,40.97,87.0,4.41,0.5,0.25,0.0,0.56,0.99,49,3.04,0.81,2.05,0.0,0.06,59.52,13,0.81,32.03,1.61,1.3,1.18,0.0,0.0,6.95,51.8,48.1,8,0.5,44.4,0.37,0.0,0.0,0.0,0.0,0.0,0.0,0.0,0.0,0.0,0.0,0.0,0.0,0.0,0.0,0.0,0.0,0.0
Kepa Arrizabalaga,Spain,30.0,1994.0,Goalkeeper,188.0,2025-05-31,GB1,Association Football Club Bournemouth,11000000.0,58,98,0,60,25,69,29,49,48,14,0,49,65,69,19,53,60,84,51,https://img.a.transfermarkt.technology/portrait/header/192279-1661855851.jpg?lm=1,31,31,2790,31.0,0.0,0.0,0.0,0,0.0,-0.0,0.0,0.1,0.0,0.0,0.0,0.0,0.03,0.0,0.0,0.0,0.06,0.0,750,24.19,73.2,0.32,0.0,0.0,16.0,0.0,0.0,1,0.03,0.0,0.48,0.1,0.0,35.0,1,0.03,20.0,0.0,0.0,0.06,0.0,0.06,1.81,0.0,100.0,7,0.23,87.5,0.1,0.0,1.26,4.32,3.06,1.32,2.0,0.07,0.0,0.0,3.94,0.71,73.9,25.8,32.9,33.3,6.0,1.74
Jordan Ayew,Ghana,33.0,1991.0,Right Winger,182.0,2026-06-30,GB1,Leicester City Football Club,3500000.0,35,37,58,29,4,47,34,52,41,12,12,92,0,0,53,0,37,0,73,https://img.a.transfermarkt.technology/portrait/header/108354-1668429913.jpg?lm=1,31,19,1659,18.4,0.27,0.0,0.27,4,0.22,0.07,0.05,2.9,0.16,0.06,2.6,-1.1,1.74,0.43,0.13,25.8,2.5,4.72,408,22.13,74.31,1.36,0.76,0.38,0.0,0.16,3.31,28,1.52,0.65,1.03,0.0,0.05,43.94,26,1.41,26.31,3.42,2.22,1.68,0.0,0.0,5.1,29.31,41.3,38,2.06,31.89,0.33,0.0,0.0,0.0,0.0,0.0,0.0,0.0,0.0,0.0,0.0,0.0,0.0,0.0,0.0,0.0,0.0,0.0
Karl Hein,Estonia,23.0,2002.0,Goalkeeper,193.0,2025-06-30,ES1,Real Valladolid Club de Fútbol S.A.D.,3000000.0,22,0,0,43,50,0,39,22,44,69,0,56,7,7,75,50,63,52,73,https://img.a.transfermarkt.technology/portrait/header/493513-1662665787.jpg?lm=1,31,31,2790,31.0,0.0,0.0,0.0,0,0.0,0.0,0.0,0.0,0.0,0.0,0.0,0.0,0.0,0.0,0.0,0.0,0.0,0.0,856,27.61,73.4,0.71,0.0,0.0,14.0,0.03,0.0,0,0.0,0.0,0.61,0.06,0.0,40.45,0,0.0,20.74,0.1,0.0,0.0,0.0,0.0,1.39,0.0,0.0,7,0.23,100.0,0.0,0.0,2.19,5.26,3.1,1.9,-8.2,-0.27,0.0,0.0,4.39,1.1,60.7,16.1,33.9,32.6,7.2,1.1
Frank Magri,Cameroon,25.0,1999.0,Centre-Forward,178.0,2026-06-30,FR1,Toulouse Football Club,2500000.0,46,59,47,28,34,7,23,37,46,9,91,48,0,0,33,0,43,0,32,https://img.a.transfermarkt.technology/portrait/header/807689-1653399470.jpg?lm=1,31,17,1516,16.8,0.3,0.06,0.36,5,0.3,-0.06,0.0,6.0,0.36,0.09,1.01,-0.5,2.61,1.07,0.11,40.9,1.48,4.75,178,10.57,70.9,0.89,0.42,0.06,0.0,0.06,0.24,8,0.47,0.24,0.65,0.0,0.42,24.93,4,0.24,14.49,2.55,1.84,1.54,0.0,0.0,1.25,37.5,22.2,40,2.37,32.8,0.3,0.06,0.0,0.0,0.0,0.0,0.0,0.0,0.0,0.0,0.0,0.0,0.0,0.0,0.0,0.0,0.0,0.0
Tommaso Baldanzi,Italy,22.0,2003.0,Attacking Midfield,170.0,2028-06-30,IT1,Associazione Sportiva Roma,14000000.0,32,23,21,43,33,82,93,50,90,55,69,10,0,0,84,0,70,0,17,https://img.a.transfermarkt.technology/portrait/header/641537-1661764089.jpg?lm=1,31,5,832,9.2,0.11,0.11,0.22,1,0.11,-0.04,0.0,1.4,0.15,0.11,4.22,0.0,2.16,0.43,0.05,20.0,2.49,6.17,305,32.99,84.0,2.38,0.65,0.0,0.0,0.11,0.76,12,1.3,0.65,0.87,0.0,0.22,51.06,17,1.84,31.59,1.73,0.97,0.76,0.0,0.0,5.19,33.3,43.6,1,0.11,25.0,0.22,0.0,0.0,0.0,0.0,0.0,0.0,0.0,0.0,0.0,0.0,0.0,0.0,0.0,0.0,0.0,0.0,0.0
James Maddison,England,28.0,1996.0,Attacking Midfield,175.0,2028-06-30,GB1,Tottenham Hotspur Football Club,50000000.0,79,85,93,93,84,70,87,44,55,26,87,36,0,0,35,0,92,0,54,https://img.a.transfermarkt.technology/portrait/header/294057-1687982662.jpg?lm=1,31,21,1809,20.1,0.45,0.35,0.8,9,0.45,0.16,0.0,5.8,0.29,0.21,2.24,2.8,1.94,0.85,0.23,43.6,8.16,4.73,1021,50.8,81.3,6.12,1.59,0.25,0.0,0.25,4.88,31,1.54,0.6,0.95,0.05,0.3,72.84,33,1.64,51.04,1.14,1.24,1.59,0.0,0.0,3.78,31.0,42.9,5,0.25,41.7,0.3,0.0,0.0,0.0,0.0,0.0,0.0,0.0,0.0,0.0,0.0,0.0,0.0,0.0,0.0,0.0,0.0,0.0
Yerry Mina,Colombia,30.0,1994.0,Centre-Back,195.0,2025-06-30,IT1,Cagliari Calcio,3000000.0,62,93,56,30,28,21,43,95,21,25,0,92,0,0,33,0,31,0,88,https://img.a.transfermarkt.technology/portrait/header/289446-1730186402.jpg?lm=1,31,31,2569,28.5,0.04,0.0,0.04,1,0.04,-0.05,0.0,2.3,0.08,0.01,0.6,-0.3,0.91,0.28,0.04,30.8,2.66,0.32,1198,41.97,85.9,2.21,0.21,0.04,0.0,0.07,0.04,66,2.31,1.3,5.71,0.11,0.0,62.95,3,0.11,33.21,0.7,0.46,1.4,0.0,0.0,5.54,76.9,37.5,94,3.29,65.3,0.21,0.04,0.0,0.0,0.0,0.0,0.0,0.0,0.0,0.0,0.0,0.0,0.0,0.0,0.0,0.0,0.0,0.0
Pablo Barrios,Spain,21.0,2003.0,Central Midfield,181.0,2028-06-30,ES1,Club Atlético de Madrid S.A.D.,50000000.0,53,38,37,74,55,83,60,64,0,51,28,87,0,0,0,0,71,0,92,https://img.a.transfermarkt.technology/portrait/header/775605-1699431384.jpg?lm=1,31,28,2330,25.9,0.04,0.15,0.19,1,0.04,-0.01,0.0,1.3,0.05,0.09,1.12,1.6,1.12,0.31,0.03,27.6,5.48,2.67,1299,50.18,86.0,5.72,0.93,0.19,0.0,0.42,1.0,46,1.78,1.31,1.27,0.35,0.04,68.91,25,0.97,43.22,1.89,0.89,1.08,0.0,0.0,5.06,48.9,59.5,35,1.35,62.5,0.15,0.04,0.0,0.0,0.0,0.0,0.0,0.0,0.0,0.0,0.0,0.0,0.0,0.0,0.0,0.0,0.0,0.0
Takumi Minamino,Japan,30.0,1995.0,Left Winger,172.0,2027-06-30,FR1,Association sportive de Monaco Football Club,15000000.0,64,94,66,60,80,5,12,35,88,40,0,67,0,0,65,0,56,0,62,https://img.a.transfermarkt.technology/portrait/header/165793-1737490576.jpg?lm=1,31,27,2231,24.8,0.24,0.12,0.36,6,0.24,-0.12,0.0,8.9,0.36,0.27,2.06,-3.6,2.3,0.81,0.11,35.1,4.6,7.79,520,20.98,70.7,2.66,1.33,0.0,0.0,0.08,0.93,33,1.33,0.4,0.81,0.0,0.0,40.99,12,0.48,22.87,2.26,0.93,1.25,0.0,0.0,3.55,35.7,30.0,19,0.77,38.8,0.16,0.0,0.0,0.0,0.0,0.0,0.0,0.0,0.0,0.0,0.0,0.0,0.0,0.0,0.0,0.0,0.0,0.0
Arthur Theate,Belgium,25.0,2000.0,Centre-Back,185.0,2029-06-30,L1,Eintracht Frankfurt Fußball AG,24000000.0,54,95,2,87,71,84,94,27,32,61,95,39,0,0,47,0,45,0,36,https://img.a.transfermarkt.technology/portrait/header/368891-1666698276.jpg?lm=1,31,31,2704,30.0,0.0,0.0,0.0,0,0.0,-0.08,0.0,2.4,0.08,0.03,1.66,-1.0,1.2,0.3,0.0,25.0,5.69,0.8,1539,51.22,82.6,6.12,0.73,0.17,0.0,0.43,0.87,36,1.2,1.3,5.66,0.1,0.1,74.22,10,0.33,43.97,0.7,0.23,0.47,0.0,0.0,4.09,50.0,76.9,54,1.8,55.1,0.2,0.03,0.0,0.0,0.0,0.0,0.0,0.0,0.0,0.0,0.0,0.0,0.0,0.0,0.0,0.0,0.0,0.0
Zeki Çelik,Türkiye,28.0,1997.0,Right-Back,180.0,2026-06-30,IT1,Associazione Sportiva Roma,5000000.0,36,37,40,68,43,47,31,26,27,41,0,71,0,0,14,0,68,0,66,https://img.a.transfermarkt.technology/portrait/header/251075-1725530746.jpg?lm=1,31,27,2256,25.1,0.0,0.08,0.08,0,0.0,-0.02,0.0,0.6,0.02,0.07,1.12,0.3,0.52,0.16,0.0,30.8,4.23,3.71,1121,44.72,82.2,4.39,0.6,0.36,0.0,0.2,1.68,62,2.47,0.6,3.35,0.12,0.0,64.91,8,0.32,33.35,0.8,0.32,1.24,0.0,0.04,2.99,53.5,57.1,30,1.2,53.6,0.2,0.0,0.0,0.0,0.0,0.0,0.0,0.0,0.0,0.0,0.0,0.0,0.0,0.0,0.0,0.0,0.0,0.0
Ismaël Doukouré,France,21.0,2003.0,Centre-Back,183.0,2026-06-30,FR1,Racing Club de Strasbourg Alsace,15000000.0,42,29,62,65,80,91,61,30,21,49,70,15,0,0,46,0,80,0,38,https://img.a.transfermarkt.technology/portrait/header/786436-1732576094.png?lm=1,31,31,2639,29.3,0.03,0.03,0.07,1,0.03,0.01,0.0,0.6,0.02,0.04,0.68,-0.1,0.1,0.03,0.33,33.3,3.96,0.31,1494,50.95,88.7,3.44,0.03,0.0,0.0,0.07,0.03,40,1.36,0.85,3.48,0.1,0.03,66.3,13,0.44,39.19,0.72,0.61,1.02,0.0,0.0,3.51,68.0,76.5,26,0.89,61.9,0.24,0.0,0.0,0.0,0.0,0.0,0.0,0.0,0.0,0.0,0.0,0.0,0.0,0.0,0.0,0.0,0.0,0.0
Jota Silva,Portugal,25.0,1999.0,Right Winger,179.0,2028-06-30,GB1,Nottingham Forest Football Club,14000000.0,41,41,56,2,89,16,5,95,76,3,90,96,0,0,47,0,5,0,88,https://img.a.transfermarkt.technology/portrait/header/663244-1731056081.jpg?lm=1,31,5,854,9.5,0.32,0.11,0.42,3,0.32,0.09,0.0,2.1,0.22,0.31,2.21,-1.9,2.42,0.74,0.13,30.4,1.9,6.22,118,12.44,60.2,0.42,0.95,0.32,0.0,0.11,2.21,27,2.85,1.26,1.79,0.0,0.32,37.62,10,1.05,18.44,2.53,1.26,2.53,0.11,0.0,4.53,22.2,29.4,21,2.21,41.2,0.53,0.0,0.0,0.0,0.0,0.0,0.0,0.0,0.0,0.0,0.0,0.0,0.0,0.0,0.0,0.0,0.0,0.0
Boubakary Soumaré,France,26.0,1999.0,Defensive Midfield,188.0,2026-06-30,GB1,Leicester City Football Club,14000000.0,46,6,14,46,14,95,80,59,7,57,67,48,0,0,14,0,53,0,66,https://img.a.transfermarkt.technology/portrait/header/344605-1591172562.jpg?lm=1,31,25,2171,24.1,0.0,0.0,0.0,0,0.0,-0.01,0.0,0.3,0.01,0.02,1.41,-0.4,0.29,0.0,0.0,0.0,4.35,0.95,1073,44.48,87.0,3.94,0.66,0.12,0.0,0.04,0.41,37,1.53,1.12,1.41,0.17,0.08,59.74,27,1.12,35.07,0.99,0.91,0.99,0.0,0.0,5.8,63.6,60.0,21,0.87,63.6,0.33,0.0,0.0,0.0,0.0,0.0,0.0,0.0,0.0,0.0,0.0,0.0,0.0,0.0,0.0,0.0,0.0,0.0
Djené,Togo,33.0,1991.0,Centre-Back,178.0,2025-06-30,ES1,Getafe Club de Fútbol S.A.D. Team Dubai,2000000.0,18,12,20,14,54,40,19,1,17,9,77,33,0,0,29,0,1,0,41,https://img.a.transfermarkt.technology/portrait/header/221150-1669364811.jpg?lm=1,31,31,2548,28.3,0.0,0.0,0.0,0,0.0,-0.01,0.0,0.3,0.01,0.02,0.64,-0.6,0.21,0.0,0.0,0.0,2.61,0.74,694,24.51,75.6,2.76,0.46,0.21,0.0,0.14,1.13,25,0.88,0.74,3.78,0.11,0.04,41.11,7,0.25,18.16,0.81,0.6,1.41,0.0,0.0,3.6,37.5,41.2,43,1.52,58.9,0.35,0.04,0.0,0.0,0.0,0.0,0.0,0.0,0.0,0.0,0.0,0.0,0.0,0.0,0.0,0.0,0.0,0.0
Florian Sotoca,France,34.0,1990.0,Centre-Forward,187.0,2026-06-30,FR1,Racing Club de Lens,2500000.0,35,31,3,99,36,60,94,99,94,27,43,77,0,0,40,0,85,0,90,https://img.a.transfermarkt.technology/portrait/header/354726-1701294869.jpg?lm=1,31,22,1794,19.9,0.05,0.05,0.1,1,0.05,-0.18,0.0,4.6,0.23,0.08,2.21,-0.5,2.36,0.9,0.02,38.3,5.27,8.53,732,36.72,73.5,3.71,1.45,0.45,0.0,0.25,3.76,22,1.1,0.7,1.25,0.0,0.15,59.5,16,0.8,34.06,1.0,1.1,0.75,0.0,0.0,3.96,54.5,41.0,43,2.16,62.3,0.1,0.05,0.0,0.0,0.0,0.0,0.0,0.0,0.0,0.0,0.0,0.0,0.0,0.0,0.0,0.0,0.0,0.0
Désiré Doué,France,19.0,2005.0,Left Winger,181.0,2029-06-30,FR1,Paris Saint-Germain Football Club,60000000.0,79,77,76,99,98,95,97,90,52,59,86,52,0,0,69,0,98,0,67,https://img.a.transfermarkt.technology/portrait/header/914562-1667317075.jpg?lm=1,31,18,1730,19.2,0.31,0.31,0.62,6,0.31,0.05,0.0,5.1,0.27,0.41,5.05,-1.8,2.86,1.04,0.11,36.4,7.23,12.07,933,48.54,82.3,4.32,2.65,0.83,0.0,0.36,4.06,48,2.5,0.68,0.36,0.0,0.26,76.01,57,2.97,46.77,2.81,1.92,1.46,0.1,0.0,4.84,47.1,44.2,8,0.42,44.4,0.05,0.0,0.0,0.0,0.0,0.0,0.0,0.0,0.0,0.0,0.0,0.0,0.0,0.0,0.0,0.0,0.0,0.0
Thijs Dallinga,Netherlands,24.0,2000.0,Centre-Forward,190.0,2028-06-30,IT1,Bologna Football Club 1909,12000000.0,34,41,30,49,16,4,33,93,7,55,79,81,0,0,9,0,41,0,83,https://img.a.transfermarkt.technology/portrait/header/538964-1737495076.jpg?lm=1,31,11,1154,12.8,0.23,0.16,0.39,3,0.23,-0.1,0.0,4.3,0.34,0.05,0.7,1.4,2.42,0.86,0.1,35.5,1.33,6.55,210,16.38,71.7,1.09,0.31,0.0,0.0,0.08,0.23,10,0.78,0.08,1.01,0.08,0.23,34.24,2,0.16,18.95,3.28,1.72,1.87,0.08,0.0,2.73,100.0,18.2,41,3.2,53.2,0.08,0.0,0.0,0.0,0.0,0.0,0.0,0.0,0.0,0.0,0.0,0.0,0.0,0.0,0.0,0.0,0.0,0.0
Carlos Soler,Spain,28.0,1997.0,Central Midfield,180.0,2025-06-30,GB1,West Ham United Football Club,20000000.0,33,66,39,39,49,33,24,2,17,24,79,37,0,0,13,0,55,0,42,https://img.a.transfermarkt.technology/portrait/header/372246-1662059930.jpg?lm=1,31,14,1408,15.6,0.06,0.06,0.13,1,0.06,-0.05,0.0,1.8,0.12,0.09,1.09,-0.4,1.6,0.51,0.04,32.0,3.58,2.37,570,36.43,85.2,2.75,0.83,0.0,0.0,0.38,2.17,16,1.02,0.51,1.34,0.13,0.19,50.75,8,0.51,23.46,0.89,0.89,1.66,0.0,0.0,4.09,30.4,44.4,10,0.64,45.5,0.38,0.0,0.0,0.0,0.0,0.0,0.0,0.0,0.0,0.0,0.0,0.0,0.0,0.0,0.0,0.0,0.0,0.0
Yassine Kechta,Morocco,23.0,2002.0,Central Midfield,174.0,2026-06-30,FR1,Le Havre Athletic Club,5000000.0,48,71,60,38,18,32,55,54,26,59,100,10,0,0,29,0,21,0,9,https://img.a.transfermarkt.technology/portrait/header/667967-1675949617.jpg?lm=1,31,25,2096,23.3,0.09,0.0,0.09,2,0.09,-0.02,0.0,2.5,0.11,0.05,1.89,-1.2,1.25,0.39,0.07,31.0,4.17,3.65,599,25.72,79.2,2.58,0.77,0.21,0.0,0.34,1.55,60,2.58,1.12,1.37,0.09,0.43,43.54,13,0.56,22.89,1.5,1.03,1.8,0.04,0.0,4.85,42.3,37.1,10,0.43,27.0,0.17,0.0,0.0,0.0,0.0,0.0,0.0,0.0,0.0,0.0,0.0,0.0,0.0,0.0,0.0,0.0,0.0,0.0
Hugo Duro,Spain,25.0,1999.0,Centre-Forward,177.0,2028-06-30,ES1,Valencia Club de Fútbol S. A. D.,10000000.0,60,69,79,19,12,16,6,63,71,24,75,58,0,0,28,0,30,0,41,https://img.a.transfermarkt.technology/portrait/header/573775-1683213249.jpg?lm=1,31,25,2166,24.1,0.46,0.08,0.54,10,0.42,0.07,0.04,8.6,0.36,0.05,0.54,0.7,1.99,0.66,0.21,33.3,1.16,3.66,296,12.3,69.2,0.75,0.12,0.0,0.0,0.04,0.29,13,0.54,0.42,0.46,0.0,0.21,26.34,7,0.29,12.34,2.41,1.33,1.58,0.08,0.04,1.91,38.5,35.0,59,2.45,36.9,0.21,0.0,0.0,0.0,0.0,0.0,0.0,0.0,0.0,0.0,0.0,0.0,0.0,0.0,0.0,0.0,0.0,0.0
Harry Kane,England,31.0,1993.0,Centre-Forward,188.0,2027-06-30,L1,FC Bayern München,90000000.0,85,94,95,90,91,67,51,22,94,79,72,57,0,0,95,0,95,0,80,https://img.a.transfermarkt.technology/portrait/header/132098-1700211169.jpg?lm=1,31,28,2381,26.5,0.98,0.34,1.32,17,0.64,0.22,0.34,13.3,0.5,0.2,1.1,3.7,3.97,1.7,0.16,42.9,3.67,5.41,509,19.24,78.9,2.12,1.36,0.08,0.0,0.53,0.49,13,0.49,0.08,0.6,0.0,0.19,34.66,23,0.87,19.39,1.55,0.83,0.34,0.08,0.0,2.31,33.3,43.4,29,1.1,59.2,0.19,0.0,0.0,0.0,0.0,0.0,0.0,0.0,0.0,0.0,0.0,0.0,0.0,0.0,0.0,0.0,0.0,0.0
Magnus Knudsen,Norway,23.0,2001.0,Central Midfield,186.0,,L1,Kieler Sportvereinigung Holstein von 1900,2500000.0,32,15,24,10,28,36,12,64,90,34,79,12,0,0,84,0,39,0,9,https://img.a.transfermarkt.technology/portrait/header/651735-1721850811.jpg?lm=1,31,22,1850,20.6,0.0,0.05,0.05,0,0.0,-0.03,0.0,0.7,0.03,0.06,0.78,-0.3,0.58,0.19,0.0,33.3,2.63,1.22,656,31.91,84.0,1.9,0.54,0.1,0.0,0.05,0.39,48,2.34,0.58,2.14,0.0,0.19,48.02,9,0.44,23.74,1.26,0.49,1.36,0.0,0.0,3.84,56.8,56.3,10,0.49,26.3,0.34,0.0,0.0,0.0,0.0,0.0,0.0,0.0,0.0,0.0,0.0,0.0,0.0,0.0,0.0,0.0,0.0,0.0
Stephan El Shaarawy,Italy,32.0,1992.0,Left Winger,178.0,2025-06-30,IT1,Associazione Sportiva Roma,5000000.0,46,47,51,71,25,55,62,83,96,62,82,21,0,0,86,0,76,0,15,https://img.a.transfermarkt.technology/portrait/header/94529-1730124909.jpg?lm=1,31,12,1098,12.2,0.25,0.33,0.57,3,0.25,0.02,0.0,2.7,0.22,0.1,3.44,2.8,2.3,0.98,0.11,42.9,3.93,6.31,399,32.7,79.2,1.56,1.64,0.25,0.0,0.0,2.21,16,1.31,0.82,1.07,0.0,0.25,51.97,17,1.39,31.15,1.8,0.82,0.57,0.08,0.0,3.93,50.0,45.9,5,0.41,20.8,0.16,0.0,0.0,0.0,0.0,0.0,0.0,0.0,0.0,0.0,0.0,0.0,0.0,0.0,0.0,0.0,0.0,0.0
Ado Onaiwu,Japan,29.0,1995.0,Centre-Forward,180.0,2026-06-30,FR1,Association de la Jeunesse auxerroise,1800000.0,42,45,49,86,50,75,77,59,38,12,56,85,0,0,33,0,73,0,91,https://img.a.transfermarkt.technology/portrait/header/308133-1548926945.jpg?lm=1,31,9,957,10.6,0.38,0.09,0.47,4,0.38,0.0,0.0,4.0,0.38,0.1,1.6,-0.1,2.16,1.32,0.17,60.9,3.1,6.96,241,22.66,73.3,1.97,0.85,0.38,0.0,0.0,0.66,11,1.03,0.28,1.13,0.0,0.19,43.07,11,1.03,25.2,2.73,2.07,0.85,0.0,0.0,4.23,28.6,44.0,37,3.48,58.7,0.09,0.09,0.0,0.0,0.0,0.0,0.0,0.0,0.0,0.0,0.0,0.0,0.0,0.0,0.0,0.0,0.0,0.0
Evanilson,Brazil,25.0,1999.0,Centre-Forward,183.0,,GB1,Association Football Club Bournemouth,35000000.0,72,89,75,17,18,14,22,60,91,30,96,44,0,0,41,0,39,0,43,https://img.a.transfermarkt.technology/portrait/header/711337-1737452098.jpg?lm=1,31,28,2319,25.8,0.39,0.04,0.43,10,0.39,-0.1,0.0,11.8,0.46,0.07,1.16,-0.9,2.79,1.2,0.14,43.1,1.09,3.84,243,9.43,71.3,0.54,0.23,0.0,0.0,0.16,0.0,16,0.62,0.04,0.82,0.0,0.35,21.66,7,0.27,12.92,1.47,0.93,1.44,0.19,0.0,2.6,66.7,33.3,42,1.63,40.4,0.04,0.04,0.0,0.0,0.0,0.0,0.0,0.0,0.0,0.0,0.0,0.0,0.0,0.0,0.0,0.0,0.0,0.0
Téji Savanier,France,33.0,1991.0,Attacking Midfield,172.0,2026-06-30,FR1,Montpellier Hérault Sport Club,3000000.0,36,22,7,82,87,39,31,52,6,36,81,65,0,0,4,0,31,0,69,https://img.a.transfermarkt.technology/portrait/header/127156-1702663364.JPG?lm=1,31,27,2363,26.3,0.08,0.19,0.27,0,0.0,-0.07,0.08,2.3,0.09,0.26,0.99,-1.9,1.71,0.53,0.0,31.1,6.97,4.11,1031,39.27,69.6,6.28,1.18,0.46,0.0,1.87,7.58,29,1.1,0.57,0.8,0.15,0.27,66.58,27,1.03,34.62,1.75,1.18,0.84,0.0,0.0,4.46,41.9,40.3,18,0.69,43.9,0.15,0.04,0.0,0.0,0.0,0.0,0.0,0.0,0.0,0.0,0.0,0.0,0.0,0.0,0.0,0.0,0.0,0.0
Jadon Sancho,England,25.0,2000.0,Left Winger,180.0,2025-06-30,GB1,Chelsea Football Club,30000000.0,40,18,40,90,58,88,85,15,15,86,70,33,0,0,17,0,90,0,43,https://img.a.transfermarkt.technology/portrait/header/401173-1688564217.jpg?lm=1,31,19,1764,19.6,0.15,0.2,0.36,3,0.15,0.04,0.0,2.2,0.11,0.19,5.2,0.3,1.22,0.41,0.13,33.3,4.59,11.48,663,33.83,82.6,1.43,2.45,0.0,0.0,0.05,1.28,13,0.66,0.1,0.41,0.1,0.15,49.74,45,2.3,33.32,1.53,1.07,0.31,0.1,0.0,5.05,41.7,46.4,6,0.31,35.3,0.1,0.0,0.0,0.0,0.0,0.0,0.0,0.0,0.0,0.0,0.0,0.0,0.0,0.0,0.0,0.0,0.0,0.0
Lazar Samardžić,Serbia,23.0,2002.0,Central Midfield,184.0,2025-06-30,IT1,Atalanta Bergamasca Calcio S.p.a.,20000000.0,49,77,68,95,93,100,98,11,48,55,0,3,0,0,89,0,59,0,2,https://img.a.transfermarkt.technology/portrait/header/528833-1677073457.jpg?lm=1,31,7,1169,13.0,0.15,0.08,0.23,2,0.15,0.0,0.0,2.0,0.15,0.22,4.16,-1.9,2.54,0.92,0.06,36.4,7.08,7.62,539,41.5,77.9,4.62,2.31,0.23,0.0,1.15,4.62,21,1.62,0.15,0.46,0.0,0.0,66.75,27,2.08,44.11,2.77,1.46,1.46,0.0,0.0,3.85,48.0,45.0,4,0.31,14.8,0.23,0.0,0.0,0.0,0.0,0.0,0.0,0.0,0.0,0.0,0.0,0.0,0.0,0.0,0.0,0.0,0.0,0.0
Antonino Gallo,Italy,25.0,2000.0,Left-Back,183.0,2026-06-30,IT1,Unione Sportiva Lecce,4500000.0,39,19,44,24,55,43,35,37,77,79,40,44,0,0,87,0,4,0,33,https://img.a.transfermarkt.technology/portrait/header/392516-1663745734.jpg?lm=1,31,31,2609,29.0,0.0,0.07,0.07,0,0.0,-0.01,0.0,0.3,0.01,0.09,1.97,-0.7,0.31,0.1,0.0,33.3,3.69,3.79,822,28.36,66.2,2.69,0.97,0.76,0.0,0.14,4.0,65,2.24,0.69,4.59,0.0,0.03,54.75,13,0.45,22.84,1.28,0.48,0.41,0.0,0.0,4.0,54.8,44.8,26,0.9,41.3,0.1,0.03,0.0,0.0,0.0,0.0,0.0,0.0,0.0,0.0,0.0,0.0,0.0,0.0,0.0,0.0,0.0,0.0
Kike Salas,Spain,23.0,2002.0,Centre-Back,188.0,2029-06-30,ES1,Sevilla Fútbol Club S.A.D.,8000000.0,59,89,94,29,61,37,15,67,92,55,0,92,0,0,94,0,5,0,94,https://img.a.transfermarkt.technology/portrait/header/766583-1736865960.jpg?lm=1,31,25,2238,24.9,0.12,0.08,0.2,3,0.12,0.04,0.0,1.9,0.08,0.02,0.28,1.4,0.92,0.24,0.13,26.1,2.37,0.72,1110,44.64,78.6,2.77,0.12,0.04,0.0,0.52,0.36,47,1.89,1.29,5.87,0.0,0.0,68.81,3,0.12,28.75,0.44,0.08,0.84,0.0,0.0,3.82,58.7,60.0,78,3.14,70.9,0.24,0.0,0.0,0.0,0.0,0.0,0.0,0.0,0.0,0.0,0.0,0.0,0.0,0.0,0.0,0.0,0.0,0.0
Tim Kleindienst,Germany,29.0,1995.0,Centre-Forward,194.0,2028-06-30,L1,Borussia Verein für Leibesübungen 1900 Mönchengladbach,17000000.0,77,86,92,42,88,29,57,67,23,11,59,93,0,0,12,0,24,0,91,https://img.a.transfermarkt.technology/portrait/header/193033-1722945738.jpg?lm=1,31,31,2737,30.4,0.53,0.23,0.76,15,0.49,0.08,0.03,11.9,0.39,0.2,1.48,0.8,2.4,1.18,0.21,49.3,2.07,4.77,466,15.32,60.9,0.99,0.72,0.03,0.0,0.2,0.53,30,0.99,0.39,2.17,0.03,0.13,37.78,14,0.46,17.92,2.7,1.38,2.47,0.07,0.03,2.43,28.6,37.8,149,4.9,54.8,0.16,0.03,0.0,0.0,0.0,0.0,0.0,0.0,0.0,0.0,0.0,0.0,0.0,0.0,0.0,0.0,0.0,0.0
Lucas Höler,Germany,30.0,1994.0,Centre-Forward,184.0,,L1,Sport-Club Freiburg,3500000.0,59,59,52,61,68,73,46,89,75,55,56,88,0,0,68,0,36,0,91,https://img.a.transfermarkt.technology/portrait/header/248999-1658413525.jpg?lm=1,31,21,1867,20.7,0.29,0.19,0.48,6,0.29,-0.08,0.0,6.9,0.33,0.14,1.01,1.1,1.64,0.82,0.18,50.0,2.27,5.88,390,18.8,65.5,1.64,0.43,0.05,0.0,0.05,0.67,37,1.78,0.34,1.74,0.0,0.19,41.17,18,0.87,19.04,2.51,1.16,1.45,0.0,0.0,3.28,37.5,52.9,80,3.86,56.7,0.14,0.0,0.0,0.0,0.0,0.0,0.0,0.0,0.0,0.0,0.0,0.0,0.0,0.0,0.0,0.0,0.0,0.0
Tomas Suslov,Slovakia,22.0,2002.0,Attacking Midfield,174.0,2027-06-30,IT1,Verona Hellas Football Club,6000000.0,20,10,1,18,14,70,16,68,40,5,79,6,0,0,29,0,20,0,4,https://img.a.transfermarkt.technology/portrait/header/540333-1695032418.jpg?lm=1,31,27,2080,23.1,0.0,0.04,0.04,0,0.0,-0.07,0.0,1.6,0.07,0.08,1.69,-0.9,1.38,0.3,0.0,21.9,3.55,3.33,387,16.75,73.2,1.73,0.95,0.09,0.0,0.39,2.12,55,2.38,0.78,0.74,0.04,0.26,35.09,36,1.56,19.99,2.34,1.47,2.34,0.0,0.0,3.81,32.9,46.8,5,0.22,16.7,0.3,0.04,0.0,0.0,0.0,0.0,0.0,0.0,0.0,0.0,0.0,0.0,0.0,0.0,0.0,0.0,0.0,0.0
Paul Nebel,Germany,22.0,2002.0,Attacking Midfield,169.0,2027-06-30,L1,1. Fußball- und Sportverein Mainz 05,17000000.0,68,78,96,54,60,31,68,38,11,18,90,31,0,0,15,0,25,0,22,https://img.a.transfermarkt.technology/portrait/header/503160-1722886613.jpg?lm=1,31,26,2345,26.1,0.38,0.15,0.54,10,0.38,0.16,0.0,5.8,0.22,0.16,2.57,-0.1,1.69,0.69,0.23,40.9,3.49,8.41,853,32.74,73.1,1.46,1.57,0.73,0.0,0.15,4.26,38,1.46,0.5,1.15,0.08,0.35,58.18,25,0.96,34.31,2.57,1.65,1.42,0.0,0.0,4.76,31.4,39.1,17,0.65,22.7,0.19,0.04,0.0,0.0,0.0,0.0,0.0,0.0,0.0,0.0,0.0,0.0,0.0,0.0,0.0,0.0,0.0,0.0
Brahim Díaz,Morocco,25.0,1999.0,Right Winger,170.0,2027-06-30,ES1,Real Madrid Club de Fútbol,45000000.0,57,80,60,87,63,70,63,26,21,88,13,8,0,0,30,0,98,0,8,https://img.a.transfermarkt.technology/portrait/header/314678-1744193327.jpg?lm=1,31,16,1385,15.4,0.26,0.13,0.39,4,0.26,-0.08,0.0,5.3,0.34,0.21,2.53,-1.3,1.82,0.97,0.14,53.6,4.81,7.15,573,37.23,86.8,3.64,1.23,0.0,0.0,0.06,0.52,25,1.62,0.26,0.13,0.06,0.06,54.13,24,1.56,35.16,2.86,1.75,0.91,0.0,0.0,3.51,36.8,51.1,3,0.19,17.6,0.0,0.0,0.0,0.0,0.0,0.0,0.0,0.0,0.0,0.0,0.0,0.0,0.0,0.0,0.0,0.0,0.0,0.0
Ibrahima Konaté,France,26.0,1999.0,Centre-Back,194.0,2026-06-30,GB1,Liverpool Football Club,60000000.0,56,81,57,71,84,29,80,25,41,62,0,82,0,0,43,0,88,0,90,https://img.a.transfermarkt.technology/portrait/header/357119-1669190550.jpg?lm=1,31,30,2561,28.5,0.04,0.07,0.11,1,0.04,-0.02,0.0,1.7,0.06,0.04,0.91,1.0,0.67,0.11,0.05,15.8,4.04,0.11,1717,60.34,90.2,5.03,0.32,0.0,0.0,0.18,0.0,40,1.41,0.56,4.71,0.11,0.0,76.75,3,0.11,45.33,0.28,0.07,0.95,0.0,0.0,3.44,71.4,50.0,74,2.6,71.8,0.18,0.0,0.0,0.0,0.0,0.0,0.0,0.0,0.0,0.0,0.0,0.0,0.0,0.0,0.0,0.0,0.0,0.0
Kevin Stöger,Austria,31.0,1993.0,Attacking Midfield,175.0,2027-06-30,L1,Borussia Verein für Leibesübungen 1900 Mönchengladbach,4500000.0,44,28,17,89,95,44,72,81,3,48,97,21,0,0,2,0,72,0,21,https://img.a.transfermarkt.technology/portrait/header/106872-1722945684.jpg?lm=1,31,16,1551,17.2,0.17,0.17,0.35,1,0.06,-0.05,0.12,2.3,0.13,0.31,2.32,-2.3,1.39,0.52,0.04,37.5,7.02,5.51,847,49.15,75.8,5.22,2.26,0.46,0.0,0.7,6.73,37,2.15,0.93,1.51,0.17,0.52,76.48,17,0.99,40.56,1.68,1.45,1.28,0.0,0.0,4.35,41.0,47.2,5,0.29,25.0,0.17,0.0,0.0,0.0,0.0,0.0,0.0,0.0,0.0,0.0,0.0,0.0,0.0,0.0,0.0,0.0,0.0,0.0
Loïc Nego,Hungary,34.0,1991.0,Right-Back,181.0,2025-06-30,FR1,Le Havre Athletic Club,800000.0,54,46,17,46,13,64,63,69,93,70,94,47,0,0,88,0,20,0,57,https://img.a.transfermarkt.technology/portrait/header/122840-1700236720.jpg?lm=1,31,28,2459,27.3,0.0,0.0,0.0,0,0.0,-0.03,0.0,0.8,0.03,0.03,2.34,-0.7,0.4,0.07,0.0,18.2,3.73,4.5,922,33.75,75.1,3.04,1.1,0.55,0.0,0.07,2.75,58,2.12,1.06,3.0,0.0,0.18,53.77,17,0.62,27.16,0.7,0.33,0.99,0.0,0.0,4.06,64.1,53.1,19,0.7,55.9,0.15,0.0,0.0,0.0,0.0,0.0,0.0,0.0,0.0,0.0,0.0,0.0,0.0,0.0,0.0,0.0,0.0,0.0
Bafodé Diakité,France,24.0,2001.0,Centre-Back,184.0,2028-06-30,FR1,Lille Olympique Sporting Club,25000000.0,50,91,98,65,43,91,71,27,15,17,70,67,0,0,11,0,83,0,83,https://img.a.transfermarkt.technology/portrait/header/463605-1666691072.jpg?lm=1,31,31,2766,30.7,0.13,0.03,0.16,4,0.13,0.06,0.0,2.3,0.07,0.01,0.49,0.8,0.52,0.23,0.25,43.8,2.93,0.1,2086,67.87,93.2,4.59,0.0,0.0,0.0,0.16,0.13,31,1.01,0.88,3.22,0.16,0.03,80.53,9,0.29,52.26,0.42,0.2,1.43,0.0,0.03,4.52,69.2,100.0,61,1.98,72.6,0.26,0.03,0.0,0.0,0.0,0.0,0.0,0.0,0.0,0.0,0.0,0.0,0.0,0.0,0.0,0.0,0.0,0.0
Sepp van den Berg,Netherlands,23.0,2001.0,Centre-Back,192.0,2029-06-30,GB1,Brentford Football Club,20000000.0,46,87,8,46,64,38,18,23,36,86,81,83,0,0,55,0,43,0,59,https://img.a.transfermarkt.technology/portrait/header/541231-1692000386.jpg?lm=1,31,29,2586,28.7,0.0,0.0,0.0,0,0.0,-0.07,0.0,2.0,0.07,0.03,0.42,-0.8,0.7,0.21,0.0,30.0,2.75,0.97,1090,37.94,85.6,2.23,0.1,0.03,0.0,0.07,0.24,39,1.36,0.73,4.66,0.1,0.03,55.72,4,0.14,25.61,0.52,0.24,0.8,0.03,0.0,3.38,65.5,57.1,93,3.24,54.7,0.1,0.0,0.0,0.0,0.0,0.0,0.0,0.0,0.0,0.0,0.0,0.0,0.0,0.0,0.0,0.0,0.0,0.0
Moussa Niakhaté,Senegal,29.0,1996.0,Centre-Back,190.0,2028-06-30,FR1,Olympique Lyonnais,15000000.0,54,3,47,66,66,72,84,58,43,81,0,35,0,0,51,0,83,0,52,https://img.a.transfermarkt.technology/portrait/header/291200-1700737208.jpg?lm=1,31,30,2726,30.3,0.0,0.0,0.0,0,0.0,-0.0,0.0,0.1,0.0,0.03,1.12,-1.0,0.07,0.03,0.0,50.0,3.66,0.17,1688,55.73,90.3,2.91,0.43,0.1,0.0,0.2,0.17,47,1.55,0.83,4.72,0.1,0.0,70.42,3,0.1,43.94,0.3,0.13,1.12,0.0,0.0,3.93,75.0,100.0,43,1.42,64.2,0.07,0.0,0.0,0.0,0.0,0.0,0.0,0.0,0.0,0.0,0.0,0.0,0.0,0.0,0.0,0.0,0.0,0.0
Alexandre Lacazette,France,33.0,1991.0,Centre-Forward,175.0,2025-06-30,FR1,Olympique Lyonnais,8000000.0,76,89,81,83,70,49,44,41,86,18,36,17,0,0,27,0,72,0,22,https://img.a.transfermarkt.technology/portrait/header/93720-1672830448.jpg?lm=1,30,24,2051,22.8,0.66,0.09,0.75,10,0.44,-0.06,0.22,11.7,0.51,0.15,1.05,-1.4,2.33,1.36,0.19,58.5,2.9,6.98,393,17.25,71.8,1.49,1.1,0.18,0.0,0.31,0.75,13,0.57,0.35,0.31,0.0,0.13,32.56,14,0.61,18.34,2.24,0.88,2.11,0.0,0.04,1.23,31.3,45.2,16,0.7,33.3,0.22,0.0,0.0,0.0,0.0,0.0,0.0,0.0,0.0,0.0,0.0,0.0,0.0,0.0,0.0,0.0,0.0,0.0
Mark McKenzie,United States,26.0,1999.0,Centre-Back,184.0,2027-06-30,FR1,Toulouse Football Club,6000000.0,49,70,59,46,59,29,25,66,69,61,0,33,0,0,65,0,46,0,36,https://img.a.transfermarkt.technology/portrait/header/429259-1714036622.png?lm=1,30,29,2496,27.7,0.04,0.04,0.07,1,0.04,-0.01,0.0,1.4,0.05,0.02,0.36,0.5,0.29,0.07,0.13,25.0,3.5,0.18,1167,42.08,86.1,3.64,0.0,0.0,0.0,0.22,0.04,52,1.88,0.79,5.08,0.04,0.0,59.42,4,0.14,31.66,0.47,0.25,1.08,0.0,0.04,4.62,73.3,44.4,44,1.59,56.4,0.04,0.04,0.0,0.0,0.0,0.0,0.0,0.0,0.0,0.0,0.0,0.0,0.0,0.0,0.0,0.0,0.0,0.0
Ayoze Pérez,Spain,31.0,1993.0,Centre-Forward,178.0,2028-06-30,ES1,Villarreal Club de Fútbol S.A.D.,10000000.0,83,94,98,82,65,92,82,62,52,60,55,10,0,0,76,0,84,0,12,https://img.a.transfermarkt.technology/portrait/header/246968-1716803546.jpg?lm=1,30,22,1970,21.9,0.87,0.09,0.96,19,0.87,0.29,0.0,12.7,0.58,0.14,2.7,-1.0,3.43,1.42,0.25,41.3,3.34,5.66,314,14.35,75.8,1.69,0.96,0.23,0.0,0.0,0.69,27,1.23,0.37,0.69,0.0,0.18,32.21,34,1.55,19.6,2.83,1.55,1.01,0.0,0.0,2.56,25.0,43.6,13,0.59,28.9,0.18,0.0,0.0,0.0,0.0,0.0,0.0,0.0,0.0,0.0,0.0,0.0,0.0,0.0,0.0,0.0,0.0,0.0
Riccardo Orsolini,Italy,28.0,1997.0,Right Winger,183.0,2027-06-30,IT1,Bologna Football Club 1909,20000000.0,71,92,98,51,54,63,43,31,33,53,57,87,0,0,33,0,18,0,90,https://img.a.transfermarkt.technology/portrait/header/368482-1724827463.jpg?lm=1,30,23,1878,20.9,0.72,0.19,0.91,12,0.58,0.23,0.14,7.8,0.37,0.18,2.92,0.3,3.45,1.2,0.17,34.7,3.31,8.91,425,20.37,65.8,1.63,1.39,0.53,0.0,0.62,3.35,16,0.77,0.38,0.48,0.05,0.24,43.9,33,1.58,28.23,2.3,1.2,1.29,0.0,0.0,3.12,45.5,45.2,23,1.1,54.8,0.1,0.0,0.0,0.0,0.0,0.0,0.0,0.0,0.0,0.0,0.0,0.0,0.0,0.0,0.0,0.0,0.0,0.0
Mika Mármol,Spain,23.0,2001.0,Centre-Back,181.0,2026-06-30,ES1,Unión Deportiva Las Palmas S.A.D.,12000000.0,59,23,14,83,93,47,75,84,47,45,0,14,0,0,41,0,6,0,27,https://img.a.transfermarkt.technology/portrait/header/617060-1737366208.jpg?lm=1,30,27,2399,26.7,0.0,0.04,0.04,0,0.0,-0.02,0.0,0.4,0.02,0.06,1.24,-0.5,0.38,0.0,0.0,0.0,3.98,2.33,1112,41.72,74.4,4.46,0.6,0.26,0.0,0.26,2.14,61,2.29,1.43,4.54,0.08,0.0,68.28,7,0.26,29.75,0.56,0.19,1.24,0.0,0.04,2.93,65.4,46.7,28,1.05,57.1,0.19,0.0,0.0,0.0,0.0,0.0,0.0,0.0,0.0,0.0,0.0,0.0,0.0,0.0,0.0,0.0,0.0,0.0
Patrick Osterhage,Germany,25.0,2000.0,Central Midfield,186.0,,L1,Sport-Club Freiburg,8500000.0,39,48,34,19,24,23,24,31,87,36,71,67,0,0,75,0,38,0,53,https://img.a.transfermarkt.technology/portrait/header/443331-1723190030.jpg?lm=1,30,27,2267,25.2,0.04,0.0,0.04,1,0.04,-0.03,0.0,1.7,0.07,0.06,1.03,-1.4,0.83,0.12,0.05,14.3,2.9,1.99,858,34.06,83.7,2.82,0.52,0.04,0.0,0.16,0.79,45,1.79,0.71,1.47,0.0,0.16,49.98,11,0.44,25.25,1.03,0.79,0.99,0.0,0.0,4.21,46.7,40.7,31,1.23,46.3,0.24,0.04,0.0,0.0,0.0,0.0,0.0,0.0,0.0,0.0,0.0,0.0,0.0,0.0,0.0,0.0,0.0,0.0
Vinicius Junior,Brazil,24.0,2000.0,Left Winger,176.0,2027-06-30,ES1,Real Madrid Club de Fútbol,200000000.0,80,91,90,74,92,98,96,2,12,8,95,2,0,0,16,0,73,0,4,https://img.a.transfermarkt.technology/portrait/header/371998-1664869583.jpg?lm=1,30,24,2253,25.0,0.44,0.32,0.76,9,0.36,0.02,0.08,8.2,0.33,0.32,6.75,0.0,3.12,0.96,0.12,30.8,3.4,10.23,673,26.88,74.7,2.12,1.44,0.24,0.0,0.64,2.24,21,0.84,0.12,0.04,0.08,0.44,50.49,82,3.28,38.03,2.88,1.96,1.2,0.08,0.0,2.84,27.8,42.9,1,0.04,12.5,0.32,0.04,0.0,0.0,0.0,0.0,0.0,0.0,0.0,0.0,0.0,0.0,0.0,0.0,0.0,0.0,0.0,0.0
Stephy Mavididi,England,26.0,1998.0,Left Winger,182.0,2028-06-30,GB1,Leicester City Football Club,11000000.0,36,14,59,55,32,61,82,59,61,61,25,48,0,0,78,0,54,0,53,https://img.a.transfermarkt.technology/portrait/header/340328-1707385825.jpg?lm=1,30,16,1615,17.9,0.22,0.06,0.28,4,0.22,0.12,0.0,1.8,0.1,0.14,5.07,-1.6,1.45,0.39,0.15,26.9,3.18,7.69,460,25.63,75.0,1.78,1.45,0.39,0.0,0.0,3.85,34,1.89,0.61,0.84,0.0,0.11,48.09,35,1.95,32.49,2.17,1.95,1.0,0.0,0.0,4.63,33.3,36.8,9,0.5,37.5,0.11,0.0,0.0,0.0,0.0,0.0,0.0,0.0,0.0,0.0,0.0,0.0,0.0,0.0,0.0,0.0,0.0,0.0
Alassane Pléa,France,32.0,1993.0,Centre-Forward,181.0,2026-06-30,L1,Borussia Verein für Leibesübungen 1900 Mönchengladbach,6000000.0,61,53,82,96,77,58,89,18,19,75,76,15,0,0,20,0,87,0,18,https://img.a.transfermarkt.technology/portrait/header/167329-1627997314.jpg?lm=1,30,24,1902,21.1,0.52,0.19,0.71,10,0.47,0.17,0.05,6.6,0.31,0.15,2.41,0.9,1.94,0.57,0.24,29.3,5.49,6.67,573,27.11,72.1,3.79,1.66,0.38,0.0,0.38,2.13,7,0.33,0.09,0.33,0.05,0.24,46.32,17,0.8,28.44,1.89,1.04,0.8,0.05,0.0,3.12,30.8,39.5,15,0.71,31.9,0.14,0.0,0.0,0.0,0.0,0.0,0.0,0.0,0.0,0.0,0.0,0.0,0.0,0.0,0.0,0.0,0.0,0.0
Daniel Maldini,Italy,23.0,2001.0,Attacking Midfield,188.0,2029-06-30,IT1,Atalanta Bergamasca Calcio S.p.a.,10000000.0,60,92,84,9,4,90,67,39,5,37,70,93,0,0,8,0,3,0,92,https://img.a.transfermarkt.technology/portrait/header/539134-1695031448.jpg?lm=1,30,18,1564,17.4,0.35,0.0,0.35,6,0.35,-0.04,0.0,6.7,0.39,0.06,3.05,-1.1,2.82,1.04,0.12,37.94,2.36,5.52,322,18.53,67.28,0.98,0.52,0.12,0.0,0.29,2.47,16,0.92,0.35,0.86,0.12,0.23,41.66,36,2.07,27.79,2.53,2.07,1.04,0.0,0.0,3.45,46.68,40.63,30,1.73,49.33,0.29,0.0,0.0,0.0,0.0,0.0,0.0,0.0,0.0,0.0,0.0,0.0,0.0,0.0,0.0,0.0,0.0,0.0
Jubal,Brazil,31.0,1993.0,Centre-Back,190.0,2025-06-30,FR1,Association de la Jeunesse auxerroise,2000000.0,53,89,93,3,63,48,2,68,81,39,81,77,0,0,61,0,38,0,83,https://img.a.transfermarkt.technology/portrait/header/149928-1478101058.jpg?lm=1,30,30,2640,29.3,0.2,0.0,0.2,3,0.1,0.03,0.1,2.0,0.07,0.03,0.03,-0.9,0.89,0.24,0.12,26.9,1.12,0.1,918,31.3,86.8,1.16,0.24,0.0,0.0,0.34,0.0,60,2.05,0.85,6.85,0.03,0.03,49.7,3,0.1,23.8,0.24,0.07,0.92,0.03,0.07,3.07,70.0,75.0,72,2.45,69.2,0.24,0.0,0.0,0.0,0.0,0.0,0.0,0.0,0.0,0.0,0.0,0.0,0.0,0.0,0.0,0.0,0.0,0.0
Mario Martín,Spain,21.0,2004.0,Defensive Midfield,177.0,2025-06-30,ES1,Real Valladolid Club de Fútbol S.A.D.,1500000.0,44,89,13,25,61,86,46,40,0,0,99,67,0,0,0,0,47,0,44,https://img.a.transfermarkt.technology/portrait/header/948273-1707861820.jpg?lm=1,30,20,1748,19.4,0.0,0.05,0.05,0,0.0,-0.09,0.0,1.8,0.09,0.07,0.93,-0.4,1.44,0.67,0.0,46.4,3.4,1.13,677,34.86,84.5,2.68,0.15,0.05,0.0,0.21,0.57,62,3.19,1.08,2.37,0.36,0.31,55.76,19,0.98,28.73,1.91,1.18,2.57,0.0,0.05,4.27,42.9,50.0,31,1.6,47.7,0.41,0.15,0.0,0.0,0.0,0.0,0.0,0.0,0.0,0.0,0.0,0.0,0.0,0.0,0.0,0.0,0.0,0.0
Rasmus Kristensen,Denmark,27.0,1997.0,Right-Back,187.0,2025-06-30,L1,Eintracht Frankfurt Fußball AG,10000000.0,69,92,99,91,68,69,74,45,51,75,60,88,0,0,62,0,69,0,84,https://img.a.transfermarkt.technology/portrait/header/369684-1725875948.jpg?lm=1,30,28,2513,27.9,0.18,0.11,0.29,5,0.18,0.09,0.0,2.5,0.09,0.11,1.83,-0.1,0.86,0.29,0.21,33.3,6.16,5.8,1263,45.23,77.7,4.8,1.25,0.32,0.0,0.32,2.11,59,2.11,0.72,3.47,0.04,0.07,70.02,22,0.79,38.82,1.33,0.54,0.86,0.0,0.0,4.33,59.7,44.9,44,1.58,59.5,0.14,0.0,0.0,0.0,0.0,0.0,0.0,0.0,0.0,0.0,0.0,0.0,0.0,0.0,0.0,0.0,0.0,0.0
Dan Ndoye,Switzerland,24.0,2000.0,Right Winger,184.0,2027-06-30,IT1,Bologna Football Club 1909,25000000.0,65,71,74,57,43,48,84,57,45,49,98,57,0,0,71,0,45,0,61,https://img.a.transfermarkt.technology/portrait/header/365108-1718218474.jpg?lm=1,30,26,2143,23.8,0.34,0.17,0.5,6,0.25,0.04,0.08,5.4,0.23,0.16,5.54,0.2,2.1,0.71,0.12,34.0,3.11,9.7,519,21.8,73.7,1.64,1.09,0.08,0.0,0.38,1.85,26,1.09,0.38,0.17,0.0,0.63,42.88,37,1.55,31.71,3.44,1.93,0.97,0.04,0.0,3.74,57.1,38.5,14,0.59,40.0,0.17,0.0,0.0,0.0,0.0,0.0,0.0,0.0,0.0,0.0,0.0,0.0,0.0,0.0,0.0,0.0,0.0,0.0
Pedro,Spain,37.0,1987.0,Right Winger,167.0,2025-06-30,IT1,Società Sportiva Lazio S.p.A.,1000000.0,53,70,94,95,31,60,80,47,18,35,0,4,0,0,18,0,87,0,5,https://img.a.transfermarkt.technology/portrait/header/65278-1695027154.jpg?lm=1,30,6,1102,12.2,0.82,0.08,0.9,8,0.65,0.38,0.16,3.8,0.31,0.13,3.92,-0.6,3.02,1.31,0.22,43.2,6.21,7.27,481,39.28,79.6,4.33,2.04,0.41,0.0,0.16,5.31,19,1.55,0.25,0.25,0.08,0.0,58.97,16,1.31,35.61,1.63,1.72,1.39,0.0,0.0,4.9,47.6,50.0,1,0.08,14.3,0.16,0.0,0.0,0.0,0.0,0.0,0.0,0.0,0.0,0.0,0.0,0.0,0.0,0.0,0.0,0.0,0.0,0.0
Konstantinos Koulierakis,Greece,21.0,2003.0,Centre-Back,188.0,2029-06-30,L1,Verein für Leibesübungen Wolfsburg,20000000.0,55,57,13,62,85,58,63,51,52,71,0,58,0,0,68,0,39,0,54,https://img.a.transfermarkt.technology/portrait/header/669380-1694780769.png?lm=1,30,28,2468,27.4,0.0,0.07,0.07,0,0.0,-0.04,0.0,1.0,0.04,0.04,0.73,1.0,0.8,0.11,0.0,13.6,3.79,0.29,1292,47.12,83.0,3.76,0.44,0.15,0.0,1.09,0.47,40,1.46,1.2,5.36,0.07,0.0,68.78,7,0.26,38.25,0.66,0.07,0.88,0.0,0.0,3.39,62.5,58.3,59,2.15,60.2,0.15,0.0,0.0,0.0,0.0,0.0,0.0,0.0,0.0,0.0,0.0,0.0,0.0,0.0,0.0,0.0,0.0,0.0
Beñat Prados,Spain,24.0,2001.0,Central Midfield,180.0,2031-06-30,ES1,Athletic Club Bilbao,18000000.0,44,28,41,25,24,57,26,85,77,18,0,86,0,0,74,0,36,0,84,https://img.a.transfermarkt.technology/portrait/header/625047-1709675858.png?lm=1,30,21,1715,19.1,0.05,0.0,0.05,1,0.05,0.0,0.0,1.0,0.05,0.06,1.05,-1.1,0.84,0.26,0.06,31.3,4.09,1.68,647,33.95,82.0,3.67,0.31,0.05,0.0,0.16,0.47,55,2.89,1.47,1.36,0.0,0.0,52.01,14,0.73,25.19,1.31,1.05,2.1,0.0,0.0,4.78,47.2,48.3,29,1.52,56.9,0.37,0.0,0.0,0.0,0.0,0.0,0.0,0.0,0.0,0.0,0.0,0.0,0.0,0.0,0.0,0.0,0.0,0.0
Chrislain Matsima,France,23.0,2002.0,Centre-Back,193.0,2029-06-30,L1,Fußball-Club Augsburg 1907,17000000.0,64,81,56,38,44,57,35,84,78,84,0,77,0,0,88,0,35,0,87,https://img.a.transfermarkt.technology/portrait/header/569383-1726605447.jpg?lm=1,30,28,2551,28.3,0.04,0.04,0.07,1,0.04,-0.03,0.0,1.8,0.06,0.01,0.49,0.7,0.49,0.07,0.07,14.3,2.96,0.46,1139,40.18,86.0,3.35,0.25,0.0,0.0,0.07,0.11,31,1.09,1.83,5.75,0.0,0.0,58.88,7,0.25,32.11,0.71,0.32,0.35,0.0,0.04,5.05,65.4,58.3,68,2.4,70.8,0.14,0.0,0.0,0.0,0.0,0.0,0.0,0.0,0.0,0.0,0.0,0.0,0.0,0.0,0.0,0.0,0.0,0.0
Hassane Kamara,Cote d'Ivoire,31.0,1994.0,Left-Back,170.0,2026-06-30,IT1,Udinese Calcio,3500000.0,50,57,57,34,73,61,65,46,59,7,44,68,0,0,45,0,32,0,81,https://img.a.transfermarkt.technology/portrait/header/290017-1730126484.jpg?lm=1,30,25,2001,22.2,0.04,0.18,0.22,1,0.04,0.0,0.0,0.9,0.04,0.12,2.34,1.3,0.76,0.13,0.06,17.6,2.74,4.63,780,35.08,75.7,2.16,1.26,0.99,0.0,0.27,4.77,35,1.57,1.17,2.2,0.04,0.04,55.82,18,0.81,27.8,1.08,0.45,1.12,0.0,0.0,4.14,57.1,39.1,21,0.94,65.6,0.36,0.04,0.0,0.0,0.0,0.0,0.0,0.0,0.0,0.0,0.0,0.0,0.0,0.0,0.0,0.0,0.0,0.0
Nahuel Molina,Argentina,27.0,1998.0,Right-Back,175.0,2027-06-30,ES1,Club Atlético de Madrid S.A.D.,25000000.0,49,55,5,70,51,77,85,40,87,89,0,27,0,0,95,0,55,0,33,https://img.a.transfermarkt.technology/portrait/header/424042-1697037362.jpg?lm=1,30,17,1590,17.7,0.0,0.17,0.17,0,0.0,-0.05,0.0,0.8,0.05,0.08,1.98,1.5,0.51,0.06,0.0,11.1,3.45,5.43,945,53.49,79.9,2.43,1.08,0.28,0.0,0.34,3.11,44,2.49,0.74,3.0,0.0,0.0,77.32,15,0.85,44.26,1.19,0.17,0.74,0.0,0.0,3.74,55.4,50.0,10,0.57,45.5,0.06,0.0,0.0,0.0,0.0,0.0,0.0,0.0,0.0,0.0,0.0,0.0,0.0,0.0,0.0,0.0,0.0,0.0
Thomas Meunier,Belgium,33.0,1991.0,Right-Back,191.0,2026-06-30,FR1,Lille Olympique Sporting Club,2000000.0,75,88,82,95,14,62,94,94,81,31,50,88,0,0,61,0,69,0,88,https://img.a.transfermarkt.technology/portrait/header/100986-1741073106.jpg?lm=1,30,21,1928,21.4,0.09,0.0,0.09,2,0.09,0.0,0.0,1.9,0.09,0.03,2.99,-0.7,1.31,0.51,0.07,39.3,6.35,6.91,1188,55.46,80.4,5.74,1.45,0.33,0.0,0.37,2.89,53,2.47,1.59,2.99,0.0,0.05,81.04,14,0.65,41.97,1.12,0.51,1.26,0.0,0.05,4.11,67.3,50.0,33,1.54,63.5,0.23,0.0,0.0,0.0,0.0,0.0,0.0,0.0,0.0,0.0,0.0,0.0,0.0,0.0,0.0,0.0,0.0,0.0
Diogo Leite,Portugal,26.0,1999.0,Centre-Back,190.0,,L1,1. Fußballclub Union Berlin,17000000.0,74,75,60,51,84,82,45,97,64,81,98,73,0,0,82,0,15,0,50,https://img.a.transfermarkt.technology/portrait/header/357156-1691999912.jpg?lm=1,30,29,2546,28.3,0.04,0.07,0.11,1,0.04,-0.01,0.0,1.4,0.05,0.04,0.71,1.0,0.64,0.28,0.06,44.4,4.1,0.57,1099,38.85,78.6,3.89,0.39,0.11,0.0,0.25,0.35,64,2.26,2.01,5.73,0.04,0.14,63.74,10,0.35,30.15,0.64,0.25,0.88,0.0,0.0,3.68,66.0,66.7,78,2.76,55.3,0.11,0.0,0.0,0.0,0.0,0.0,0.0,0.0,0.0,0.0,0.0,0.0,0.0,0.0,0.0,0.0,0.0,0.0
Diego Llorente,Spain,31.0,1993.0,Centre-Back,186.0,2028-06-30,ES1,Real Betis Balompié S.A.D.,6000000.0,62,73,84,41,24,58,34,74,73,71,77,79,0,0,71,0,38,0,74,https://img.a.transfermarkt.technology/portrait/header/246291-1675246130.jpg?lm=1,30,29,2519,28.0,0.07,0.0,0.07,2,0.07,0.02,0.0,1.5,0.05,0.01,0.25,-0.3,0.39,0.14,0.18,36.4,2.89,0.11,1383,49.41,86.7,2.43,0.11,0.0,0.0,0.39,0.04,36,1.29,1.54,5.5,0.04,0.04,68.42,6,0.21,40.27,0.39,0.14,0.71,0.0,0.04,3.32,65.8,66.7,77,2.75,63.1,0.14,0.0,0.0,0.0,0.0,0.0,0.0,0.0,0.0,0.0,0.0,0.0,0.0,0.0,0.0,0.0,0.0,0.0
Ansgar Knauff,Germany,23.0,2002.0,Right Winger,180.0,2028-06-30,L1,Eintracht Frankfurt Fußball AG,10000000.0,62,69,55,36,88,59,32,90,82,29,78,79,0,0,59,0,31,0,73,https://img.a.transfermarkt.technology/portrait/header/429874-1663065826.jpg?lm=1,30,18,1597,17.7,0.23,0.28,0.51,4,0.23,-0.05,0.0,4.9,0.28,0.29,2.99,-0.2,1.69,0.51,0.13,30.0,3.27,8.23,363,20.46,66.7,0.96,1.35,0.34,0.0,0.0,1.8,41,2.31,0.68,1.35,0.0,0.34,43.68,26,1.47,24.51,2.65,0.96,1.52,0.0,0.0,4.28,46.2,46.4,19,1.07,41.3,0.17,0.0,0.0,0.0,0.0,0.0,0.0,0.0,0.0,0.0,0.0,0.0,0.0,0.0,0.0,0.0,0.0,0.0
Luis Pérez,Spain,30.0,1995.0,Right-Back,173.0,2025-06-30,ES1,Real Valladolid Club de Fútbol S.A.D.,1500000.0,34,11,45,33,42,54,12,40,90,88,0,13,0,0,75,0,26,0,9,https://img.a.transfermarkt.technology/portrait/header/358115-1544697482.jpg?lm=1,30,28,2558,28.4,0.0,0.0,0.0,0,0.0,-0.01,0.0,0.2,0.01,0.07,1.44,-2.1,0.18,0.07,0.0,40.0,3.13,4.12,905,31.84,75.7,2.01,1.13,1.02,0.0,0.21,3.69,41,1.44,1.02,3.03,0.0,0.0,50.81,12,0.42,20.58,0.99,0.18,0.46,0.0,0.04,2.71,60.0,57.1,15,0.53,30.6,0.07,0.0,0.0,0.0,0.0,0.0,0.0,0.0,0.0,0.0,0.0,0.0,0.0,0.0,0.0,0.0,0.0,0.0
Mostafa Mohamed,Egypt,27.0,1997.0,Centre-Forward,185.0,2027-06-30,FR1,Football Club de Nantes,6000000.0,46,61,50,16,6,68,28,96,41,25,38,89,0,0,47,0,14,0,87,https://img.a.transfermarkt.technology/portrait/header/462348-1703065403.jpg?lm=1,30,11,1252,13.9,0.36,0.0,0.36,5,0.36,-0.04,0.0,5.5,0.4,0.03,0.79,-0.4,3.09,1.15,0.12,37.2,1.44,3.59,160,11.5,64.8,1.15,0.43,0.0,0.0,0.0,0.29,18,1.29,0.72,1.94,0.0,0.07,32.49,12,0.86,17.18,3.38,1.58,2.3,0.07,0.0,3.59,33.3,46.2,57,4.1,53.8,0.22,0.0,0.0,0.0,0.0,0.0,0.0,0.0,0.0,0.0,0.0,0.0,0.0,0.0,0.0,0.0,0.0,0.0
Tijjani Noslin,Netherlands,25.0,1999.0,Right Winger,178.0,2029-06-30,IT1,Società Sportiva Lazio S.p.A.,12000000.0,28,35,33,20,46,29,2,1,72,15,47,98,0,0,52,0,43,0,95,https://img.a.transfermarkt.technology/portrait/header/457736-1730184958.jpg?lm=1,30,8,861,9.6,0.21,0.21,0.42,2,0.21,0.0,0.0,2.0,0.21,0.16,1.36,0.5,1.88,0.63,0.11,33.3,1.67,5.85,186,19.44,75.0,1.25,1.15,0.52,0.0,0.31,1.57,6,0.63,0.1,0.73,0.0,0.21,36.27,8,0.84,20.28,2.51,1.36,2.2,0.0,0.0,2.3,12.5,42.1,27,2.82,48.2,0.21,0.0,0.0,0.0,0.0,0.0,0.0,0.0,0.0,0.0,0.0,0.0,0.0,0.0,0.0,0.0,0.0,0.0
Robin Koch,Germany,28.0,1996.0,Centre-Back,192.0,2027-06-30,L1,Eintracht Frankfurt Fußball AG,18000000.0,42,81,93,60,32,15,44,3,22,78,0,96,0,0,22,0,72,0,93,https://img.a.transfermarkt.technology/portrait/header/328784-1696508822.jpg?lm=1,30,30,2586,28.7,0.1,0.0,0.1,3,0.1,0.05,0.0,1.7,0.06,0.01,0.31,-0.2,0.52,0.21,0.2,40.0,3.24,0.14,1631,56.76,90.7,3.41,0.17,0.0,0.0,0.21,0.03,24,0.84,0.87,6.86,0.14,0.0,74.76,1,0.03,43.29,0.42,0.1,0.84,0.0,0.03,3.9,45.5,33.3,102,3.55,68.0,0.1,0.0,0.0,0.0,0.0,0.0,0.0,0.0,0.0,0.0,0.0,0.0,0.0,0.0,0.0,0.0,0.0,0.0
Wahbi Khazri,Tunisia,34.0,1991.0,Left Winger,176.0,2025-06-30,FR1,Montpellier Hérault Sport Club,1500000.0,29,39,9,21,49,3,7,50,68,10,73,45,0,0,52,0,23,0,32,https://img.a.transfermarkt.technology/portrait/header/103565-1702663230.JPG?lm=1,30,10,1118,12.4,0.08,0.08,0.16,1,0.08,-0.1,0.0,2.3,0.19,0.18,1.93,-1.2,2.9,0.48,0.03,16.7,2.66,4.27,229,18.43,68.0,2.17,0.64,0.4,0.0,0.4,3.86,25,2.01,0.4,0.56,0.0,0.32,39.12,7,0.56,20.85,1.69,2.01,1.85,0.0,0.0,3.54,38.1,26.9,8,0.64,27.6,0.32,0.0,0.0,0.0,0.0,0.0,0.0,0.0,0.0,0.0,0.0,0.0,0.0,0.0,0.0,0.0,0.0,0.0
Balthazar Pierret,France,25.0,2000.0,Defensive Midfield,186.0,2027-06-30,IT1,Unione Sportiva Lecce,1500000.0,28,4,14,31,9,69,29,20,53,66,73,51,0,0,41,0,30,0,32,https://img.a.transfermarkt.technology/portrait/header/642002-1730185630.jpg?lm=1,30,21,1723,19.1,0.0,0.0,0.0,0,0.0,-0.01,0.0,0.2,0.01,0.02,0.68,-0.4,0.31,0.0,0.0,0.0,4.28,0.68,696,36.36,83.6,4.18,0.26,0.05,0.0,0.37,0.47,51,2.66,0.99,1.62,0.05,0.1,53.28,13,0.68,26.74,1.31,0.52,1.78,0.0,0.05,4.86,43.3,54.2,27,1.41,45.0,0.1,0.0,0.0,0.0,0.0,0.0,0.0,0.0,0.0,0.0,0.0,0.0,0.0,0.0,0.0,0.0,0.0,0.0
Darwin Núñez,Uruguay,25.0,1999.0,Centre-Forward,187.0,2028-06-30,GB1,Liverpool Football Club,50000000.0,53,66,51,63,48,39,61,85,65,8,66,40,0,0,39,0,54,0,36,https://img.a.transfermarkt.technology/portrait/header/546543-1681827179.jpg?lm=1,30,8,1133,12.6,0.4,0.16,0.56,5,0.4,-0.07,0.0,5.9,0.47,0.1,1.83,0.7,2.7,1.03,0.15,38.2,2.14,6.2,163,12.95,70.9,0.71,0.24,0.08,0.0,0.48,0.24,21,1.67,0.32,0.95,0.0,0.16,29.07,8,0.64,15.89,1.91,1.67,2.14,0.08,0.0,3.26,38.9,34.8,20,1.59,37.7,0.64,0.0,0.0,0.0,0.0,0.0,0.0,0.0,0.0,0.0,0.0,0.0,0.0,0.0,0.0,0.0,0.0,0.0
Kenny Lala,France,33.0,1991.0,Right-Back,178.0,2027-06-30,FR1,Stade brestois 29,2500000.0,56,33,49,70,77,66,69,68,41,70,0,8,0,0,39,0,57,0,14,https://img.a.transfermarkt.technology/portrait/header/174196-1677254936.jpg?lm=1,30,29,2686,29.8,0.1,0.07,0.17,0,0.0,0.0,0.1,0.6,0.02,0.14,1.94,-2.3,0.3,0.13,0.0,44.4,4.62,3.05,1367,45.8,76.1,4.15,1.34,0.44,0.0,0.44,4.22,66,2.21,0.84,2.51,0.07,0.0,68.45,15,0.5,35.32,0.97,0.54,0.6,0.0,0.03,5.16,66.7,62.5,8,0.27,38.1,0.17,0.0,0.0,0.0,0.0,0.0,0.0,0.0,0.0,0.0,0.0,0.0,0.0,0.0,0.0,0.0,0.0,0.0
Pol Lozano,Spain,25.0,1999.0,Central Midfield,176.0,2027-06-30,ES1,Reial Club Deportiu Espanyol de Barcelona S.A.D.,4000000.0,23,2,25,40,15,5,14,47,92,3,0,21,0,0,65,0,49,0,26,https://img.a.transfermarkt.technology/portrait/header/412045-1568028635.jpg?lm=1,30,27,1943,21.6,0.0,0.05,0.05,0,0.0,-0.01,0.0,0.2,0.01,0.04,0.83,0.2,0.37,0.09,0.0,25.0,5.33,0.56,694,32.15,83.8,4.4,0.51,0.19,0.0,0.37,0.88,53,2.45,1.02,1.44,0.0,0.0,47.52,5,0.23,23.44,0.83,0.69,2.59,0.0,0.0,3.98,43.1,26.3,10,0.46,38.5,0.56,0.0,0.0,0.0,0.0,0.0,0.0,0.0,0.0,0.0,0.0,0.0,0.0,0.0,0.0,0.0,0.0,0.0
Yvan Neyou,Cameroon,28.0,1997.0,Defensive Midfield,180.0,2025-06-30,ES1,Club Deportivo Leganés S.A.D.,2500000.0,34,24,55,41,18,68,50,18,56,17,80,40,0,0,61,0,50,0,42,https://img.a.transfermarkt.technology/portrait/header/469669-1703762516.jpg?lm=1,30,27,2312,25.7,0.04,0.04,0.08,1,0.04,0.02,0.0,0.6,0.02,0.02,0.93,0.4,0.62,0.12,0.06,18.8,3.74,1.17,974,37.92,86.4,3.35,0.39,0.04,0.0,0.35,0.58,53,2.06,1.01,1.48,0.04,0.12,53.68,19,0.74,31.38,1.09,0.82,1.28,0.0,0.0,4.71,46.8,45.2,22,0.86,53.7,0.54,0.0,0.0,0.0,0.0,0.0,0.0,0.0,0.0,0.0,0.0,0.0,0.0,0.0,0.0,0.0,0.0,0.0
Saša Lukić,Serbia,28.0,1996.0,Central Midfield,182.0,2027-06-30,GB1,Fulham Football Club,10000000.0,39,31,11,39,57,17,57,50,72,6,28,38,0,0,34,0,70,0,38,https://img.a.transfermarkt.technology/portrait/header/245056-1596015377.jpg?lm=1,30,28,2344,26.0,0.0,0.08,0.08,0,0.0,-0.05,0.0,1.2,0.05,0.1,1.54,-0.7,0.69,0.08,0.0,11.1,3.76,1.27,1099,42.2,87.3,3.99,0.65,0.27,0.0,0.15,2.38,68,2.61,1.08,1.34,0.04,0.04,57.29,8,0.31,31.6,0.88,0.31,2.53,0.0,0.04,4.19,41.8,47.1,19,0.73,43.2,0.46,0.0,0.0,0.0,0.0,0.0,0.0,0.0,0.0,0.0,0.0,0.0,0.0,0.0,0.0,0.0,0.0,0.0
Ørjan Nyland,Norway,34.0,1990.0,Goalkeeper,192.0,2026-06-30,ES1,Sevilla Fútbol Club S.A.D.,1000000.0,37,0,0,11,88,0,28,82,34,37,0,58,51,39,32,83,74,48,37,https://img.a.transfermarkt.technology/portrait/header/73517-1532082757.jpg?lm=1,30,30,2673,29.7,0.0,0.0,0.0,0,0.0,0.0,0.0,0.0,0.0,0.01,0.0,-0.3,0.0,0.0,0.0,0.0,0.03,0.0,637,21.45,63.3,0.91,0.07,0.0,13.8,0.0,0.0,3,0.1,0.0,0.4,0.13,0.0,35.96,0,0.0,19.9,0.0,0.0,0.03,0.0,0.0,0.94,60.0,0.0,7,0.24,100.0,0.07,0.0,1.31,3.77,2.46,1.25,-0.9,-0.03,0.0,0.03,3.84,0.67,67.9,23.3,37.2,42.1,4.9,0.98
Mandela Keita,Belgium,23.0,2002.0,Defensive Midfield,180.0,2029-06-30,IT1,Parma Calcio 1913,11000000.0,29,1,47,8,51,80,27,34,24,18,73,29,0,0,16,0,70,0,30,https://img.a.transfermarkt.technology/portrait/header/707844-1706174326.jpg?lm=1,30,24,1826,20.3,0.0,0.1,0.1,0,0.0,-0.0,0.0,0.1,0.0,0.05,0.64,1.0,0.25,0.2,0.0,80.0,2.46,0.25,660,32.53,90.5,2.71,0.15,0.0,0.0,0.1,0.0,44,2.17,1.04,1.43,0.1,0.1,44.7,17,0.84,27.5,1.48,0.89,1.38,0.0,0.05,4.63,51.4,54.8,14,0.69,50.0,0.3,0.05,0.0,0.0,0.0,0.0,0.0,0.0,0.0,0.0,0.0,0.0,0.0,0.0,0.0,0.0,0.0,0.0
Benjamin Lecomte,France,34.0,1991.0,Goalkeeper,186.0,2027-06-30,FR1,Montpellier Hérault Sport Club,2000000.0,27,0,0,32,62,0,26,15,57,69,0,29,4,16,72,84,73,53,34,https://img.a.transfermarkt.technology/portrait/header/127181-1702663657.JPG?lm=1,30,30,2700,30.0,0.0,0.0,0.0,0,0.0,0.0,0.0,0.0,0.0,0.0,0.0,-0.1,0.0,0.0,0.0,0.0,0.03,0.0,676,22.53,67.6,0.83,0.03,0.0,14.3,0.03,0.0,0,0.0,0.0,0.6,0.07,0.0,36.33,0,0.0,19.83,0.03,0.0,0.0,0.0,0.0,1.17,0.0,0.0,4,0.13,100.0,0.0,0.0,2.27,5.77,3.57,1.91,-5.7,-0.2,0.0,0.03,3.83,0.67,64.2,3.3,36.2,42.5,4.9,0.87
Thomas Müller,Germany,35.0,1989.0,Second Striker,185.0,2025-07-31,L1,FC Bayern München,6000000.0,38,27,4,95,92,49,85,21,77,52,0,38,0,0,74,0,89,0,38,https://img.a.transfermarkt.technology/portrait/header/58358-1683890647.jpg?lm=1,30,12,1225,13.6,0.07,0.29,0.37,1,0.07,-0.21,0.0,3.8,0.28,0.21,1.76,1.1,2.2,0.81,0.03,36.7,3.67,10.51,473,34.75,75.0,1.76,1.76,0.88,0.0,0.22,3.38,8,0.59,0.15,1.03,0.0,0.0,56.06,8,0.59,28.36,1.76,1.47,1.03,0.0,0.0,1.76,25.0,47.1,19,1.4,39.6,0.22,0.0,0.0,0.0,0.0,0.0,0.0,0.0,0.0,0.0,0.0,0.0,0.0,0.0,0.0,0.0,0.0,0.0
Nicolas Jackson,Senegal,23.0,2001.0,Centre-Forward,187.0,2033-06-30,GB1,Chelsea Football Club,55000000.0,78,90,78,41,79,40,66,48,48,14,86,23,0,0,36,0,76,0,28,https://img.a.transfermarkt.technology/portrait/header/776890-1726227971.jpg?lm=1,30,28,2220,24.7,0.41,0.2,0.61,10,0.41,-0.09,0.0,12.3,0.5,0.17,1.91,0.7,3.08,1.38,0.13,44.7,1.54,5.23,303,12.28,75.9,0.89,0.41,0.04,0.0,0.0,0.12,22,0.89,0.12,0.61,0.0,0.36,27.85,18,0.73,16.91,2.88,1.66,1.42,0.0,0.0,1.95,50.0,29.5,21,0.85,36.8,0.28,0.04,0.0,0.0,0.0,0.0,0.0,0.0,0.0,0.0,0.0,0.0,0.0,0.0,0.0,0.0,0.0,0.0
Armando Izzo,Italy,33.0,1992.0,Centre-Back,183.0,2026-06-30,IT1,Associazione Calcio Monza,2500000.0,41,18,64,48,72,60,42,48,81,3,0,29,0,0,82,0,60,0,12,https://img.a.transfermarkt.technology/portrait/header/32113-1724827391.jpg?lm=1,30,28,2435,27.1,0.04,0.04,0.07,1,0.04,0.02,0.0,0.4,0.01,0.03,0.44,0.2,0.22,0.07,0.17,33.3,2.66,0.44,1305,48.23,87.9,2.03,0.22,0.04,0.0,0.26,0.3,40,1.48,1.66,3.73,0.0,0.0,65.35,6,0.22,37.29,0.78,0.22,2.4,0.0,0.0,3.33,50.0,66.7,52,1.92,44.8,0.44,0.0,0.0,0.0,0.0,0.0,0.0,0.0,0.0,0.0,0.0,0.0,0.0,0.0,0.0,0.0,0.0,0.0
Pablo Maffeo,Argentina,27.0,1997.0,Right-Back,172.0,2027-06-30,ES1,Real Club Deportivo Mallorca S.A.D.,5000000.0,52,16,35,17,84,95,34,85,28,37,94,50,0,0,58,0,15,0,55,https://img.a.transfermarkt.technology/portrait/header/251876-1699449290.jpg?lm=1,30,28,2368,26.3,0.0,0.08,0.08,0,0.0,-0.01,0.0,0.3,0.01,0.16,1.75,-2.1,0.27,0.04,0.0,14.3,2.81,4.64,736,27.97,70.8,1.86,1.29,0.95,0.0,0.08,3.65,60,2.28,0.95,3.91,0.04,0.19,52.79,40,1.52,25.5,1.75,1.22,0.84,0.0,0.0,4.07,73.9,47.1,21,0.8,53.8,0.27,0.0,0.0,0.0,0.0,0.0,0.0,0.0,0.0,0.0,0.0,0.0,0.0,0.0,0.0,0.0,0.0,0.0
Bryan Cristante,Italy,30.0,1995.0,Defensive Midfield,186.0,2027-06-30,IT1,Associazione Sportiva Roma,7000000.0,62,88,97,80,59,22,67,38,63,35,44,92,0,0,62,0,46,0,78,https://img.a.transfermarkt.technology/portrait/header/199248-1724827920.jpg?lm=1,30,23,2045,22.7,0.18,0.09,0.26,4,0.18,0.08,0.0,2.1,0.09,0.06,1.1,0.6,1.32,0.31,0.13,23.3,6.38,1.8,1067,46.96,82.3,6.29,0.75,0.0,0.0,0.4,0.66,48,2.11,0.84,1.58,0.04,0.04,65.93,6,0.26,36.62,1.01,0.57,1.63,0.0,0.0,4.8,57.7,46.2,61,2.68,51.3,0.35,0.0,0.0,0.0,0.0,0.0,0.0,0.0,0.0,0.0,0.0,0.0,0.0,0.0,0.0,0.0,0.0,0.0
Timo Becker,Germany,28.0,1997.0,Centre-Back,190.0,2025-06-30,L1,Kieler Sportvereinigung Holstein von 1900,2000000.0,44,72,17,28,75,79,52,50,52,97,0,8,0,0,85,0,4,0,9,https://img.a.transfermarkt.technology/portrait/header/282349-1736327847.jpg?lm=1,30,28,2445,27.2,0.0,0.07,0.07,0,0.0,-0.05,0.0,1.4,0.05,0.03,1.03,1.2,0.63,0.15,0.0,23.5,2.1,1.4,794,29.23,77.4,1.4,0.33,0.15,0.0,0.52,0.81,53,1.95,0.63,4.05,0.04,0.0,48.77,12,0.44,21.64,1.03,0.37,0.33,0.0,0.0,3.61,73.9,46.2,31,1.14,44.9,0.07,0.0,0.0,0.0,0.0,0.0,0.0,0.0,0.0,0.0,0.0,0.0,0.0,0.0,0.0,0.0,0.0,0.0
Heung-min Son,"Korea, South",32.0,1992.0,Left Winger,184.0,2026-06-30,GB1,Tottenham Hotspur Football Club,30000000.0,68,76,74,89,94,31,76,2,43,97,63,27,0,0,43,0,89,0,37,https://img.a.transfermarkt.technology/portrait/header/91845-1669336455.jpg?lm=1,30,24,2110,23.4,0.3,0.38,0.68,6,0.26,-0.01,0.04,5.6,0.24,0.35,4.09,0.8,2.35,1.02,0.11,43.6,4.73,11.3,730,31.14,78.9,1.75,2.18,0.26,0.0,0.21,3.37,17,0.73,0.21,0.73,0.04,0.21,48.37,29,1.24,32.46,1.07,1.36,0.26,0.04,0.0,3.63,18.5,34.9,6,0.26,33.3,0.04,0.0,0.0,0.0,0.0,0.0,0.0,0.0,0.0,0.0,0.0,0.0,0.0,0.0,0.0,0.0,0.0,0.0
Kang-in Lee,"Korea, South",24.0,2001.0,Right Winger,174.0,2028-06-30,FR1,Paris Saint-Germain Football Club,30000000.0,58,50,78,100,92,80,94,43,37,71,0,28,0,0,35,0,100,0,37,https://img.a.transfermarkt.technology/portrait/header/557149-1703978046.jpg?lm=1,30,19,1663,18.5,0.32,0.32,0.65,6,0.32,0.14,0.0,3.5,0.19,0.3,2.71,0.4,2.22,0.76,0.15,34.1,7.74,7.47,1110,60.07,87.5,5.57,2.33,0.38,0.0,0.54,5.09,25,1.35,0.16,0.16,0.05,0.0,77.5,29,1.57,50.76,1.19,1.41,1.14,0.0,0.0,3.95,54.3,56.9,5,0.27,33.3,0.05,0.0,0.0,0.0,0.0,0.0,0.0,0.0,0.0,0.0,0.0,0.0,0.0,0.0,0.0,0.0,0.0,0.0
Yuri Berchiche,Spain,35.0,1990.0,Left-Back,181.0,2025-06-30,ES1,Athletic Club Bilbao,1500000.0,54,44,26,95,62,18,66,56,28,47,44,75,0,0,12,0,93,0,77,https://img.a.transfermarkt.technology/portrait/header/61812-1709675167.png?lm=1,30,22,2044,22.7,0.0,0.09,0.09,0,0.0,-0.03,0.0,0.6,0.03,0.1,1.89,-0.2,0.7,0.18,0.0,25.0,7.09,2.91,1174,51.69,84.0,5.68,0.66,0.35,0.0,0.84,1.85,33,1.45,1.19,3.17,0.13,0.04,71.82,6,0.26,34.12,0.79,0.09,0.79,0.0,0.04,5.33,57.6,37.5,28,1.23,58.3,0.22,0.0,0.0,0.0,0.0,0.0,0.0,0.0,0.0,0.0,0.0,0.0,0.0,0.0,0.0,0.0,0.0,0.0
Manolis Saliakas,Greece,28.0,1996.0,Right-Back,177.0,,L1,Fußball-Club St. Pauli von 1910,2800000.0,47,80,81,41,60,9,12,19,100,75,91,37,0,0,92,0,16,0,53,https://img.a.transfermarkt.technology/portrait/header/242661-1723630834.jpeg?lm=1,30,26,2314,25.7,0.08,0.04,0.12,2,0.08,0.02,0.0,1.5,0.06,0.1,1.09,-1.6,1.13,0.23,0.07,20.7,3.62,3.11,958,37.26,71.8,2.99,1.21,0.54,0.0,0.58,3.19,46,1.79,0.78,2.41,0.0,0.12,60.67,3,0.12,25.4,0.23,0.23,0.62,0.04,0.0,3.27,51.0,33.3,14,0.54,56.0,0.16,0.0,0.0,0.0,0.0,0.0,0.0,0.0,0.0,0.0,0.0,0.0,0.0,0.0,0.0,0.0,0.0,0.0
Nikola Vlašić,Croatia,27.0,1997.0,Attacking Midfield,179.0,2027-06-30,IT1,Torino Calcio,8000000.0,33,16,48,40,32,50,40,47,73,91,36,82,0,0,91,0,51,0,85,https://img.a.transfermarkt.technology/portrait/header/293200-1695028630.jpg?lm=1,30,23,2117,23.5,0.21,0.17,0.38,3,0.13,0.07,0.09,1.8,0.08,0.1,2.25,1.6,1.28,0.43,0.1,33.3,4.0,4.68,613,26.06,79.8,2.42,1.02,0.17,0.0,0.17,1.11,37,1.57,0.38,0.64,0.0,0.13,41.79,24,1.02,25.81,1.87,1.79,1.19,0.0,0.0,3.95,40.0,51.1,27,1.15,48.2,0.0,0.0,0.0,0.0,0.0,0.0,0.0,0.0,0.0,0.0,0.0,0.0,0.0,0.0,0.0,0.0,0.0,0.0
Osame Sahraoui,Morocco,23.0,2001.0,Left Winger,170.0,2029-06-30,FR1,Lille Olympique Sporting Club,12000000.0,47,43,46,96,78,89,89,33,18,84,15,0,0,0,27,0,97,0,0,https://img.a.transfermarkt.technology/portrait/header/580657-1723713882.jpg?lm=1,30,10,1293,14.4,0.21,0.21,0.42,3,0.21,0.01,0.0,2.9,0.2,0.25,4.8,-0.6,1.6,0.56,0.13,34.8,6.19,11.07,515,35.85,83.9,3.27,2.85,0.21,0.0,0.0,0.84,13,0.9,0.49,0.56,0.07,0.07,55.96,35,2.44,37.24,2.71,1.6,0.56,0.0,0.0,4.04,37.5,44.3,0,0.0,0.0,0.07,0.0,0.0,0.0,0.0,0.0,0.0,0.0,0.0,0.0,0.0,0.0,0.0,0.0,0.0,0.0,0.0,0.0
Jan Bednarek,Poland,29.0,1996.0,Centre-Back,189.0,2027-06-30,GB1,Southampton Football Club,11000000.0,54,35,86,42,48,75,24,78,12,35,0,76,0,0,8,0,81,0,76,https://img.a.transfermarkt.technology/portrait/header/243028-1709158468.jpg?lm=1,30,30,2531,28.1,0.07,0.0,0.07,2,0.07,0.05,0.0,0.7,0.02,0.02,0.18,-0.5,0.18,0.07,0.4,40.0,2.13,0.07,1564,55.61,92.7,2.56,0.04,0.0,0.0,0.25,0.04,36,1.28,1.99,6.76,0.18,0.0,72.86,3,0.11,37.19,0.32,0.11,1.1,0.0,0.04,3.77,51.6,100.0,71,2.52,65.7,0.25,0.0,0.0,0.0,0.0,0.0,0.0,0.0,0.0,0.0,0.0,0.0,0.0,0.0,0.0,0.0,0.0,0.0
Federico Gatti,Italy,26.0,1998.0,Centre-Back,190.0,2028-06-30,IT1,Juventus Football Club,25000000.0,46,97,55,63,48,59,83,11,44,88,87,33,0,0,65,0,93,0,40,https://img.a.transfermarkt.technology/portrait/header/509022-1725531068.jpg?lm=1,30,26,2195,24.4,0.04,0.0,0.04,1,0.04,-0.06,0.0,2.5,0.1,0.02,0.98,-0.5,1.03,0.37,0.04,36.0,2.99,0.25,1387,56.87,95.0,2.38,0.12,0.0,0.0,0.04,0.04,28,1.15,0.74,3.12,0.08,0.04,69.17,7,0.29,47.77,0.49,0.33,0.82,0.04,0.0,4.51,58.3,53.8,37,1.52,58.7,0.08,0.0,0.0,0.0,0.0,0.0,0.0,0.0,0.0,0.0,0.0,0.0,0.0,0.0,0.0,0.0,0.0,0.0
Matus Bero,Slovakia,29.0,1995.0,Central Midfield,181.0,2026-06-30,L1,Verein für Leibesübungen Bochum 1848 Fußballgemeinschaft,3500000.0,53,79,89,41,72,42,25,43,51,21,55,27,0,0,51,0,5,0,18,https://img.a.transfermarkt.technology/portrait/header/204047-1691249674.jpg?lm=1,30,29,2565,28.5,0.18,0.07,0.25,5,0.18,0.04,0.0,3.0,0.11,0.13,1.02,-1.7,1.09,0.42,0.16,38.7,5.02,3.89,894,31.37,67.9,3.65,1.23,0.14,0.0,0.14,4.35,65,2.28,0.6,1.23,0.04,0.11,56.81,19,0.67,25.82,1.61,0.81,1.75,0.0,0.0,5.75,48.3,34.5,22,0.77,33.8,0.39,0.0,0.0,0.0,0.0,0.0,0.0,0.0,0.0,0.0,0.0,0.0,0.0,0.0,0.0,0.0,0.0,0.0
Ander Barrenetxea,Spain,23.0,2001.0,Left Winger,175.0,2030-06-30,ES1,Real Sociedad de Fútbol S.A.D.,18000000.0,25,15,13,75,37,59,65,65,14,2,15,44,0,0,6,0,35,0,42,https://img.a.transfermarkt.technology/portrait/header/616369-1699472801.jpg?lm=1,30,14,1263,14.0,0.07,0.21,0.29,1,0.07,-0.04,0.0,1.6,0.11,0.14,3.06,1.1,1.78,0.57,0.04,32.0,3.42,10.83,375,26.72,70.9,1.64,1.57,0.29,0.0,0.78,3.85,26,1.85,0.78,1.14,0.07,0.07,53.52,26,1.85,33.49,3.35,1.85,2.35,0.0,0.07,6.27,26.1,37.7,7,0.5,33.3,0.43,0.0,0.0,0.0,0.0,0.0,0.0,0.0,0.0,0.0,0.0,0.0,0.0,0.0,0.0,0.0,0.0,0.0
Enzo Barrenechea,Argentina,24.0,2001.0,Defensive Midfield,186.0,2025-06-30,ES1,Valencia Club de Fútbol S. A. D.,7500000.0,64,62,54,65,39,33,45,81,62,69,90,76,0,0,70,0,58,0,75,https://img.a.transfermarkt.technology/portrait/header/671915-1695034257.jpg?lm=1,30,26,2191,24.3,0.04,0.08,0.12,1,0.04,-0.01,0.0,1.3,0.05,0.04,0.86,1.1,0.66,0.12,0.06,18.8,5.18,0.66,1170,48.06,86.5,5.87,0.29,0.0,0.0,0.9,0.12,57,2.34,1.15,1.97,0.04,0.12,65.76,11,0.45,31.3,0.94,0.74,1.03,0.04,0.0,4.81,69.6,35.5,37,1.52,60.7,0.25,0.0,0.0,0.0,0.0,0.0,0.0,0.0,0.0,0.0,0.0,0.0,0.0,0.0,0.0,0.0,0.0,0.0
Amir Murillo,Panama,29.0,1996.0,Right-Back,184.0,2028-06-30,FR1,Olympique de Marseille,9000000.0,62,76,57,87,71,55,75,61,14,72,0,90,0,0,8,0,95,0,94,https://img.a.transfermarkt.technology/portrait/header/354482-1719228286.jpg?lm=1,30,27,2437,27.1,0.04,0.11,0.15,1,0.04,-0.02,0.0,1.5,0.06,0.12,1.59,-0.3,0.48,0.15,0.08,30.8,5.17,3.69,1665,61.49,87.5,5.24,0.7,0.15,0.0,0.0,1.37,49,1.81,0.66,2.59,0.15,0.0,78.85,14,0.52,43.17,1.03,0.37,1.07,0.0,0.04,5.1,69.6,51.9,42,1.55,71.2,0.11,0.0,0.0,0.0,0.0,0.0,0.0,0.0,0.0,0.0,0.0,0.0,0.0,0.0,0.0,0.0,0.0,0.0
Mattia Viti,Italy,23.0,2002.0,Centre-Back,190.0,2025-06-30,IT1,Empoli Football Club S.r.l.,6500000.0,53,42,55,20,23,42,21,92,12,76,89,49,0,0,28,0,7,0,39,https://img.a.transfermarkt.technology/portrait/header/493702-1692882028.jpg?lm=1,30,30,2572,28.6,0.03,0.0,0.03,1,0.03,0.01,0.0,0.8,0.03,0.01,0.56,-0.4,0.38,0.07,0.09,18.2,3.01,0.38,933,32.65,80.2,2.48,0.1,0.0,0.0,0.17,0.0,65,2.27,1.68,4.48,0.14,0.07,52.8,6,0.21,21.84,0.7,0.56,1.05,0.0,0.0,3.39,65.4,50.0,61,2.13,54.0,0.1,0.0,0.0,0.0,0.0,0.0,0.0,0.0,0.0,0.0,0.0,0.0,0.0,0.0,0.0,0.0,0.0,0.0
Anton Stach,Germany,26.0,1998.0,Defensive Midfield,194.0,2027-06-30,L1,Turn- und Sportgemeinschaft 1899 Hoffenheim Fußball-Spielbetriebs,14000000.0,73,85,48,59,75,46,67,95,55,58,73,81,0,0,50,0,48,0,71,https://img.a.transfermarkt.technology/portrait/header/344069-1723921116.jpg?lm=1,30,29,2585,28.7,0.03,0.07,0.1,1,0.03,-0.03,0.0,2.0,0.07,0.08,1.15,-0.2,1.22,0.35,0.03,28.6,5.29,1.25,1270,44.22,82.6,4.18,1.15,0.35,0.0,0.31,0.84,66,2.3,1.6,3.52,0.07,0.1,67.02,15,0.52,34.89,0.8,0.35,1.32,0.0,0.0,5.95,68.1,42.9,53,1.85,56.4,0.28,0.0,0.0,0.0,0.0,0.0,0.0,0.0,0.0,0.0,0.0,0.0,0.0,0.0,0.0,0.0,0.0,0.0
Victor Kristiansen,Denmark,22.0,2002.0,Left-Back,181.0,2028-06-30,GB1,Leicester City Football Club,16000000.0,43,13,17,17,26,28,34,82,32,90,60,31,0,0,20,0,26,0,18,https://img.a.transfermarkt.technology/portrait/header/564529-1718628197.jpg?lm=1,30,29,2482,27.6,0.0,0.04,0.04,0,0.0,-0.01,0.0,0.3,0.01,0.05,1.45,-0.4,0.11,0.0,0.0,0.0,2.54,2.83,1022,37.06,77.4,2.76,0.83,0.65,0.0,0.07,3.52,87,3.15,1.52,2.72,0.11,0.07,58.53,8,0.29,29.59,0.54,0.47,0.65,0.0,0.04,3.59,53.8,44.4,22,0.8,34.4,0.04,0.0,0.0,0.0,0.0,0.0,0.0,0.0,0.0,0.0,0.0,0.0,0.0,0.0,0.0,0.0,0.0,0.0
Dilane Bakwa,France,22.0,2002.0,Right Winger,180.0,2027-06-30,FR1,Racing Club de Strasbourg Alsace,18000000.0,64,61,71,82,77,61,73,58,83,52,59,69,0,0,72,0,66,0,86,https://img.a.transfermarkt.technology/portrait/header/540664-1732575429.png?lm=1,30,29,2497,27.7,0.22,0.29,0.5,6,0.22,0.05,0.0,4.7,0.17,0.24,3.86,1.4,1.87,0.79,0.12,42.3,4.65,8.97,808,29.12,72.9,2.41,1.44,0.36,0.0,0.54,5.51,26,0.94,0.54,0.97,0.0,0.25,51.18,50,1.8,32.08,2.16,1.23,1.05,0.0,0.0,3.32,50.0,39.4,11,0.4,57.9,0.14,0.0,0.0,0.0,0.0,0.0,0.0,0.0,0.0,0.0,0.0,0.0,0.0,0.0,0.0,0.0,0.0,0.0
Djibril Sow,Switzerland,28.0,1997.0,Central Midfield,184.0,2028-06-30,ES1,Sevilla Fútbol Club S.A.D.,7500000.0,51,66,60,54,34,23,26,39,61,69,62,66,0,0,60,0,77,0,64,https://img.a.transfermarkt.technology/portrait/header/212723-1663065652.jpg?lm=1,30,24,2062,22.9,0.09,0.04,0.13,2,0.09,-0.01,0.0,2.3,0.1,0.07,1.0,-0.6,0.96,0.26,0.09,27.3,4.36,2.18,884,38.58,88.8,3.8,0.44,0.04,0.0,0.22,0.39,25,1.09,1.22,1.13,0.04,0.13,52.29,10,0.44,26.41,1.57,0.39,1.0,0.0,0.0,4.8,47.1,40.0,24,1.05,51.1,0.22,0.0,0.0,0.0,0.0,0.0,0.0,0.0,0.0,0.0,0.0,0.0,0.0,0.0,0.0,0.0,0.0,0.0
Matt Doherty,Ireland,33.0,1992.0,Right-Back,185.0,2026-06-30,GB1,Wolverhampton Wanderers Football Club,2500000.0,55,59,84,54,31,53,41,68,30,43,44,99,0,0,17,0,63,0,100,https://img.a.transfermarkt.technology/portrait/header/171679-1682598455.jpg?lm=1,30,25,2109,23.4,0.09,0.04,0.13,2,0.09,0.04,0.0,1.0,0.04,0.06,1.24,-0.5,0.43,0.13,0.2,30.0,3.41,1.75,1078,46.0,82.8,4.01,0.64,0.04,0.0,0.94,0.94,38,1.62,0.94,4.35,0.13,0.04,65.42,11,0.47,34.99,0.47,0.21,0.77,0.0,0.0,4.52,68.0,52.4,56,2.39,72.7,0.26,0.0,0.0,0.0,0.0,0.0,0.0,0.0,0.0,0.0,0.0,0.0,0.0,0.0,0.0,0.0,0.0,0.0
Jean-Charles Castelletto,Cameroon,30.0,1995.0,Centre-Back,186.0,2028-06-30,FR1,Football Club de Nantes,3500000.0,41,82,13,54,13,72,52,20,86,26,70,50,0,0,61,0,47,0,64,https://img.a.transfermarkt.technology/portrait/header/182875-1704213298.jpg?lm=1,30,30,2620,29.1,0.0,0.0,0.0,0,0.0,-0.06,0.0,1.8,0.06,0.0,0.72,-0.1,0.58,0.17,0.0,29.4,2.99,0.65,1233,42.35,88.6,2.75,0.17,0.03,0.0,0.14,0.31,34,1.17,0.86,5.19,0.0,0.03,57.78,3,0.1,32.56,0.55,0.14,1.17,0.0,0.1,3.13,63.0,100.0,51,1.75,65.4,0.17,0.03,0.0,0.0,0.0,0.0,0.0,0.0,0.0,0.0,0.0,0.0,0.0,0.0,0.0,0.0,0.0,0.0
Pervis Estupiñán,Ecuador,27.0,1998.0,Left-Back,175.0,2027-06-30,GB1,Brighton and Hove Albion Football Club,30000000.0,73,71,57,84,50,73,82,88,26,47,90,91,0,0,43,0,76,0,91,https://img.a.transfermarkt.technology/portrait/header/349599-1668498118.jpg?lm=1,30,26,2402,26.7,0.04,0.04,0.07,1,0.04,-0.01,0.0,1.2,0.04,0.08,2.21,-1.1,1.05,0.34,0.04,32.1,4.95,4.2,1338,50.13,83.1,3.93,1.27,0.67,0.0,0.19,4.46,65,2.44,1.39,2.44,0.07,0.15,71.75,19,0.71,38.33,1.27,1.01,1.35,0.0,0.0,5.51,66.7,55.9,46,1.72,63.9,0.19,0.0,0.0,0.0,0.0,0.0,0.0,0.0,0.0,0.0,0.0,0.0,0.0,0.0,0.0,0.0,0.0,0.0
Ellyes Skhiri,Tunisia,30.0,1995.0,Defensive Midfield,185.0,2027-06-30,L1,Eintracht Frankfurt Fußball AG,9000000.0,39,65,53,53,58,58,39,14,18,74,44,32,0,0,22,0,68,0,31,https://img.a.transfermarkt.technology/portrait/header/290587-1696509403.jpg?lm=1,30,26,2231,24.8,0.04,0.08,0.12,1,0.04,-0.02,0.0,1.4,0.06,0.06,0.69,0.6,0.52,0.08,0.08,15.4,4.24,1.09,1153,46.51,88.5,3.31,0.73,0.0,0.0,0.04,0.12,40,1.61,1.25,1.82,0.16,0.04,62.29,11,0.44,33.2,1.01,0.28,0.89,0.0,0.0,4.24,40.9,73.3,19,0.77,50.0,0.24,0.0,0.0,0.0,0.0,0.0,0.0,0.0,0.0,0.0,0.0,0.0,0.0,0.0,0.0,0.0,0.0,0.0
Jens Cajuste,Sweden,25.0,1999.0,Defensive Midfield,188.0,2025-06-30,GB1,Ipswich Town Football Club,12000000.0,36,32,60,6,36,97,50,29,32,94,50,15,0,0,47,0,20,0,12,https://img.a.transfermarkt.technology/portrait/header/468066-1691568301.jpg?lm=1,30,25,1959,21.8,0.05,0.05,0.09,1,0.05,0.01,0.0,0.7,0.03,0.04,1.19,0.2,0.55,0.05,0.08,8.3,2.66,0.92,645,29.63,82.6,2.34,0.28,0.05,0.0,0.23,0.46,44,2.02,1.33,1.52,0.09,0.05,46.63,28,1.29,21.91,1.06,0.83,1.1,0.0,0.0,4.92,42.9,53.8,13,0.6,37.1,0.09,0.0,0.0,0.0,0.0,0.0,0.0,0.0,0.0,0.0,0.0,0.0,0.0,0.0,0.0,0.0,0.0,0.0
Danny Welbeck,England,34.0,1990.0,Centre-Forward,185.0,2026-06-30,GB1,Brighton and Hove Albion Football Club,5000000.0,66,74,71,64,25,34,40,53,82,72,71,19,0,0,87,0,91,0,24,https://img.a.transfermarkt.technology/portrait/header/67063-1700673547.jpg?lm=1,30,24,2115,23.5,0.43,0.17,0.6,9,0.38,0.02,0.04,8.8,0.37,0.06,0.89,2.6,2.51,0.98,0.15,39.0,2.0,4.04,417,17.74,84.9,0.77,0.6,0.0,0.0,0.0,0.13,26,1.11,0.21,0.6,0.0,0.26,30.89,13,0.55,19.06,2.09,1.19,0.47,0.0,0.0,1.96,40.0,35.1,17,0.72,34.7,0.21,0.0,0.0,0.0,0.0,0.0,0.0,0.0,0.0,0.0,0.0,0.0,0.0,0.0,0.0,0.0,0.0,0.0
Timothy Weah,United States,25.0,2000.0,Right Winger,183.0,2028-06-30,IT1,Juventus Football Club,17000000.0,41,45,69,71,16,18,46,94,14,31,25,81,0,0,10,0,85,0,78,https://img.a.transfermarkt.technology/portrait/header/370846-1692277669.jpg?lm=1,30,18,1638,18.2,0.27,0.11,0.38,5,0.27,0.09,0.0,3.4,0.19,0.09,2.47,0.4,1.15,0.49,0.24,42.9,3.08,6.59,659,36.21,83.7,2.09,0.71,0.33,0.0,0.11,2.42,36,1.98,0.77,1.48,0.11,0.11,53.68,13,0.71,31.04,1.43,0.82,1.1,0.0,0.0,3.3,56.0,38.2,19,1.04,44.2,0.22,0.0,0.0,0.0,0.0,0.0,0.0,0.0,0.0,0.0,0.0,0.0,0.0,0.0,0.0,0.0,0.0,0.0
Darko Brasanac,Serbia,33.0,1992.0,Central Midfield,178.0,2025-06-30,ES1,Club Deportivo Leganés S.A.D.,600000.0,35,57,40,5,5,3,0,46,96,39,77,43,0,0,80,0,8,0,27,https://img.a.transfermarkt.technology/portrait/header/95641-1541146477.jpg?lm=1,30,15,1617,18.0,0.06,0.11,0.17,1,0.06,-0.04,0.0,1.8,0.1,0.02,0.33,1.6,0.67,0.17,0.08,25.0,2.39,2.95,380,21.15,75.7,1.56,0.11,0.0,0.0,0.06,0.61,26,1.45,0.89,1.89,0.0,0.11,37.4,2,0.11,14.92,0.89,0.5,2.12,0.06,0.0,3.4,52.9,28.6,20,1.11,34.5,0.22,0.0,0.0,0.0,0.0,0.0,0.0,0.0,0.0,0.0,0.0,0.0,0.0,0.0,0.0,0.0,0.0,0.0
Jarrad Branthwaite,England,22.0,2002.0,Centre-Back,195.0,2027-06-30,GB1,Everton Football Club,50000000.0,48,62,28,15,72,29,17,56,23,89,77,58,0,0,31,0,17,0,52,https://img.a.transfermarkt.technology/portrait/header/661053-1687975679.jpg?lm=1,30,28,2511,27.9,0.0,0.04,0.04,0,0.0,-0.04,0.0,1.2,0.04,0.03,0.36,0.3,0.36,0.11,0.0,30.0,2.37,0.07,984,35.27,82.1,3.08,0.11,0.0,0.0,0.61,0.18,36,1.29,0.97,6.85,0.14,0.04,54.48,3,0.11,26.77,0.29,0.14,0.43,0.0,0.0,3.33,71.4,50.0,61,2.19,59.2,0.14,0.0,0.0,0.0,0.0,0.0,0.0,0.0,0.0,0.0,0.0,0.0,0.0,0.0,0.0,0.0,0.0,0.0
Samuel Essende,DR Congo,27.0,1998.0,Centre-Forward,193.0,2028-06-30,L1,Fußball-Club Augsburg 1907,4500000.0,35,24,64,26,27,41,70,55,9,3,74,76,0,0,8,0,16,0,67,https://img.a.transfermarkt.technology/portrait/header/395522-1722849662.jpg?lm=1,30,21,1636,18.2,0.39,0.11,0.5,7,0.39,0.15,0.0,4.2,0.23,0.07,1.82,0.7,2.42,0.72,0.16,29.5,1.16,6.49,195,10.73,64.8,0.61,0.33,0.11,0.0,0.0,0.28,7,0.39,0.0,0.61,0.06,0.28,31.03,14,0.77,19.09,4.73,2.04,2.48,0.0,0.0,2.31,75.0,26.9,57,3.14,43.8,0.22,0.11,0.0,0.0,0.0,0.0,0.0,0.0,0.0,0.0,0.0,0.0,0.0,0.0,0.0,0.0,0.0,0.0
Giovanni Fabbian,Italy,22.0,2003.0,Attacking Midfield,186.0,2028-06-30,IT1,Bologna Football Club 1909,13000000.0,31,43,60,1,30,3,4,35,65,38,18,88,0,0,71,0,11,0,62,https://img.a.transfermarkt.technology/portrait/header/633668-1695027735.jpg?lm=1,30,9,1023,11.4,0.26,0.09,0.35,3,0.26,0.06,0.0,2.3,0.2,0.11,1.23,-0.3,1.85,0.44,0.14,23.8,1.5,3.78,151,13.28,71.9,1.32,0.44,0.09,0.0,0.09,0.79,10,0.88,0.18,0.35,0.0,0.09,28.86,2,0.18,17.42,2.64,1.58,1.85,0.0,0.0,2.73,53.8,12.5,19,1.67,35.2,0.18,0.0,0.0,0.0,0.0,0.0,0.0,0.0,0.0,0.0,0.0,0.0,0.0,0.0,0.0,0.0,0.0,0.0
Leroy Sané,Germany,29.0,1996.0,Right Winger,183.0,2025-06-30,L1,FC Bayern München,38000000.0,84,98,96,92,91,71,93,55,51,66,80,62,0,0,81,0,92,0,82,https://img.a.transfermarkt.technology/portrait/header/192565-1694587968.jpg?lm=1,30,17,1637,18.2,0.6,0.27,0.88,11,0.6,0.04,0.0,10.2,0.56,0.3,4.12,-0.5,3.68,1.59,0.16,43.3,3.52,14.62,750,41.23,82.5,1.32,1.92,0.38,0.0,0.11,2.8,23,1.26,0.38,0.16,0.0,0.27,65.09,39,2.14,43.27,3.57,1.48,0.88,0.05,0.0,4.51,52.2,39.0,7,0.38,53.8,0.11,0.0,0.0,0.0,0.0,0.0,0.0,0.0,0.0,0.0,0.0,0.0,0.0,0.0,0.0,0.0,0.0,0.0
Julian Brandt,Germany,29.0,1996.0,Attacking Midfield,185.0,2026-06-30,L1,Borussia Dortmund,25000000.0,64,70,70,79,98,15,64,30,49,98,0,27,0,0,55,0,84,0,26,https://img.a.transfermarkt.technology/portrait/header/187492-1709560849.jpg?lm=1,30,28,2303,25.6,0.2,0.39,0.59,5,0.2,0.01,0.0,4.8,0.19,0.33,2.38,1.5,1.76,0.59,0.11,33.3,5.82,7.78,953,37.24,78.8,3.67,1.88,0.23,0.0,0.12,2.77,26,1.02,0.55,0.51,0.04,0.0,56.86,19,0.74,33.96,1.88,1.41,0.31,0.0,0.0,4.65,34.9,35.2,11,0.43,27.5,0.04,0.0,0.0,0.0,0.0,0.0,0.0,0.0,0.0,0.0,0.0,0.0,0.0,0.0,0.0,0.0,0.0,0.0
Kamory Doumbia,Mali,22.0,2003.0,Attacking Midfield,170.0,2029-06-30,FR1,Stade brestois 29,5000000.0,42,44,53,61,20,65,28,100,13,78,81,43,0,0,30,0,59,0,34,https://img.a.transfermarkt.technology/portrait/header/671594-1639672362.png?lm=1,30,13,1322,14.7,0.2,0.14,0.34,3,0.2,0.02,0.0,2.7,0.18,0.08,1.16,0.8,1.5,0.68,0.14,45.5,4.9,3.68,561,38.19,80.5,3.81,0.61,0.07,0.0,0.14,3.27,41,2.79,1.91,0.89,0.07,0.27,60.93,19,1.29,31.79,2.86,1.63,1.16,0.0,0.0,5.92,45.2,54.3,10,0.68,31.3,0.07,0.0,0.0,0.0,0.0,0.0,0.0,0.0,0.0,0.0,0.0,0.0,0.0,0.0,0.0,0.0,0.0,0.0
Nicolas Seiwald,Austria,24.0,2001.0,Central Midfield,180.0,2028-06-30,L1,RasenBallsport Leipzig,16000000.0,40,1,15,68,35,10,27,85,47,88,0,49,0,0,33,0,51,0,38,https://img.a.transfermarkt.technology/portrait/header/404950-1716315232.jpg?lm=1,30,20,2084,23.2,0.0,0.0,0.0,0,0.0,-0.01,0.0,0.2,0.01,0.07,0.73,-1.7,0.22,0.0,0.0,0.0,6.05,1.3,1115,48.15,82.7,5.31,1.17,0.13,0.0,0.13,1.99,53,2.29,1.34,3.28,0.09,0.0,69.4,4,0.17,32.82,0.39,0.35,1.17,0.0,0.0,5.4,50.0,40.0,24,1.04,41.4,0.09,0.0,0.0,0.0,0.0,0.0,0.0,0.0,0.0,0.0,0.0,0.0,0.0,0.0,0.0,0.0,0.0,0.0
Jaime Mata,Spain,36.0,1988.0,Centre-Forward,186.0,2025-06-30,ES1,Unión Deportiva Las Palmas S.A.D.,600000.0,20,25,0,48,0,66,24,75,95,1,39,81,0,0,32,0,21,0,74,https://img.a.transfermarkt.technology/portrait/header/227961-1530601381.jpg?lm=1,30,4,656,7.3,0.0,0.0,0.0,0,0.0,-0.36,0.0,2.6,0.36,0.01,0.82,-0.1,2.33,0.82,0.0,35.3,1.37,6.59,127,17.42,67.9,1.1,0.41,0.14,0.0,0.0,1.23,8,1.1,0.41,1.51,0.0,0.14,37.04,5,0.69,16.19,2.33,0.41,2.74,0.0,0.0,2.47,33.3,55.6,26,3.57,46.4,1.23,0.0,0.0,0.0,0.0,0.0,0.0,0.0,0.0,0.0,0.0,0.0,0.0,0.0,0.0,0.0,0.0,0.0
Davide Zappacosta,Italy,32.0,1992.0,Right Midfield,182.0,2025-06-30,IT1,Atalanta Bergamasca Calcio S.p.a.,6000000.0,52,68,86,89,21,14,75,36,21,75,0,25,0,0,25,0,75,0,39,https://img.a.transfermarkt.technology/portrait/header/173859-1661268432.jpg?lm=1,30,26,2067,23.0,0.17,0.09,0.26,4,0.17,0.08,0.0,2.2,0.1,0.09,2.92,-0.1,1.7,0.52,0.1,30.8,4.66,6.05,986,42.93,82.7,2.61,1.61,1.0,0.0,0.09,4.14,26,1.13,0.48,1.39,0.09,0.0,61.65,12,0.52,33.96,1.13,0.74,0.83,0.0,0.0,3.88,51.3,29.3,9,0.39,42.9,0.13,0.0,0.0,0.0,0.0,0.0,0.0,0.0,0.0,0.0,0.0,0.0,0.0,0.0,0.0,0.0,0.0,0.0
Martin Ødegaard,Norway,26.0,1998.0,Attacking Midfield,178.0,2028-06-30,GB1,Arsenal Football Club,100000000.0,55,56,28,97,83,37,96,5,51,80,16,53,0,0,54,0,98,0,83,https://img.a.transfermarkt.technology/portrait/header/316264-1678877651.jpg?lm=1,30,26,2325,25.8,0.12,0.31,0.43,2,0.08,-0.07,0.04,4.0,0.15,0.21,3.6,2.6,1.86,0.58,0.04,31.3,9.99,5.96,1238,47.92,82.6,5.11,3.33,0.19,0.0,0.12,3.33,19,0.74,0.23,0.23,0.04,0.08,65.57,25,0.97,45.45,1.47,1.55,0.46,0.0,0.0,3.75,16.0,42.4,8,0.31,53.3,0.15,0.0,0.0,0.0,0.0,0.0,0.0,0.0,0.0,0.0,0.0,0.0,0.0,0.0,0.0,0.0,0.0,0.0
Beto,Guinea-Bissau,27.0,1998.0,Centre-Forward,194.0,2027-06-30,GB1,Everton Football Club,20000000.0,61,78,71,7,16,79,26,82,9,44,64,95,0,0,13,0,6,0,89,https://img.a.transfermarkt.technology/portrait/header/595809-1711746870.jpg?lm=1,30,15,1534,17.0,0.47,0.0,0.47,8,0.47,-0.01,0.0,8.2,0.48,0.07,0.94,-1.2,2.87,1.35,0.16,46.9,0.94,4.52,156,9.15,58.4,0.41,0.47,0.06,0.0,0.12,0.23,14,0.82,0.23,1.41,0.06,0.23,30.51,19,1.11,15.78,4.28,2.17,1.94,0.0,0.0,2.35,62.5,50.0,99,5.81,48.5,0.12,0.0,0.0,0.0,0.0,0.0,0.0,0.0,0.0,0.0,0.0,0.0,0.0,0.0,0.0,0.0,0.0,0.0
Gvidas Gineitis,Lithuania,21.0,2004.0,Central Midfield,191.0,2028-06-30,IT1,Torino Calcio,5000000.0,46,51,82,7,71,34,19,57,84,38,62,45,0,0,85,0,11,0,42,https://img.a.transfermarkt.technology/portrait/header/798929-1730125690.jpg?lm=1,30,15,1430,15.9,0.19,0.06,0.25,3,0.19,0.11,0.0,1.3,0.08,0.13,0.94,-1.0,1.83,0.5,0.1,27.6,2.27,2.71,399,25.11,74.7,2.39,0.44,0.13,0.0,0.0,3.21,25,1.57,1.13,2.01,0.0,0.13,45.0,8,0.5,24.42,1.57,0.63,1.45,0.0,0.0,3.59,52.0,47.1,14,0.88,43.8,0.31,0.0,0.0,0.0,0.0,0.0,0.0,0.0,0.0,0.0,0.0,0.0,0.0,0.0,0.0,0.0,0.0,0.0
Matteo Ruggeri,Italy,22.0,2002.0,Left Midfield,187.0,2028-06-30,IT1,Atalanta Bergamasca Calcio S.p.a.,20000000.0,56,4,25,96,32,39,89,93,64,89,0,86,0,0,54,0,93,0,93,https://img.a.transfermarkt.technology/portrait/header/616631-1742497680.jpg?lm=1,30,19,1751,19.5,0.0,0.15,0.15,0,0.0,-0.01,0.0,0.2,0.01,0.1,3.08,1.0,0.15,0.1,0.0,66.7,5.86,5.35,1107,56.9,84.2,3.44,1.23,1.08,0.0,0.1,4.21,39,2.0,1.13,2.57,0.05,0.0,75.97,6,0.31,40.35,0.67,0.21,0.62,0.0,0.0,6.37,64.1,54.5,23,1.18,60.5,0.1,0.0,0.0,0.0,0.0,0.0,0.0,0.0,0.0,0.0,0.0,0.0,0.0,0.0,0.0,0.0,0.0,0.0
Pierre-Emile Højbjerg,Denmark,29.0,1995.0,Defensive Midfield,185.0,2025-06-30,FR1,Olympique de Marseille,20000000.0,71,95,78,97,86,12,95,62,39,82,64,34,0,0,56,0,99,0,38,https://img.a.transfermarkt.technology/portrait/header/167799-1629882773.jpg?lm=1,30,30,2664,29.6,0.07,0.14,0.2,2,0.07,-0.04,0.0,3.3,0.11,0.13,1.22,0.1,1.11,0.27,0.06,24.2,8.89,1.45,2674,90.34,92.4,7.8,0.98,0.0,0.0,0.44,0.64,64,2.16,1.42,1.11,0.07,0.07,107.23,7,0.24,65.88,1.11,0.84,1.01,0.0,0.0,5.78,53.6,29.2,21,0.71,53.8,0.17,0.0,0.0,0.0,0.0,0.0,0.0,0.0,0.0,0.0,0.0,0.0,0.0,0.0,0.0,0.0,0.0,0.0
Stefano Turati,Italy,23.0,2001.0,Goalkeeper,188.0,2025-06-30,IT1,Associazione Calcio Monza,7500000.0,33,0,0,34,28,0,66,23,67,60,0,13,19,26,70,66,47,37,23,https://img.a.transfermarkt.technology/portrait/header/543666-1686126590.jpg?lm=1,30,30,2676,29.7,0.0,0.0,0.0,0,0.0,0.0,0.0,0.0,0.0,0.0,0.0,0.0,0.0,0.0,0.0,0.0,0.0,0.0,764,25.7,70.9,0.34,0.0,0.0,13.3,0.03,0.0,0,0.0,0.0,0.71,0.07,0.0,39.22,0,0.0,24.22,0.0,0.0,0.0,0.0,0.0,1.08,0.0,0.0,3,0.1,75.0,0.03,0.0,1.75,4.88,3.13,1.59,-2.6,-0.09,0.0,0.07,4.24,0.74,65.5,6.7,33.7,38.3,5.3,0.87
Péter Gulácsi,Hungary,35.0,1990.0,Goalkeeper,193.0,2026-06-30,L1,RasenBallsport Leipzig,2500000.0,69,0,0,49,11,0,13,72,21,69,0,83,67,84,35,12,19,70,54,https://img.a.transfermarkt.technology/portrait/header/57071-1719214600.jpg?lm=1,30,30,2631,29.2,0.0,0.0,0.0,0,0.0,0.0,0.0,0.0,0.0,0.0,0.0,0.0,0.0,0.0,0.0,0.0,0.0,0.0,742,25.38,82.1,0.14,0.0,0.0,14.8,0.0,0.0,1,0.03,0.0,0.55,0.14,0.0,34.0,0,0.0,17.72,0.03,0.0,0.0,0.0,0.0,1.4,50.0,0.0,11,0.38,91.7,0.0,0.0,1.33,4.69,3.32,1.46,3.6,0.12,0.0,0.03,4.79,0.79,73.0,46.7,28.6,20.3,5.3,1.16
Omar Traoré,Germany,27.0,1998.0,Right-Back,187.0,2026-06-30,L1,1. Fußballclub Heidenheim 1846,4000000.0,46,30,28,44,34,67,92,38,67,43,73,18,0,0,69,0,10,0,19,https://img.a.transfermarkt.technology/portrait/header/388294-1690186175.jpg?lm=1,30,30,2616,29.1,0.0,0.03,0.03,0,0.0,-0.02,0.0,0.5,0.02,0.06,3.54,-0.6,0.55,0.1,0.0,18.8,4.03,3.96,989,34.03,70.7,3.47,1.24,0.48,0.0,0.17,3.68,50,1.72,0.72,2.27,0.0,0.1,58.9,25,0.86,31.72,1.38,0.76,0.79,0.0,0.03,4.68,61.0,39.1,15,0.52,38.5,0.24,0.0,0.0,0.0,0.0,0.0,0.0,0.0,0.0,0.0,0.0,0.0,0.0,0.0,0.0,0.0,0.0,0.0
Alex Suárez,Spain,32.0,1993.0,Centre-Back,180.0,2026-06-30,ES1,Unión Deportiva Las Palmas S.A.D.,1000000.0,17,28,45,18,5,0,14,21,59,10,0,3,0,0,42,0,19,0,1,https://img.a.transfermarkt.technology/portrait/header/510396-1702391032.jpg?lm=1,30,30,2460,27.3,0.0,0.0,0.0,0,0.0,-0.02,0.0,0.5,0.02,0.0,0.22,-0.1,0.22,0.11,0.0,50.0,1.94,0.11,1165,42.62,85.9,1.83,0.11,0.0,0.0,0.33,0.04,40,1.46,0.48,3.91,0.07,0.0,58.87,0,0.0,29.85,0.44,0.04,0.99,0.0,0.04,2.49,74.1,0.0,25,0.91,34.2,0.44,0.0,0.0,0.0,0.0,0.0,0.0,0.0,0.0,0.0,0.0,0.0,0.0,0.0,0.0,0.0,0.0,0.0
Gabriel Suazo,Chile,27.0,1997.0,Left-Back,178.0,2026-06-30,FR1,Toulouse Football Club,4000000.0,58,47,45,74,88,93,55,48,47,91,64,22,0,0,63,0,73,0,24,https://img.a.transfermarkt.technology/portrait/header/385105-1718986679.jpg?lm=1,30,23,2163,24.0,0.0,0.25,0.25,0,0.0,-0.03,0.0,0.8,0.03,0.16,1.75,2.2,0.29,0.17,0.0,57.1,4.54,4.91,994,41.36,79.6,3.12,1.58,0.5,0.0,0.37,3.25,59,2.45,1.5,1.66,0.04,0.08,61.75,25,1.04,32.54,1.5,0.58,1.33,0.0,0.0,5.2,41.7,64.1,13,0.54,40.6,0.0,0.0,0.0,0.0,0.0,0.0,0.0,0.0,0.0,0.0,0.0,0.0,0.0,0.0,0.0,0.0,0.0,0.0
Emmanuel Agbadou,Cote d'Ivoire,27.0,1997.0,Centre-Back,192.0,2029-06-30,GB1,Wolverhampton Wanderers Football Club,17000000.0,61,68,53,66,50,97,66,75,70,68,0,31,0,0,85,0,51,0,40,https://img.a.transfermarkt.technology/portrait/header/683895-1723821154.png?lm=1,30,30,2670,29.7,0.03,0.0,0.03,1,0.03,-0.01,0.0,1.3,0.04,0.02,0.54,-0.5,0.74,0.17,0.04,23.44,3.64,0.07,1661,55.99,86.62,3.74,0.17,0.03,0.0,1.11,0.1,55,1.85,1.04,5.19,0.03,0.0,75.71,19,0.64,46.38,0.51,0.34,0.67,0.0,0.0,5.66,68.68,76.0,44,1.48,58.79,0.2,0.0,0.0,0.0,0.0,0.0,0.0,0.0,0.0,0.0,0.0,0.0,0.0,0.0,0.0,0.0,0.0,0.0
Rodrygo,Brazil,24.0,2001.0,Right Winger,174.0,2028-06-30,ES1,Real Madrid Club de Fútbol,100000000.0,63,55,76,97,37,84,95,22,92,98,71,27,0,0,99,0,95,0,30,https://img.a.transfermarkt.technology/portrait/header/412363-1693988167.jpg?lm=1,30,22,1928,21.4,0.28,0.23,0.51,6,0.28,0.09,0.0,3.9,0.18,0.14,5.27,2.0,2.52,0.93,0.11,37.0,5.04,11.81,939,43.83,85.9,3.08,1.21,0.09,0.0,0.14,3.78,21,0.98,0.51,0.42,0.0,0.23,62.55,49,2.29,41.5,2.19,0.7,0.37,0.05,0.0,3.31,30.4,44.1,7,0.33,30.4,0.0,0.0,0.0,0.0,0.0,0.0,0.0,0.0,0.0,0.0,0.0,0.0,0.0,0.0,0.0,0.0,0.0,0.0
Alexsandro,Brazil,25.0,1999.0,Centre-Back,191.0,2028-06-30,FR1,Lille Olympique Sporting Club,15000000.0,55,76,51,93,45,48,88,35,27,28,0,70,0,0,34,0,90,0,84,https://img.a.transfermarkt.technology/portrait/header/648020-1666689768.jpg?lm=1,30,30,2700,30.0,0.03,0.03,0.07,1,0.03,-0.02,0.0,1.6,0.05,0.01,0.83,0.6,0.7,0.13,0.05,19.0,5.93,0.27,2204,73.47,91.2,6.37,0.2,0.07,0.0,0.33,0.27,32,1.07,0.9,4.77,0.1,0.0,90.4,5,0.17,57.9,0.73,0.33,0.93,0.0,0.03,5.83,66.7,62.5,64,2.13,71.9,0.33,0.0,0.0,0.0,0.0,0.0,0.0,0.0,0.0,0.0,0.0,0.0,0.0,0.0,0.0,0.0,0.0,0.0
Yukinari Sugawara,Japan,24.0,2000.0,Right-Back,179.0,2028-06-30,GB1,Southampton Football Club,12000000.0,42,43,67,72,73,48,58,30,9,30,0,8,0,0,2,0,68,0,11,https://img.a.transfermarkt.technology/portrait/header/405385-1690965777.jpg?lm=1,30,16,1557,17.3,0.06,0.06,0.12,1,0.06,0.03,0.0,0.5,0.03,0.13,1.85,-1.2,0.81,0.29,0.07,35.7,4.16,4.51,713,41.21,80.0,2.72,1.21,0.52,0.0,0.4,4.05,31,1.79,0.64,3.06,0.17,0.0,61.62,9,0.52,32.6,1.04,0.29,0.87,0.0,0.12,2.54,61.3,45.0,5,0.29,35.7,0.23,0.0,0.0,0.0,0.0,0.0,0.0,0.0,0.0,0.0,0.0,0.0,0.0,0.0,0.0,0.0,0.0,0.0
Tuta,Brazil,25.0,1999.0,Centre-Back,185.0,2026-06-30,L1,Eintracht Frankfurt Fußball AG,15000000.0,58,61,85,54,45,94,46,91,57,27,0,32,0,0,76,0,47,0,23,https://img.a.transfermarkt.technology/portrait/header/546213-1663064755.jpg?lm=1,30,26,2274,25.3,0.08,0.04,0.12,2,0.08,0.04,0.0,1.1,0.04,0.01,0.44,0.7,0.51,0.2,0.15,38.5,3.09,0.47,1265,50.07,87.7,3.13,0.44,0.0,0.0,0.08,0.12,44,1.74,1.58,5.34,0.04,0.0,70.13,13,0.51,39.85,0.87,0.28,1.19,0.0,0.0,4.75,70.0,76.5,45,1.78,50.6,0.32,0.0,0.0,0.0,0.0,0.0,0.0,0.0,0.0,0.0,0.0,0.0,0.0,0.0,0.0,0.0,0.0,0.0
Benjamin André,France,34.0,1990.0,Defensive Midfield,180.0,2026-06-30,FR1,Lille Olympique Sporting Club,6000000.0,71,64,19,90,60,22,59,92,67,29,92,97,0,0,83,0,52,0,88,https://img.a.transfermarkt.technology/portrait/header/84301-1666690769.jpg?lm=1,30,30,2692,29.9,0.0,0.1,0.1,0,0.0,-0.05,0.0,1.4,0.05,0.06,0.97,1.1,0.53,0.13,0.0,25.0,6.99,2.41,1586,53.02,83.0,6.92,0.6,0.1,0.0,0.67,0.53,103,3.44,1.6,1.87,0.0,0.13,75.79,9,0.3,38.55,1.5,1.1,1.67,0.03,0.0,6.32,56.3,40.9,94,3.14,53.4,0.4,0.0,0.0,0.0,0.0,0.0,0.0,0.0,0.0,0.0,0.0,0.0,0.0,0.0,0.0,0.0,0.0,0.0
Joachim Andersen,Denmark,28.0,1996.0,Centre-Back,192.0,2029-06-30,GB1,Fulham Football Club,32000000.0,53,54,39,67,55,45,68,36,80,42,0,72,0,0,73,0,23,0,74,https://img.a.transfermarkt.technology/portrait/header/260827-1668183482.jpg?lm=1,30,30,2673,29.7,0.0,0.0,0.0,0,0.0,-0.03,0.0,1.0,0.03,0.02,0.57,-0.5,0.67,0.17,0.0,36.88,3.91,0.1,1711,57.61,82.37,6.9,0.24,0.1,0.0,1.18,0.44,28,0.94,1.14,6.57,0.03,0.0,81.65,4,0.13,46.9,0.2,0.13,0.67,0.0,0.03,4.34,62.05,66.7,72,2.42,65.19,0.24,0.03,0.0,0.0,0.0,0.0,0.0,0.0,0.0,0.0,0.0,0.0,0.0,0.0,0.0,0.0,0.0,0.0
Sergio Akieme,Spain,27.0,1997.0,Left-Back,175.0,2028-06-30,FR1,Stade de Reims,7000000.0,44,78,79,34,54,41,41,24,11,62,60,31,0,0,16,0,57,0,29,https://img.a.transfermarkt.technology/portrait/header/355627-1723835849.png?lm=1,30,29,2523,28.0,0.07,0.11,0.18,2,0.07,0.02,0.0,1.5,0.05,0.09,1.96,0.5,0.93,0.25,0.08,26.9,3.07,3.46,929,33.14,81.0,1.5,0.71,0.43,0.0,0.04,3.35,34,1.21,0.61,3.46,0.14,0.07,51.22,13,0.46,25.33,1.11,0.68,0.89,0.0,0.0,3.89,61.1,41.9,19,0.68,42.2,0.18,0.0,0.0,0.0,0.0,0.0,0.0,0.0,0.0,0.0,0.0,0.0,0.0,0.0,0.0,0.0,0.0,0.0
Nadiem Amiri,Germany,28.0,1996.0,Central Midfield,180.0,2028-06-30,L1,1. Fußball- und Sportverein Mainz 05,18000000.0,64,91,90,85,96,85,79,27,33,8,55,39,0,0,23,0,59,0,47,https://img.a.transfermarkt.technology/portrait/header/232454-1722885996.jpg?lm=1,30,30,2473,27.5,0.25,0.18,0.44,5,0.18,0.05,0.07,3.9,0.14,0.24,1.82,-1.6,2.18,0.87,0.08,40.0,7.42,2.33,1371,49.89,77.0,6.3,2.07,0.33,0.0,0.51,6.04,50,1.82,0.58,1.09,0.07,0.11,76.17,32,1.16,41.27,1.53,0.98,1.6,0.0,0.0,7.53,41.3,47.8,16,0.58,48.5,0.33,0.07,0.0,0.0,0.0,0.0,0.0,0.0,0.0,0.0,0.0,0.0,0.0,0.0,0.0,0.0,0.0,0.0
Aaron Ramsdale,England,27.0,1998.0,Goalkeeper,190.0,2028-06-30,GB1,Southampton Football Club,16000000.0,38,0,0,31,69,0,81,66,22,37,0,50,12,35,51,87,46,17,46,https://img.a.transfermarkt.technology/portrait/header/427568-1681828000.jpg?lm=1,30,30,2700,30.0,0.0,0.0,0.0,0,0.0,0.0,0.0,0.0,0.0,0.0,0.0,0.0,0.0,0.0,0.0,0.0,0.0,0.0,775,25.83,63.4,1.2,0.03,0.0,11.8,0.13,0.0,0,0.0,0.07,0.33,0.1,0.0,43.8,0,0.0,26.13,0.1,0.0,0.03,0.0,0.0,0.77,0.0,0.0,6,0.2,100.0,0.07,0.0,2.2,6.27,4.0,2.12,-2.5,-0.08,0.0,0.07,4.3,0.8,67.6,10.0,36.1,44.6,5.3,0.67
Serhou Guirassy,Guinea,29.0,1996.0,Centre-Forward,187.0,2028-06-30,L1,Borussia Dortmund,40000000.0,82,99,95,39,65,15,36,27,77,83,73,84,0,0,93,0,62,0,86,https://img.a.transfermarkt.technology/portrait/header/270541-1740041276.png?lm=1,30,29,2598,28.9,0.73,0.14,0.87,18,0.62,-0.06,0.1,19.6,0.68,0.14,0.87,0.1,2.98,1.14,0.21,38.4,1.49,4.43,456,15.8,72.7,0.97,0.48,0.0,0.0,0.1,0.03,7,0.24,0.14,1.32,0.0,0.21,33.43,11,0.38,18.29,2.63,1.04,0.55,0.07,0.0,1.56,40.0,28.2,109,3.78,52.9,0.14,0.0,0.0,0.0,0.0,0.0,0.0,0.0,0.0,0.0,0.0,0.0,0.0,0.0,0.0,0.0,0.0,0.0
Kelvin Amian,France,27.0,1998.0,Right-Back,180.0,2028-06-30,FR1,Football Club de Nantes,2500000.0,51,59,61,23,13,65,13,81,86,51,64,51,0,0,83,0,40,0,50,https://img.a.transfermarkt.technology/portrait/header/344072-1638174640.jpg?lm=1,30,23,2165,24.1,0.04,0.0,0.04,1,0.04,0.0,0.0,1.0,0.04,0.03,1.33,-0.8,0.29,0.17,0.14,57.1,3.03,3.2,738,30.68,80.1,2.49,1.0,0.5,0.0,0.04,1.54,55,2.29,0.54,3.53,0.0,0.08,47.93,13,0.54,22.61,0.83,0.5,0.96,0.0,0.0,2.24,82.9,59.1,21,0.87,50.0,0.21,0.0,0.0,0.0,0.0,0.0,0.0,0.0,0.0,0.0,0.0,0.0,0.0,0.0,0.0,0.0,0.0,0.0
Jurrien Timber,Netherlands,23.0,2001.0,Right-Back,179.0,2028-06-30,GB1,Arsenal Football Club,50000000.0,58,66,58,83,17,75,70,60,43,33,44,50,0,0,55,0,82,0,53,https://img.a.transfermarkt.technology/portrait/header/420243-1702413077.jpg?lm=1,30,27,2417,26.9,0.04,0.11,0.15,1,0.04,-0.01,0.0,1.2,0.04,0.03,2.12,2.2,0.52,0.15,0.07,28.6,5.44,3.87,1194,44.46,85.6,3.98,0.63,0.07,0.0,0.04,1.04,58,2.16,0.82,1.64,0.04,0.04,61.85,24,0.89,33.14,1.23,0.89,1.15,0.0,0.0,3.5,66.7,45.3,22,0.82,52.4,0.26,0.0,0.0,0.0,0.0,0.0,0.0,0.0,0.0,0.0,0.0,0.0,0.0,0.0,0.0,0.0,0.0,0.0
Pedro Chirivella,Spain,28.0,1997.0,Defensive Midfield,178.0,2026-06-30,FR1,Football Club de Nantes,5000000.0,35,20,33,80,65,10,38,10,99,73,0,12,0,0,94,0,63,0,15,https://img.a.transfermarkt.technology/portrait/header/242273-1703065623.jpg?lm=1,30,28,2348,26.1,0.0,0.08,0.08,0,0.0,-0.02,0.0,0.5,0.02,0.07,0.61,0.2,0.31,0.08,0.0,25.0,6.52,0.96,1336,51.21,85.1,6.48,0.92,0.15,0.0,0.54,0.73,44,1.69,0.73,1.72,0.0,0.0,66.7,3,0.11,36.26,0.57,0.27,0.96,0.0,0.0,4.45,45.2,42.9,10,0.38,41.7,0.23,0.0,0.0,0.0,0.0,0.0,0.0,0.0,0.0,0.0,0.0,0.0,0.0,0.0,0.0,0.0,0.0,0.0
Fabián Ruiz,Spain,29.0,1996.0,Central Midfield,189.0,2027-06-30,FR1,Paris Saint-Germain Football Club,35000000.0,66,94,88,98,94,68,90,33,55,100,0,13,0,0,62,0,98,0,23,https://img.a.transfermarkt.technology/portrait/header/350219-1718958379.jpg?lm=1,30,21,1923,21.4,0.19,0.23,0.42,4,0.19,-0.01,0.0,4.3,0.2,0.22,2.2,0.3,2.01,0.56,0.09,27.9,9.59,4.31,1458,68.24,89.6,7.25,1.68,0.14,0.0,0.7,1.26,37,1.73,0.75,1.26,0.05,0.0,84.57,14,0.66,48.53,1.12,0.75,0.28,0.0,0.0,6.32,44.7,70.0,5,0.23,38.5,0.05,0.0,0.0,0.0,0.0,0.0,0.0,0.0,0.0,0.0,0.0,0.0,0.0,0.0,0.0,0.0,0.0,0.0
Gabriel Gudmundsson,Sweden,26.0,1999.0,Left-Back,180.0,2026-06-30,FR1,Lille Olympique Sporting Club,9000000.0,59,53,85,80,39,77,96,52,8,55,73,45,0,0,13,0,70,0,62,https://img.a.transfermarkt.technology/portrait/header/362108-1666691160.jpg?lm=1,30,20,1785,19.8,0.1,0.0,0.1,2,0.1,0.07,0.0,0.7,0.04,0.07,3.58,-1.4,0.91,0.25,0.11,27.8,4.59,5.8,866,43.66,82.1,3.03,0.91,0.5,0.0,0.4,2.97,36,1.82,0.86,2.07,0.15,0.1,63.88,20,1.01,36.71,1.01,0.96,1.51,0.0,0.0,4.18,63.9,39.2,12,0.61,60.0,0.15,0.0,0.0,0.0,0.0,0.0,0.0,0.0,0.0,0.0,0.0,0.0,0.0,0.0,0.0,0.0,0.0,0.0
Marco Grüll,Austria,26.0,1998.0,Left Winger,182.0,,L1,Sportverein Werder Bremen von 1899,4000000.0,49,66,84,42,31,22,13,5,36,45,92,19,0,0,61,0,64,0,13,https://img.a.transfermarkt.technology/portrait/header/391766-1692995037.png?lm=1,30,13,1181,13.1,0.46,0.08,0.53,6,0.46,0.15,0.0,4.0,0.3,0.14,1.83,-0.8,1.91,0.76,0.24,40.0,2.9,7.09,251,19.13,76.8,1.68,1.07,0.23,0.0,0.08,1.6,12,0.91,0.23,0.76,0.0,0.38,37.72,13,0.99,24.16,3.28,2.97,1.68,0.08,0.0,3.28,23.5,33.3,5,0.38,20.8,0.08,0.0,0.0,0.0,0.0,0.0,0.0,0.0,0.0,0.0,0.0,0.0,0.0,0.0,0.0,0.0,0.0,0.0
Pascal Groß,Germany,33.0,1991.0,Central Midfield,181.0,2026-06-30,L1,Borussia Dortmund,7000000.0,47,67,8,93,94,4,78,2,72,45,28,45,0,0,43,0,69,0,40,https://img.a.transfermarkt.technology/portrait/header/82873-1719671915.jpg?lm=1,30,28,2327,25.9,0.0,0.35,0.35,0,0.0,-0.09,0.0,2.4,0.09,0.2,1.59,3.9,1.04,0.27,0.0,25.9,6.88,4.72,1589,61.46,80.7,4.64,1.7,0.58,0.0,0.46,6.73,44,1.7,0.35,1.16,0.04,0.04,84.24,3,0.12,44.44,0.85,0.35,0.7,0.0,0.04,3.71,29.4,33.3,24,0.93,42.9,0.19,0.04,0.0,0.0,0.0,0.0,0.0,0.0,0.0,0.0,0.0,0.0,0.0,0.0,0.0,0.0,0.0,0.0
Isak Hien,Sweden,26.0,1999.0,Centre-Back,191.0,2028-06-30,IT1,Atalanta Bergamasca Calcio S.p.a.,30000000.0,41,52,25,21,3,50,23,64,35,10,0,69,0,0,35,0,46,0,48,https://img.a.transfermarkt.technology/portrait/header/503075-1725531359.jpg?lm=1,30,27,2327,25.9,0.0,0.0,0.0,0,0.0,-0.04,0.0,1.0,0.04,0.0,0.27,-0.1,0.31,0.08,0.0,25.0,1.97,0.12,1146,44.32,89.7,1.66,0.04,0.0,0.0,0.04,0.04,48,1.86,1.2,3.17,0.08,0.0,59.79,6,0.23,32.68,0.89,0.35,1.39,0.0,0.04,5.45,61.4,54.5,68,2.63,54.8,0.39,0.0,0.0,0.0,0.0,0.0,0.0,0.0,0.0,0.0,0.0,0.0,0.0,0.0,0.0,0.0,0.0,0.0
Rayan Cherki,France,21.0,2003.0,Right Winger,177.0,2026-06-30,FR1,Olympique Lyonnais,35000000.0,71,67,88,100,100,87,96,3,64,68,39,22,0,0,85,0,99,0,35,https://img.a.transfermarkt.technology/portrait/header/607223-1672831487.jpg?lm=1,30,22,2041,22.7,0.35,0.49,0.84,8,0.35,0.13,0.0,5.0,0.22,0.49,4.67,-0.1,1.98,0.84,0.18,42.2,9.08,8.11,1079,47.58,78.5,4.28,3.4,0.13,0.0,0.66,5.2,15,0.66,0.31,0.26,0.0,0.18,69.36,48,2.12,45.02,2.12,1.9,0.71,0.0,0.0,3.66,21.4,49.5,4,0.18,33.3,0.13,0.0,0.0,0.0,0.0,0.0,0.0,0.0,0.0,0.0,0.0,0.0,0.0,0.0,0.0,0.0,0.0,0.0
Iago Aspas,Spain,37.0,1987.0,Centre-Forward,176.0,2026-06-30,ES1,Real Club Celta de Vigo S. A. D.,2500000.0,41,23,48,100,95,70,96,70,87,13,42,26,0,0,36,0,97,0,47,https://img.a.transfermarkt.technology/portrait/header/72047-1653042948.jpg?lm=1,30,19,1745,19.4,0.52,0.26,0.77,5,0.26,0.07,0.26,4.0,0.21,0.24,2.58,0.4,2.37,0.93,0.11,39.1,6.81,7.38,661,34.09,75.4,3.82,1.81,0.21,0.0,0.41,0.77,13,0.67,0.41,0.26,0.0,0.1,53.54,15,0.77,37.34,1.81,1.03,0.83,0.05,0.0,2.84,40.0,55.6,7,0.36,46.7,0.31,0.05,0.0,0.0,0.0,0.0,0.0,0.0,0.0,0.0,0.0,0.0,0.0,0.0,0.0,0.0,0.0,0.0
Habib Diarra,Senegal,21.0,2004.0,Central Midfield,178.0,2028-06-30,FR1,Racing Club de Strasbourg Alsace,20000000.0,47,54,62,62,87,17,77,5,24,66,93,26,0,0,21,0,63,0,34,https://img.a.transfermarkt.technology/portrait/header/876631-1732576173.png?lm=1,30,27,2352,26.1,0.15,0.19,0.34,2,0.08,0.03,0.08,1.8,0.07,0.17,2.33,0.5,0.96,0.38,0.08,40.0,4.44,4.36,812,31.07,83.0,2.45,1.03,0.46,0.0,0.19,2.07,22,0.84,0.5,1.76,0.11,0.23,46.45,13,0.5,27.13,1.15,0.84,0.99,0.04,0.0,3.44,40.0,26.5,12,0.46,42.9,0.23,0.0,0.0,0.0,0.0,0.0,0.0,0.0,0.0,0.0,0.0,0.0,0.0,0.0,0.0,0.0,0.0,0.0
Thibaut Courtois,Belgium,33.0,1992.0,Goalkeeper,200.0,2026-06-30,ES1,Real Madrid Club de Fútbol,25000000.0,64,0,0,70,5,0,50,56,83,60,0,66,84,64,85,9,18,6,34,https://img.a.transfermarkt.technology/portrait/header/108390-1717280733.jpg?lm=1,30,30,2700,30.0,0.0,0.0,0.0,0,0.0,0.0,0.0,0.0,0.0,0.0,0.0,-0.1,0.0,0.0,0.0,0.0,0.0,0.0,848,28.27,83.1,0.13,0.0,0.0,10.7,0.07,0.0,0,0.0,0.03,0.5,0.03,0.0,36.27,0,0.0,21.97,0.0,0.0,0.0,0.0,0.0,1.5,0.0,0.0,8,0.27,100.0,0.03,0.0,0.97,3.47,2.53,0.96,0.7,0.02,0.0,0.0,5.77,0.53,75.0,36.7,28.2,18.5,4.6,0.47
Morten Thorsby,Norway,29.0,1996.0,Central Midfield,188.0,2026-06-30,IT1,Genoa Cricket and Football Club,3000000.0,42,76,5,2,52,22,10,44,30,16,48,100,0,0,22,0,1,0,99,https://img.a.transfermarkt.technology/portrait/header/226524-1725529624.jpg?lm=1,30,22,1898,21.1,0.0,0.05,0.05,0,0.0,-0.13,0.0,2.8,0.13,0.1,1.14,-1.1,0.71,0.28,0.0,40.0,2.75,3.6,353,16.74,66.6,2.13,0.47,0.05,0.0,0.0,0.43,49,2.32,0.24,1.33,0.05,0.09,35.71,9,0.43,13.99,2.13,1.33,2.51,0.0,0.09,2.42,58.6,40.9,107,5.07,51.9,0.28,0.0,0.0,0.0,0.0,0.0,0.0,0.0,0.0,0.0,0.0,0.0,0.0,0.0,0.0,0.0,0.0,0.0
Ki-Jana Hoever,Netherlands,23.0,2002.0,Right-Back,183.0,2025-06-30,FR1,Association de la Jeunesse auxerroise,4500000.0,47,32,62,43,66,14,70,43,51,41,44,63,0,0,52,0,12,0,65,https://img.a.transfermarkt.technology/portrait/header/485583-1724259461.jpg?lm=1,30,26,2124,23.6,0.04,0.08,0.13,1,0.04,0.02,0.0,0.5,0.02,0.11,2.5,-0.7,0.42,0.21,0.1,50.0,3.35,5.42,768,32.54,70.8,2.8,1.19,0.59,0.0,0.51,3.31,51,2.16,0.89,2.97,0.04,0.04,57.16,9,0.38,27.8,1.36,0.51,0.93,0.0,0.0,3.86,55.6,25.7,24,1.02,55.8,0.17,0.04,0.0,0.0,0.0,0.0,0.0,0.0,0.0,0.0,0.0,0.0,0.0,0.0,0.0,0.0,0.0,0.0
Shavy Babicka,Gabon,24.0,2000.0,Right Winger,179.0,2027-06-30,FR1,Toulouse Football Club,3000000.0,41,65,62,17,27,10,16,44,1,44,55,40,0,0,1,0,12,0,34,https://img.a.transfermarkt.technology/portrait/header/916920-1668887323.jpg?lm=1,30,11,1186,13.2,0.3,0.15,0.46,4,0.3,0.01,0.0,3.9,0.3,0.12,2.73,0.4,1.52,0.68,0.2,45.0,1.59,9.26,196,14.87,67.1,0.61,0.99,0.38,0.0,0.23,2.96,21,1.59,0.23,0.3,0.23,0.23,32.48,11,0.83,20.72,2.12,1.37,1.21,0.0,0.0,4.1,47.6,29.7,7,0.53,29.2,0.15,0.0,0.0,0.0,0.0,0.0,0.0,0.0,0.0,0.0,0.0,0.0,0.0,0.0,0.0,0.0,0.0,0.0
Nico Williams,Spain,22.0,2002.0,Left Winger,181.0,2027-06-30,ES1,Athletic Club Bilbao,70000000.0,60,61,63,62,47,94,82,24,49,82,55,51,0,0,90,0,33,0,57,https://img.a.transfermarkt.technology/portrait/header/709187-1709676169.png?lm=1,29,22,1996,22.2,0.23,0.23,0.45,5,0.23,0.04,0.0,4.2,0.19,0.16,5.28,1.5,2.48,0.86,0.09,34.5,3.11,11.45,497,22.41,70.6,1.04,1.31,0.36,0.0,0.14,4.82,28,1.26,0.32,0.41,0.0,0.23,48.02,70,3.16,31.43,2.8,2.03,0.77,0.0,0.0,4.33,34.4,36.8,11,0.5,39.3,0.05,0.0,0.0,0.0,0.0,0.0,0.0,0.0,0.0,0.0,0.0,0.0,0.0,0.0,0.0,0.0,0.0,0.0
Sirlord Conteh,Germany,28.0,1996.0,Right Winger,178.0,2027-06-30,L1,1. Fußballclub Heidenheim 1846,1500000.0,30,32,16,15,76,27,15,4,91,47,69,91,0,0,73,0,36,0,85,https://img.a.transfermarkt.technology/portrait/header/307183-1721852922.jpg?lm=1,29,4,892,9.9,0.1,0.1,0.2,1,0.1,-0.11,0.0,2.1,0.21,0.26,2.93,-1.6,1.31,0.5,0.08,38.5,1.92,7.57,158,15.94,70.5,1.72,0.61,0.2,0.0,0.0,2.02,9,0.91,0.1,0.81,0.0,0.3,30.37,6,0.61,19.67,2.32,0.81,0.81,0.0,0.0,1.72,28.6,46.2,16,1.61,44.4,0.2,0.0,0.0,0.0,0.0,0.0,0.0,0.0,0.0,0.0,0.0,0.0,0.0,0.0,0.0,0.0,0.0,0.0
Paul Wanner,Germany,19.0,2005.0,Attacking Midfield,185.0,2025-06-30,L1,1. Fußballclub Heidenheim 1846,18000000.0,34,34,30,19,12,53,19,61,64,70,75,50,0,0,87,0,17,0,56,https://img.a.transfermarkt.technology/portrait/header/900909-1736762820.jpg?lm=1,29,20,1771,19.7,0.15,0.1,0.25,2,0.1,-0.04,0.05,2.9,0.15,0.07,1.42,0.7,1.22,0.25,0.08,20.8,3.25,3.3,518,26.32,73.1,2.19,0.66,0.15,0.0,0.1,2.64,40,2.03,0.2,1.02,0.0,0.25,47.52,25,1.27,25.21,2.29,1.88,1.17,0.0,0.0,4.57,46.9,42.4,12,0.61,40.0,0.1,0.0,0.0,0.0,0.0,0.0,0.0,0.0,0.0,0.0,0.0,0.0,0.0,0.0,0.0,0.0,0.0,0.0
Hakan Çalhanoğlu,Türkiye,31.0,1994.0,Defensive Midfield,178.0,2027-06-30,IT1,Football Club Internazionale Milano S.p.A.,35000000.0,62,79,83,96,100,12,99,35,88,64,0,27,0,0,69,0,96,0,27,https://img.a.transfermarkt.technology/portrait/header/126414-1709035146.jpg?lm=1,29,26,1947,21.6,0.23,0.28,0.51,2,0.09,0.03,0.14,1.3,0.06,0.26,2.4,0.4,1.94,0.55,0.05,28.6,8.0,2.36,1464,67.67,86.6,6.66,1.29,0.51,0.0,0.79,5.64,43,1.99,0.83,1.11,0.0,0.0,86.95,3,0.14,53.16,0.97,0.42,1.02,0.0,0.05,5.08,58.3,42.9,16,0.74,47.1,0.23,0.0,0.0,0.0,0.0,0.0,0.0,0.0,0.0,0.0,0.0,0.0,0.0,0.0,0.0,0.0,0.0,0.0
Lamine Camara,Senegal,21.0,2004.0,Central Midfield,173.0,2029-06-30,FR1,Association sportive de Monaco Football Club,20000000.0,67,68,61,81,90,40,58,94,45,5,48,59,0,0,41,0,74,0,58,https://img.a.transfermarkt.technology/portrait/header/918969-1726834088.jpg?lm=1,29,25,2054,22.8,0.09,0.31,0.39,2,0.09,-0.01,0.0,2.3,0.1,0.19,1.1,2.6,1.14,0.39,0.08,34.6,6.18,2.02,1224,53.63,82.8,5.83,1.14,0.18,0.0,0.48,5.17,66,2.89,1.36,1.4,0.04,0.09,76.37,12,0.53,42.37,1.8,1.01,1.97,0.0,0.0,6.7,54.2,48.0,21,0.92,50.0,0.44,0.04,0.0,0.0,0.0,0.0,0.0,0.0,0.0,0.0,0.0,0.0,0.0,0.0,0.0,0.0,0.0,0.0
Yunus Musah,United States,22.0,2002.0,Central Midfield,178.0,2028-06-30,IT1,Associazione Calcio Milan,22000000.0,47,63,2,71,58,91,90,66,4,28,36,18,0,0,7,0,76,0,20,https://img.a.transfermarkt.technology/portrait/header/503991-1684913655.jpg?lm=1,29,19,1571,17.5,0.0,0.11,0.11,0,0.0,-0.11,0.0,1.9,0.11,0.1,2.92,0.2,1.26,0.29,0.0,22.7,4.81,4.24,631,36.15,87.2,3.44,0.97,0.4,0.0,0.11,1.37,27,1.55,0.4,0.52,0.17,0.06,50.87,21,1.2,33.28,2.64,0.74,2.06,0.0,0.0,3.44,70.6,56.8,8,0.46,36.4,0.29,0.0,0.0,0.0,0.0,0.0,0.0,0.0,0.0,0.0,0.0,0.0,0.0,0.0,0.0,0.0,0.0,0.0
Konrad Laimer,Austria,27.0,1997.0,Central Midfield,180.0,2027-06-30,L1,FC Bayern München,25000000.0,58,65,64,95,79,78,100,37,35,17,33,58,0,0,44,0,93,0,66,https://img.a.transfermarkt.technology/portrait/header/223967-1700659266.jpg?lm=1,29,19,1699,18.9,0.11,0.11,0.21,2,0.11,-0.01,0.0,2.1,0.11,0.14,4.61,-0.7,0.95,0.32,0.11,33.3,7.47,5.99,1075,56.95,87.8,5.51,1.32,0.21,0.0,0.11,1.11,49,2.6,0.42,1.27,0.05,0.05,75.27,17,0.9,43.23,1.85,1.22,1.85,0.0,0.0,4.29,47.9,56.7,15,0.79,53.6,0.42,0.0,0.0,0.0,0.0,0.0,0.0,0.0,0.0,0.0,0.0,0.0,0.0,0.0,0.0,0.0,0.0,0.0
Ryan Christie,Scotland,30.0,1995.0,Defensive Midfield,178.0,2027-06-30,GB1,Association Football Club Bournemouth,12000000.0,59,86,81,67,90,86,76,45,8,28,71,25,0,0,25,0,39,0,19,https://img.a.transfermarkt.technology/portrait/header/188077-1697450633.jpg?lm=1,29,27,2117,23.5,0.09,0.13,0.21,2,0.09,0.01,0.0,1.8,0.08,0.15,1.45,-0.5,1.4,0.51,0.06,36.4,5.82,1.87,837,35.58,79.3,5.02,1.4,0.21,0.0,0.38,2.04,54,2.3,1.28,2.17,0.13,0.09,58.5,23,0.98,30.86,1.87,1.06,1.83,0.0,0.0,7.74,42.2,47.9,20,0.85,41.7,0.38,0.0,0.0,0.0,0.0,0.0,0.0,0.0,0.0,0.0,0.0,0.0,0.0,0.0,0.0,0.0,0.0,0.0
Dušan Vlahović,Serbia,25.0,2000.0,Centre-Forward,190.0,2026-06-30,IT1,Juventus Football Club,45000000.0,57,83,51,32,32,23,42,5,1,55,25,61,0,0,1,0,32,0,67,https://img.a.transfermarkt.technology/portrait/header/357498-1683293071.jpg?lm=1,29,21,1784,19.8,0.5,0.2,0.71,6,0.3,-0.12,0.2,9.2,0.46,0.07,1.36,2.7,3.68,1.26,0.08,34.2,1.11,5.9,253,12.76,69.1,0.55,0.35,0.0,0.0,0.2,0.45,4,0.2,0.05,0.45,0.15,0.1,28.45,9,0.45,15.54,2.57,1.41,1.41,0.0,0.0,1.82,20.0,32.1,39,1.97,48.1,0.15,0.0,0.0,0.0,0.0,0.0,0.0,0.0,0.0,0.0,0.0,0.0,0.0,0.0,0.0,0.0,0.0,0.0
Vedat Muriqi,Kosovo,31.0,1994.0,Centre-Forward,194.0,2027-06-30,ES1,Real Club Deportivo Mallorca S.A.D.,8000000.0,51,62,40,18,42,21,23,52,78,7,59,96,0,0,19,0,9,0,95,https://img.a.transfermarkt.technology/portrait/header/256267-1627914833.jpg?lm=1,29,24,2058,22.9,0.31,0.09,0.39,5,0.22,-0.12,0.09,7.3,0.32,0.1,1.01,-0.2,2.27,0.7,0.1,30.8,1.31,4.5,295,12.9,60.6,1.01,0.26,0.0,0.0,0.09,0.44,7,0.31,0.31,1.88,0.0,0.17,32.06,9,0.39,14.61,2.41,1.14,1.27,0.04,0.04,2.14,42.9,34.6,135,5.9,57.9,0.04,0.09,0.0,0.0,0.0,0.0,0.0,0.0,0.0,0.0,0.0,0.0,0.0,0.0,0.0,0.0,0.0,0.0
Vitinha,Portugal,25.0,2000.0,Central Midfield,172.0,2029-06-30,FR1,Paris Saint-Germain Football Club,60000000.0,56,57,79,99,65,94,98,46,28,100,0,1,0,0,39,0,99,0,2,https://img.a.transfermarkt.technology/portrait/header/487469-1672303629.jpg?lm=1,29,20,2042,22.7,0.22,0.04,0.26,3,0.13,0.07,0.09,1.8,0.08,0.11,2.34,-1.6,1.1,0.53,0.12,48.0,9.87,2.51,2236,98.55,93.1,11.33,1.63,0.13,0.0,0.97,0.93,43,1.9,0.62,0.84,0.09,0.0,113.76,27,1.19,77.39,1.32,0.84,0.4,0.0,0.0,6.35,52.1,67.5,1,0.04,16.7,0.04,0.0,0.0,0.0,0.0,0.0,0.0,0.0,0.0,0.0,0.0,0.0,0.0,0.0,0.0,0.0,0.0,0.0
Vanderson,Brazil,23.0,2001.0,Right-Back,173.0,2028-06-30,FR1,Association sportive de Monaco Football Club,20000000.0,75,91,52,81,79,87,86,99,21,16,44,53,0,0,22,0,62,0,46,https://img.a.transfermarkt.technology/portrait/header/789082-1655282894.jpg?lm=1,29,23,2064,22.9,0.04,0.13,0.17,1,0.04,-0.05,0.0,2.2,0.1,0.14,2.49,-0.1,0.92,0.35,0.05,38.1,4.45,6.58,1090,47.53,77.7,3.31,1.26,0.52,0.0,0.57,2.57,76,3.31,1.7,2.83,0.09,0.04,74.74,24,1.05,38.2,1.66,0.61,1.22,0.0,0.0,6.67,70.3,50.0,22,0.96,46.8,0.26,0.04,0.0,0.0,0.0,0.0,0.0,0.0,0.0,0.0,0.0,0.0,0.0,0.0,0.0,0.0,0.0,0.0
Nicola Leali,Italy,32.0,1993.0,Goalkeeper,193.0,2026-06-30,IT1,Genoa Cricket and Football Club,1500000.0,83,0,0,21,28,0,15,7,83,54,0,53,88,91,81,71,52,10,49,https://img.a.transfermarkt.technology/portrait/header/136111-1692963337.jpg?lm=1,29,29,2610,29.0,0.0,0.0,0.0,0,0.0,0.0,0.0,0.0,0.0,0.0,0.0,0.0,0.0,0.0,0.0,0.0,0.0,0.0,667,23.0,71.1,0.34,0.0,0.0,11.2,0.03,0.0,0,0.0,0.0,0.48,0.03,0.0,34.45,0,0.0,18.03,0.0,0.0,0.03,0.0,0.0,1.03,0.0,0.0,6,0.21,100.0,0.03,0.0,1.07,3.83,2.83,1.18,6.3,0.22,0.0,0.03,3.86,0.72,74.8,34.5,33.9,39.3,5.4,0.48
Johann Lepenant,France,22.0,2002.0,Defensive Midfield,176.0,2025-06-30,FR1,Football Club de Nantes,7000000.0,42,70,82,44,37,77,46,16,61,60,44,39,0,0,85,0,14,0,39,https://img.a.transfermarkt.technology/portrait/header/585973-1672830993.jpg?lm=1,29,23,2048,22.8,0.09,0.04,0.13,2,0.09,0.03,0.0,1.4,0.06,0.04,1.1,0.1,0.88,0.22,0.1,25.0,3.91,2.72,582,25.58,80.3,3.08,0.53,0.04,0.0,0.0,0.7,68,2.99,0.79,1.1,0.0,0.04,43.59,18,0.79,22.06,2.02,0.92,2.24,0.0,0.0,3.91,45.1,50.0,20,0.88,52.6,0.13,0.0,0.0,0.0,0.0,0.0,0.0,0.0,0.0,0.0,0.0,0.0,0.0,0.0,0.0,0.0,0.0,0.0
Denis Vavro,Slovakia,29.0,1996.0,Centre-Back,189.0,2025-06-30,L1,Verein für Leibesübungen Wolfsburg,7000000.0,49,75,83,58,34,29,35,20,42,92,77,87,0,0,50,0,45,0,90,https://img.a.transfermarkt.technology/portrait/header/239962-1731920675.jpg?lm=1,29,27,2461,27.3,0.07,0.0,0.07,2,0.07,0.02,0.0,1.4,0.05,0.01,0.33,-0.2,0.91,0.22,0.08,24.0,3.51,0.11,1297,47.43,86.9,3.73,0.22,0.0,0.0,0.88,0.29,21,0.77,1.35,8.56,0.11,0.04,69.52,3,0.11,37.89,0.29,0.04,0.26,0.0,0.0,3.25,47.8,50.0,80,2.93,70.2,0.15,0.0,0.0,0.0,0.0,0.0,0.0,0.0,0.0,0.0,0.0,0.0,0.0,0.0,0.0,0.0,0.0,0.0
Patrick Wimmer,Austria,23.0,2001.0,Right Winger,182.0,2027-06-30,L1,Verein für Leibesübungen Wolfsburg,15000000.0,48,51,35,43,41,86,27,99,11,6,59,92,0,0,8,0,21,0,86,https://img.a.transfermarkt.technology/portrait/header/533295-1657203456.jpg?lm=1,29,22,1770,19.7,0.15,0.2,0.36,3,0.15,-0.04,0.0,3.7,0.19,0.15,2.34,1.1,2.08,0.51,0.07,24.4,4.63,3.81,427,21.71,65.7,2.8,1.17,0.2,0.0,0.2,2.14,47,2.39,1.63,0.76,0.1,0.25,46.78,37,1.88,25.63,2.19,1.37,1.83,0.0,0.0,4.68,32.6,53.6,36,1.83,42.4,0.25,0.05,0.0,0.0,0.0,0.0,0.0,0.0,0.0,0.0,0.0,0.0,0.0,0.0,0.0,0.0,0.0,0.0
Ivan Provedel,Italy,31.0,1994.0,Goalkeeper,194.0,2027-06-30,IT1,Società Sportiva Lazio S.p.A.,7000000.0,18,0,0,94,87,0,75,55,48,69,99,49,24,5,57,42,90,62,74,https://img.a.transfermarkt.technology/portrait/header/197929-1695160944.jpg?lm=1,29,29,2610,29.0,0.0,0.0,0.0,0,0.0,0.0,0.0,0.0,0.0,0.01,0.0,-0.3,0.0,0.0,0.0,0.0,0.14,0.0,865,29.83,77.4,0.86,0.07,0.0,14.5,0.14,0.0,0,0.0,0.03,0.41,0.1,0.03,40.24,0,0.0,25.66,0.0,0.0,0.0,0.0,0.0,1.52,0.0,0.0,7,0.24,87.5,0.0,0.0,1.45,3.17,1.79,1.09,-8.5,-0.29,0.0,0.0,3.31,1.0,58.7,17.2,33.3,30.8,7.9,1.1
Jonathan Burkardt,Germany,24.0,2000.0,Centre-Forward,183.0,2027-06-30,L1,1. Fußball- und Sportverein Mainz 05,35000000.0,80,93,94,64,61,50,59,51,50,95,59,5,0,0,94,0,63,0,2,https://img.a.transfermarkt.technology/portrait/header/333647-1698840239.jpg?lm=1,29,28,2109,23.4,0.77,0.09,0.85,16,0.68,0.14,0.09,13.2,0.56,0.13,1.37,-1.1,2.99,1.19,0.23,40.0,1.79,6.7,379,16.17,72.5,1.07,0.68,0.17,0.0,0.34,1.15,15,0.64,0.04,0.6,0.0,0.17,33.63,16,0.68,19.08,3.24,1.41,0.98,0.04,0.0,3.12,60.0,41.0,20,0.85,19.0,0.0,0.0,0.0,0.0,0.0,0.0,0.0,0.0,0.0,0.0,0.0,0.0,0.0,0.0,0.0,0.0,0.0,0.0
Dennis Appiah,France,32.0,1992.0,Right-Back,179.0,2026-06-30,FR1,Association sportive de Saint-Étienne Loire,900000.0,51,12,45,67,51,73,55,80,25,61,0,61,0,0,18,0,46,0,51,https://img.a.transfermarkt.technology/portrait/header/111038-1727723257.jpg?lm=1,29,22,2128,23.6,0.0,0.04,0.04,0,0.0,-0.01,0.0,0.2,0.01,0.09,2.16,-1.1,0.21,0.08,0.0,40.0,4.57,4.65,903,38.19,76.6,3.43,1.06,0.3,0.0,0.08,2.2,71,3.0,1.23,3.76,0.08,0.0,62.85,20,0.85,26.64,1.44,0.76,1.56,0.0,0.08,3.81,57.7,46.5,27,1.14,46.6,0.08,0.0,0.0,0.0,0.0,0.0,0.0,0.0,0.0,0.0,0.0,0.0,0.0,0.0,0.0,0.0,0.0,0.0
Óscar Rodríguez,Spain,26.0,1998.0,Attacking Midfield,174.0,2026-06-30,ES1,Club Deportivo Leganés S.A.D.,2000000.0,34,29,11,37,59,57,29,89,83,1,63,52,0,0,13,0,24,0,41,https://img.a.transfermarkt.technology/portrait/header/284884-1697221442.jpg?lm=1,29,12,1330,14.8,0.07,0.27,0.34,1,0.07,-0.07,0.0,2.1,0.14,0.15,1.62,1.8,2.23,0.41,0.03,18.2,4.06,4.47,400,27.07,72.1,2.1,1.42,0.47,0.0,0.88,3.72,32,2.17,1.35,1.35,0.0,0.14,50.68,21,1.42,25.78,2.3,0.95,1.29,0.07,0.07,3.79,43.8,40.4,12,0.81,33.3,0.41,0.07,0.0,0.0,0.0,0.0,0.0,0.0,0.0,0.0,0.0,0.0,0.0,0.0,0.0,0.0,0.0,0.0
Mama Baldé,Guinea-Bissau,29.0,1995.0,Centre-Forward,176.0,2027-06-30,FR1,Stade brestois 29,4500000.0,31,20,17,64,77,77,84,72,53,31,88,71,0,0,55,0,66,0,62,https://img.a.transfermarkt.technology/portrait/header/325223-1702991373.jpg?lm=1,29,12,1182,13.2,0.15,0.23,0.38,2,0.15,-0.08,0.0,3.1,0.24,0.16,2.74,0.9,2.28,0.61,0.07,27.6,1.75,7.77,187,14.24,72.18,1.07,0.38,0.15,0.0,0.23,0.76,15,1.14,0.53,1.14,0.0,0.38,34.19,17,1.29,20.1,2.89,1.52,1.52,0.0,0.0,2.89,18.55,30.9,36,2.74,43.32,0.3,0.0,0.0,0.0,0.0,0.0,0.0,0.0,0.0,0.0,0.0,0.0,0.0,0.0,0.0,0.0,0.0,0.0
Savinho,Brazil,21.0,2004.0,Right Winger,176.0,2029-06-30,GB1,Manchester City Football Club,55000000.0,64,73,8,88,94,93,98,51,27,56,92,14,0,0,35,0,91,0,31,https://img.a.transfermarkt.technology/portrait/header/743591-1719653229.jpg?lm=1,29,21,1766,19.6,0.05,0.41,0.46,1,0.05,-0.2,0.0,5.0,0.25,0.35,6.98,1.1,2.8,1.07,0.02,38.2,3.41,12.49,692,35.27,80.8,0.97,2.4,0.41,0.0,0.36,4.28,23,1.17,0.31,0.46,0.05,0.36,55.8,52,2.65,39.9,2.14,1.94,0.87,0.1,0.0,4.03,52.6,46.0,1,0.05,33.3,0.15,0.0,0.0,0.0,0.0,0.0,0.0,0.0,0.0,0.0,0.0,0.0,0.0,0.0,0.0,0.0,0.0,0.0
Manuel Ugarte,Uruguay,24.0,2001.0,Defensive Midfield,182.0,2029-06-30,GB1,Manchester United Football Club,50000000.0,48,55,59,28,59,85,47,68,20,10,73,37,0,0,29,0,61,0,34,https://img.a.transfermarkt.technology/portrait/header/476701-1715107512.jpg?lm=1,29,22,1785,19.8,0.05,0.1,0.15,1,0.05,0.0,0.0,1.0,0.05,0.06,0.81,0.9,0.96,0.2,0.05,21.1,3.08,1.01,800,40.34,87.9,2.97,0.45,0.15,0.0,0.25,0.35,77,3.88,1.36,0.86,0.1,0.1,58.54,18,0.91,33.68,1.61,1.26,2.07,0.0,0.0,6.15,44.1,56.3,18,0.91,50.0,0.55,0.0,0.0,0.0,0.0,0.0,0.0,0.0,0.0,0.0,0.0,0.0,0.0,0.0,0.0,0.0,0.0,0.0
Gideon Mensah,Ghana,26.0,1998.0,Left-Back,178.0,2026-06-30,FR1,Association de la Jeunesse auxerroise,3500000.0,56,10,41,61,59,92,72,90,50,74,0,32,0,0,67,0,58,0,35,https://img.a.transfermarkt.technology/portrait/header/397171-1565700436.jpg?lm=1,29,26,2280,25.3,0.0,0.04,0.04,0,0.0,-0.01,0.0,0.2,0.01,0.1,2.05,-1.6,0.16,0.04,0.0,25.0,3.67,3.99,1056,41.68,79.9,2.68,1.03,0.55,0.0,0.47,3.0,68,2.68,1.97,3.28,0.0,0.0,64.22,29,1.14,34.74,1.54,1.22,1.3,0.0,0.04,6.79,50.0,53.7,16,0.63,45.7,0.08,0.0,0.0,0.0,0.0,0.0,0.0,0.0,0.0,0.0,0.0,0.0,0.0,0.0,0.0,0.0,0.0,0.0
Facundo Medina,Argentina,25.0,1999.0,Centre-Back,184.0,2028-06-30,FR1,Racing Club de Lens,25000000.0,51,83,3,95,95,54,94,38,71,4,0,13,0,0,74,0,94,0,23,https://img.a.transfermarkt.technology/portrait/header/474800-1653402999.jpg?lm=1,29,29,2543,28.3,0.0,0.04,0.04,0,0.0,-0.06,0.0,1.8,0.06,0.07,1.63,-1.0,0.96,0.11,0.0,11.1,6.16,1.49,1655,58.57,87.6,5.56,1.06,0.07,0.0,0.18,0.57,44,1.56,1.13,2.48,0.0,0.0,77.01,10,0.35,47.0,0.96,0.5,1.03,0.0,0.04,5.84,57.1,37.0,30,1.06,55.6,0.53,0.04,0.0,0.0,0.0,0.0,0.0,0.0,0.0,0.0,0.0,0.0,0.0,0.0,0.0,0.0,0.0,0.0
Rolando Mandragora,Italy,27.0,1997.0,Defensive Midfield,183.0,2026-06-30,IT1,Associazione Calcio Fiorentina,10000000.0,43,91,92,35,97,33,20,7,73,59,84,24,0,0,63,0,35,0,24,https://img.a.transfermarkt.technology/portrait/header/308279-1663591807.jpg?lm=1,29,22,1931,21.5,0.19,0.14,0.33,3,0.14,0.06,0.05,1.9,0.09,0.22,0.51,-1.8,1.72,0.65,0.08,37.8,4.29,1.58,724,33.74,77.8,3.22,0.75,0.33,0.0,0.28,1.86,23,1.07,0.79,2.52,0.05,0.14,52.15,7,0.33,26.99,0.51,0.19,0.98,0.0,0.0,2.8,45.2,50.0,14,0.65,46.7,0.33,0.0,0.0,0.0,0.0,0.0,0.0,0.0,0.0,0.0,0.0,0.0,0.0,0.0,0.0,0.0,0.0,0.0
Scott McKenna,Scotland,28.0,1996.0,Centre-Back,189.0,2027-06-30,ES1,Unión Deportiva Las Palmas S.A.D.,5000000.0,36,55,4,16,63,75,32,9,58,55,0,88,0,0,47,0,42,0,86,https://img.a.transfermarkt.technology/portrait/header/255906-1718274297.jpg?lm=1,29,28,2466,27.4,0.0,0.0,0.0,0,0.0,-0.04,0.0,1.1,0.04,0.03,0.4,-0.7,0.36,0.0,0.0,0.0,1.64,0.11,1276,46.57,86.7,1.82,0.04,0.0,0.0,0.22,0.07,21,0.77,0.33,5.95,0.07,0.0,63.69,3,0.11,33.28,0.29,0.15,0.47,0.0,0.04,2.52,75.0,100.0,85,3.1,65.9,0.18,0.04,0.0,0.0,0.0,0.0,0.0,0.0,0.0,0.0,0.0,0.0,0.0,0.0,0.0,0.0,0.0,0.0
Dailon Rocha Livramento,Cape Verde,24.0,2001.0,Centre-Forward,185.0,2028-06-30,IT1,Verona Hellas Football Club,800000.0,15,5,10,21,36,25,68,87,68,4,25,72,0,0,30,0,3,0,51,https://img.a.transfermarkt.technology/portrait/header/676411-1664798687.jpg?lm=1,29,8,940,10.4,0.1,0.1,0.19,1,0.1,-0.08,0.0,1.8,0.17,0.09,2.2,0.1,1.24,0.38,0.08,30.8,1.24,6.51,97,9.29,53.9,0.86,0.29,0.1,0.0,0.29,1.72,15,1.44,0.29,0.86,0.0,0.1,29.2,6,0.57,15.61,2.87,1.15,2.01,0.0,0.0,2.11,53.8,24.0,32,3.06,38.6,0.19,0.1,0.0,0.0,0.0,0.0,0.0,0.0,0.0,0.0,0.0,0.0,0.0,0.0,0.0,0.0,0.0,0.0
Pontus Almqvist,Sweden,25.0,1999.0,Right Winger,183.0,2027-06-30,IT1,Parma Calcio 1913,2500000.0,31,31,12,4,21,51,39,98,82,11,81,63,0,0,54,0,29,0,59,https://img.a.transfermarkt.technology/portrait/header/300532-1692964187.jpg?lm=1,29,10,1112,12.4,0.08,0.08,0.16,1,0.08,-0.09,0.0,2.1,0.17,0.11,3.4,-0.3,2.1,0.73,0.04,34.6,0.97,6.88,215,17.4,72.4,0.32,0.32,0.08,0.0,0.0,0.89,17,1.38,1.54,0.65,0.0,0.24,37.39,20,1.62,24.12,2.51,1.05,1.21,0.08,0.0,3.24,47.1,40.0,9,0.73,37.5,0.4,0.0,0.0,0.0,0.0,0.0,0.0,0.0,0.0,0.0,0.0,0.0,0.0,0.0,0.0,0.0,0.0,0.0
Azor Matusiwa,Netherlands,27.0,1998.0,Defensive Midfield,173.0,2028-06-30,FR1,Stade Rennais Football Club,10000000.0,69,54,54,69,76,84,35,98,84,76,71,63,0,0,75,0,76,0,67,https://img.a.transfermarkt.technology/portrait/header/315145-1639675049.png?lm=1,29,23,2078,23.1,0.04,0.13,0.17,1,0.04,-0.01,0.0,1.2,0.05,0.08,0.82,1.2,0.48,0.09,0.09,18.2,5.8,1.13,975,42.23,87.1,4.72,0.78,0.04,0.0,0.3,0.04,64,2.77,1.47,2.25,0.0,0.09,58.82,17,0.74,26.81,0.95,0.74,1.26,0.0,0.04,5.8,74.4,77.3,28,1.21,60.9,0.13,0.0,0.0,0.0,0.0,0.0,0.0,0.0,0.0,0.0,0.0,0.0,0.0,0.0,0.0,0.0,0.0,0.0
Simon Adingra,Cote d'Ivoire,23.0,2002.0,Left Winger,175.0,2026-06-30,GB1,Brighton and Hove Albion Football Club,30000000.0,38,44,26,42,63,64,69,66,2,83,0,78,0,0,4,0,57,0,93,https://img.a.transfermarkt.technology/portrait/header/658536-1666292606.jpg?lm=1,29,12,1097,12.2,0.16,0.16,0.33,2,0.16,-0.04,0.0,2.5,0.21,0.21,4.1,-0.5,2.71,0.66,0.06,24.2,1.48,11.16,290,23.79,75.9,0.41,1.39,0.49,0.0,0.0,3.36,23,1.89,0.66,0.49,0.16,0.0,44.88,21,1.72,30.03,3.2,0.98,1.07,0.0,0.0,3.86,38.5,42.9,7,0.57,63.6,0.0,0.0,0.0,0.0,0.0,0.0,0.0,0.0,0.0,0.0,0.0,0.0,0.0,0.0,0.0,0.0,0.0,0.0
Tammy Abraham,England,27.0,1997.0,Centre-Forward,194.0,2025-06-30,IT1,Associazione Calcio Milan,15000000.0,43,57,16,46,82,11,8,88,88,58,46,79,0,0,65,0,52,0,82,https://img.a.transfermarkt.technology/portrait/header/331726-1725531680.jpg?lm=1,29,12,1184,13.1,0.23,0.3,0.53,2,0.15,-0.31,0.08,5.4,0.41,0.17,0.61,1.8,1.98,0.84,0.08,42.3,2.05,5.4,153,11.63,68.57,1.06,0.76,0.0,0.0,0.0,0.23,17,1.29,0.15,1.22,0.0,0.08,28.2,4,0.3,12.24,1.75,0.99,1.75,0.08,0.0,0.91,75.0,28.6,37,2.81,53.49,0.08,0.0,0.0,0.0,0.0,0.0,0.0,0.0,0.0,0.0,0.0,0.0,0.0,0.0,0.0,0.0,0.0,0.0
Nemanja Matic,Serbia,36.0,1988.0,Defensive Midfield,194.0,2026-06-30,FR1,Olympique Lyonnais,2500000.0,46,0,45,83,57,44,91,25,63,100,0,31,0,0,80,0,74,0,37,https://img.a.transfermarkt.technology/portrait/header/74683-1655212906.jpg?lm=1,29,25,2010,22.3,0.0,0.04,0.04,0,0.0,-0.0,0.0,0.1,0.0,0.06,1.57,-0.3,0.09,0.04,0.0,50.0,6.72,0.67,1230,55.07,86.9,7.34,0.72,0.04,0.0,0.54,0.4,42,1.88,0.81,1.39,0.04,0.0,70.25,8,0.36,43.84,0.58,0.94,0.58,0.0,0.0,5.6,56.1,61.5,15,0.67,53.6,0.04,0.0,0.0,0.0,0.0,0.0,0.0,0.0,0.0,0.0,0.0,0.0,0.0,0.0,0.0,0.0,0.0,0.0
Abdel Abqar,Morocco,26.0,1999.0,Centre-Back,188.0,2025-06-30,ES1,Deportivo Alavés S.A.D.,7500000.0,35,46,16,11,45,50,23,52,70,3,87,23,0,0,39,0,2,0,24,https://img.a.transfermarkt.technology/portrait/header/559979-1705337125.jpg?lm=1,29,29,2463,27.4,0.0,0.04,0.04,0,0.0,-0.03,0.0,0.9,0.03,0.01,0.58,0.7,0.44,0.04,0.0,8.3,2.89,0.15,719,26.27,76.6,2.45,0.37,0.07,0.0,0.62,0.18,36,1.32,1.43,5.33,0.04,0.04,45.71,3,0.11,23.09,0.66,0.11,1.72,0.04,0.07,3.18,58.8,75.0,40,1.46,53.3,0.48,0.0,0.0,0.0,0.0,0.0,0.0,0.0,0.0,0.0,0.0,0.0,0.0,0.0,0.0,0.0,0.0,0.0
Viti Rozada,Spain,27.0,1997.0,Right-Back,172.0,2027-06-30,ES1,Unión Deportiva Las Palmas S.A.D.,2500000.0,46,4,48,11,35,40,32,93,84,38,50,47,0,0,77,0,41,0,46,https://img.a.transfermarkt.technology/portrait/header/438971-1702390831.jpg?lm=1,29,23,1982,22.0,0.0,0.09,0.09,0,0.0,-0.0,0.0,0.1,0.0,0.06,1.95,0.6,0.14,0.09,0.0,66.7,2.0,2.95,757,34.37,81.0,1.82,0.59,0.36,0.0,0.14,2.04,71,3.22,1.23,2.77,0.0,0.05,53.85,9,0.41,22.3,1.27,0.27,1.27,0.0,0.0,3.86,68.9,45.0,18,0.82,48.6,0.23,0.0,0.0,0.0,0.0,0.0,0.0,0.0,0.0,0.0,0.0,0.0,0.0,0.0,0.0,0.0,0.0,0.0
Carlos Augusto,Brazil,26.0,1999.0,Left-Back,184.0,2028-06-30,IT1,Football Club Internazionale Milano S.p.A.,22000000.0,62,96,91,79,55,51,79,25,78,94,78,100,0,0,98,0,91,0,99,https://img.a.transfermarkt.technology/portrait/header/585982-1735891597.jpg?lm=1,29,15,1691,18.8,0.16,0.11,0.27,3,0.16,0.01,0.0,2.8,0.15,0.09,1.65,0.4,1.28,0.32,0.13,25.0,4.26,4.42,1083,57.64,88.3,3.25,0.64,0.16,0.0,0.11,1.06,29,1.54,0.48,2.66,0.0,0.11,75.2,7,0.37,44.55,0.96,0.69,0.53,0.0,0.0,3.73,63.2,58.3,57,3.03,62.0,0.05,0.0,0.0,0.0,0.0,0.0,0.0,0.0,0.0,0.0,0.0,0.0,0.0,0.0,0.0,0.0,0.0,0.0
Theo Bair,Canada,25.0,1999.0,Centre-Forward,191.0,2028-06-30,FR1,Association de la Jeunesse auxerroise,1800000.0,23,25,19,23,54,6,35,8,96,50,0,94,0,0,58,0,14,0,93,https://img.a.transfermarkt.technology/portrait/header/501709-1618858914.jpg?lm=1,29,11,939,10.4,0.19,0.1,0.29,2,0.19,-0.1,0.0,3.0,0.29,0.12,1.44,-0.2,2.49,1.25,0.08,50.0,1.53,4.03,132,12.65,62.0,0.96,0.0,0.0,0.0,0.1,0.67,4,0.38,0.29,0.96,0.0,0.0,29.33,2,0.19,13.71,1.73,0.67,1.92,0.0,0.0,1.44,0.0,25.0,55,5.27,54.5,0.1,0.0,0.0,0.0,0.0,0.0,0.0,0.0,0.0,0.0,0.0,0.0,0.0,0.0,0.0,0.0,0.0,0.0
Santiago Bueno,Uruguay,26.0,1998.0,Centre-Back,190.0,2028-06-30,GB1,Wolverhampton Wanderers Football Club,8000000.0,38,26,45,9,5,0,6,70,97,61,0,39,0,0,93,0,30,0,32,https://img.a.transfermarkt.technology/portrait/header/438001-1738823992.jpg?lm=1,29,18,1687,18.7,0.0,0.0,0.0,0,0.0,-0.02,0.0,0.4,0.02,0.0,0.05,0.0,0.32,0.16,0.0,50.0,1.49,0.05,742,39.59,88.0,1.33,0.11,0.0,0.0,0.16,0.0,41,2.19,0.8,3.73,0.0,0.0,54.74,0,0.0,29.61,0.11,0.11,1.39,0.0,0.0,2.29,77.3,0.0,35,1.87,53.0,0.11,0.0,0.0,0.0,0.0,0.0,0.0,0.0,0.0,0.0,0.0,0.0,0.0,0.0,0.0,0.0,0.0,0.0
David López,Spain,35.0,1989.0,Centre-Back,185.0,2026-06-30,ES1,Girona Fútbol Club S. A. D.,2000000.0,39,48,59,88,60,60,77,5,52,79,0,10,0,0,57,0,91,0,14,https://img.a.transfermarkt.technology/portrait/header/129444-1448529645.jpg?lm=1,29,27,2429,27.0,0.04,0.04,0.07,1,0.04,0.0,0.0,0.9,0.03,0.02,0.63,0.4,0.44,0.11,0.08,25.0,4.89,0.26,1879,69.62,92.1,5.37,0.22,0.0,0.0,0.59,0.11,32,1.19,0.52,4.11,0.07,0.0,83.85,6,0.22,52.06,0.41,0.26,0.44,0.0,0.04,3.52,58.1,66.7,30,1.11,50.8,0.15,0.0,0.0,0.0,0.0,0.0,0.0,0.0,0.0,0.0,0.0,0.0,0.0,0.0,0.0,0.0,0.0,0.0
David Brooks,Wales,27.0,1997.0,Right Winger,173.0,2026-06-30,GB1,Association Football Club Bournemouth,12000000.0,33,50,31,60,49,21,64,14,14,24,0,63,0,0,16,0,62,0,64,https://img.a.transfermarkt.technology/portrait/header/277033-1700650102.jpg?lm=1,29,9,960,10.7,0.19,0.0,0.19,2,0.19,-0.06,0.0,2.6,0.24,0.18,3.28,-1.9,2.34,1.12,0.08,48.0,3.28,7.78,310,29.06,75.2,2.06,1.69,0.56,0.0,0.0,4.88,14,1.31,0.56,0.84,0.09,0.0,51.28,11,1.03,32.16,2.81,1.22,1.03,0.0,0.0,4.69,12.5,32.4,7,0.66,41.2,0.28,0.0,0.0,0.0,0.0,0.0,0.0,0.0,0.0,0.0,0.0,0.0,0.0,0.0,0.0,0.0,0.0,0.0
Marco Brescianini,Italy,25.0,2000.0,Central Midfield,188.0,2025-06-30,IT1,Atalanta Bergamasca Calcio S.p.a.,8000000.0,63,92,95,53,53,44,97,82,44,70,0,73,0,0,89,0,24,0,71,https://img.a.transfermarkt.technology/portrait/header/459128-1730183739.jpg?lm=1,29,9,991,11.0,0.36,0.18,0.54,4,0.36,0.08,0.0,3.1,0.28,0.09,4.18,1.0,1.82,0.73,0.2,40.0,3.27,6.27,334,30.33,79.5,2.45,0.82,0.18,0.0,0.18,1.63,18,1.63,0.18,0.54,0.0,0.0,49.68,8,0.73,32.33,2.54,1.73,2.0,0.0,0.0,4.54,80.0,30.8,12,1.09,54.5,0.09,0.0,0.0,0.0,0.0,0.0,0.0,0.0,0.0,0.0,0.0,0.0,0.0,0.0,0.0,0.0,0.0,0.0
Iker Bravo,Spain,20.0,2005.0,Centre-Forward,182.0,2028-06-30,IT1,Udinese Calcio,2500000.0,14,1,27,79,15,86,50,79,31,19,0,30,0,0,49,0,85,0,22,https://img.a.transfermarkt.technology/portrait/header/741292-1658913909.jpg?lm=1,29,4,682,7.6,0.26,0.13,0.4,2,0.26,0.15,0.0,0.9,0.12,0.05,0.92,0.6,1.72,0.4,0.15,23.1,2.38,5.15,159,20.98,81.1,1.32,0.79,0.0,0.0,0.0,1.06,10,1.32,0.13,0.53,0.0,0.0,38.8,11,1.45,20.72,4.09,1.85,1.58,0.0,0.0,3.96,55.6,37.9,12,1.58,30.0,0.4,0.0,0.0,0.0,0.0,0.0,0.0,0.0,0.0,0.0,0.0,0.0,0.0,0.0,0.0,0.0,0.0,0.0
Matthijs de Ligt,Netherlands,25.0,1999.0,Centre-Back,189.0,2029-06-30,GB1,Manchester United Football Club,40000000.0,63,97,84,44,27,26,49,70,94,67,0,75,0,0,77,0,59,0,77,https://img.a.transfermarkt.technology/portrait/header/326031-1700659567.jpg?lm=1,29,25,2123,23.6,0.08,0.0,0.08,2,0.08,-0.02,0.0,2.5,0.11,0.01,0.3,-0.3,0.76,0.38,0.11,50.0,2.33,0.25,1241,52.61,89.9,2.67,0.08,0.04,0.0,0.38,0.25,30,1.27,1.4,4.07,0.0,0.0,68.17,2,0.08,45.7,0.21,0.13,0.68,0.0,0.08,2.88,71.9,50.0,58,2.46,66.7,0.13,0.0,0.0,0.0,0.0,0.0,0.0,0.0,0.0,0.0,0.0,0.0,0.0,0.0,0.0,0.0,0.0,0.0
Hicham Boudaoui,Algeria,25.0,1999.0,Central Midfield,175.0,2027-06-30,FR1,Olympique Gymnaste Club Nice Côte d'Azur,10000000.0,61,75,57,48,64,66,70,87,51,33,71,17,0,0,53,0,52,0,14,https://img.a.transfermarkt.technology/portrait/header/560593-1739972051.jpg?lm=1,29,27,2435,27.1,0.07,0.11,0.18,2,0.07,-0.03,0.0,2.7,0.1,0.11,2.0,0.0,1.44,0.67,0.05,46.2,4.58,2.77,943,34.85,83.2,2.81,1.18,0.11,0.0,0.18,0.63,76,2.81,0.81,1.66,0.04,0.11,54.22,25,0.92,28.46,1.4,0.96,1.52,0.04,0.0,6.47,58.5,38.5,16,0.59,32.0,0.33,0.0,0.0,0.0,0.0,0.0,0.0,0.0,0.0,0.0,0.0,0.0,0.0,0.0,0.0,0.0,0.0,0.0
Warren Zaïre-Emery,France,19.0,2006.0,Central Midfield,178.0,2029-06-30,FR1,Paris Saint-Germain Football Club,60000000.0,52,50,38,92,32,74,92,68,21,82,0,19,0,0,33,0,94,0,26,https://img.a.transfermarkt.technology/portrait/header/810092-1672303575.jpg?lm=1,29,23,2050,22.8,0.04,0.09,0.13,1,0.04,-0.03,0.0,1.7,0.07,0.06,2.15,0.6,0.75,0.31,0.06,41.2,5.93,4.04,1557,68.36,92.8,5.09,0.4,0.04,0.0,0.79,0.4,51,2.24,1.01,0.88,0.09,0.0,83.77,20,0.88,53.17,1.71,1.4,1.1,0.0,0.0,5.97,51.1,54.1,9,0.4,39.1,0.13,0.0,0.0,0.0,0.0,0.0,0.0,0.0,0.0,0.0,0.0,0.0,0.0,0.0,0.0,0.0,0.0,0.0
Ludovic Blas,France,27.0,1997.0,Right Winger,180.0,2027-06-30,FR1,Stade Rennais Football Club,18000000.0,62,66,73,79,59,52,59,72,55,26,53,24,0,0,60,0,63,0,20,https://img.a.transfermarkt.technology/portrait/header/288225-1596557793.jpg?lm=1,29,26,2293,25.5,0.24,0.31,0.55,6,0.24,0.04,0.0,5.0,0.2,0.18,3.26,3.4,2.24,1.02,0.11,45.6,4.55,7.22,693,27.2,73.9,2.98,1.3,0.35,0.0,0.82,4.87,38,1.49,0.51,0.43,0.0,0.16,49.53,44,1.73,30.65,2.79,1.81,1.22,0.04,0.0,3.45,54.8,37.9,11,0.43,22.9,0.24,0.0,0.0,0.0,0.0,0.0,0.0,0.0,0.0,0.0,0.0,0.0,0.0,0.0,0.0,0.0,0.0,0.0
Marcus Tavernier,England,26.0,1999.0,Left Midfield,178.0,2028-06-30,GB1,Association Football Club Bournemouth,20000000.0,61,93,75,93,79,79,61,14,32,11,86,75,0,0,64,0,68,0,68,https://img.a.transfermarkt.technology/portrait/header/399434-1700650360.jpg?lm=1,29,20,1939,21.5,0.14,0.23,0.37,3,0.14,-0.12,0.0,5.5,0.26,0.19,2.51,1.0,2.65,0.79,0.05,29.8,5.94,5.99,689,31.98,73.8,3.71,1.9,0.65,0.0,0.42,5.01,43,2.0,0.23,0.51,0.0,0.23,55.47,28,1.3,32.68,2.14,2.18,1.58,0.0,0.0,5.52,37.0,43.8,26,1.21,44.1,0.28,0.0,0.0,0.0,0.0,0.0,0.0,0.0,0.0,0.0,0.0,0.0,0.0,0.0,0.0,0.0,0.0,0.0
Pierre Ekwah,France,23.0,2002.0,Defensive Midfield,189.0,2025-06-30,FR1,Association sportive de Saint-Étienne Loire,5000000.0,56,33,51,61,25,63,35,82,69,83,38,67,0,0,79,0,66,0,86,https://img.a.transfermarkt.technology/portrait/header/538994-1727722378.jpg?lm=1,29,29,2575,28.6,0.03,0.0,0.03,1,0.03,0.01,0.0,0.7,0.02,0.03,0.7,-1.0,0.87,0.21,0.04,24.0,5.1,0.73,1405,49.11,88.2,5.03,0.66,0.0,0.0,0.42,0.17,54,1.89,1.64,2.52,0.03,0.03,65.88,18,0.63,31.7,1.01,0.59,1.47,0.0,0.0,5.38,60.7,56.3,30,1.05,69.8,0.1,0.0,0.0,0.0,0.0,0.0,0.0,0.0,0.0,0.0,0.0,0.0,0.0,0.0,0.0,0.0,0.0,0.0
Christian Gytkjaer,Denmark,35.0,1990.0,Centre-Forward,185.0,2025-06-30,IT1,Venezia Football Club,700000.0,11,6,13,6,18,3,12,35,84,88,33,54,0,0,84,0,2,0,27,https://img.a.transfermarkt.technology/portrait/header/76274-1661763625.jpg?lm=1,29,6,754,8.4,0.24,0.12,0.36,1,0.12,-0.05,0.12,1.6,0.19,0.06,0.36,0.5,1.91,0.6,0.06,31.3,0.6,6.33,88,10.5,55.7,0.6,0.36,0.0,0.0,0.0,0.12,6,0.72,0.0,0.95,0.0,0.12,28.17,1,0.12,15.64,2.15,1.07,1.31,0.0,0.0,1.79,50.0,20.0,23,2.75,28.8,0.0,0.0,0.0,0.0,0.0,0.0,0.0,0.0,0.0,0.0,0.0,0.0,0.0,0.0,0.0,0.0,0.0,0.0
Yassin Belkhdim,Morocco,23.0,2002.0,Central Midfield,175.0,2027-06-30,FR1,Angers Sporting Club de l'Ouest,800000.0,31,23,47,6,12,1,15,84,37,47,0,7,0,0,43,0,20,0,6,https://img.a.transfermarkt.technology/portrait/header/807688-1672329587.jpg?lm=1,29,16,1523,16.9,0.06,0.06,0.12,1,0.06,0.01,0.0,0.8,0.05,0.04,1.0,0.4,0.53,0.3,0.11,55.6,2.19,1.83,394,23.28,80.9,1.6,0.18,0.06,0.0,0.24,0.95,53,3.13,1.24,2.42,0.06,0.0,41.48,2,0.12,20.27,1.83,0.83,1.65,0.0,0.0,4.37,46.6,13.3,5,0.3,25.0,0.24,0.0,0.0,0.0,0.0,0.0,0.0,0.0,0.0,0.0,0.0,0.0,0.0,0.0,0.0,0.0,0.0,0.0
Maximilian Beier,Germany,22.0,2002.0,Centre-Forward,185.0,2029-06-30,L1,Borussia Dortmund,25000000.0,66,71,70,60,88,81,59,85,12,76,50,53,0,0,14,0,64,0,72,https://img.a.transfermarkt.technology/portrait/header/578392-1733829348.jpg?lm=1,29,17,1591,17.7,0.45,0.28,0.74,8,0.45,0.02,0.0,7.7,0.44,0.19,1.36,1.7,2.38,0.74,0.19,31.0,1.87,7.01,291,16.46,70.5,0.74,0.79,0.17,0.0,0.0,0.91,25,1.41,0.4,0.79,0.06,0.17,34.96,22,1.24,19.12,2.21,1.47,0.96,0.0,0.0,2.77,38.7,43.1,23,1.3,53.5,0.11,0.0,0.0,0.0,0.0,0.0,0.0,0.0,0.0,0.0,0.0,0.0,0.0,0.0,0.0,0.0,0.0,0.0
Ian Maatsen,Netherlands,23.0,2002.0,Left-Back,178.0,2030-06-30,GB1,Aston Villa Football Club,28000000.0,64,72,69,85,95,83,88,87,1,56,0,57,0,0,1,0,83,0,73,https://img.a.transfermarkt.technology/portrait/header/485585-1704795222.jpg?lm=1,29,10,1139,12.7,0.08,0.16,0.24,1,0.08,0.01,0.0,0.9,0.07,0.21,2.45,-0.7,1.5,0.4,0.05,26.3,3.95,8.22,609,48.12,81.6,1.74,1.5,0.24,0.0,0.16,4.03,29,2.29,1.19,3.08,0.24,0.0,72.54,13,1.03,39.98,1.74,1.9,0.87,0.0,0.08,5.29,70.8,43.3,10,0.79,62.5,0.16,0.0,0.0,0.0,0.0,0.0,0.0,0.0,0.0,0.0,0.0,0.0,0.0,0.0,0.0,0.0,0.0,0.0
Enzo Millot,France,22.0,2002.0,Attacking Midfield,175.0,2028-06-30,L1,Verein für Bewegungsspiele Stuttgart 1893,35000000.0,72,90,80,88,58,66,69,50,31,10,45,28,0,0,10,0,91,0,30,https://img.a.transfermarkt.technology/portrait/header/569366-1723707547.jpg?lm=1,29,22,1843,20.5,0.29,0.24,0.54,6,0.29,-0.08,0.0,6.7,0.33,0.15,2.15,1.9,2.1,0.83,0.14,39.5,5.76,6.01,967,47.22,84.8,4.35,1.47,0.15,0.0,0.29,2.0,30,1.47,0.63,0.29,0.05,0.15,68.22,31,1.51,41.41,2.25,1.76,1.22,0.0,0.05,4.83,34.3,46.3,8,0.39,29.6,0.44,0.0,0.0,0.0,0.0,0.0,0.0,0.0,0.0,0.0,0.0,0.0,0.0,0.0,0.0,0.0,0.0,0.0
Botond Balogh,Hungary,22.0,2002.0,Centre-Back,189.0,2027-06-30,IT1,Parma Calcio 1913,2500000.0,34,20,14,12,18,0,14,68,50,46,0,25,0,0,23,0,41,0,26,https://img.a.transfermarkt.technology/portrait/header/543727-1712348148.jpg?lm=1,29,23,2053,22.8,0.0,0.04,0.04,0,0.0,-0.02,0.0,0.4,0.02,0.0,0.31,0.9,0.13,0.0,0.0,0.0,1.62,0.04,861,37.74,89.3,1.05,0.0,0.0,0.0,0.04,0.04,36,1.58,1.1,6.18,0.09,0.0,53.83,0,0.0,27.22,0.39,0.04,0.75,0.0,0.09,2.81,71.4,0.0,34,1.49,54.0,0.22,0.0,0.0,0.0,0.0,0.0,0.0,0.0,0.0,0.0,0.0,0.0,0.0,0.0,0.0,0.0,0.0,0.0
Taty Castellanos,Argentina,26.0,1998.0,Centre-Forward,178.0,2028-06-30,IT1,Società Sportiva Lazio S.p.A.,25000000.0,71,87,62,59,64,47,31,12,85,12,64,75,0,0,36,0,46,0,78,https://img.a.transfermarkt.technology/portrait/header/522784-1723926679.jpg?lm=1,29,28,2384,26.5,0.38,0.11,0.49,8,0.3,-0.12,0.08,11.1,0.42,0.14,1.02,-0.6,3.96,1.36,0.08,34.3,2.49,5.62,366,13.82,67.7,1.81,0.53,0.08,0.0,0.04,0.94,13,0.49,0.23,0.94,0.0,0.19,31.52,16,0.6,15.97,2.08,1.09,1.43,0.04,0.0,1.93,10.0,43.2,68,2.57,53.1,0.34,0.04,0.0,0.0,0.0,0.0,0.0,0.0,0.0,0.0,0.0,0.0,0.0,0.0,0.0,0.0,0.0,0.0
Javi López,Spain,23.0,2002.0,Left-Back,183.0,2030-06-30,ES1,Real Sociedad de Fútbol S.A.D.,7500000.0,30,4,42,42,6,72,33,32,19,46,68,13,0,0,32,0,32,0,13,https://img.a.transfermarkt.technology/portrait/header/568158-1647530894.jpg?lm=1,29,21,1936,21.5,0.0,0.0,0.0,0,0.0,-0.0,0.0,0.1,0.0,0.02,1.67,-0.4,0.23,0.05,0.0,20.0,3.39,2.98,814,37.84,78.4,2.28,0.65,0.33,0.0,0.37,2.79,40,1.86,0.51,2.74,0.09,0.09,57.97,18,0.84,26.54,1.12,1.02,1.39,0.0,0.0,4.28,62.2,46.2,10,0.46,34.5,0.19,0.0,0.0,0.0,0.0,0.0,0.0,0.0,0.0,0.0,0.0,0.0,0.0,0.0,0.0,0.0,0.0,0.0
Clinton Mata,Angola,32.0,1992.0,Right-Back,180.0,2026-06-30,FR1,Olympique Lyonnais,4000000.0,50,9,17,52,31,50,50,98,33,44,44,52,0,0,23,0,83,0,59,https://img.a.transfermarkt.technology/portrait/header/187718-1616529648.jpg?lm=1,29,27,2370,26.3,0.0,0.15,0.15,0,0.0,-0.01,0.0,0.2,0.01,0.05,0.76,2.6,0.19,0.0,0.0,0.0,3.34,0.87,1448,54.99,88.5,3.27,0.53,0.27,0.0,0.11,1.44,41,1.56,1.75,2.73,0.11,0.04,71.28,14,0.53,44.35,0.57,0.38,1.03,0.0,0.0,4.9,77.8,46.7,21,0.8,55.3,0.23,0.0,0.0,0.0,0.0,0.0,0.0,0.0,0.0,0.0,0.0,0.0,0.0,0.0,0.0,0.0,0.0,0.0
Pierre Kalulu,France,24.0,2000.0,Centre-Back,182.0,2025-06-30,IT1,Juventus Football Club,26000000.0,51,39,64,93,56,25,98,35,60,57,98,4,0,0,64,0,93,0,3,https://img.a.transfermarkt.technology/portrait/header/585949-1684854558.jpg?lm=1,29,25,2337,26.0,0.04,0.0,0.04,1,0.04,0.01,0.0,0.7,0.03,0.02,1.85,-0.5,0.27,0.12,0.14,42.9,4.51,0.92,1932,74.4,93.1,5.12,0.42,0.19,0.0,0.15,0.85,41,1.58,0.65,2.62,0.04,0.12,87.61,4,0.15,60.04,0.73,0.27,1.0,0.0,0.04,3.66,75.0,36.4,27,1.04,36.5,0.08,0.04,0.0,0.0,0.0,0.0,0.0,0.0,0.0,0.0,0.0,0.0,0.0,0.0,0.0,0.0,0.0,0.0
Yann Karamoh,France,26.0,1998.0,Left Winger,184.0,2025-06-30,IT1,Torino Calcio,2200000.0,13,12,3,17,11,19,39,19,53,46,0,43,0,0,69,0,13,0,45,https://img.a.transfermarkt.technology/portrait/header/324804-1663596515.jpg?lm=1,29,10,1046,11.6,0.0,0.09,0.09,0,0.0,-0.1,0.0,1.2,0.1,0.08,3.18,0.1,2.15,0.52,0.0,24.0,2.41,6.88,189,16.26,67.0,0.69,0.77,0.09,0.0,0.09,1.98,5,0.43,0.26,0.43,0.0,0.0,35.45,12,1.03,25.12,2.24,2.24,1.03,0.0,0.0,3.61,44.4,31.6,5,0.43,35.7,0.17,0.0,0.0,0.0,0.0,0.0,0.0,0.0,0.0,0.0,0.0,0.0,0.0,0.0,0.0,0.0,0.0,0.0
Eddie Nketiah,England,25.0,1999.0,Centre-Forward,175.0,2029-06-30,GB1,Crystal Palace Football Club,22000000.0,53,70,28,57,66,64,92,81,50,1,95,41,0,0,26,0,72,0,34,https://img.a.transfermarkt.technology/portrait/header/340324-1730795033.jpg?lm=1,29,9,1034,11.5,0.26,0.09,0.35,3,0.26,-0.24,0.0,5.7,0.5,0.15,3.57,-0.7,3.74,1.39,0.07,37.2,1.65,6.79,179,15.58,74.6,0.96,0.44,0.0,0.0,0.0,0.44,15,1.31,0.26,1.04,0.0,0.44,35.86,11,0.96,21.41,3.05,1.48,2.7,0.09,0.0,2.26,50.0,35.5,21,1.83,35.6,0.52,0.09,0.0,0.0,0.0,0.0,0.0,0.0,0.0,0.0,0.0,0.0,0.0,0.0,0.0,0.0,0.0,0.0
Joelinton,Brazil,28.0,1996.0,Central Midfield,186.0,2028-06-30,GB1,Newcastle United Football Club,40000000.0,67,90,85,55,50,28,47,74,19,16,28,96,0,0,28,0,46,0,90,https://img.a.transfermarkt.technology/portrait/header/333241-1674210135.jpg?lm=1,29,29,2393,26.6,0.15,0.11,0.26,4,0.15,0.0,0.0,3.9,0.15,0.09,1.5,0.5,1.69,0.49,0.09,28.9,4.36,4.14,863,32.46,82.7,3.01,0.64,0.08,0.0,0.08,0.6,57,2.14,0.87,1.77,0.08,0.04,51.15,15,0.56,27.42,1.47,1.99,2.18,0.0,0.0,5.6,56.8,32.6,59,2.22,56.2,0.38,0.0,0.0,0.0,0.0,0.0,0.0,0.0,0.0,0.0,0.0,0.0,0.0,0.0,0.0,0.0,0.0,0.0
Lilian Raolisoa,France,24.0,2000.0,Right-Back,178.0,2026-06-30,FR1,Angers Sporting Club de l'Ouest,700000.0,40,54,2,24,80,95,59,41,56,12,0,65,0,0,33,0,11,0,69,https://img.a.transfermarkt.technology/portrait/header/829874-1709203122.jpg?lm=1,29,14,1318,14.6,0.0,0.2,0.2,0,0.0,-0.05,0.0,0.7,0.05,0.14,2.25,1.0,0.96,0.07,0.0,7.1,3.21,4.23,392,26.77,69.5,2.12,1.09,0.55,0.0,0.2,5.26,41,2.8,1.02,3.07,0.0,0.0,51.28,23,1.57,27.59,1.43,1.09,1.09,0.0,0.07,5.19,44.7,43.4,15,1.02,57.7,0.07,0.14,0.0,0.0,0.0,0.0,0.0,0.0,0.0,0.0,0.0,0.0,0.0,0.0,0.0,0.0,0.0,0.0
Yannick Gerhardt,Germany,31.0,1994.0,Central Midfield,184.0,,L1,Verein für Leibesübungen Wolfsburg,3000000.0,35,40,44,23,2,0,48,26,99,15,89,63,0,0,66,0,10,0,44,https://img.a.transfermarkt.technology/portrait/header/119277-1657203024.jpg?lm=1,29,15,1518,16.9,0.06,0.06,0.12,1,0.06,-0.01,0.0,1.2,0.07,0.01,1.6,0.8,0.89,0.24,0.07,26.7,3.38,3.74,513,30.42,76.9,2.61,0.65,0.24,0.0,0.06,1.42,28,1.66,1.01,2.79,0.0,0.24,50.63,1,0.06,25.97,1.13,0.18,1.19,0.0,0.0,2.91,36.7,12.5,21,1.25,42.0,0.3,0.06,0.0,0.0,0.0,0.0,0.0,0.0,0.0,0.0,0.0,0.0,0.0,0.0,0.0,0.0,0.0,0.0
Miguel Gutiérrez,Spain,23.0,2001.0,Left-Back,180.0,2027-06-30,ES1,Girona Fútbol Club S. A. D.,25000000.0,53,81,55,81,84,87,80,8,15,59,44,2,0,0,17,0,77,0,2,https://img.a.transfermarkt.technology/portrait/header/525299-1702292659.jpg?lm=1,29,29,2458,27.3,0.04,0.18,0.22,1,0.04,-0.02,0.0,1.6,0.06,0.15,2.31,0.9,1.03,0.33,0.04,32.1,3.77,7.29,1241,45.44,82.6,2.16,1.87,0.99,0.0,0.4,5.6,37,1.35,0.59,1.24,0.11,0.04,63.75,29,1.06,36.25,1.35,0.92,1.06,0.0,0.04,5.27,45.9,52.7,4,0.15,20.0,0.15,0.0,0.0,0.0,0.0,0.0,0.0,0.0,0.0,0.0,0.0,0.0,0.0,0.0,0.0,0.0,0.0,0.0
Christian Günter,Germany,32.0,1993.0,Left-Back,184.0,,L1,Sport-Club Freiburg,4000000.0,32,42,82,12,61,9,4,4,78,97,64,6,0,0,70,0,16,0,7,https://img.a.transfermarkt.technology/portrait/header/93707-1658411784.jpg?lm=1,29,27,2314,25.7,0.08,0.08,0.16,2,0.08,0.05,0.0,0.6,0.02,0.1,0.74,-0.5,0.82,0.23,0.1,28.6,2.02,4.24,851,33.1,74.5,2.06,1.17,0.82,0.0,0.04,4.71,23,0.89,0.31,1.94,0.04,0.08,50.72,3,0.12,21.74,0.58,0.16,0.54,0.0,0.0,2.37,55.2,33.3,7,0.27,31.8,0.0,0.0,0.0,0.0,0.0,0.0,0.0,0.0,0.0,0.0,0.0,0.0,0.0,0.0,0.0,0.0,0.0,0.0
Guillaume Restes,France,20.0,2005.0,Goalkeeper,188.0,2028-06-30,FR1,Toulouse Football Club,20000000.0,24,0,0,14,78,0,16,92,63,32,0,0,40,17,58,42,4,87,0,https://img.a.transfermarkt.technology/portrait/header/912902-1676656145.jpg?lm=1,29,29,2543,28.3,0.0,0.04,0.04,0,0.0,0.0,0.0,0.0,0.0,0.0,0.0,0.9,0.0,0.0,0.0,0.0,0.0,0.0,587,20.77,72.4,0.21,0.0,0.0,16.9,0.04,0.0,2,0.07,0.04,0.57,0.04,0.0,30.68,0,0.0,18.47,0.07,0.0,0.04,0.0,0.04,1.77,66.7,0.0,0,0.0,0.0,0.07,0.0,1.27,3.26,2.05,0.99,-5.1,-0.18,0.0,0.04,2.94,0.18,62.0,27.6,30.3,30.8,1.4,1.2
Aitor Ruibal,Spain,29.0,1996.0,Right-Back,176.0,2028-06-30,ES1,Real Betis Balompié S.A.D.,3500000.0,45,69,68,48,87,84,27,44,17,22,60,15,0,0,41,0,71,0,14,https://img.a.transfermarkt.technology/portrait/header/378139-1583334036.jpg?lm=1,29,13,1313,14.6,0.07,0.21,0.27,1,0.07,0.01,0.0,0.9,0.06,0.16,1.44,0.6,1.1,0.27,0.06,25.0,3.43,4.39,495,33.93,80.9,2.47,0.82,0.41,0.0,0.07,2.19,32,2.19,0.96,2.74,0.07,0.07,54.15,14,0.96,27.28,1.85,1.1,0.69,0.0,0.0,4.87,53.2,51.9,7,0.48,35.0,0.34,0.0,0.0,0.0,0.0,0.0,0.0,0.0,0.0,0.0,0.0,0.0,0.0,0.0,0.0,0.0,0.0,0.0
Jackson Irvine,Australia,32.0,1993.0,Central Midfield,189.0,,L1,Fußball-Club St. Pauli von 1910,2000000.0,55,78,4,9,77,13,2,81,42,85,26,98,0,0,36,0,8,0,96,https://img.a.transfermarkt.technology/portrait/header/192557-1723631725.jpeg?lm=1,29,29,2610,29.0,0.0,0.21,0.21,0,0.0,-0.11,0.0,3.0,0.1,0.13,0.66,2.1,1.41,0.41,0.0,29.3,4.03,2.0,684,23.59,70.6,3.21,0.41,0.07,0.0,0.14,0.62,56,1.93,1.24,2.17,0.07,0.03,44.34,9,0.31,16.0,1.45,0.45,1.31,0.0,0.03,4.31,55.6,39.1,85,2.93,56.7,0.07,0.0,0.0,0.0,0.0,0.0,0.0,0.0,0.0,0.0,0.0,0.0,0.0,0.0,0.0,0.0,0.0,0.0
Mathias Pereira Lage,France,28.0,1996.0,Left Winger,180.0,2025-06-30,FR1,Stade brestois 29,2000000.0,37,48,24,11,66,10,2,97,10,9,67,95,0,0,4,0,6,0,90,https://img.a.transfermarkt.technology/portrait/header/424072-1559892187.png?lm=1,29,18,1571,17.5,0.11,0.4,0.52,2,0.11,-0.07,0.0,3.3,0.19,0.2,1.83,3.5,2.06,0.86,0.06,41.7,2.35,5.73,308,17.64,62.9,1.32,0.8,0.34,0.0,0.11,5.67,37,2.12,1.15,1.15,0.11,0.29,40.9,10,0.57,18.16,2.18,1.03,1.72,0.0,0.06,4.41,46.2,35.7,35,2.01,46.1,0.23,0.0,0.0,0.0,0.0,0.0,0.0,0.0,0.0,0.0,0.0,0.0,0.0,0.0,0.0,0.0,0.0,0.0
Ardian Ismajli,Albania,28.0,1996.0,Centre-Back,187.0,2025-06-30,IT1,Empoli Football Club S.r.l.,6000000.0,48,11,20,3,0,0,2,97,40,85,0,76,0,0,46,0,21,0,65,https://img.a.transfermarkt.technology/portrait/header/435228-1663677962.jpg?lm=1,29,29,2508,27.9,0.0,0.0,0.0,0,0.0,-0.01,0.0,0.3,0.01,0.0,0.11,0.0,0.18,0.0,0.0,0.0,1.36,0.04,870,31.22,86.8,0.43,0.0,0.0,0.0,0.07,0.0,30,1.08,2.01,8.94,0.11,0.0,50.49,0,0.0,21.1,0.29,0.11,0.75,0.0,0.0,2.94,80.0,0.0,77,2.76,59.2,0.11,0.0,0.0,0.0,0.0,0.0,0.0,0.0,0.0,0.0,0.0,0.0,0.0,0.0,0.0,0.0,0.0,0.0
Julian Ryerson,Norway,27.0,1997.0,Right-Back,183.0,2028-06-30,L1,Borussia Dortmund,20000000.0,55,47,83,75,91,96,89,34,38,18,0,9,0,0,48,0,88,0,8,https://img.a.transfermarkt.technology/portrait/header/370789-1709561216.jpg?lm=1,29,27,2259,25.1,0.08,0.12,0.2,2,0.08,0.05,0.0,0.7,0.03,0.18,2.63,-1.5,0.72,0.2,0.11,27.8,3.67,5.42,1234,49.16,85.3,3.27,1.24,0.88,0.0,0.16,4.38,46,1.83,0.88,1.04,0.04,0.0,67.09,36,1.43,39.92,1.67,0.8,1.24,0.0,0.0,4.78,56.8,57.1,10,0.4,30.3,0.24,0.04,0.0,0.0,0.0,0.0,0.0,0.0,0.0,0.0,0.0,0.0,0.0,0.0,0.0,0.0,0.0,0.0
Tim Oermann,Germany,21.0,2003.0,Centre-Back,189.0,2026-06-30,L1,Verein für Leibesübungen Bochum 1848 Fußballgemeinschaft,5000000.0,32,11,20,22,62,39,28,37,74,97,0,6,0,0,98,0,15,0,5,https://img.a.transfermarkt.technology/portrait/header/696164-1657283257.jpg?lm=1,29,26,2213,24.6,0.0,0.08,0.08,0,0.0,-0.01,0.0,0.2,0.01,0.02,0.61,1.4,0.37,0.0,0.0,0.0,2.48,0.65,771,31.36,82.4,2.03,0.33,0.12,0.0,0.08,0.57,50,2.03,0.89,2.6,0.0,0.0,47.66,6,0.24,24.6,0.98,0.37,0.65,0.0,0.0,4.03,60.5,42.9,27,1.1,42.2,0.0,0.0,0.0,0.0,0.0,0.0,0.0,0.0,0.0,0.0,0.0,0.0,0.0,0.0,0.0,0.0,0.0,0.0
Vincent Sierro,Switzerland,29.0,1995.0,Central Midfield,185.0,2026-06-30,FR1,Toulouse Football Club,4000000.0,53,72,73,51,70,26,22,30,53,75,40,65,0,0,61,0,36,0,53,https://img.a.transfermarkt.technology/portrait/header/280387-1708555105.jpg?lm=1,29,27,2402,26.7,0.19,0.04,0.22,3,0.11,0.03,0.07,2.7,0.1,0.13,0.56,-2.6,1.12,0.26,0.1,23.3,5.51,1.01,1076,40.32,78.4,3.82,0.97,0.04,0.0,0.52,2.4,44,1.65,0.6,1.65,0.04,0.07,61.67,12,0.45,34.25,1.76,0.67,1.27,0.0,0.0,4.68,48.2,42.9,31,1.16,47.0,0.15,0.0,0.0,0.0,0.0,0.0,0.0,0.0,0.0,0.0,0.0,0.0,0.0,0.0,0.0,0.0,0.0,0.0
Gonçalo Guedes,Portugal,28.0,1996.0,Left Winger,179.0,2027-06-30,GB1,Wolverhampton Wanderers Football Club,13000000.0,38,63,26,59,35,12,56,21,49,53,19,34,0,0,68,0,47,0,31,https://img.a.transfermarkt.technology/portrait/header/225122-1701334424.jpg?lm=1,29,10,995,11.1,0.18,0.36,0.54,2,0.18,-0.12,0.0,3.3,0.3,0.12,3.71,2.7,2.44,0.72,0.07,29.6,3.71,7.15,259,23.43,74.2,1.54,1.63,0.45,0.0,0.45,2.08,16,1.45,0.45,0.36,0.0,0.09,43.78,9,0.81,27.41,3.44,1.63,1.36,0.0,0.0,3.26,25.0,32.1,5,0.45,29.4,0.09,0.0,0.0,0.0,0.0,0.0,0.0,0.0,0.0,0.0,0.0,0.0,0.0,0.0,0.0,0.0,0.0,0.0
Antonio Rüdiger,Germany,32.0,1993.0,Centre-Back,190.0,2026-06-30,ES1,Real Madrid Club de Fútbol,24000000.0,45,83,2,77,53,26,83,8,76,81,99,27,0,0,72,0,85,0,40,https://img.a.transfermarkt.technology/portrait/header/86202-1684484602.jpg?lm=1,29,26,2291,25.5,0.0,0.0,0.0,0,0.0,-0.07,0.0,1.7,0.07,0.02,0.79,-0.5,0.94,0.16,0.0,16.7,3.69,0.16,1706,67.02,91.8,4.6,0.24,0.04,0.0,0.71,0.16,20,0.79,0.35,3.77,0.04,0.12,81.28,3,0.12,53.94,0.27,0.08,0.59,0.08,0.04,4.01,73.3,42.9,35,1.37,59.3,0.12,0.0,0.0,0.0,0.0,0.0,0.0,0.0,0.0,0.0,0.0,0.0,0.0,0.0,0.0,0.0,0.0,0.0
Issa Soumaré,Senegal,24.0,2000.0,Left Winger,182.0,2026-06-30,FR1,Le Havre Athletic Club,1500000.0,47,53,65,6,38,7,27,48,59,90,75,100,0,0,92,0,2,0,100,https://img.a.transfermarkt.technology/portrait/header/568698-1669738231.jpg?lm=1,29,21,1902,21.1,0.24,0.19,0.43,5,0.24,0.06,0.0,3.8,0.18,0.15,2.89,0.9,2.03,0.9,0.12,44.2,2.13,6.81,339,16.04,61.2,0.8,0.76,0.19,0.0,0.19,1.99,25,1.18,0.76,1.51,0.0,0.33,39.7,16,0.76,23.42,2.93,1.51,0.8,0.0,0.0,4.64,26.5,28.1,84,3.97,60.0,0.0,0.0,0.0,0.0,0.0,0.0,0.0,0.0,0.0,0.0,0.0,0.0,0.0,0.0,0.0,0.0,0.0,0.0
Jérémy Doku,Belgium,22.0,2002.0,Left Winger,173.0,2028-06-30,GB1,Manchester City Football Club,55000000.0,40,8,43,94,88,100,100,57,30,86,39,0,0,0,92,0,87,0,0,https://img.a.transfermarkt.technology/portrait/header/486049-1743670159.jpg?lm=1,29,16,1516,16.8,0.18,0.36,0.53,3,0.18,0.1,0.0,1.3,0.08,0.28,12.65,1.2,1.72,0.53,0.1,31.0,4.1,16.98,603,35.8,79.1,0.71,2.85,0.36,0.0,0.0,3.5,31,1.84,0.24,0.12,0.0,0.18,60.97,107,6.35,47.26,3.5,3.5,0.59,0.0,0.0,3.74,53.3,54.0,0,0.0,0.0,0.06,0.0,0.0,0.0,0.0,0.0,0.0,0.0,0.0,0.0,0.0,0.0,0.0,0.0,0.0,0.0,0.0,0.0
Jens Odgaard,Denmark,26.0,1999.0,Attacking Midfield,188.0,2027-06-30,IT1,Bologna Football Club 1909,12000000.0,46,63,81,10,15,10,15,12,30,60,57,94,0,0,38,0,22,0,84,https://img.a.transfermarkt.technology/portrait/header/345590-1706697621.jpg?lm=1,29,24,1952,21.7,0.28,0.05,0.32,6,0.28,0.11,0.0,3.6,0.17,0.08,1.61,-0.8,2.26,1.01,0.12,44.9,2.31,4.56,374,17.24,74.8,1.57,0.69,0.14,0.0,0.09,1.11,20,0.92,0.41,0.55,0.05,0.18,34.99,15,0.69,20.93,2.58,1.52,1.94,0.0,0.0,3.23,28.6,28.3,43,1.98,41.0,0.05,0.0,0.0,0.0,0.0,0.0,0.0,0.0,0.0,0.0,0.0,0.0,0.0,0.0,0.0,0.0,0.0,0.0
Anthony Rouault,France,23.0,2001.0,Centre-Back,186.0,2029-06-30,FR1,Stade Rennais Football Club,10000000.0,63,57,61,65,30,19,50,77,73,64,77,74,0,0,81,0,75,0,71,https://img.a.transfermarkt.technology/portrait/header/690799-1723707069.jpg?lm=1,29,25,2184,24.3,0.04,0.0,0.04,1,0.04,0.0,0.0,1.0,0.04,0.01,0.37,-0.3,0.49,0.16,0.08,37.17,3.63,0.16,1410,58.1,90.71,3.63,0.12,0.0,0.0,0.04,0.04,27,1.11,1.11,5.27,0.04,0.04,74.18,2,0.08,43.6,0.21,0.25,1.03,0.0,0.0,4.57,81.5,40.0,61,2.51,62.94,0.16,0.0,0.0,0.0,0.0,0.0,0.0,0.0,0.0,0.0,0.0,0.0,0.0,0.0,0.0,0.0,0.0,0.0
Breel Embolo,Switzerland,28.0,1997.0,Centre-Forward,187.0,2026-06-30,FR1,Association sportive de Monaco Football Club,12000000.0,70,88,50,71,95,41,50,39,11,41,77,51,0,0,18,0,74,0,68,https://img.a.transfermarkt.technology/portrait/header/237662-1737490753.jpg?lm=1,29,19,1841,20.5,0.29,0.2,0.49,6,0.29,-0.23,0.0,10.8,0.53,0.27,1.08,-1.6,2.49,0.88,0.12,35.3,2.69,6.84,299,14.62,69.2,1.08,1.12,0.0,0.0,0.05,0.29,22,1.08,0.15,0.49,0.05,0.2,32.66,14,0.68,19.41,3.13,2.59,1.32,0.1,0.0,2.84,31.3,33.3,30,1.47,50.0,0.24,0.0,0.0,0.0,0.0,0.0,0.0,0.0,0.0,0.0,0.0,0.0,0.0,0.0,0.0,0.0,0.0,0.0
Denzel Dumfries,Netherlands,29.0,1996.0,Right-Back,188.0,2028-06-30,IT1,Football Club Internazionale Milano S.p.A.,28000000.0,50,100,100,30,79,34,63,3,44,22,97,99,0,0,46,0,18,0,100,https://img.a.transfermarkt.technology/portrait/header/321528-1725532091.jpg?lm=1,29,20,1955,21.7,0.32,0.09,0.41,7,0.32,0.07,0.0,5.4,0.25,0.15,2.53,-1.2,1.66,0.87,0.19,52.8,2.35,7.96,603,27.76,72.6,1.01,0.97,0.41,0.0,0.14,2.62,25,1.15,0.28,1.2,0.05,0.18,48.2,13,0.6,24.58,1.24,0.64,2.49,0.09,0.0,2.99,51.9,28.9,57,2.62,76.0,0.18,0.0,0.0,0.0,0.0,0.0,0.0,0.0,0.0,0.0,0.0,0.0,0.0,0.0,0.0,0.0,0.0,0.0
Pablo Rosario,Netherlands,28.0,1997.0,Defensive Midfield,185.0,2026-06-30,FR1,Olympique Gymnaste Club Nice Côte d'Azur,8000000.0,48,96,84,42,28,47,33,57,30,31,0,63,0,0,30,0,49,0,63,https://img.a.transfermarkt.technology/portrait/header/370791-1739972016.jpg?lm=1,29,21,1775,19.7,0.15,0.05,0.2,2,0.1,-0.04,0.05,3.0,0.15,0.03,0.86,0.4,0.81,0.35,0.13,43.8,4.51,1.27,641,32.5,85.0,3.19,0.71,0.05,0.0,0.1,0.15,30,1.52,1.57,2.18,0.1,0.0,48.17,9,0.46,23.98,1.01,0.76,1.22,0.0,0.0,3.04,55.0,52.9,24,1.22,60.0,0.3,0.05,0.0,0.0,0.0,0.0,0.0,0.0,0.0,0.0,0.0,0.0,0.0,0.0,0.0,0.0,0.0,0.0
Kamil Grabara,Poland,26.0,1999.0,Goalkeeper,195.0,,L1,Verein für Leibesübungen Wolfsburg,14000000.0,50,0,0,75,77,91,69,19,67,43,0,68,35,50,63,80,87,23,21,https://img.a.transfermarkt.technology/portrait/header/346551-1724770843.jpg?lm=1,29,29,2585,28.7,0.0,0.0,0.0,0,0.0,0.0,0.0,0.0,0.0,0.0,0.0,0.0,0.0,0.0,0.0,0.0,0.07,0.0,791,27.54,69.4,1.39,0.1,0.0,12.2,0.07,0.0,0,0.0,0.0,0.56,0.07,0.0,42.62,2,0.07,24.65,0.0,0.0,0.0,0.0,0.0,1.5,0.0,100.0,8,0.28,100.0,0.07,0.0,1.71,4.77,3.06,1.73,1.7,0.06,0.0,0.03,3.97,0.52,65.7,17.2,36.7,41.7,3.6,0.66
Ousmane Dembélé,France,28.0,1997.0,Right Winger,178.0,2028-06-30,FR1,Paris Saint-Germain Football Club,75000000.0,84,100,100,98,98,81,99,12,29,92,57,32,0,0,38,0,97,0,53,https://img.a.transfermarkt.technology/portrait/header/288230-1684148641.jpg?lm=1,29,20,1730,19.2,1.09,0.31,1.4,20,1.04,0.23,0.05,15.8,0.82,0.43,6.61,-2.2,4.99,2.55,0.21,51.0,7.13,13.11,844,43.91,79.0,4.84,2.86,0.16,0.0,0.52,4.16,11,0.57,0.47,0.1,0.05,0.16,68.83,42,2.18,45.68,2.13,1.66,0.42,0.05,0.0,2.03,33.3,44.2,4,0.21,40.0,0.05,0.0,0.0,0.0,0.0,0.0,0.0,0.0,0.0,0.0,0.0,0.0,0.0,0.0,0.0,0.0,0.0,0.0
Matteo Darmian,Italy,35.0,1989.0,Right-Back,183.0,2026-06-30,IT1,Football Club Internazionale Milano S.p.A.,4000000.0,42,85,92,38,49,22,11,12,92,51,73,34,0,0,62,0,63,0,37,https://img.a.transfermarkt.technology/portrait/header/54906-1695027410.jpg?lm=1,29,20,1781,19.8,0.15,0.1,0.25,3,0.15,0.06,0.0,1.9,0.1,0.08,0.71,0.5,0.56,0.15,0.27,27.3,2.27,5.15,844,42.65,83.8,1.97,0.76,0.35,0.0,0.1,1.62,28,1.41,0.51,1.97,0.0,0.1,57.81,4,0.2,29.97,0.76,0.3,1.31,0.0,0.05,1.97,56.0,44.4,13,0.66,46.4,0.15,0.0,0.0,0.0,0.0,0.0,0.0,0.0,0.0,0.0,0.0,0.0,0.0,0.0,0.0,0.0,0.0,0.0
Edmond Tapsoba,Burkina Faso,26.0,1999.0,Centre-Back,194.0,2028-06-30,L1,Bayer 04 Leverkusen Fußball,40000000.0,50,60,12,92,41,81,96,17,30,55,77,54,0,0,27,0,64,0,59,https://img.a.transfermarkt.technology/portrait/header/564545-1695368009.jpg?lm=1,29,29,2507,27.9,0.0,0.0,0.0,0,0.0,-0.04,0.0,1.1,0.04,0.01,1.87,-0.2,0.75,0.07,0.0,9.5,5.89,0.61,1703,61.14,86.4,7.0,0.32,0.07,0.0,0.32,0.29,39,1.4,0.86,3.2,0.11,0.04,79.48,11,0.39,47.6,0.57,0.18,1.22,0.0,0.04,4.45,56.4,57.9,54,1.94,62.8,0.14,0.0,0.0,0.0,0.0,0.0,0.0,0.0,0.0,0.0,0.0,0.0,0.0,0.0,0.0,0.0,0.0,0.0
Dani Raba,Spain,29.0,1995.0,Right Winger,185.0,2025-06-30,ES1,Club Deportivo Leganés S.A.D.,1800000.0,53,46,55,31,79,91,19,72,25,12,96,16,0,0,28,0,30,0,20,https://img.a.transfermarkt.technology/portrait/header/413262-1743493611.jpg?lm=1,29,24,1879,20.9,0.38,0.29,0.67,4,0.19,0.02,0.19,3.6,0.17,0.25,2.01,0.7,1.87,0.57,0.1,30.8,3.3,4.84,435,20.84,67.1,2.39,1.15,0.19,0.0,0.14,4.31,37,1.77,0.67,0.91,0.05,0.53,44.54,46,2.2,25.05,2.54,1.92,1.92,0.05,0.0,4.31,40.5,50.5,5,0.24,25.0,0.29,0.0,0.0,0.0,0.0,0.0,0.0,0.0,0.0,0.0,0.0,0.0,0.0,0.0,0.0,0.0,0.0,0.0
Adrien Rabiot,France,30.0,1995.0,Central Midfield,191.0,2026-06-30,FR1,Olympique de Marseille,25000000.0,79,98,98,89,79,78,93,63,66,57,40,79,0,0,70,0,77,0,80,https://img.a.transfermarkt.technology/portrait/header/182913-1681462009.jpg?lm=1,29,27,2485,27.6,0.33,0.14,0.47,9,0.33,0.06,0.0,7.3,0.26,0.14,2.86,0.2,1.74,0.8,0.19,45.8,6.08,6.3,1309,47.41,84.8,5.32,0.87,0.18,0.0,0.0,1.45,49,1.77,0.76,1.16,0.0,0.07,65.99,26,0.94,39.69,1.88,1.12,1.92,0.0,0.04,4.49,59.4,52.0,34,1.23,56.7,0.14,0.0,0.0,0.0,0.0,0.0,0.0,0.0,0.0,0.0,0.0,0.0,0.0,0.0,0.0,0.0,0.0,0.0
Luka Sucic,Croatia,22.0,2002.0,Central Midfield,185.0,2029-06-30,ES1,Real Sociedad de Fútbol S.A.D.,18000000.0,51,88,32,40,70,89,59,12,44,82,52,76,0,0,55,0,48,0,67,https://img.a.transfermarkt.technology/portrait/header/502722-1692998699.png?lm=1,29,21,1792,19.9,0.05,0.05,0.1,1,0.05,-0.12,0.0,3.3,0.17,0.13,1.51,-1.6,2.16,0.55,0.02,25.6,3.97,2.81,727,36.51,82.4,2.61,0.65,0.1,0.0,0.35,0.9,25,1.26,0.75,0.8,0.05,0.1,54.94,25,1.26,33.45,1.66,0.8,0.55,0.0,0.0,5.47,38.5,47.2,26,1.31,51.0,0.2,0.0,0.0,0.0,0.0,0.0,0.0,0.0,0.0,0.0,0.0,0.0,0.0,0.0,0.0,0.0,0.0,0.0
Mamadou Sylla,Senegal,31.0,1994.0,Centre-Forward,180.0,2026-06-30,ES1,Real Valladolid Club de Fútbol S.A.D.,1500000.0,11,1,9,9,39,11,9,17,14,45,83,60,0,0,13,0,13,0,52,https://img.a.transfermarkt.technology/portrait/header/166683-1592750860.png?lm=1,29,17,1583,17.6,0.28,0.06,0.34,1,0.06,-0.01,0.23,2.0,0.11,0.1,0.85,-0.7,1.02,0.17,0.06,16.7,1.25,2.96,177,10.06,62.8,0.74,0.28,0.0,0.0,0.06,0.51,8,0.45,0.17,0.8,0.06,0.23,24.5,5,0.28,10.69,2.44,1.14,0.91,0.11,0.0,1.99,22.2,29.4,41,2.33,41.4,0.28,0.0,0.0,0.0,0.0,0.0,0.0,0.0,0.0,0.0,0.0,0.0,0.0,0.0,0.0,0.0,0.0,0.0
Ylber Ramadani,Albania,29.0,1996.0,Defensive Midfield,185.0,2026-06-30,IT1,Unione Sportiva Lecce,2200000.0,39,37,67,5,45,64,16,77,11,79,0,20,0,0,26,0,22,0,14,https://img.a.transfermarkt.technology/portrait/header/442703-1691151579.jpg?lm=1,29,21,1807,20.1,0.05,0.05,0.1,1,0.05,0.02,0.0,0.6,0.03,0.05,0.45,-0.1,0.85,0.3,0.06,35.3,2.99,0.35,696,34.67,82.1,2.59,0.2,0.0,0.0,0.2,0.3,51,2.54,1.2,1.29,0.15,0.0,51.7,13,0.65,26.75,1.05,1.1,0.9,0.0,0.0,5.83,63.5,54.2,15,0.75,37.5,0.2,0.0,0.0,0.0,0.0,0.0,0.0,0.0,0.0,0.0,0.0,0.0,0.0,0.0,0.0,0.0,0.0,0.0
Eric García,Spain,24.0,2001.0,Centre-Back,182.0,2026-06-30,ES1,Futbol Club Barcelona,15000000.0,58,97,89,97,92,48,86,54,75,48,0,24,0,0,92,0,98,0,22,https://img.a.transfermarkt.technology/portrait/header/466794-1693604801.jpg?lm=1,29,14,1566,17.4,0.11,0.17,0.29,2,0.11,-0.02,0.0,2.3,0.13,0.05,1.03,2.2,0.8,0.46,0.14,57.1,6.26,1.26,1234,70.92,92.1,8.16,0.8,0.17,0.0,0.17,0.4,38,2.18,0.8,2.36,0.0,0.0,87.18,5,0.29,48.97,0.98,0.29,1.15,0.0,0.0,3.1,70.0,41.7,27,1.55,51.9,0.23,0.0,0.0,0.0,0.0,0.0,0.0,0.0,0.0,0.0,0.0,0.0,0.0,0.0,0.0,0.0,0.0,0.0
Marcus Pedersen,Norway,24.0,2000.0,Right Midfield,184.0,2025-06-30,IT1,Torino Calcio,3500000.0,26,11,14,7,4,0,50,68,29,21,54,7,0,0,4,0,7,0,4,https://img.a.transfermarkt.technology/portrait/header/583404-1660759624.jpg?lm=1,29,15,1362,15.1,0.0,0.0,0.0,0,0.0,-0.04,0.0,0.6,0.04,0.03,2.91,-0.4,0.53,0.2,0.0,37.5,1.26,5.09,376,24.85,72.9,0.93,0.53,0.46,0.0,0.0,3.7,13,0.86,0.86,2.25,0.07,0.07,43.28,7,0.46,24.12,1.45,0.79,1.06,0.0,0.07,2.84,62.5,28.0,6,0.4,24.0,0.2,0.0,0.0,0.0,0.0,0.0,0.0,0.0,0.0,0.0,0.0,0.0,0.0,0.0,0.0,0.0,0.0,0.0
Lukas Hradecky,Finland,35.0,1989.0,Goalkeeper,192.0,2026-06-30,L1,Bayer 04 Leverkusen Fußball,2000000.0,54,0,0,29,16,0,18,18,67,60,0,7,49,54,70,43,32,90,7,https://img.a.transfermarkt.technology/portrait/header/48015-1695367833.jpg?lm=1,29,29,2610,29.0,0.0,0.0,0.0,0,0.0,0.0,0.0,0.0,0.0,0.0,0.0,0.0,0.0,0.0,0.0,0.0,0.0,0.0,687,23.69,75.3,0.17,0.0,0.0,17.3,0.0,0.0,0,0.0,0.0,0.28,0.07,0.0,33.17,0,0.0,18.55,0.0,0.0,0.0,0.0,0.0,2.41,0.0,0.0,1,0.03,50.0,0.03,0.0,1.31,4.07,2.86,1.23,0.8,0.03,0.0,0.0,3.79,0.41,71.2,20.7,31.5,30.9,4.1,1.34
Yangel Herrera,Venezuela,27.0,1998.0,Central Midfield,184.0,2027-06-30,ES1,Girona Fútbol Club S. A. D.,20000000.0,68,87,87,58,33,53,45,83,21,2,82,91,0,0,18,0,34,0,83,https://img.a.transfermarkt.technology/portrait/header/378293-1719230693.jpg?lm=1,29,27,2257,25.1,0.16,0.12,0.28,4,0.16,0.02,0.0,3.6,0.14,0.06,1.24,1.5,1.56,0.56,0.1,35.9,4.39,3.95,868,34.61,81.3,3.87,0.52,0.12,0.0,0.4,1.75,66,2.63,1.24,1.99,0.08,0.16,56.03,19,0.76,32.38,2.15,1.4,2.87,0.04,0.0,4.23,50.8,40.4,50,1.99,52.6,0.4,0.04,0.0,0.0,0.0,0.0,0.0,0.0,0.0,0.0,0.0,0.0,0.0,0.0,0.0,0.0,0.0,0.0
José Sá,Portugal,32.0,1993.0,Goalkeeper,192.0,2027-06-30,GB1,Wolverhampton Wanderers Football Club,8000000.0,25,0,0,37,87,100,45,96,78,7,0,83,26,25,15,71,58,82,75,https://img.a.transfermarkt.technology/portrait/header/249994-1696600015.jpg?lm=1,29,29,2609,29.0,0.0,0.0,0.0,0,0.0,0.0,0.0,0.0,0.0,0.01,0.0,-0.2,0.0,0.0,0.0,0.0,0.07,0.0,592,20.42,64.1,0.76,0.03,0.0,15.6,0.0,0.0,2,0.07,0.0,0.52,0.03,0.0,33.98,8,0.28,21.56,0.03,0.0,0.14,0.0,0.14,1.28,100.0,100.0,11,0.38,91.7,0.07,0.0,1.66,4.04,2.38,1.48,-3.0,-0.1,0.0,0.07,4.17,1.1,63.2,24.1,35.3,39.3,7.4,1.48
Oihan Sancet,Spain,25.0,2000.0,Attacking Midfield,188.0,2032-06-30,ES1,Athletic Club Bilbao,60000000.0,68,95,100,63,31,60,60,14,46,77,51,69,0,0,90,0,66,0,79,https://img.a.transfermarkt.technology/portrait/header/571020-1709676037.png?lm=1,29,19,1620,18.0,0.83,0.06,0.89,12,0.67,0.29,0.17,7.3,0.41,0.11,2.89,-0.9,2.61,0.94,0.26,36.2,5.0,6.39,461,25.61,81.0,3.67,0.83,0.06,0.0,0.22,1.0,13,0.72,0.28,0.33,0.0,0.17,42.61,24,1.33,25.72,3.11,2.5,0.89,0.0,0.0,4.28,35.7,48.0,12,0.67,48.0,0.11,0.0,0.0,0.0,0.0,0.0,0.0,0.0,0.0,0.0,0.0,0.0,0.0,0.0,0.0,0.0,0.0,0.0
Jacob Ramsey,England,23.0,2001.0,Left Midfield,180.0,2027-06-30,GB1,Aston Villa Football Club,32000000.0,44,57,32,57,43,89,68,43,11,0,96,14,0,0,7,0,86,0,21,https://img.a.transfermarkt.technology/portrait/header/503749-1687975464.jpg?lm=1,29,19,1623,18.0,0.06,0.17,0.22,1,0.06,-0.03,0.0,1.6,0.09,0.13,3.38,0.7,1.05,0.22,0.05,21.1,3.77,6.27,498,27.62,84.8,1.72,1.16,0.06,0.0,0.17,0.67,30,1.66,0.44,0.44,0.06,0.33,42.31,25,1.39,27.45,2.33,1.22,0.72,0.06,0.0,4.6,50.0,54.3,7,0.39,36.8,0.22,0.06,0.0,0.0,0.0,0.0,0.0,0.0,0.0,0.0,0.0,0.0,0.0,0.0,0.0,0.0,0.0,0.0
Alessandro Deiola,Italy,29.0,1995.0,Central Midfield,190.0,2029-06-30,IT1,Cagliari Calcio,1600000.0,36,58,66,4,14,29,5,14,91,19,62,97,0,0,74,0,6,0,91,https://img.a.transfermarkt.technology/portrait/header/235931-1692964002.jpg?lm=1,29,16,1432,15.9,0.13,0.06,0.19,2,0.13,0.02,0.0,1.7,0.11,0.04,0.69,0.4,1.13,0.31,0.11,27.8,2.51,2.26,384,24.13,73.4,2.83,0.5,0.06,0.0,0.44,0.88,31,1.95,0.82,2.39,0.0,0.13,43.11,3,0.19,20.87,0.94,0.69,2.01,0.0,0.0,4.27,31.3,75.0,37,2.33,56.1,0.38,0.0,0.0,0.0,0.0,0.0,0.0,0.0,0.0,0.0,0.0,0.0,0.0,0.0,0.0,0.0,0.0,0.0
João Neves,Portugal,20.0,2004.0,Defensive Midfield,174.0,2029-06-30,FR1,Paris Saint-Germain Football Club,65000000.0,82,97,91,97,97,78,97,75,48,97,88,54,0,0,72,0,98,0,72,https://img.a.transfermarkt.technology/portrait/header/670681-1701295511.jpg?lm=1,29,22,1844,20.5,0.15,0.39,0.54,3,0.15,0.0,0.0,3.0,0.15,0.2,1.71,4.0,1.37,0.54,0.11,39.3,7.03,3.9,1491,72.77,91.2,6.25,1.07,0.1,0.0,0.83,0.73,63,3.07,1.12,1.07,0.05,0.15,90.34,16,0.78,49.69,1.27,0.78,0.83,0.0,0.0,6.0,60.0,53.3,21,1.02,63.6,0.05,0.0,0.0,0.0,0.0,0.0,0.0,0.0,0.0,0.0,0.0,0.0,0.0,0.0,0.0,0.0,0.0,0.0
Malick Fofana,Belgium,20.0,2005.0,Left Winger,169.0,2028-06-30,FR1,Olympique Lyonnais,25000000.0,59,57,68,67,66,45,92,49,90,70,82,5,0,0,86,0,71,0,6,https://img.a.transfermarkt.technology/portrait/header/743386-1676881156.jpg?lm=1,29,16,1589,17.7,0.28,0.23,0.51,5,0.28,0.07,0.0,3.8,0.22,0.21,6.34,0.3,1.76,0.85,0.16,48.4,2.55,11.61,494,27.98,77.4,1.13,1.81,0.74,0.0,0.0,3.96,22,1.25,0.45,0.34,0.0,0.28,46.9,24,1.36,33.25,2.04,1.02,0.74,0.06,0.0,3.57,47.1,40.7,2,0.11,14.3,0.11,0.0,0.0,0.0,0.0,0.0,0.0,0.0,0.0,0.0,0.0,0.0,0.0,0.0,0.0,0.0,0.0,0.0
Willian Pacho,Ecuador,23.0,2001.0,Centre-Back,187.0,2029-06-30,FR1,Paris Saint-Germain Football Club,45000000.0,58,13,40,63,43,16,63,96,68,88,0,15,0,0,83,0,87,0,18,https://img.a.transfermarkt.technology/portrait/header/661171-1696508666.jpg?lm=1,28,23,2132,23.7,0.0,0.04,0.04,0,0.0,-0.01,0.0,0.3,0.01,0.01,0.13,0.7,0.17,0.04,0.0,25.0,2.24,0.04,1865,78.73,94.8,2.91,0.04,0.0,0.0,0.13,0.0,56,2.36,1.69,3.84,0.04,0.0,93.84,2,0.08,59.06,0.63,0.17,0.84,0.0,0.0,5.02,71.9,28.6,29,1.22,52.7,0.08,0.0,0.0,0.0,0.0,0.0,0.0,0.0,0.0,0.0,0.0,0.0,0.0,0.0,0.0,0.0,0.0,0.0
Gabriel Magalhães,Brazil,27.0,1997.0,Centre-Back,190.0,2027-06-30,GB1,Arsenal Football Club,75000000.0,53,96,92,85,74,61,47,17,53,77,87,52,0,0,64,0,88,0,48,https://img.a.transfermarkt.technology/portrait/header/435338-1684162833.jpg?lm=1,28,28,2363,26.3,0.11,0.04,0.15,3,0.11,0.02,0.0,2.6,0.1,0.03,0.38,0.1,0.84,0.19,0.14,22.7,4.8,0.42,1480,56.37,90.2,5.52,0.3,0.0,0.0,0.3,0.34,25,0.95,0.61,3.54,0.08,0.04,71.34,4,0.15,42.51,0.34,0.08,0.72,0.04,0.0,2.4,75.0,80.0,53,2.02,58.9,0.15,0.0,0.0,0.0,0.0,0.0,0.0,0.0,0.0,0.0,0.0,0.0,0.0,0.0,0.0,0.0,0.0,0.0
Reda Belahyane,Morocco,20.0,2004.0,Defensive Midfield,173.0,2029-06-30,IT1,Società Sportiva Lazio S.p.A.,10000000.0,41,5,40,24,52,100,66,70,33,9,50,14,0,0,40,0,44,0,21,https://img.a.transfermarkt.technology/portrait/header/982855-1674921768.jpg?lm=1,28,18,1856,20.6,0.0,0.1,0.1,0,0.0,-0.01,0.0,0.2,0.01,0.05,1.26,1.0,0.29,0.1,0.0,33.3,4.02,0.68,672,32.59,84.55,3.88,0.48,0.0,0.0,0.15,0.15,44,2.13,0.53,1.31,0.05,0.05,48.59,36,1.75,30.4,1.94,1.12,1.7,0.0,0.0,5.92,80.77,62.38,7,0.34,46.43,0.29,0.1,0.0,0.0,0.0,0.0,0.0,0.0,0.0,0.0,0.0,0.0,0.0,0.0,0.0,0.0,0.0,0.0
Gianluca Gaetano,Italy,25.0,2000.0,Attacking Midfield,183.0,2025-06-30,IT1,Cagliari Calcio,4000000.0,55,90,34,39,76,61,10,22,67,81,81,56,0,0,89,0,26,0,42,https://img.a.transfermarkt.technology/portrait/header/358008-1656581154.jpg?lm=1,28,8,1009,11.2,0.18,0.36,0.54,2,0.18,-0.26,0.0,4.9,0.44,0.2,0.98,1.8,2.68,0.54,0.07,20.0,3.66,7.31,258,23.01,72.3,2.41,1.16,0.0,0.0,0.45,2.14,11,0.98,0.54,0.71,0.0,0.27,43.71,14,1.25,26.49,2.77,1.43,1.43,0.0,0.0,3.03,33.3,51.9,10,0.89,33.3,0.0,0.0,0.0,0.0,0.0,0.0,0.0,0.0,0.0,0.0,0.0,0.0,0.0,0.0,0.0,0.0,0.0,0.0
Aleix García,Spain,27.0,1997.0,Central Midfield,173.0,2029-06-30,L1,Bayer 04 Leverkusen Fußball,20000000.0,46,32,85,97,100,41,82,17,62,86,0,6,0,0,52,0,97,0,8,https://img.a.transfermarkt.technology/portrait/header/261504-1727378020.jpg?lm=1,28,17,1455,16.2,0.19,0.25,0.43,3,0.19,0.12,0.0,1.0,0.06,0.3,1.67,-0.9,0.93,0.31,0.2,33.3,7.42,2.91,1212,74.97,87.2,8.35,0.74,0.25,0.0,2.04,5.69,13,0.8,0.68,1.48,0.06,0.0,92.97,4,0.25,48.68,0.62,0.31,0.49,0.0,0.0,4.27,46.7,80.0,3,0.19,27.3,0.19,0.0,0.0,0.0,0.0,0.0,0.0,0.0,0.0,0.0,0.0,0.0,0.0,0.0,0.0,0.0,0.0,0.0
Oliver Baumann,Germany,34.0,1990.0,Goalkeeper,187.0,2026-06-30,L1,Turn- und Sportgemeinschaft 1899 Hoffenheim Fußball-Spielbetriebs,3000000.0,50,0,0,56,99,79,65,79,67,56,0,70,22,48,69,79,93,63,32,https://img.a.transfermarkt.technology/portrait/header/55089-1657200130.jpg?lm=1,28,28,2520,28.0,0.0,0.0,0.0,0,0.0,0.0,0.0,0.0,0.0,0.04,0.0,-1.0,0.0,0.0,0.0,0.0,0.04,0.0,734,26.21,69.1,1.39,0.14,0.0,14.5,0.07,0.0,2,0.07,0.0,0.54,0.07,0.0,40.96,1,0.04,24.21,0.0,0.0,0.0,0.0,0.0,1.89,50.0,100.0,8,0.29,100.0,0.04,0.0,1.89,4.93,3.0,1.86,1.1,0.04,0.0,0.11,4.32,0.64,63.0,14.3,36.5,41.6,4.4,1.11
Frederik Rönnow,Denmark,32.0,1992.0,Goalkeeper,188.0,,L1,1. Fußballclub Union Berlin,4000000.0,72,99,0,40,74,79,32,34,54,43,0,96,68,79,63,63,54,45,88,https://img.a.transfermarkt.technology/portrait/header/107775-1692707378.jpg?lm=1,28,28,2520,28.0,0.0,0.0,0.0,0,0.0,-0.0,0.0,0.1,0.0,0.0,0.0,0.0,0.04,0.0,0.0,0.0,0.04,0.0,619,22.11,68.6,0.86,0.11,0.0,13.4,0.04,0.0,0,0.0,0.0,0.79,0.07,0.0,35.0,1,0.04,20.14,0.04,0.0,0.0,0.0,0.0,1.14,0.0,100.0,15,0.54,100.0,0.07,0.0,1.32,3.96,2.54,1.4,3.3,0.12,0.0,0.14,4.82,1.43,67.6,28.6,34.3,36.6,8.3,1.25
Nicolas Pépé,Cote d'Ivoire,29.0,1995.0,Right Winger,183.0,2026-06-30,ES1,Villarreal Club de Fútbol S.A.D.,6000000.0,55,61,40,76,90,58,78,24,65,37,76,80,0,0,65,0,86,0,79,https://img.a.transfermarkt.technology/portrait/header/343052-1695671686.png?lm=1,28,15,1500,16.7,0.18,0.36,0.54,3,0.18,-0.05,0.0,3.8,0.23,0.29,4.62,1.2,2.28,1.02,0.08,44.7,3.6,9.6,499,29.94,79.1,1.5,1.68,0.24,0.0,0.12,2.64,22,1.32,0.3,0.72,0.0,0.24,50.52,27,1.62,31.08,3.12,1.2,1.2,0.06,0.0,3.18,35.3,42.2,16,0.96,47.1,0.18,0.0,0.0,0.0,0.0,0.0,0.0,0.0,0.0,0.0,0.0,0.0,0.0,0.0,0.0,0.0,0.0,0.0
Georginio Rutter,France,23.0,2002.0,Centre-Forward,182.0,2028-06-30,GB1,Brighton and Hove Albion Football Club,32000000.0,44,34,43,71,67,88,77,97,4,28,95,32,0,0,2,0,57,0,28,https://img.a.transfermarkt.technology/portrait/header/538977-1727785742.jpg?lm=1,28,19,1656,18.4,0.27,0.16,0.43,5,0.27,0.02,0.0,4.6,0.25,0.14,2.28,0.5,2.72,0.65,0.1,24.0,3.64,4.29,237,12.88,66.8,1.63,0.87,0.05,0.0,0.0,0.49,39,2.12,0.54,0.71,0.11,0.49,34.84,27,1.47,19.62,2.45,2.01,1.85,0.0,0.05,3.59,38.9,38.0,25,1.36,35.2,0.11,0.0,0.0,0.0,0.0,0.0,0.0,0.0,0.0,0.0,0.0,0.0,0.0,0.0,0.0,0.0,0.0,0.0
Wilfred Ndidi,Nigeria,28.0,1996.0,Defensive Midfield,183.0,2027-06-30,GB1,Leicester City Football Club,18000000.0,53,86,10,34,69,40,28,63,64,43,0,86,0,0,88,0,14,0,63,https://img.a.transfermarkt.technology/portrait/header/274839-1718269781.jpg?lm=1,28,28,2324,25.8,0.0,0.19,0.19,0,0.0,-0.08,0.0,2.0,0.08,0.07,0.7,3.1,0.85,0.31,0.0,36.4,2.71,2.9,839,32.49,80.3,2.63,0.43,0.12,0.0,0.15,1.16,85,3.29,1.2,3.1,0.0,0.0,54.22,13,0.5,25.95,1.43,1.28,1.51,0.0,0.0,4.92,49.2,39.4,61,2.36,50.8,0.31,0.0,0.0,0.0,0.0,0.0,0.0,0.0,0.0,0.0,0.0,0.0,0.0,0.0,0.0,0.0,0.0,0.0
Donyell Malen,Netherlands,26.0,1999.0,Right Winger,176.0,,GB1,Aston Villa Football Club,25000000.0,53,89,88,43,0,39,43,5,70,87,0,58,0,0,96,0,19,0,69,https://img.a.transfermarkt.technology/portrait/header/326029-1711746104.jpg?lm=1,28,8,919,10.2,0.59,0.0,0.59,6,0.59,0.09,0.0,5.1,0.5,0.03,3.43,-0.3,3.33,1.47,0.18,48.64,2.25,10.28,189,18.51,70.81,0.78,0.78,0.1,0.0,0.49,2.06,7,0.69,0.29,0.69,0.0,0.0,39.86,15,1.47,26.05,2.35,1.57,0.29,0.0,0.0,2.35,25.0,34.93,5,0.49,45.0,0.1,0.0,0.0,0.0,0.0,0.0,0.0,0.0,0.0,0.0,0.0,0.0,0.0,0.0,0.0,0.0,0.0,0.0
Romain Perraud,France,27.0,1997.0,Left-Back,173.0,2029-06-30,ES1,Real Betis Balompié S.A.D.,5000000.0,37,38,84,44,44,29,76,20,46,5,0,10,0,0,31,0,44,0,13,https://img.a.transfermarkt.technology/portrait/header/318523-1582538263.jpg?lm=1,28,22,2002,22.2,0.09,0.09,0.18,2,0.09,0.07,0.0,0.5,0.02,0.07,2.29,0.4,0.9,0.22,0.1,25.0,2.79,4.77,921,41.4,79.6,2.74,0.72,0.49,0.0,0.22,3.19,36,1.62,0.99,3.19,0.04,0.0,63.79,11,0.49,34.44,1.48,0.63,1.17,0.0,0.04,4.27,45.7,31.4,9,0.4,34.6,0.36,0.04,0.0,0.0,0.0,0.0,0.0,0.0,0.0,0.0,0.0,0.0,0.0,0.0,0.0,0.0,0.0,0.0
Edson Álvarez,Mexico,27.0,1997.0,Defensive Midfield,190.0,2028-06-30,GB1,West Ham United Football Club,30000000.0,39,18,20,52,39,61,69,24,46,3,50,73,0,0,42,0,52,0,61,https://img.a.transfermarkt.technology/portrait/header/401356-1742822886.jpg?lm=1,28,20,1772,19.7,0.0,0.05,0.05,0,0.0,-0.02,0.0,0.4,0.02,0.04,1.22,0.2,0.61,0.05,0.0,8.3,4.32,0.91,863,43.83,86.0,4.67,0.61,0.15,0.0,0.61,0.3,50,2.54,0.91,2.29,0.05,0.05,62.93,14,0.71,34.69,1.42,0.76,2.13,0.0,0.0,4.47,48.6,42.4,30,1.52,56.6,0.46,0.05,0.0,0.0,0.0,0.0,0.0,0.0,0.0,0.0,0.0,0.0,0.0,0.0,0.0,0.0,0.0,0.0
Nick Pope,England,33.0,1992.0,Goalkeeper,198.0,2026-06-30,GB1,Newcastle United Football Club,10000000.0,54,0,0,39,2,0,4,62,10,24,0,86,56,66,7,22,16,89,92,https://img.a.transfermarkt.technology/portrait/header/192080-1663841362.jpg?lm=1,28,28,2520,28.0,0.0,0.0,0.0,0,0.0,0.0,0.0,0.0,0.0,0.0,0.0,0.0,0.0,0.0,0.0,0.0,0.04,0.0,575,20.54,73.5,0.07,0.0,0.0,16.0,0.0,0.0,0,0.0,0.04,1.14,0.18,0.0,31.14,0,0.0,15.68,0.0,0.04,0.07,0.0,0.07,0.86,0.0,0.0,11,0.39,91.7,0.07,0.0,1.25,4.29,3.07,1.24,1.7,0.06,0.0,0.04,6.86,1.39,71.7,28.6,30.7,25.7,10.9,2.29
Adam Masina,Morocco,31.0,1994.0,Centre-Back,191.0,2026-06-30,IT1,Torino Calcio,1500000.0,57,39,66,59,47,54,64,47,36,49,91,94,0,0,54,0,25,0,97,https://img.a.transfermarkt.technology/portrait/header/286949-1658130450.jpg?lm=1,28,20,1919,21.3,0.05,0.09,0.14,1,0.05,0.01,0.0,0.7,0.03,0.01,0.7,1.7,0.38,0.09,0.13,25.0,3.42,0.47,1067,50.04,84.1,3.38,0.28,0.09,0.0,0.38,0.66,33,1.55,1.27,4.41,0.09,0.05,70.44,6,0.28,40.05,0.56,0.38,1.08,0.05,0.0,4.13,57.5,50.0,66,3.1,74.2,0.23,0.0,0.0,0.0,0.0,0.0,0.0,0.0,0.0,0.0,0.0,0.0,0.0,0.0,0.0,0.0,0.0,0.0
Toni Martínez,Spain,27.0,1997.0,Centre-Forward,187.0,2028-06-30,ES1,Deportivo Alavés S.A.D.,2800000.0,36,42,44,13,10,75,29,58,58,21,55,99,0,0,12,0,5,0,95,https://img.a.transfermarkt.technology/portrait/header/302371-1606396665.png?lm=1,28,9,1012,11.2,0.36,0.0,0.36,4,0.36,0.04,0.0,3.6,0.32,0.05,1.16,-0.6,4.09,1.33,0.09,32.6,0.98,5.07,140,12.45,58.3,0.98,0.36,0.09,0.0,0.27,0.62,12,1.07,0.09,1.33,0.0,0.18,35.66,9,0.8,14.41,3.65,0.98,1.51,0.0,0.09,2.67,50.0,60.0,79,7.03,53.7,0.09,0.0,0.0,0.0,0.0,0.0,0.0,0.0,0.0,0.0,0.0,0.0,0.0,0.0,0.0,0.0,0.0,0.0
Tyler Adams,United States,26.0,1999.0,Defensive Midfield,175.0,2028-06-30,GB1,Association Football Club Bournemouth,18000000.0,55,73,5,19,54,6,32,86,82,25,50,76,0,0,61,0,38,0,82,https://img.a.transfermarkt.technology/portrait/header/332705-1666472142.jpg?lm=1,28,21,1965,21.8,0.0,0.14,0.14,0,0.0,-0.07,0.0,1.6,0.07,0.05,0.64,1.9,0.41,0.09,0.0,22.2,3.48,0.46,902,41.31,84.4,3.07,0.18,0.05,0.0,0.05,0.14,83,3.8,1.47,1.92,0.0,0.05,61.19,4,0.18,30.32,1.28,0.55,2.06,0.0,0.05,5.22,54.2,22.2,31,1.42,63.3,0.32,0.0,0.0,0.0,0.0,0.0,0.0,0.0,0.0,0.0,0.0,0.0,0.0,0.0,0.0,0.0,0.0,0.0
Iñigo Martínez,Spain,34.0,1991.0,Centre-Back,182.0,2026-06-30,ES1,Futbol Club Barcelona,5000000.0,59,30,30,99,99,75,100,20,73,73,95,61,0,0,82,0,100,0,66,https://img.a.transfermarkt.technology/portrait/header/158863-1730119186.jpg?lm=1,28,28,2490,27.7,0.0,0.14,0.14,0,0.0,-0.02,0.0,0.5,0.02,0.09,2.53,1.4,0.47,0.07,0.0,15.4,9.4,0.4,2217,80.13,91.0,9.36,0.33,0.04,0.0,1.23,0.29,25,0.9,0.65,3.9,0.04,0.07,95.86,3,0.11,61.84,0.4,0.11,0.65,0.04,0.0,4.55,72.7,100.0,58,2.1,63.7,0.18,0.0,0.0,0.0,0.0,0.0,0.0,0.0,0.0,0.0,0.0,0.0,0.0,0.0,0.0,0.0,0.0,0.0
Billy Gilmour,Scotland,23.0,2001.0,Defensive Midfield,170.0,2029-06-30,IT1,Società Sportiva Calcio Napoli,16000000.0,47,35,8,84,86,39,60,29,91,97,84,24,0,0,99,0,90,0,25,https://img.a.transfermarkt.technology/portrait/header/423744-1701544195.jpg?lm=1,28,14,1275,14.2,0.0,0.07,0.07,0,0.0,-0.04,0.0,0.6,0.04,0.13,0.92,-0.8,0.71,0.07,0.0,11.1,5.51,1.41,862,60.85,88.37,5.44,0.99,0.14,0.0,0.35,1.34,27,1.91,0.64,1.69,0.0,0.14,76.16,6,0.42,41.22,0.78,0.35,1.13,0.0,0.0,4.87,61.67,50.0,9,0.64,47.4,0.0,0.0,0.0,0.0,0.0,0.0,0.0,0.0,0.0,0.0,0.0,0.0,0.0,0.0,0.0,0.0,0.0,0.0
Diego García,Spain,25.0,2000.0,Centre-Forward,188.0,2027-06-30,ES1,Club Deportivo Leganés S.A.D.,1500000.0,24,27,32,10,3,20,16,6,68,47,79,70,0,0,61,0,9,0,42,https://img.a.transfermarkt.technology/portrait/header/852727-1701788787.jpg?lm=1,28,13,1195,13.3,0.23,0.0,0.23,3,0.23,-0.06,0.0,3.8,0.29,0.02,0.68,-0.2,2.18,0.68,0.1,31.0,1.21,3.69,121,9.11,63.0,0.6,0.23,0.08,0.0,0.08,0.38,1,0.08,0.15,0.83,0.0,0.23,24.25,4,0.3,14.46,3.39,0.9,1.66,0.08,0.0,1.88,14.3,40.0,43,3.24,34.1,0.15,0.0,0.0,0.0,0.0,0.0,0.0,0.0,0.0,0.0,0.0,0.0,0.0,0.0,0.0,0.0,0.0,0.0
Gerard Martín,Spain,23.0,2002.0,Left-Back,186.0,2028-06-30,ES1,Futbol Club Barcelona,7500000.0,54,43,72,89,67,24,29,74,94,57,68,80,0,0,82,0,71,0,90,https://img.a.transfermarkt.technology/portrait/header/705395-1730119053.jpg?lm=1,28,11,1038,11.5,0.09,0.26,0.35,1,0.09,0.04,0.0,0.5,0.04,0.1,0.87,1.9,0.61,0.17,0.14,28.6,3.47,10.58,656,56.88,83.1,2.34,1.39,0.35,0.0,0.09,3.12,22,1.91,1.13,2.34,0.0,0.09,78.82,4,0.35,35.81,0.61,0.35,1.21,0.0,0.0,3.64,68.8,36.4,14,1.21,70.0,0.17,0.0,0.0,0.0,0.0,0.0,0.0,0.0,0.0,0.0,0.0,0.0,0.0,0.0,0.0,0.0,0.0,0.0
Niccolò Pisilli,Italy,20.0,2004.0,Central Midfield,180.0,2029-06-30,IT1,Associazione Sportiva Roma,12000000.0,45,85,66,56,23,16,53,51,65,13,85,2,0,0,76,0,45,0,1,https://img.a.transfermarkt.technology/portrait/header/813137-1683527978.jpg?lm=1,28,11,1227,13.6,0.15,0.07,0.22,2,0.15,-0.05,0.0,2.7,0.2,0.05,1.61,0.3,1.98,0.51,0.07,25.9,4.62,3.23,471,34.55,83.5,4.91,0.59,0.15,0.0,0.22,0.73,24,1.76,0.81,1.17,0.0,0.22,52.67,5,0.37,28.53,1.98,1.1,1.39,0.0,0.0,4.25,54.5,35.7,3,0.22,12.5,0.51,0.0,0.0,0.0,0.0,0.0,0.0,0.0,0.0,0.0,0.0,0.0,0.0,0.0,0.0,0.0,0.0,0.0
Alisson,Brazil,32.0,1992.0,Goalkeeper,193.0,2027-06-30,GB1,Liverpool Football Club,25000000.0,74,0,0,82,96,79,62,51,72,69,0,63,85,77,81,10,11,85,26,https://img.a.transfermarkt.technology/portrait/header/105470-1668522221.jpg?lm=1,28,28,2508,27.9,0.0,0.0,0.0,0,0.0,0.0,0.0,0.0,0.0,0.02,0.0,-0.6,0.0,0.0,0.0,0.0,0.04,0.0,794,28.49,82.8,0.43,0.0,0.0,16.0,0.04,0.0,1,0.04,0.0,0.47,0.04,0.0,36.28,1,0.04,23.61,0.04,0.0,0.0,0.0,0.0,1.69,0.0,100.0,7,0.25,100.0,0.0,0.0,1.04,3.59,2.62,1.1,3.7,0.13,0.0,0.0,4.59,0.39,72.0,32.1,26.6,19.7,4.3,1.76
Jim Allevinah,Gabon,30.0,1995.0,Right Winger,172.0,2027-06-30,FR1,Angers Sporting Club de l'Ouest,1800000.0,38,59,8,24,29,11,24,19,75,54,54,38,0,0,75,0,45,0,33,https://img.a.transfermarkt.technology/portrait/header/646733-1679510299.jpg?lm=1,28,23,1750,19.4,0.05,0.15,0.21,1,0.05,-0.16,0.0,4.2,0.22,0.13,2.93,0.5,1.8,0.51,0.03,28.6,2.47,5.09,363,18.67,75.2,1.44,0.67,0.15,0.0,0.05,1.75,19,0.98,0.62,0.87,0.0,0.15,35.07,15,0.77,22.37,1.95,1.65,0.93,0.05,0.0,4.53,17.9,31.3,10,0.51,29.4,0.15,0.0,0.0,0.0,0.0,0.0,0.0,0.0,0.0,0.0,0.0,0.0,0.0,0.0,0.0,0.0,0.0,0.0
Guillermo Maripán,Chile,31.0,1994.0,Centre-Back,193.0,2026-06-30,IT1,Torino Calcio,4000000.0,62,49,62,55,81,15,47,77,64,47,0,78,0,0,76,0,64,0,68,https://img.a.transfermarkt.technology/portrait/header/249730-1730123458.jpg?lm=1,28,27,2340,26.0,0.04,0.04,0.08,1,0.04,0.0,0.0,0.9,0.03,0.04,0.54,0.0,0.46,0.19,0.08,41.7,3.69,0.35,1151,44.27,86.3,3.04,0.19,0.0,0.0,0.23,0.08,40,1.54,1.54,5.31,0.04,0.0,62.88,2,0.08,36.96,0.73,0.19,1.12,0.0,0.0,3.46,63.6,25.0,72,2.77,60.5,0.15,0.04,0.0,0.0,0.0,0.0,0.0,0.0,0.0,0.0,0.0,0.0,0.0,0.0,0.0,0.0,0.0,0.0
Douglas Augusto,Brazil,28.0,1997.0,Central Midfield,173.0,2027-06-30,FR1,Football Club de Nantes,6000000.0,62,85,87,49,31,45,11,93,98,29,28,41,0,0,67,0,68,0,33,https://img.a.transfermarkt.technology/portrait/header/393621-1704213513.jpg?lm=1,28,28,2307,25.6,0.16,0.08,0.23,4,0.16,0.02,0.0,3.4,0.13,0.06,0.55,0.5,1.4,0.55,0.11,38.9,4.88,1.33,1029,40.14,86.5,4.21,0.47,0.04,0.0,0.12,0.39,69,2.69,1.25,1.83,0.0,0.04,57.66,12,0.47,27.89,0.7,0.55,1.64,0.0,0.04,4.33,59.1,60.0,23,0.9,39.7,0.31,0.0,0.0,0.0,0.0,0.0,0.0,0.0,0.0,0.0,0.0,0.0,0.0,0.0,0.0,0.0,0.0,0.0
Arne Maier,Germany,26.0,1999.0,Central Midfield,186.0,2026-06-30,L1,Fußball-Club Augsburg 1907,4000000.0,38,64,2,71,77,47,76,40,22,43,0,15,0,0,16,0,22,0,18,https://img.a.transfermarkt.technology/portrait/header/296397-1723534223.jpg?lm=1,28,7,938,10.4,0.0,0.0,0.0,0,0.0,-0.14,0.0,1.5,0.14,0.14,1.82,-1.5,1.73,0.58,0.0,33.3,4.22,5.37,450,43.18,76.5,3.84,0.96,0.29,0.0,0.29,6.43,13,1.25,0.58,1.34,0.1,0.0,67.07,7,0.67,37.42,2.01,0.86,0.86,0.0,0.0,6.91,53.8,43.8,4,0.38,36.4,0.0,0.1,0.0,0.0,0.0,0.0,0.0,0.0,0.0,0.0,0.0,0.0,0.0,0.0,0.0,0.0,0.0,0.0
Pablo Ibáñez,Spain,26.0,1998.0,Central Midfield,179.0,2025-06-30,ES1,Club Atlético Osasuna,2300000.0,38,58,44,15,59,72,42,7,74,32,83,69,0,0,79,0,13,0,51,https://img.a.transfermarkt.technology/portrait/header/785353-1680676751.jpg?lm=1,28,13,1294,14.4,0.07,0.07,0.14,1,0.07,-0.04,0.0,1.6,0.11,0.11,1.46,-0.6,1.39,0.35,0.05,25.0,3.55,2.16,384,26.71,74.9,2.43,0.28,0.14,0.0,0.35,0.9,20,1.39,1.25,1.46,0.0,0.21,46.81,13,0.9,25.6,1.39,1.11,1.95,0.0,0.0,3.89,25.0,48.1,19,1.32,44.2,0.28,0.0,0.0,0.0,0.0,0.0,0.0,0.0,0.0,0.0,0.0,0.0,0.0,0.0,0.0,0.0,0.0,0.0
Amadou Haidara,Mali,27.0,1998.0,Central Midfield,178.0,2026-06-30,L1,RasenBallsport Leipzig,20000000.0,41,49,0,38,32,43,19,63,57,14,40,92,0,0,34,0,30,0,81,https://img.a.transfermarkt.technology/portrait/header/402008-1713945184.jpg?lm=1,28,16,1320,14.7,0.0,0.07,0.07,0,0.0,-0.1,0.0,1.4,0.1,0.06,0.48,0.1,1.23,0.07,0.0,5.6,4.43,1.64,723,49.3,80.2,4.43,0.89,0.14,0.0,0.07,0.82,30,2.05,1.23,3.82,0.07,0.07,75.0,7,0.48,34.43,0.41,0.48,1.57,0.0,0.0,6.0,41.4,58.3,30,2.05,51.7,0.48,0.0,0.0,0.0,0.0,0.0,0.0,0.0,0.0,0.0,0.0,0.0,0.0,0.0,0.0,0.0,0.0,0.0
Janik Haberer,Germany,31.0,1994.0,Central Midfield,187.0,2027-06-30,L1,1. Fußballclub Union Berlin,2500000.0,34,17,17,8,11,3,9,77,97,92,71,30,0,0,98,0,12,0,20,https://img.a.transfermarkt.technology/portrait/header/177779-1692707721.jpg?lm=1,28,21,1696,18.8,0.0,0.0,0.0,0,0.0,-0.04,0.0,0.7,0.04,0.04,0.69,-0.8,0.8,0.16,0.0,20.0,3.13,1.17,570,30.25,77.0,2.18,0.53,0.11,0.0,0.05,0.8,39,2.07,0.9,1.96,0.0,0.16,48.34,2,0.11,23.56,0.69,0.58,1.17,0.0,0.0,4.4,59.1,33.3,15,0.8,34.1,0.05,0.0,0.0,0.0,0.0,0.0,0.0,0.0,0.0,0.0,0.0,0.0,0.0,0.0,0.0,0.0,0.0,0.0
Carlens Arcus,Haiti,28.0,1996.0,Right-Back,176.0,2026-06-30,FR1,Angers Sporting Club de l'Ouest,1500000.0,38,2,28,33,33,32,31,71,17,56,44,77,0,0,17,0,43,0,74,https://img.a.transfermarkt.technology/portrait/header/371686-1599423865.jpg?lm=1,28,25,2047,22.7,0.0,0.04,0.04,0,0.0,0.0,0.0,0.0,0.0,0.06,1.71,-0.4,0.13,0.0,0.0,0.0,3.08,3.47,810,35.61,79.4,2.55,0.88,0.44,0.0,0.13,2.42,52,2.29,1.19,3.65,0.13,0.04,54.91,8,0.35,24.89,0.79,0.62,1.67,0.0,0.0,3.56,60.7,44.4,31,1.36,55.4,0.13,0.0,0.0,0.0,0.0,0.0,0.0,0.0,0.0,0.0,0.0,0.0,0.0,0.0,0.0,0.0,0.0,0.0
Arda Güler,Türkiye,20.0,2005.0,Right Winger,175.0,2029-06-30,ES1,Real Madrid Club de Fútbol,45000000.0,56,59,45,98,92,53,92,67,97,69,38,49,0,0,80,0,100,0,55,https://img.a.transfermarkt.technology/portrait/header/861410-1699472585.jpg?lm=1,28,14,1250,13.9,0.22,0.29,0.5,3,0.22,-0.02,0.0,3.3,0.24,0.32,2.45,-0.5,2.81,1.15,0.08,41.0,6.7,6.19,763,54.94,86.1,5.9,2.23,0.36,0.0,0.58,4.1,30,2.16,0.5,0.58,0.0,0.07,76.18,20,1.44,50.11,1.66,0.65,1.08,0.07,0.0,4.03,40.9,44.4,7,0.5,38.9,0.07,0.0,0.0,0.0,0.0,0.0,0.0,0.0,0.0,0.0,0.0,0.0,0.0,0.0,0.0,0.0,0.0,0.0
Maximilian Arnold,Germany,30.0,1994.0,Central Midfield,184.0,2026-06-30,L1,Verein für Leibesübungen Wolfsburg,7000000.0,38,24,75,44,77,1,7,38,49,26,55,23,0,0,27,0,28,0,25,https://img.a.transfermarkt.technology/portrait/header/117674-1660652294.JPG?lm=1,28,27,2356,26.2,0.11,0.19,0.31,3,0.11,0.08,0.0,0.9,0.03,0.13,0.34,1.5,1.03,0.46,0.11,44.4,4.89,0.61,1049,40.07,77.2,5.04,0.73,0.31,0.0,0.65,5.81,34,1.3,0.92,2.67,0.08,0.11,60.2,1,0.04,30.06,0.69,0.42,1.15,0.0,0.0,5.88,45.5,16.7,14,0.53,37.8,0.27,0.04,0.0,0.0,0.0,0.0,0.0,0.0,0.0,0.0,0.0,0.0,0.0,0.0,0.0,0.0,0.0,0.0
Manu Fuster,Spain,27.0,1997.0,Left Winger,169.0,2028-06-30,ES1,Unión Deportiva Las Palmas S.A.D.,1500000.0,24,3,35,96,47,4,61,78,84,41,19,11,0,0,67,0,80,0,10,https://img.a.transfermarkt.technology/portrait/header/511021-1683202707.jpg?lm=1,28,8,1003,11.1,0.18,0.09,0.27,2,0.18,0.12,0.0,0.7,0.06,0.16,2.06,-0.8,1.62,0.63,0.11,38.9,6.37,6.73,478,42.89,76.6,5.02,2.15,0.45,0.0,0.9,6.01,19,1.7,0.36,1.53,0.0,0.09,66.58,5,0.45,36.79,1.79,1.44,1.08,0.0,0.0,5.65,53.6,29.4,3,0.27,18.8,0.18,0.0,0.0,0.0,0.0,0.0,0.0,0.0,0.0,0.0,0.0,0.0,0.0,0.0,0.0,0.0,0.0,0.0
Mikel Merino,Spain,28.0,1996.0,Central Midfield,189.0,2028-06-30,GB1,Arsenal Football Club,35000000.0,64,97,98,41,64,30,5,76,14,11,55,99,0,0,12,0,23,0,94,https://img.a.transfermarkt.technology/portrait/header/338424-1716803831.jpg?lm=1,28,17,1586,17.6,0.4,0.11,0.51,7,0.4,0.06,0.0,5.9,0.33,0.11,0.62,0.0,2.16,0.74,0.18,34.2,3.92,5.33,451,25.59,78.2,2.27,1.36,0.23,0.0,0.06,0.74,46,2.61,0.85,1.48,0.11,0.11,44.43,9,0.51,22.02,1.36,1.53,2.33,0.0,0.0,4.88,55.6,40.9,59,3.35,51.8,0.23,0.06,0.0,0.0,0.0,0.0,0.0,0.0,0.0,0.0,0.0,0.0,0.0,0.0,0.0,0.0,0.0,0.0
Jonathan Rowe,England,22.0,2003.0,Left Winger,173.0,2025-06-30,FR1,Olympique de Marseille,12000000.0,59,80,55,77,100,78,66,35,47,21,51,60,0,0,57,0,94,0,50,https://img.a.transfermarkt.technology/portrait/header/672381-1708003554.jpg?lm=1,28,6,807,9.0,0.33,0.33,0.67,3,0.33,-0.06,0.0,3.5,0.39,0.5,3.35,-1.5,4.01,1.67,0.08,41.7,3.46,10.71,233,25.99,80.1,0.89,1.56,0.56,0.0,0.11,3.12,15,1.67,0.22,0.45,0.0,0.22,48.85,20,2.23,32.79,3.9,1.45,1.56,0.0,0.0,2.34,42.9,41.7,7,0.78,33.3,0.22,0.0,0.0,0.0,0.0,0.0,0.0,0.0,0.0,0.0,0.0,0.0,0.0,0.0,0.0,0.0,0.0,0.0
Archie Gray,England,19.0,2006.0,Right-Back,187.0,2030-06-30,GB1,Tottenham Hotspur Football Club,35000000.0,19,3,49,18,0,46,37,6,33,89,0,38,0,0,37,0,65,0,48,https://img.a.transfermarkt.technology/portrait/header/922693-1695108880.jpg?lm=1,28,19,1751,19.5,0.0,0.0,0.0,0,0.0,0.0,0.0,0.0,0.0,0.01,0.41,-0.1,0.05,0.05,0.0,100.0,2.06,0.87,1001,51.45,87.3,2.21,0.0,0.0,0.0,0.15,0.87,16,0.82,0.93,2.57,0.1,0.0,66.15,7,0.36,45.08,0.57,0.62,0.87,0.0,0.0,3.55,41.2,53.8,12,0.62,52.2,0.05,0.0,0.0,0.0,0.0,0.0,0.0,0.0,0.0,0.0,0.0,0.0,0.0,0.0,0.0,0.0,0.0,0.0
Joakim Maehle,Denmark,28.0,1997.0,Left-Back,185.0,2027-06-30,L1,Verein für Leibesübungen Wolfsburg,14000000.0,51,85,90,58,57,52,77,11,34,49,44,50,0,0,28,0,61,0,62,https://img.a.transfermarkt.technology/portrait/header/369674-1724770995.jpg?lm=1,28,25,2188,24.3,0.12,0.16,0.29,3,0.12,0.04,0.0,2.0,0.08,0.09,2.43,1.8,0.74,0.29,0.17,38.9,3.62,4.81,975,40.11,80.9,2.88,0.74,0.16,0.0,0.04,1.03,34,1.4,1.03,2.34,0.08,0.04,60.22,19,0.78,32.54,1.52,0.33,0.37,0.0,0.04,5.02,37.8,31.7,17,0.7,58.6,0.25,0.0,0.0,0.0,0.0,0.0,0.0,0.0,0.0,0.0,0.0,0.0,0.0,0.0,0.0,0.0,0.0,0.0
Alberto Grassi,Italy,30.0,1995.0,Defensive Midfield,183.0,2026-06-30,IT1,Empoli Football Club S.r.l.,2000000.0,43,50,58,1,23,14,18,65,59,49,90,56,0,0,67,0,3,0,59,https://img.a.transfermarkt.technology/portrait/header/197473-1695031303.jpg?lm=1,28,27,2203,24.5,0.04,0.0,0.04,1,0.04,0.0,0.0,1.0,0.04,0.03,0.69,-0.8,0.45,0.16,0.09,36.4,3.02,0.94,634,25.9,74.6,2.66,0.29,0.0,0.0,0.04,0.41,39,1.59,1.31,1.76,0.04,0.12,43.14,5,0.2,17.98,1.06,0.74,1.14,0.04,0.0,5.07,63.6,41.7,29,1.18,58.0,0.33,0.0,0.0,0.0,0.0,0.0,0.0,0.0,0.0,0.0,0.0,0.0,0.0,0.0,0.0,0.0,0.0,0.0
Elisha Owusu,Ghana,27.0,1997.0,Defensive Midfield,182.0,2027-06-30,FR1,Association de la Jeunesse auxerroise,3000000.0,40,18,65,16,41,26,3,94,56,34,0,16,0,0,46,0,18,0,13,https://img.a.transfermarkt.technology/portrait/header/395695-1626767315.jpg?lm=1,28,28,2344,26.0,0.04,0.12,0.15,1,0.04,0.02,0.0,0.4,0.02,0.04,0.31,2.0,0.27,0.12,0.14,42.9,2.99,1.27,693,26.61,81.8,2.03,0.23,0.04,0.0,0.38,0.31,73,2.8,1.61,1.34,0.04,0.0,42.12,9,0.35,20.0,1.0,0.92,1.88,0.0,0.04,5.91,64.6,39.1,16,0.61,38.1,0.27,0.0,0.0,0.0,0.0,0.0,0.0,0.0,0.0,0.0,0.0,0.0,0.0,0.0,0.0,0.0,0.0,0.0
Davide Frattesi,Italy,25.0,1999.0,Central Midfield,178.0,2028-06-30,IT1,Football Club Internazionale Milano S.p.A.,32000000.0,48,95,96,15,29,28,44,27,46,94,87,39,0,0,47,0,31,0,39,https://img.a.transfermarkt.technology/portrait/header/394300-1730126974.jpg?lm=1,28,9,1225,13.6,0.37,0.07,0.44,5,0.37,0.07,0.0,4.0,0.29,0.06,1.69,0.2,2.06,0.51,0.18,25.0,2.28,3.67,297,21.82,82.5,1.47,0.37,0.07,0.0,0.0,0.59,17,1.25,0.37,1.03,0.07,0.15,36.66,7,0.51,21.75,1.47,0.29,0.81,0.07,0.0,3.53,55.6,38.9,10,0.73,43.5,0.07,0.0,0.0,0.0,0.0,0.0,0.0,0.0,0.0,0.0,0.0,0.0,0.0,0.0,0.0,0.0,0.0,0.0
Arnaut Danjuma,Netherlands,28.0,1997.0,Left Winger,178.0,2025-06-30,ES1,Girona Fútbol Club S. A. D.,5000000.0,48,67,57,56,17,37,73,1,95,22,13,75,0,0,34,0,35,0,96,https://img.a.transfermarkt.technology/portrait/header/355861-1674657323.jpg?lm=1,28,18,1535,17.0,0.23,0.0,0.23,4,0.23,-0.02,0.0,4.4,0.26,0.1,5.57,-1.7,2.11,1.0,0.11,47.28,2.46,11.84,341,19.99,72.88,1.06,1.41,0.47,0.0,0.18,4.46,10,0.59,0.12,0.23,0.0,0.06,37.29,24,1.41,24.57,2.11,0.64,1.0,0.0,0.06,2.46,22.88,35.8,3,0.18,75.0,0.18,0.0,0.0,0.0,0.0,0.0,0.0,0.0,0.0,0.0,0.0,0.0,0.0,0.0,0.0,0.0,0.0,0.0
Estéban Lepaul,France,25.0,2000.0,Centre-Forward,181.0,2027-06-30,FR1,Angers Sporting Club de l'Ouest,5000000.0,43,41,80,21,9,13,34,30,92,78,29,53,0,0,86,0,20,0,51,https://img.a.transfermarkt.technology/portrait/header/461607-1737976018.jpg?lm=1,28,18,1629,18.1,0.5,0.0,0.5,9,0.5,0.22,0.0,5.1,0.28,0.04,1.44,-0.8,2.27,0.94,0.22,41.5,1.1,3.76,241,13.31,67.1,0.72,0.39,0.11,0.0,0.17,0.83,11,0.61,0.22,0.55,0.0,0.11,27.85,6,0.33,13.59,1.88,0.72,0.88,0.0,0.0,2.49,25.0,28.6,35,1.93,42.7,0.11,0.0,0.0,0.0,0.0,0.0,0.0,0.0,0.0,0.0,0.0,0.0,0.0,0.0,0.0,0.0,0.0,0.0
Mërgim Vojvoda,Kosovo,30.0,1995.0,Right-Back,187.0,2028-06-30,IT1,Calcio Como,3000000.0,47,39,63,86,71,42,77,18,58,26,50,37,0,0,50,0,84,0,39,https://img.a.transfermarkt.technology/portrait/header/336125-1661351703.jpg?lm=1,28,20,1822,20.3,0.05,0.1,0.15,1,0.05,0.02,0.0,0.6,0.03,0.12,1.68,-0.4,0.44,0.05,0.11,25.0,5.29,3.66,1037,51.22,82.84,3.85,1.33,0.64,0.0,0.44,3.26,27,1.33,0.49,2.07,0.05,0.05,68.96,9,0.44,42.97,0.59,0.59,1.04,0.0,0.0,4.0,59.27,45.43,14,0.69,46.8,0.3,0.0,0.0,0.0,0.0,0.0,0.0,0.0,0.0,0.0,0.0,0.0,0.0,0.0,0.0,0.0,0.0,0.0
Sofiane Diop,Morocco,24.0,2000.0,Left Winger,175.0,2027-06-30,FR1,Olympique Gymnaste Club Nice Côte d'Azur,12000000.0,64,89,85,88,82,14,55,99,20,20,78,19,0,0,18,0,83,0,23,https://img.a.transfermarkt.technology/portrait/header/569389-1739972675.jpg?lm=1,28,8,1064,11.8,0.51,0.34,0.85,6,0.51,0.0,0.0,6.0,0.51,0.25,2.2,1.1,1.86,0.93,0.27,50.0,5.41,5.92,436,36.88,77.2,3.98,1.61,0.08,0.0,0.59,2.79,23,1.95,1.44,0.59,0.08,0.34,60.39,10,0.85,33.75,1.69,1.52,1.44,0.0,0.0,6.17,40.9,32.3,3,0.25,27.3,0.25,0.0,0.0,0.0,0.0,0.0,0.0,0.0,0.0,0.0,0.0,0.0,0.0,0.0,0.0,0.0,0.0,0.0
Joshua King,Norway,33.0,1992.0,Centre-Forward,180.0,2025-06-30,FR1,Toulouse Football Club,2000000.0,58,65,54,45,53,98,69,64,49,49,48,47,0,0,59,0,45,0,45,https://img.a.transfermarkt.technology/portrait/header/91059-1696447644.png?lm=1,28,21,1673,18.6,0.32,0.16,0.48,6,0.32,-0.03,0.0,6.6,0.36,0.11,2.1,1.0,2.69,1.08,0.12,40.0,1.56,5.81,253,13.61,70.7,0.7,0.54,0.05,0.0,0.05,0.48,11,0.59,0.32,1.02,0.0,0.11,30.88,35,1.88,16.52,2.53,1.78,1.88,0.05,0.0,3.23,41.7,54.7,35,1.88,40.7,0.11,0.0,0.0,0.0,0.0,0.0,0.0,0.0,0.0,0.0,0.0,0.0,0.0,0.0,0.0,0.0,0.0,0.0
Cédric Kipré,Cote d'Ivoire,28.0,1996.0,Centre-Back,193.0,2027-06-30,FR1,Stade de Reims,3000000.0,56,31,26,51,87,92,57,85,48,23,0,43,0,0,33,0,82,0,54,https://img.a.transfermarkt.technology/portrait/header/364827-1723832143.png?lm=1,28,26,2190,24.3,0.0,0.04,0.04,0,0.0,-0.02,0.0,0.6,0.02,0.05,0.66,-0.3,0.37,0.04,0.0,11.1,3.16,0.12,1148,47.18,88.9,3.53,0.41,0.16,0.0,0.21,0.49,42,1.73,1.32,6.66,0.08,0.0,65.59,10,0.41,38.01,0.62,0.12,0.99,0.0,0.04,3.0,74.4,83.3,41,1.68,63.1,0.16,0.08,0.0,0.0,0.0,0.0,0.0,0.0,0.0,0.0,0.0,0.0,0.0,0.0,0.0,0.0,0.0,0.0
Fermín López,Spain,22.0,2003.0,Central Midfield,174.0,2029-06-30,ES1,Futbol Club Barcelona,50000000.0,54,99,98,91,99,98,81,0,56,8,40,21,0,0,61,0,81,0,17,https://img.a.transfermarkt.technology/portrait/header/636703-1698086824.jpg?lm=1,28,12,1252,13.9,0.43,0.36,0.79,6,0.43,0.03,0.0,5.6,0.4,0.28,2.23,1.1,2.95,1.08,0.15,36.6,5.61,7.76,552,39.68,81.9,4.6,1.51,0.5,0.0,0.36,3.45,19,1.37,0.36,0.22,0.0,0.07,61.68,25,1.8,35.3,2.59,1.15,1.94,0.0,0.0,4.74,24.2,45.5,9,0.65,33.3,0.29,0.07,0.0,0.0,0.0,0.0,0.0,0.0,0.0,0.0,0.0,0.0,0.0,0.0,0.0,0.0,0.0,0.0
Lukas Klostermann,Germany,28.0,1996.0,Centre-Back,189.0,2028-06-30,L1,RasenBallsport Leipzig,8000000.0,40,15,69,84,15,71,63,43,20,60,0,5,0,0,25,0,56,0,5,https://img.a.transfermarkt.technology/portrait/header/215599-1724337278.jpg?lm=1,28,20,1838,20.4,0.05,0.0,0.05,1,0.05,0.03,0.0,0.3,0.01,0.0,0.78,-0.1,0.2,0.1,0.25,50.0,4.06,1.27,1071,52.44,88.4,3.92,0.34,0.05,0.0,0.05,0.54,27,1.32,1.18,7.0,0.15,0.0,72.08,4,0.2,36.82,0.44,0.0,0.64,0.0,0.0,3.62,58.3,80.0,20,0.98,40.0,0.24,0.0,0.0,0.0,0.0,0.0,0.0,0.0,0.0,0.0,0.0,0.0,0.0,0.0,0.0,0.0,0.0,0.0
Johnny Cardoso,United States,23.0,2001.0,Defensive Midfield,186.0,2030-06-30,ES1,Real Betis Balompié S.A.D.,20000000.0,54,84,90,27,33,93,43,69,44,68,0,64,0,0,68,0,43,0,70,https://img.a.transfermarkt.technology/portrait/header/689505-1742036970.jpg?lm=1,28,24,2144,23.8,0.13,0.04,0.17,3,0.13,0.04,0.0,2.0,0.08,0.04,0.8,0.1,0.8,0.29,0.16,36.8,2.98,1.18,950,39.88,85.7,2.64,0.17,0.0,0.0,0.42,0.13,55,2.31,2.01,2.69,0.04,0.0,59.9,26,1.09,31.57,1.51,0.97,1.6,0.0,0.0,5.79,38.5,61.9,29,1.22,61.7,0.17,0.0,0.0,0.0,0.0,0.0,0.0,0.0,0.0,0.0,0.0,0.0,0.0,0.0,0.0,0.0,0.0,0.0
Arthur Vermeeren,Belgium,20.0,2005.0,Defensive Midfield,180.0,2025-06-30,L1,RasenBallsport Leipzig,22000000.0,24,16,33,50,53,25,41,11,28,37,0,7,0,0,32,0,54,0,7,https://img.a.transfermarkt.technology/portrait/header/926694-1729520583.jpg?lm=1,28,18,1572,17.5,0.0,0.11,0.11,0,0.0,-0.02,0.0,0.4,0.02,0.05,0.8,1.1,0.23,0.06,0.0,25.0,4.41,1.15,821,47.0,86.1,4.06,0.34,0.0,0.0,0.06,0.17,32,1.83,1.32,1.43,0.11,0.0,63.49,6,0.34,30.69,1.09,0.69,1.26,0.0,0.0,5.38,29.8,40.0,8,0.46,28.6,0.4,0.0,0.0,0.0,0.0,0.0,0.0,0.0,0.0,0.0,0.0,0.0,0.0,0.0,0.0,0.0,0.0,0.0
Jens Stage,Denmark,28.0,1996.0,Central Midfield,187.0,,L1,Sportverein Werder Bremen von 1899,12000000.0,65,99,100,38,67,19,37,56,40,21,71,83,0,0,30,0,21,0,83,https://img.a.transfermarkt.technology/portrait/header/289835-1660208628.jpg?lm=1,28,26,2204,24.5,0.41,0.2,0.61,10,0.41,0.11,0.0,7.2,0.29,0.11,1.14,2.2,1.8,0.61,0.23,34.1,4.25,3.63,768,31.36,77.0,2.74,1.06,0.16,0.0,0.41,0.94,49,2.0,0.74,1.72,0.08,0.16,51.9,8,0.33,27.28,1.1,0.41,1.55,0.0,0.0,4.66,54.3,47.1,34,1.39,56.7,0.41,0.0,0.0,0.0,0.0,0.0,0.0,0.0,0.0,0.0,0.0,0.0,0.0,0.0,0.0,0.0,0.0,0.0
Carl Starfelt,Sweden,29.0,1995.0,Centre-Back,187.0,2027-06-30,ES1,Real Club Celta de Vigo S. A. D.,6000000.0,52,26,63,56,22,62,54,65,37,62,0,59,0,0,37,0,84,0,43,https://img.a.transfermarkt.technology/portrait/header/258987-1600613124.png?lm=1,28,26,2270,25.2,0.04,0.0,0.04,1,0.04,0.02,0.0,0.5,0.02,0.01,0.44,-0.2,0.2,0.04,0.2,20.0,2.62,0.04,1539,61.02,93.7,2.22,0.04,0.0,0.0,0.2,0.0,40,1.59,1.23,5.11,0.12,0.0,75.37,1,0.04,43.77,0.36,0.0,0.83,0.0,0.0,3.05,66.7,100.0,60,2.38,54.1,0.2,0.0,0.0,0.0,0.0,0.0,0.0,0.0,0.0,0.0,0.0,0.0,0.0,0.0,0.0,0.0,0.0,0.0
Juanmi Latasa,Spain,24.0,2001.0,Centre-Forward,192.0,2029-06-30,ES1,Real Valladolid Club de Fútbol S.A.D.,2500000.0,24,33,25,4,13,51,1,9,15,3,36,97,0,0,4,0,7,0,97,https://img.a.transfermarkt.technology/portrait/header/623521-1696862713.jpg?lm=1,28,14,1398,15.5,0.19,0.0,0.19,3,0.19,-0.08,0.0,4.2,0.27,0.06,0.19,-0.9,2.58,0.84,0.08,32.5,1.09,2.58,154,9.91,59.2,0.71,0.32,0.06,0.0,0.19,0.32,4,0.26,0.0,0.71,0.06,0.13,25.11,8,0.52,9.85,2.0,1.16,2.58,0.0,0.06,1.55,33.3,53.3,90,5.79,60.8,0.39,0.06,0.0,0.0,0.0,0.0,0.0,0.0,0.0,0.0,0.0,0.0,0.0,0.0,0.0,0.0,0.0,0.0
Lucas Stassin,Belgium,20.0,2004.0,Centre-Forward,183.0,2028-06-30,FR1,Association sportive de Saint-Étienne Loire,7000000.0,64,63,89,62,74,55,36,27,79,44,42,18,0,0,62,0,71,0,23,https://img.a.transfermarkt.technology/portrait/header/655012-1727721924.jpg?lm=1,28,23,1887,21.0,0.57,0.19,0.76,12,0.57,0.14,0.0,7.0,0.33,0.16,1.24,0.6,2.1,1.1,0.27,52.3,1.67,7.11,350,16.69,74.0,0.62,0.57,0.05,0.0,0.05,0.91,16,0.76,0.14,0.38,0.0,0.1,31.24,15,0.72,15.55,2.72,0.95,1.53,0.05,0.0,1.62,30.0,41.7,15,0.72,34.1,0.19,0.0,0.0,0.0,0.0,0.0,0.0,0.0,0.0,0.0,0.0,0.0,0.0,0.0,0.0,0.0,0.0,0.0
Mamadou Diakhon,France,19.0,2005.0,Left Winger,180.0,2026-06-30,FR1,Stade de Reims,1500000.0,32,10,38,37,24,90,88,56,62,55,99,2,0,0,82,0,52,0,2,https://img.a.transfermarkt.technology/portrait/header/1054839-1723837204.png?lm=1,28,5,858,9.5,0.21,0.1,0.31,2,0.21,0.1,0.0,1.0,0.1,0.12,6.4,-0.1,1.89,0.84,0.11,44.4,1.78,8.08,198,20.77,77.0,0.52,0.63,0.31,0.0,0.31,3.46,12,1.26,0.42,0.52,0.0,0.63,39.76,25,2.62,30.21,3.04,1.36,0.52,0.1,0.0,3.99,50.0,41.0,1,0.1,7.1,0.21,0.0,0.0,0.0,0.0,0.0,0.0,0.0,0.0,0.0,0.0,0.0,0.0,0.0,0.0,0.0,0.0,0.0
Dominik Kohr,Germany,31.0,1994.0,Defensive Midfield,183.0,2026-06-30,L1,1. Fußball- und Sportverein Mainz 05,3500000.0,58,71,82,37,12,24,53,93,95,5,0,69,0,0,39,0,16,0,51,https://img.a.transfermarkt.technology/portrait/header/118847-1722886760.jpg?lm=1,28,28,2295,25.5,0.08,0.0,0.08,2,0.08,0.02,0.0,1.6,0.06,0.02,1.02,-0.6,0.51,0.2,0.15,38.5,3.96,1.22,1109,43.49,81.1,2.98,0.51,0.12,0.0,0.43,0.63,62,2.43,1.65,4.98,0.0,0.0,66.39,5,0.2,32.75,0.78,0.27,1.8,0.0,0.08,3.88,63.6,55.6,38,1.49,52.8,0.43,0.04,0.0,0.0,0.0,0.0,0.0,0.0,0.0,0.0,0.0,0.0,0.0,0.0,0.0,0.0,0.0,0.0
Alexis Claude-Maurice,France,26.0,1998.0,Attacking Midfield,176.0,2027-06-30,L1,Fußball-Club Augsburg 1907,12000000.0,61,72,92,27,5,84,55,70,18,56,96,47,0,0,49,0,56,0,50,https://img.a.transfermarkt.technology/portrait/header/384593-1726605505.jpg?lm=1,28,25,2109,23.4,0.38,0.09,0.47,9,0.38,0.18,0.0,4.7,0.2,0.05,2.52,0.8,2.52,0.94,0.15,37.3,2.6,4.35,543,23.17,82.9,1.62,0.9,0.21,0.0,0.13,0.9,41,1.75,0.64,0.34,0.04,0.47,42.42,42,1.79,26.42,3.63,2.13,1.11,0.04,0.0,3.07,50.0,46.7,14,0.6,37.8,0.17,0.0,0.0,0.0,0.0,0.0,0.0,0.0,0.0,0.0,0.0,0.0,0.0,0.0,0.0,0.0,0.0,0.0
Gaëtan Laborde,France,31.0,1994.0,Centre-Forward,181.0,2026-06-30,FR1,Olympique Gymnaste Club Nice Côte d'Azur,6000000.0,69,77,61,61,81,72,56,66,86,73,42,72,0,0,76,0,57,0,73,https://img.a.transfermarkt.technology/portrait/header/181378-1739972757.jpg?lm=1,28,20,1829,20.3,0.54,0.2,0.74,7,0.34,-0.03,0.2,8.6,0.42,0.17,1.48,0.5,3.44,0.98,0.1,28.6,1.97,6.45,346,17.03,69.6,1.28,0.59,0.1,0.0,0.1,1.33,19,0.93,0.3,0.98,0.0,0.1,35.92,18,0.89,17.81,2.36,0.89,1.43,0.05,0.0,2.41,40.9,48.6,48,2.36,50.5,0.05,0.0,0.0,0.0,0.0,0.0,0.0,0.0,0.0,0.0,0.0,0.0,0.0,0.0,0.0,0.0,0.0,0.0
David Neres,Brazil,28.0,1997.0,Right Winger,176.0,2028-06-30,IT1,Società Sportiva Calcio Napoli,30000000.0,44,41,25,58,81,86,80,85,61,71,15,13,0,0,84,0,67,0,16,https://img.a.transfermarkt.technology/portrait/header/469822-1701334470.jpg?lm=1,28,13,1283,14.3,0.14,0.28,0.42,2,0.14,-0.05,0.0,2.7,0.19,0.25,5.12,0.5,2.03,0.49,0.07,24.1,2.24,10.03,420,29.46,75.7,1.61,1.47,0.98,0.0,0.0,6.45,21,1.47,0.49,0.28,0.0,0.07,50.79,33,2.31,31.08,2.67,1.61,0.98,0.0,0.0,3.65,66.7,44.0,3,0.21,23.1,0.07,0.0,0.0,0.0,0.0,0.0,0.0,0.0,0.0,0.0,0.0,0.0,0.0,0.0,0.0,0.0,0.0,0.0
Kingsley Coman,France,28.0,1996.0,Left Winger,181.0,2027-06-30,L1,FC Bayern München,35000000.0,68,74,72,93,74,97,94,89,86,95,29,69,0,0,96,0,92,0,66,https://img.a.transfermarkt.technology/portrait/header/243714-1700040256.jpg?lm=1,28,14,1282,14.2,0.35,0.28,0.63,5,0.35,0.05,0.0,4.3,0.3,0.23,4.63,0.7,3.09,1.19,0.11,38.6,3.16,15.09,624,43.81,84.3,1.83,1.97,0.35,0.0,0.14,3.16,17,1.19,0.56,1.05,0.0,0.14,65.57,39,2.74,42.54,1.97,1.26,0.63,0.0,0.0,4.14,66.7,52.7,11,0.77,40.7,0.0,0.0,0.0,0.0,0.0,0.0,0.0,0.0,0.0,0.0,0.0,0.0,0.0,0.0,0.0,0.0,0.0,0.0
Abdoulaye Touré,Guinea,31.0,1994.0,Defensive Midfield,188.0,2025-06-30,FR1,Le Havre Athletic Club,3000000.0,54,90,80,31,20,63,29,67,5,76,99,61,0,0,10,0,20,0,67,https://img.a.transfermarkt.technology/portrait/header/181382-1485420758.jpg?lm=1,28,26,2324,25.8,0.39,0.04,0.43,2,0.08,0.02,0.31,2.2,0.09,0.02,0.66,0.6,1.47,0.23,0.05,15.8,4.22,1.08,868,33.61,82.0,3.49,0.39,0.19,0.0,0.46,0.43,61,2.36,1.32,1.63,0.19,0.27,52.44,17,0.66,27.65,1.12,1.16,1.16,0.04,0.0,6.2,55.9,51.5,30,1.16,61.2,0.19,0.0,0.0,0.0,0.0,0.0,0.0,0.0,0.0,0.0,0.0,0.0,0.0,0.0,0.0,0.0,0.0,0.0
Lukas Kübler,Germany,32.0,1992.0,Right-Back,182.0,,L1,Sport-Club Freiburg,2000000.0,57,95,99,40,21,0,15,97,17,35,0,95,0,0,12,0,34,0,95,https://img.a.transfermarkt.technology/portrait/header/93604-1658412582.jpg?lm=1,28,22,1842,20.5,0.24,0.05,0.29,5,0.24,0.11,0.0,2.7,0.13,0.04,1.17,0.2,0.88,0.49,0.28,55.6,3.81,2.39,800,39.09,77.1,3.76,0.73,0.24,0.0,0.15,1.47,40,1.95,2.59,2.98,0.15,0.0,61.95,0,0.0,25.36,0.59,0.34,1.22,0.0,0.0,3.57,56.3,0.0,42,2.05,65.6,0.24,0.0,0.0,0.0,0.0,0.0,0.0,0.0,0.0,0.0,0.0,0.0,0.0,0.0,0.0,0.0,0.0,0.0
Kevin De Bruyne,Belgium,33.0,1991.0,Attacking Midfield,181.0,2025-06-30,GB1,Manchester City Football Club,27000000.0,70,83,63,95,100,16,83,8,43,76,49,15,0,0,44,0,90,0,16,https://img.a.transfermarkt.technology/portrait/header/88755-1713391485.jpg?lm=1,28,19,1702,18.9,0.21,0.37,0.58,4,0.21,-0.06,0.0,5.1,0.27,0.42,2.7,-1.0,3.01,0.79,0.07,26.3,8.25,7.93,908,48.01,76.0,4.65,3.12,0.69,0.0,0.53,7.67,17,0.9,0.37,0.53,0.05,0.16,72.29,13,0.69,42.88,1.37,1.48,0.9,0.0,0.0,3.38,21.7,38.2,5,0.26,23.8,0.11,0.0,0.0,0.0,0.0,0.0,0.0,0.0,0.0,0.0,0.0,0.0,0.0,0.0,0.0,0.0,0.0,0.0
Ladislav Krejci,Czech Republic,26.0,1999.0,Centre-Back,191.0,2029-06-30,ES1,Girona Fútbol Club S. A. D.,12000000.0,51,81,83,90,40,58,91,15,9,33,87,65,0,0,15,0,82,0,77,https://img.a.transfermarkt.technology/portrait/header/345911-1716965804.jpg?lm=1,28,27,2440,27.1,0.07,0.0,0.07,2,0.07,0.01,0.0,1.7,0.06,0.01,1.07,-0.3,0.66,0.18,0.11,27.8,5.31,0.22,1924,70.97,90.1,5.53,0.44,0.07,0.0,0.3,0.41,23,0.85,1.25,3.43,0.18,0.04,86.72,7,0.26,56.18,0.55,0.3,0.89,0.04,0.0,3.73,53.8,58.3,55,2.03,69.6,0.33,0.0,0.0,0.0,0.0,0.0,0.0,0.0,0.0,0.0,0.0,0.0,0.0,0.0,0.0,0.0,0.0,0.0
Teun Koopmeiners,Netherlands,27.0,1998.0,Attacking Midfield,184.0,2029-06-30,IT1,Juventus Football Club,40000000.0,46,61,44,60,43,12,25,24,27,50,18,77,0,0,17,0,57,0,87,https://img.a.transfermarkt.technology/portrait/header/360518-1707302998.jpg?lm=1,28,23,1994,22.2,0.14,0.14,0.27,3,0.14,-0.04,0.0,3.9,0.18,0.13,1.44,0.1,1.9,0.45,0.07,23.8,4.02,5.73,761,34.35,79.9,2.84,0.81,0.14,0.0,0.14,5.1,32,1.44,0.36,1.17,0.09,0.09,52.81,10,0.45,26.68,1.81,0.72,1.44,0.0,0.0,2.3,33.3,45.5,22,0.99,50.0,0.14,0.0,0.0,0.0,0.0,0.0,0.0,0.0,0.0,0.0,0.0,0.0,0.0,0.0,0.0,0.0,0.0,0.0
Tomas Cvancara,Czech Republic,24.0,2000.0,Centre-Forward,190.0,2028-06-30,L1,Borussia Verein für Leibesübungen 1900 Mönchengladbach,4000000.0,35,46,19,72,39,41,67,68,93,2,29,45,0,0,27,0,60,0,53,https://img.a.transfermarkt.technology/portrait/header/544148-1691249040.jpg?lm=1,28,7,831,9.2,0.22,0.0,0.22,2,0.22,-0.19,0.0,3.8,0.41,0.1,1.62,-0.9,2.6,0.97,0.08,37.5,2.49,5.42,171,18.52,71.5,1.41,0.87,0.22,0.0,0.11,1.62,4,0.43,0.54,1.84,0.0,0.11,36.39,6,0.65,20.04,1.95,0.65,1.19,0.0,0.0,2.49,28.6,35.3,13,1.41,44.8,0.54,0.11,0.0,0.0,0.0,0.0,0.0,0.0,0.0,0.0,0.0,0.0,0.0,0.0,0.0,0.0,0.0,0.0
Álvaro Tejero,Spain,28.0,1996.0,Right-Back,174.0,2025-06-30,ES1,Reial Club Deportiu Espanyol de Barcelona S.A.D.,2000000.0,37,53,68,53,96,6,39,1,39,69,60,38,0,0,47,0,37,0,38,https://img.a.transfermarkt.technology/portrait/header/290273-1557741576.jpg?lm=1,28,13,1238,13.8,0.07,0.29,0.36,1,0.07,0.03,0.0,0.6,0.04,0.21,1.96,1.1,1.24,0.29,0.06,23.5,3.34,5.23,453,32.93,72.4,1.89,1.53,0.87,0.0,0.29,8.21,14,1.02,0.95,2.47,0.07,0.07,55.03,3,0.22,24.43,1.24,0.44,1.02,0.0,0.0,4.65,30.4,21.4,10,0.73,45.5,0.15,0.0,0.0,0.0,0.0,0.0,0.0,0.0,0.0,0.0,0.0,0.0,0.0,0.0,0.0,0.0,0.0,0.0
Ondrej Duda,Slovakia,30.0,1994.0,Central Midfield,180.0,2025-06-30,IT1,Verona Hellas Football Club,4000000.0,38,27,36,30,69,81,20,53,8,4,70,36,0,0,6,0,29,0,47,https://img.a.transfermarkt.technology/portrait/header/232418-1716967836.jpg?lm=1,28,27,2395,26.6,0.04,0.11,0.15,1,0.04,-0.0,0.0,1.1,0.04,0.12,0.86,-0.1,0.94,0.19,0.04,20.0,4.4,0.98,943,35.44,78.3,3.8,0.9,0.26,0.0,0.56,3.34,46,1.73,1.16,1.13,0.15,0.15,55.16,25,0.94,26.64,1.99,0.83,1.92,0.0,0.0,7.06,45.5,59.5,14,0.53,48.3,0.45,0.04,0.0,0.0,0.0,0.0,0.0,0.0,0.0,0.0,0.0,0.0,0.0,0.0,0.0,0.0,0.0,0.0
Jonathan Clauss,France,32.0,1992.0,Right-Back,178.0,2026-06-30,FR1,Olympique Gymnaste Club Nice Côte d'Azur,6000000.0,69,90,90,70,100,33,57,75,18,33,80,46,0,0,18,0,59,0,61,https://img.a.transfermarkt.technology/portrait/header/175639-1739971203.jpg?lm=1,28,27,2303,25.6,0.12,0.31,0.43,3,0.12,0.03,0.0,2.2,0.09,0.3,2.07,0.3,1.02,0.31,0.12,30.8,4.1,6.25,1006,39.31,71.9,2.74,1.84,0.55,0.0,0.12,7.43,52,2.03,1.88,2.66,0.12,0.08,65.46,11,0.43,29.19,1.41,0.31,1.02,0.04,0.0,4.46,50.0,39.3,16,0.63,59.3,0.27,0.0,0.0,0.0,0.0,0.0,0.0,0.0,0.0,0.0,0.0,0.0,0.0,0.0,0.0,0.0,0.0,0.0
Kiko Femenía,Spain,34.0,1991.0,Right-Back,174.0,2025-06-30,ES1,Villarreal Club de Fútbol S.A.D.,1200000.0,48,21,10,76,27,85,75,76,22,34,0,4,0,0,19,0,89,0,4,https://img.a.transfermarkt.technology/portrait/header/76467-1726231817.jpg?lm=1,28,27,2227,24.7,0.0,0.04,0.04,0,0.0,-0.02,0.0,0.4,0.02,0.05,2.1,-0.3,0.12,0.0,0.0,0.0,4.53,1.78,1339,54.11,88.9,4.36,0.97,0.57,0.0,0.32,1.9,50,2.02,1.62,2.51,0.12,0.0,69.11,17,0.69,36.45,0.89,0.4,0.85,0.0,0.0,4.12,57.9,70.8,5,0.2,29.4,0.28,0.0,0.0,0.0,0.0,0.0,0.0,0.0,0.0,0.0,0.0,0.0,0.0,0.0,0.0,0.0,0.0,0.0
Alieu Fadera,The Gambia,23.0,2001.0,Left Winger,182.0,2028-06-30,IT1,Calcio Como,5000000.0,32,13,10,38,65,43,67,96,65,12,75,60,0,0,48,0,51,0,65,https://img.a.transfermarkt.technology/portrait/header/749552-1714038401.png?lm=1,28,20,1644,18.3,0.05,0.16,0.22,1,0.05,-0.04,0.0,1.7,0.09,0.22,4.05,-1.0,1.53,0.49,0.04,32.1,1.97,8.76,441,24.14,74.6,0.77,1.31,0.27,0.0,0.16,2.14,64,3.5,0.66,0.55,0.0,0.33,46.2,26,1.42,29.78,2.24,1.81,2.19,0.0,0.0,5.2,44.4,38.2,11,0.6,42.3,0.11,0.05,0.0,0.0,0.0,0.0,0.0,0.0,0.0,0.0,0.0,0.0,0.0,0.0,0.0,0.0,0.0,0.0
Karol Linetty,Poland,30.0,1995.0,Central Midfield,175.0,2025-06-30,IT1,Torino Calcio,2500000.0,27,34,42,11,17,17,22,45,55,17,0,19,0,0,38,0,42,0,21,https://img.a.transfermarkt.technology/portrait/header/225873-1663596553.jpg?lm=1,28,18,1540,17.1,0.06,0.0,0.06,1,0.06,-0.01,0.0,1.1,0.06,0.05,1.05,-0.9,0.99,0.23,0.06,23.5,2.75,1.11,478,27.94,84.6,2.63,0.58,0.06,0.0,0.18,0.23,39,2.28,0.7,1.81,0.06,0.0,42.78,7,0.41,23.2,0.99,0.53,2.28,0.0,0.0,3.68,48.8,33.3,8,0.47,36.4,0.35,0.0,0.0,0.0,0.0,0.0,0.0,0.0,0.0,0.0,0.0,0.0,0.0,0.0,0.0,0.0,0.0,0.0
Domagoj Bradarić,Croatia,25.0,1999.0,Left-Back,178.0,2025-06-30,IT1,Verona Hellas Football Club,4000000.0,36,52,64,5,55,55,9,35,46,32,50,36,0,0,51,0,10,0,32,https://img.a.transfermarkt.technology/portrait/header/357796-1730186706.jpg?lm=1,28,24,1933,21.5,0.05,0.0,0.05,1,0.05,0.01,0.0,0.8,0.04,0.1,1.4,-2.2,0.42,0.19,0.11,44.4,2.14,3.86,565,26.31,72.4,1.3,0.74,0.47,0.0,0.23,3.63,36,1.68,0.7,2.28,0.05,0.05,45.95,15,0.7,19.83,1.4,0.51,0.98,0.0,0.0,3.72,62.1,40.5,16,0.74,43.2,0.28,0.0,0.0,0.0,0.0,0.0,0.0,0.0,0.0,0.0,0.0,0.0,0.0,0.0,0.0,0.0,0.0,0.0
Yves Bissouma,Mali,28.0,1996.0,Defensive Midfield,182.0,2026-06-30,GB1,Tottenham Hotspur Football Club,28000000.0,39,42,87,46,13,31,59,71,3,8,0,20,0,0,1,0,65,0,28,https://img.a.transfermarkt.technology/portrait/header/410425-1665607355.jpg?lm=1,28,16,1408,15.6,0.13,0.0,0.13,2,0.13,0.09,0.0,0.6,0.04,0.02,0.96,-0.3,0.7,0.26,0.18,36.4,4.79,0.19,754,48.2,88.5,3.9,0.64,0.06,0.0,0.13,0.13,49,3.13,1.15,2.56,0.26,0.0,66.35,7,0.45,38.74,1.6,0.96,1.79,0.0,0.13,5.43,55.9,33.3,7,0.45,50.0,0.45,0.0,0.0,0.0,0.0,0.0,0.0,0.0,0.0,0.0,0.0,0.0,0.0,0.0,0.0,0.0,0.0,0.0
Nicolò Savona,Italy,22.0,2003.0,Right-Back,192.0,2029-06-30,IT1,Juventus Football Club,14000000.0,39,36,86,55,33,43,76,16,98,45,0,12,0,0,83,0,86,0,11,https://img.a.transfermarkt.technology/portrait/header/708072-1730125797.jpg?lm=1,28,19,1724,19.2,0.1,0.05,0.16,2,0.1,0.08,0.0,0.5,0.03,0.06,1.83,-0.2,0.31,0.21,0.33,66.7,3.08,2.3,982,51.26,89.5,3.24,0.63,0.47,0.0,0.1,1.77,30,1.57,0.57,1.98,0.0,0.0,64.0,6,0.31,40.61,0.47,0.21,0.68,0.0,0.0,3.76,53.8,54.5,9,0.47,33.3,0.26,0.0,0.0,0.0,0.0,0.0,0.0,0.0,0.0,0.0,0.0,0.0,0.0,0.0,0.0,0.0,0.0,0.0
Phil Foden,England,24.0,2000.0,Right Winger,171.0,2027-06-30,GB1,Manchester City Football Club,130000000.0,61,74,81,91,72,10,67,23,31,88,34,12,0,0,38,0,96,0,19,https://img.a.transfermarkt.technology/portrait/header/406635-1668524492.jpg?lm=1,28,20,1777,19.7,0.35,0.1,0.46,7,0.35,0.09,0.0,5.2,0.26,0.24,2.53,-2.8,2.73,0.81,0.13,29.6,5.22,6.48,790,40.01,84.0,2.08,1.98,0.3,0.0,0.1,4.05,13,0.66,0.46,0.35,0.05,0.15,57.64,14,0.71,36.47,1.82,1.57,0.25,0.0,0.0,3.09,38.9,32.6,3,0.15,25.0,0.1,0.0,0.0,0.0,0.0,0.0,0.0,0.0,0.0,0.0,0.0,0.0,0.0,0.0,0.0,0.0,0.0,0.0
Djibril Sidibé,France,32.0,1992.0,Right-Back,183.0,2025-06-30,FR1,Toulouse Football Club,1200000.0,52,24,32,71,72,57,20,67,61,91,44,55,0,0,65,0,72,0,72,https://img.a.transfermarkt.technology/portrait/header/161869-1604261378.jpg?lm=1,28,24,2101,23.3,0.0,0.13,0.13,0,0.0,-0.02,0.0,0.4,0.02,0.12,0.69,0.1,0.21,0.04,0.0,20.0,5.18,2.14,1018,43.61,79.7,3.81,1.29,0.51,0.0,0.17,1.93,65,2.78,0.86,2.74,0.04,0.04,63.18,11,0.47,35.0,1.03,0.39,0.86,0.0,0.0,4.24,62.0,57.9,17,0.73,63.0,0.04,0.0,0.0,0.0,0.0,0.0,0.0,0.0,0.0,0.0,0.0,0.0,0.0,0.0,0.0,0.0,0.0,0.0
Rico Lewis,England,20.0,2004.0,Right-Back,170.0,2028-06-30,GB1,Manchester City Football Club,40000000.0,47,75,60,87,4,39,78,27,42,26,50,5,0,0,46,0,95,0,5,https://img.a.transfermarkt.technology/portrait/header/701057-1684856684.jpg?lm=1,28,21,1893,21.0,0.05,0.1,0.14,1,0.05,-0.02,0.0,1.4,0.07,0.01,1.85,1.7,0.48,0.1,0.1,20.0,5.09,3.71,1201,57.1,91.5,4.37,0.67,0.0,0.0,0.0,0.29,30,1.43,0.62,2.14,0.05,0.05,70.22,9,0.43,41.13,0.95,0.9,0.57,0.0,0.0,4.52,61.9,42.9,6,0.29,30.0,0.24,0.05,0.0,0.0,0.0,0.0,0.0,0.0,0.0,0.0,0.0,0.0,0.0,0.0,0.0,0.0,0.0,0.0
Nick Woltemade,Germany,23.0,2002.0,Second Striker,198.0,2028-06-30,L1,Verein für Bewegungsspiele Stuttgart 1893,17000000.0,72,76,84,84,94,95,80,50,6,10,50,68,0,0,9,0,77,0,59,https://img.a.transfermarkt.technology/portrait/header/455661-1723707419.jpg?lm=1,28,17,1622,18.0,0.67,0.11,0.78,10,0.55,0.1,0.11,8.0,0.44,0.26,1.72,-2.6,2.55,1.28,0.22,50.0,2.89,7.82,345,19.14,70.6,1.72,1.28,0.0,0.0,0.11,0.33,10,0.55,0.06,0.83,0.06,0.17,43.72,31,1.72,26.08,4.66,2.77,1.33,0.0,0.0,2.94,60.0,43.7,47,2.61,43.1,0.28,0.06,0.0,0.0,0.0,0.0,0.0,0.0,0.0,0.0,0.0,0.0,0.0,0.0,0.0,0.0,0.0,0.0
Étienne Youté Kinkoué,France,23.0,2002.0,Centre-Back,196.0,2026-06-30,FR1,Le Havre Athletic Club,8000000.0,29,67,4,32,28,70,35,26,38,49,0,12,0,0,16,0,54,0,22,https://img.a.transfermarkt.technology/portrait/header/639712-1732894435.jpg?lm=1,28,26,2320,25.8,0.0,0.0,0.0,0,0.0,-0.05,0.0,1.3,0.05,0.01,0.47,-0.2,0.54,0.04,0.0,7.1,2.44,0.16,1124,43.6,89.1,2.41,0.12,0.04,0.0,0.19,0.08,19,0.74,1.12,6.13,0.12,0.0,59.9,2,0.08,33.4,0.23,0.04,0.54,0.0,0.08,2.52,65.0,100.0,26,1.01,55.3,0.16,0.04,0.0,0.0,0.0,0.0,0.0,0.0,0.0,0.0,0.0,0.0,0.0,0.0,0.0,0.0,0.0,0.0
Anass Zaroury,Morocco,24.0,2000.0,Attacking Midfield,176.0,2028-06-30,FR1,Racing Club de Lens,8000000.0,38,21,35,51,70,51,80,31,91,16,71,16,0,0,63,0,14,0,25,https://img.a.transfermarkt.technology/portrait/header/491296-1626771045.jpg?lm=1,28,16,1405,15.6,0.13,0.13,0.26,2,0.13,0.02,0.0,1.7,0.11,0.19,3.14,-0.9,2.24,0.77,0.06,34.3,4.16,6.85,506,32.41,67.8,2.5,2.18,0.83,0.0,0.32,8.01,23,1.47,0.38,0.96,0.0,0.19,57.2,17,1.09,34.65,1.73,0.9,0.83,0.06,0.0,3.78,34.6,48.6,2,0.13,28.6,0.19,0.06,0.0,0.0,0.0,0.0,0.0,0.0,0.0,0.0,0.0,0.0,0.0,0.0,0.0,0.0,0.0,0.0
Anthony Jung,Germany,33.0,1991.0,Centre-Back,186.0,2025-06-30,L1,Sportverein Werder Bremen von 1899,1000000.0,55,1,28,90,16,85,83,57,65,90,0,42,0,0,49,0,79,0,53,https://img.a.transfermarkt.technology/portrait/header/58995-1660208184.jpg?lm=1,28,20,1898,21.1,0.0,0.0,0.0,0,0.0,0.0,0.0,0.0,0.0,0.0,0.95,-0.1,0.05,0.0,0.0,0.0,5.74,0.28,1354,64.2,89.6,4.74,0.28,0.05,0.0,0.0,0.19,34,1.61,1.19,3.65,0.05,0.0,80.37,7,0.33,49.5,0.62,0.09,0.43,0.0,0.09,3.84,64.7,77.8,34,1.61,63.0,0.05,0.0,0.0,0.0,0.0,0.0,0.0,0.0,0.0,0.0,0.0,0.0,0.0,0.0,0.0,0.0,0.0,0.0
Dani de Wit,Netherlands,27.0,1998.0,Attacking Midfield,184.0,2028-06-30,L1,Verein für Leibesübungen Bochum 1848 Fußballgemeinschaft,3000000.0,28,32,38,6,3,1,2,93,48,53,85,99,0,0,24,0,10,0,99,https://img.a.transfermarkt.technology/portrait/header/340459-1721851359.jpg?lm=1,28,11,1153,12.8,0.16,0.08,0.23,2,0.16,-0.01,0.0,2.1,0.16,0.04,0.39,0.5,1.56,0.55,0.1,35.0,2.58,2.89,296,23.1,72.0,1.87,0.39,0.16,0.0,0.0,0.62,29,2.26,0.94,1.8,0.08,0.16,43.56,1,0.08,19.05,0.86,0.23,1.87,0.16,0.0,2.81,58.1,12.5,41,3.2,46.1,0.08,0.0,0.0,0.0,0.0,0.0,0.0,0.0,0.0,0.0,0.0,0.0,0.0,0.0,0.0,0.0,0.0,0.0
Igor Zubeldia,Spain,28.0,1997.0,Centre-Back,181.0,2029-06-30,ES1,Real Sociedad de Fútbol S.A.D.,18000000.0,43,35,40,63,51,88,72,26,54,14,0,55,0,0,31,0,55,0,20,https://img.a.transfermarkt.technology/portrait/header/355628-1664974849.jpg?lm=1,28,27,2269,25.2,0.0,0.0,0.0,0,0.0,-0.02,0.0,0.6,0.02,0.02,0.87,-0.4,0.48,0.16,0.0,33.3,4.01,0.12,1281,50.81,86.4,3.69,0.24,0.0,0.0,0.48,0.04,34,1.35,1.23,3.97,0.08,0.0,68.7,6,0.24,41.09,0.32,0.04,1.51,0.0,0.04,3.41,53.8,100.0,65,2.58,44.8,0.24,0.04,0.0,0.0,0.0,0.0,0.0,0.0,0.0,0.0,0.0,0.0,0.0,0.0,0.0,0.0,0.0,0.0
Modibo Sagnan,Mali,26.0,1999.0,Centre-Back,187.0,2028-06-30,FR1,Montpellier Hérault Sport Club,3000000.0,44,41,85,21,64,93,31,75,5,8,77,20,0,0,3,0,61,0,16,https://img.a.transfermarkt.technology/portrait/header/524925-1548769689.jpg?lm=1,27,24,2141,23.8,0.08,0.0,0.08,2,0.08,0.05,0.0,0.7,0.03,0.03,0.55,-0.6,0.46,0.13,0.18,27.3,2.14,0.13,857,36.03,88.6,1.89,0.13,0.0,0.0,0.5,0.04,57,2.4,1.22,4.62,0.21,0.04,51.45,13,0.55,27.62,0.34,0.38,1.39,0.0,0.04,3.78,59.1,65.0,37,1.56,48.7,0.42,0.0,0.0,0.0,0.0,0.0,0.0,0.0,0.0,0.0,0.0,0.0,0.0,0.0,0.0,0.0,0.0,0.0
Mamadou Sarr,France,19.0,2005.0,Centre-Back,194.0,2029-06-30,FR1,Racing Club de Strasbourg Alsace,15000000.0,35,40,8,43,43,74,51,39,25,57,0,11,0,0,28,0,81,0,14,https://img.a.transfermarkt.technology/portrait/header/910905-1732575264.png?lm=1,27,27,2365,26.3,0.0,0.04,0.04,0,0.0,-0.03,0.0,0.8,0.03,0.01,0.27,0.7,0.19,0.0,0.0,0.0,1.98,0.04,1593,60.62,93.8,2.28,0.04,0.04,0.0,0.08,0.04,37,1.41,0.95,4.45,0.11,0.0,74.32,10,0.38,47.23,0.61,0.38,1.1,0.0,0.04,3.73,66.7,52.6,30,1.14,50.8,0.15,0.0,0.0,0.0,0.0,0.0,0.0,0.0,0.0,0.0,0.0,0.0,0.0,0.0,0.0,0.0,0.0,0.0
Ferran Torres,Spain,25.0,2000.0,Right Winger,184.0,2027-06-30,ES1,Futbol Club Barcelona,28000000.0,66,98,97,46,83,47,12,14,85,36,57,41,0,0,53,0,61,0,45,https://img.a.transfermarkt.technology/portrait/header/398184-1699383547.jpg?lm=1,27,12,1106,12.3,0.81,0.49,1.3,10,0.81,0.16,0.0,8.0,0.65,0.25,1.87,2.9,3.91,1.79,0.21,45.8,2.85,7.97,267,21.73,74.2,1.38,1.46,0.16,0.0,0.16,1.38,8,0.65,0.33,0.41,0.0,0.24,40.52,11,0.9,23.68,2.28,1.06,0.41,0.0,0.0,2.2,37.5,52.4,5,0.41,35.7,0.08,0.08,0.0,0.0,0.0,0.0,0.0,0.0,0.0,0.0,0.0,0.0,0.0,0.0,0.0,0.0,0.0,0.0
Caio Henrique,Brazil,27.0,1997.0,Left-Back,178.0,2027-06-30,FR1,Association sportive de Monaco Football Club,15000000.0,57,11,41,83,96,85,87,36,84,78,87,29,0,0,91,0,63,0,32,https://img.a.transfermarkt.technology/portrait/header/420064-1614091193.jpg?lm=1,27,21,1929,21.4,0.0,0.28,0.28,0,0.0,-0.01,0.0,0.2,0.01,0.23,2.66,1.0,0.19,0.05,0.0,25.0,4.76,6.63,1025,47.82,74.1,3.92,1.77,0.56,0.0,0.14,5.88,37,1.73,1.03,2.75,0.0,0.14,73.3,14,0.65,36.72,1.21,0.33,0.75,0.0,0.0,5.13,52.3,73.7,13,0.61,44.8,0.14,0.0,0.0,0.0,0.0,0.0,0.0,0.0,0.0,0.0,0.0,0.0,0.0,0.0,0.0,0.0,0.0,0.0
Portu,Spain,33.0,1992.0,Right Winger,167.0,2027-06-30,ES1,Girona Fútbol Club S. A. D.,2500000.0,22,18,18,27,61,13,8,59,100,5,0,86,0,0,51,0,34,0,81,https://img.a.transfermarkt.technology/portrait/header/99353-1669365520.jpg?lm=1,27,6,779,8.7,0.12,0.23,0.35,1,0.12,-0.07,0.0,1.6,0.18,0.2,2.31,0.3,0.92,0.35,0.13,37.5,1.85,9.13,169,19.53,71.3,1.39,0.81,0.35,0.0,0.0,3.0,13,1.5,0.0,0.23,0.0,0.0,34.78,4,0.46,19.41,1.27,0.35,1.62,0.0,0.0,2.77,70.0,40.0,10,1.16,45.5,0.46,0.0,0.0,0.0,0.0,0.0,0.0,0.0,0.0,0.0,0.0,0.0,0.0,0.0,0.0,0.0,0.0,0.0
Min-jae Kim,"Korea, South",28.0,1996.0,Centre-Back,190.0,2028-06-30,L1,FC Bayern München,45000000.0,67,78,86,98,41,37,88,48,14,83,77,90,0,0,21,0,95,0,87,https://img.a.transfermarkt.technology/portrait/header/503482-1700208062.jpg?lm=1,27,27,2283,25.4,0.08,0.0,0.08,2,0.08,0.02,0.0,1.6,0.06,0.01,0.63,-0.3,0.28,0.2,0.29,71.4,7.14,0.2,2340,92.25,92.5,9.3,0.08,0.0,0.0,0.2,0.0,35,1.38,1.46,3.59,0.16,0.04,108.96,3,0.12,64.81,0.55,0.2,0.99,0.0,0.0,6.03,52.4,60.0,82,3.23,65.6,0.08,0.0,0.0,0.0,0.0,0.0,0.0,0.0,0.0,0.0,0.0,0.0,0.0,0.0,0.0,0.0,0.0,0.0
João Félix,Portugal,25.0,1999.0,Second Striker,181.0,2025-06-30,IT1,Associazione Calcio Milan,25000000.0,57,58,27,97,82,98,98,82,88,23,82,38,0,0,51,0,98,0,56,https://img.a.transfermarkt.technology/portrait/header/462250-1668165358.jpg?lm=1,27,11,1129,12.5,0.24,0.08,0.32,3,0.24,-0.15,0.0,4.9,0.39,0.18,3.27,-1.2,3.91,1.04,0.06,26.6,5.26,6.86,417,33.24,83.42,4.22,1.51,0.0,0.0,0.24,0.4,14,1.12,0.32,0.88,0.0,0.32,54.21,25,1.99,37.31,1.75,1.04,1.43,0.0,0.0,4.15,44.03,38.66,11,0.88,47.96,0.4,0.0,0.0,0.0,0.0,0.0,0.0,0.0,0.0,0.0,0.0,0.0,0.0,0.0,0.0,0.0,0.0,0.0
Jean-Clair Todibo,France,25.0,1999.0,Centre-Back,190.0,2025-06-30,GB1,West Ham United Football Club,28000000.0,45,21,14,24,7,77,42,88,11,74,0,17,0,0,25,0,33,0,19,https://img.a.transfermarkt.technology/portrait/header/605184-1699439806.jpg?lm=1,27,20,1825,20.3,0.0,0.0,0.0,0,0.0,-0.02,0.0,0.4,0.02,0.0,0.44,0.0,0.25,0.0,0.0,0.0,1.87,0.25,949,46.8,87.9,2.17,0.05,0.0,0.0,0.2,0.15,47,2.32,1.28,4.09,0.15,0.0,63.81,8,0.39,37.38,0.69,0.54,0.79,0.0,0.0,3.9,72.2,53.3,28,1.38,51.9,0.15,0.0,0.0,0.0,0.0,0.0,0.0,0.0,0.0,0.0,0.0,0.0,0.0,0.0,0.0,0.0,0.0,0.0
Leo Østigård,Norway,25.0,1999.0,Centre-Back,183.0,2025-06-30,L1,Turn- und Sportgemeinschaft 1899 Hoffenheim Fußball-Spielbetriebs,7000000.0,52,54,61,57,31,39,17,55,75,21,0,99,0,0,57,0,34,0,98,https://img.a.transfermarkt.technology/portrait/header/367284-1708552959.jpg?lm=1,27,25,2154,23.9,0.04,0.0,0.04,1,0.04,0.0,0.0,1.0,0.04,0.01,0.13,-0.3,0.46,0.08,0.09,33.3,4.22,0.08,1160,48.47,84.42,3.34,0.13,0.04,0.0,0.21,0.08,29,1.21,1.0,8.02,0.04,0.0,70.82,3,0.13,34.85,0.33,0.08,1.55,0.0,0.04,3.97,67.73,61.13,107,4.47,67.35,0.17,0.04,0.0,0.0,0.0,0.0,0.0,0.0,0.0,0.0,0.0,0.0,0.0,0.0,0.0,0.0,0.0,0.0
Philipp Sander,Germany,27.0,1998.0,Central Midfield,186.0,2028-06-30,L1,Borussia Verein für Leibesübungen 1900 Mönchengladbach,4000000.0,45,42,46,28,12,65,38,73,6,84,0,96,0,0,5,0,27,0,96,https://img.a.transfermarkt.technology/portrait/header/388409-1706105305.jpg?lm=1,27,16,1400,15.6,0.06,0.0,0.06,1,0.06,-0.01,0.0,1.2,0.08,0.04,1.03,-0.6,1.16,0.45,0.06,38.9,3.86,1.86,610,39.21,80.9,3.21,0.45,0.26,0.0,0.13,1.41,33,2.12,1.48,2.83,0.19,0.0,59.21,11,0.71,30.41,1.03,0.45,1.03,0.0,0.0,5.27,43.5,61.1,32,2.06,62.7,0.13,0.0,0.0,0.0,0.0,0.0,0.0,0.0,0.0,0.0,0.0,0.0,0.0,0.0,0.0,0.0,0.0,0.0
Lukasz Skorupski,Poland,34.0,1991.0,Goalkeeper,188.0,2026-06-30,IT1,Bologna Football Club 1909,2500000.0,25,0,0,67,49,79,95,69,58,43,0,9,49,21,40,31,50,35,65,https://img.a.transfermarkt.technology/portrait/header/80894-1724827036.jpg?lm=1,27,27,2364,26.3,0.0,0.0,0.0,0,0.0,0.0,0.0,0.0,0.0,0.0,0.0,0.0,0.0,0.0,0.0,0.0,0.0,0.0,862,32.82,78.0,0.65,0.0,0.0,13.0,0.0,0.0,1,0.04,0.0,0.49,0.08,0.0,43.97,1,0.04,29.62,0.0,0.0,0.04,0.0,0.04,1.79,33.3,100.0,2,0.08,66.7,0.04,0.0,1.26,3.12,1.9,1.09,-2.3,-0.09,0.0,0.04,4.3,0.69,61.0,29.6,31.6,27.9,8.4,0.88
Nathan Tella,Nigeria,25.0,1999.0,Right Midfield,173.0,2028-06-30,L1,Bayer 04 Leverkusen Fußball,18000000.0,37,89,71,18,29,71,21,4,43,64,75,43,0,0,82,0,21,0,18,https://img.a.transfermarkt.technology/portrait/header/340322-1727377772.jpg?lm=1,27,17,1359,15.1,0.13,0.26,0.4,2,0.13,-0.07,0.0,3.1,0.21,0.1,2.52,2.5,1.85,0.66,0.07,35.7,1.46,8.61,256,16.95,74.6,0.99,0.66,0.13,0.0,0.07,1.66,16,1.06,0.26,0.66,0.0,0.13,35.03,19,1.26,20.4,2.58,1.06,1.46,0.0,0.0,2.45,38.5,37.3,11,0.73,30.6,0.07,0.0,0.0,0.0,0.0,0.0,0.0,0.0,0.0,0.0,0.0,0.0,0.0,0.0,0.0,0.0,0.0,0.0
Rassoul Ndiaye,Senegal,23.0,2001.0,Defensive Midfield,179.0,2026-06-30,FR1,Le Havre Athletic Club,2500000.0,41,93,69,33,47,11,11,37,86,82,90,33,0,0,95,0,4,0,16,https://img.a.transfermarkt.technology/portrait/header/662242-1654095080.jpg?lm=1,27,11,1061,11.8,0.08,0.0,0.08,1,0.08,-0.06,0.0,1.7,0.14,0.05,0.51,-0.6,1.53,0.42,0.06,27.8,3.9,2.54,325,27.57,73.7,2.54,0.76,0.25,0.0,0.17,2.71,35,2.97,1.02,2.04,0.0,0.08,49.03,3,0.25,22.14,1.27,0.34,1.02,0.08,0.0,5.6,44.0,25.0,13,1.1,38.2,0.17,0.0,0.0,0.0,0.0,0.0,0.0,0.0,0.0,0.0,0.0,0.0,0.0,0.0,0.0,0.0,0.0,0.0
Enzo Tchato,Cameroon,22.0,2002.0,Right-Back,182.0,2027-06-30,FR1,Montpellier Hérault Sport Club,2500000.0,41,5,48,30,38,27,46,59,95,71,0,60,0,0,89,0,21,0,73,https://img.a.transfermarkt.technology/portrait/header/842338-1702665627.JPG?lm=1,27,21,1899,21.1,0.0,0.0,0.0,0,0.0,-0.0,0.0,0.1,0.0,0.07,2.09,-1.5,0.19,0.09,0.0,50.0,2.94,4.5,757,35.88,75.0,2.18,0.62,0.57,0.0,0.0,3.65,48,2.27,1.04,2.8,0.0,0.0,57.06,6,0.28,25.21,0.76,0.24,1.0,0.0,0.0,2.84,59.1,42.9,19,0.9,61.3,0.14,0.0,0.0,0.0,0.0,0.0,0.0,0.0,0.0,0.0,0.0,0.0,0.0,0.0,0.0,0.0,0.0,0.0
Leopold Querfeld,Austria,21.0,2003.0,Centre-Back,190.0,,L1,1. Fußballclub Union Berlin,7000000.0,50,69,88,18,89,23,8,60,45,13,83,85,0,0,25,0,20,0,61,https://img.a.transfermarkt.technology/portrait/header/597432-1726351317.jpg?lm=1,27,17,1747,19.4,0.1,0.1,0.21,2,0.1,0.05,0.0,1.1,0.06,0.05,0.15,1.0,0.82,0.21,0.13,25.0,2.52,0.26,648,33.38,80.8,2.73,0.26,0.0,0.0,0.62,0.0,25,1.29,0.98,7.42,0.1,0.05,54.92,3,0.15,27.36,0.26,0.1,1.03,0.0,0.05,3.4,72.2,33.3,65,3.35,54.6,0.41,0.0,0.0,0.0,0.0,0.0,0.0,0.0,0.0,0.0,0.0,0.0,0.0,0.0,0.0,0.0,0.0,0.0
Bryan Zaragoza,Spain,24.0,2001.0,Left Winger,164.0,2025-06-30,ES1,Club Atlético Osasuna,12000000.0,39,33,9,22,52,93,73,4,94,43,59,6,0,0,69,0,10,0,7,https://img.a.transfermarkt.technology/portrait/header/713644-1714503809.jpg?lm=1,27,22,1836,20.4,0.05,0.29,0.34,1,0.05,-0.08,0.0,2.7,0.13,0.16,5.15,2.8,2.06,0.64,0.02,31.0,2.45,6.86,358,17.55,64.6,1.13,1.67,0.98,0.0,0.25,5.1,13,0.64,0.2,0.39,0.0,0.25,38.33,57,2.79,26.67,2.01,0.74,0.93,0.0,0.0,2.7,28.6,43.5,2,0.1,16.7,0.2,0.0,0.0,0.0,0.0,0.0,0.0,0.0,0.0,0.0,0.0,0.0,0.0,0.0,0.0,0.0,0.0,0.0
Abdallah Sima,Senegal,23.0,2001.0,Left Winger,188.0,2025-06-30,FR1,Stade brestois 29,10000000.0,52,88,90,8,8,1,17,13,46,46,51,98,0,0,68,0,16,0,97,https://img.a.transfermarkt.technology/portrait/header/776798-1672669896.jpg?lm=1,27,14,1238,13.8,0.51,0.15,0.65,7,0.51,0.08,0.0,5.9,0.43,0.07,2.62,1.0,2.69,1.31,0.19,48.6,1.74,6.69,231,16.79,69.6,0.95,0.44,0.07,0.0,0.07,1.16,15,1.09,0.07,0.65,0.0,0.22,37.08,6,0.44,21.74,3.85,1.6,1.16,0.0,0.0,4.43,36.4,26.1,41,2.98,48.2,0.15,0.0,0.0,0.0,0.0,0.0,0.0,0.0,0.0,0.0,0.0,0.0,0.0,0.0,0.0,0.0,0.0,0.0
Viktor Tsygankov,Ukraine,27.0,1997.0,Right Winger,178.0,2027-06-30,ES1,Girona Fútbol Club S. A. D.,22000000.0,36,29,22,65,55,25,55,62,38,86,63,37,0,0,36,0,51,0,41,https://img.a.transfermarkt.technology/portrait/header/264372-1715881945.jpg?lm=1,27,23,1913,21.3,0.09,0.24,0.33,2,0.09,-0.04,0.0,2.8,0.13,0.18,2.92,1.1,1.65,0.42,0.06,25.7,3.06,9.22,646,30.39,74.2,1.79,1.13,0.28,0.0,0.05,5.83,19,0.89,0.71,0.75,0.05,0.19,50.06,15,0.71,30.58,1.51,1.18,0.66,0.05,0.0,3.25,47.4,42.9,9,0.42,33.3,0.05,0.0,0.0,0.0,0.0,0.0,0.0,0.0,0.0,0.0,0.0,0.0,0.0,0.0,0.0,0.0,0.0,0.0
Deniz Undav,Germany,28.0,1996.0,Centre-Forward,179.0,2027-06-30,L1,Verein für Bewegungsspiele Stuttgart 1893,22000000.0,74,93,74,91,87,37,76,9,59,46,0,32,0,0,66,0,83,0,38,https://img.a.transfermarkt.technology/portrait/header/339314-1691999036.jpg?lm=1,27,20,1726,19.2,0.47,0.16,0.63,9,0.47,-0.14,0.0,11.7,0.61,0.19,1.62,-0.6,3.91,1.62,0.12,41.3,3.65,7.35,431,22.47,73.2,1.98,1.41,0.1,0.0,0.26,0.57,11,0.57,0.16,0.52,0.0,0.0,41.56,10,0.52,24.46,2.66,1.46,1.3,0.0,0.0,2.5,5.9,41.7,21,1.1,40.4,0.21,0.0,0.0,0.0,0.0,0.0,0.0,0.0,0.0,0.0,0.0,0.0,0.0,0.0,0.0,0.0,0.0,0.0
Rabby Nzingoula,France,19.0,2005.0,Defensive Midfield,183.0,2025-06-30,FR1,Montpellier Hérault Sport Club,2500000.0,52,59,63,2,73,97,58,74,58,7,100,35,0,0,78,0,10,0,27,https://img.a.transfermarkt.technology/portrait/header/1068110-1716939175.jpg?lm=1,27,20,1689,18.8,0.05,0.0,0.05,1,0.05,0.0,0.0,1.0,0.05,0.09,1.33,-1.6,1.01,0.32,0.05,31.6,2.13,2.02,454,24.19,76.7,1.71,0.32,0.0,0.0,0.11,0.85,64,3.41,1.55,1.23,0.0,0.32,45.29,25,1.33,24.19,1.76,1.23,1.97,0.0,0.0,5.28,46.6,48.1,17,0.91,45.9,0.59,0.0,0.0,0.0,0.0,0.0,0.0,0.0,0.0,0.0,0.0,0.0,0.0,0.0,0.0,0.0,0.0,0.0
Dominic Solanke,England,27.0,1997.0,Centre-Forward,186.0,2030-06-30,GB1,Tottenham Hotspur Football Club,45000000.0,66,82,64,31,57,43,38,13,39,81,19,52,0,0,80,0,53,0,53,https://img.a.transfermarkt.technology/portrait/header/258889-1708340487.jpg?lm=1,27,25,2201,24.5,0.37,0.12,0.49,8,0.33,-0.08,0.04,10.1,0.41,0.12,1.27,0.1,2.41,0.98,0.14,40.7,1.92,3.6,255,10.43,70.6,1.14,0.37,0.0,0.0,0.04,0.16,18,0.74,0.04,0.94,0.0,0.08,26.82,17,0.7,15.7,2.82,2.0,1.47,0.0,0.0,1.55,25.0,32.7,46,1.88,43.4,0.0,0.0,0.0,0.0,0.0,0.0,0.0,0.0,0.0,0.0,0.0,0.0,0.0,0.0,0.0,0.0,0.0,0.0
Matías Soulé,Argentina,22.0,2003.0,Right Winger,182.0,2029-06-30,IT1,Associazione Sportiva Roma,22000000.0,51,40,65,91,82,46,89,58,58,65,22,48,0,0,86,0,92,0,53,https://img.a.transfermarkt.technology/portrait/header/668951-1725529266.jpg?lm=1,27,22,1781,19.8,0.25,0.25,0.51,5,0.25,0.1,0.0,3.0,0.15,0.26,4.19,-0.2,2.12,0.66,0.12,31.0,4.45,9.6,785,39.67,82.2,2.68,1.72,0.61,0.0,0.1,4.45,26,1.31,0.45,1.26,0.0,0.1,64.23,35,1.77,40.12,2.78,1.62,0.61,0.0,0.0,5.31,43.5,32.4,10,0.51,37.0,0.15,0.0,0.0,0.0,0.0,0.0,0.0,0.0,0.0,0.0,0.0,0.0,0.0,0.0,0.0,0.0,0.0,0.0
Amir Richardson,Morocco,23.0,2002.0,Central Midfield,197.0,2029-06-30,IT1,Associazione Calcio Fiorentina,9000000.0,37,33,49,48,23,79,68,31,30,6,44,84,0,0,24,0,65,0,79,https://img.a.transfermarkt.technology/portrait/header/893675-1725529481.jpg?lm=1,27,10,1099,12.2,0.08,0.08,0.16,1,0.08,0.01,0.0,0.9,0.07,0.05,1.56,0.4,0.9,0.41,0.09,45.5,3.85,2.54,538,44.06,87.6,3.77,0.49,0.08,0.0,0.16,0.41,30,2.46,0.49,2.37,0.08,0.08,61.26,11,0.9,36.93,1.56,0.82,2.54,0.0,0.0,4.18,42.9,57.9,19,1.56,54.3,0.49,0.0,0.0,0.0,0.0,0.0,0.0,0.0,0.0,0.0,0.0,0.0,0.0,0.0,0.0,0.0,0.0,0.0
Quentin Merlin,France,23.0,2002.0,Left-Back,174.0,2028-06-30,FR1,Olympique de Marseille,12000000.0,58,93,59,94,89,6,87,19,45,92,56,10,0,0,56,0,86,0,9,https://img.a.transfermarkt.technology/portrait/header/557613-1704213356.jpg?lm=1,27,21,1589,17.7,0.06,0.17,0.23,1,0.06,-0.06,0.0,2.1,0.12,0.17,2.27,0.0,1.47,0.51,0.04,34.6,4.87,9.57,943,53.41,82.4,3.23,1.53,0.51,0.0,0.23,5.38,22,1.25,0.79,0.96,0.06,0.06,73.4,4,0.23,41.46,1.13,0.51,0.62,0.0,0.0,3.91,56.3,21.1,7,0.4,31.8,0.06,0.0,0.0,0.0,0.0,0.0,0.0,0.0,0.0,0.0,0.0,0.0,0.0,0.0,0.0,0.0,0.0,0.0
Carles Pérez,Spain,27.0,1998.0,Right Winger,173.0,2025-06-30,ES1,Getafe Club de Fútbol S.A.D. Team Dubai,2500000.0,30,30,41,1,12,45,4,64,79,14,43,61,0,0,50,0,9,0,48,https://img.a.transfermarkt.technology/portrait/header/282810-1698852701.jpg?lm=1,27,15,1431,15.9,0.19,0.0,0.19,3,0.19,0.04,0.0,2.4,0.15,0.09,1.95,-1.5,2.14,0.57,0.09,26.5,1.26,4.84,226,14.21,67.3,1.07,0.88,0.5,0.0,0.0,2.64,33,2.08,0.38,1.38,0.0,0.19,34.65,21,1.32,18.74,2.33,1.26,2.77,0.0,0.0,3.14,43.8,42.0,13,0.82,32.5,0.13,0.0,0.0,0.0,0.0,0.0,0.0,0.0,0.0,0.0,0.0,0.0,0.0,0.0,0.0,0.0,0.0,0.0
Armindo Sieb,Germany,22.0,2003.0,Second Striker,175.0,2026-06-30,L1,1. Fußball- und Sportverein Mainz 05,4000000.0,35,29,22,66,68,78,90,42,24,37,33,42,0,0,55,0,52,0,37,https://img.a.transfermarkt.technology/portrait/header/569033-1722886149.jpg?lm=1,27,5,762,8.5,0.24,0.24,0.47,2,0.24,-0.09,0.0,2.8,0.33,0.13,3.31,0.9,3.43,0.83,0.07,24.1,2.13,7.56,136,16.06,69.7,1.42,0.94,0.24,0.0,0.0,0.71,10,1.18,0.12,0.83,0.0,0.12,39.33,11,1.3,21.73,3.9,2.95,1.54,0.0,0.0,3.43,30.0,30.6,15,1.77,37.5,0.24,0.0,0.0,0.0,0.0,0.0,0.0,0.0,0.0,0.0,0.0,0.0,0.0,0.0,0.0,0.0,0.0,0.0
Elvis Rexhbecaj,Kosovo,27.0,1997.0,Central Midfield,182.0,2026-06-30,L1,Fußball-Club Augsburg 1907,3500000.0,33,44,38,36,30,20,42,23,38,40,70,16,0,0,51,0,5,0,17,https://img.a.transfermarkt.technology/portrait/header/280575-1723534071.jpg?lm=1,27,22,1785,19.8,0.05,0.05,0.1,1,0.05,-0.02,0.0,1.4,0.07,0.06,1.56,-0.1,1.46,0.25,0.03,17.2,4.74,4.13,469,23.65,70.0,1.97,1.16,0.1,0.0,0.25,3.58,27,1.36,0.81,1.11,0.05,0.15,44.72,10,0.5,23.34,1.56,1.26,0.66,0.0,0.0,4.29,42.9,31.3,10,0.5,34.5,0.4,0.0,0.0,0.0,0.0,0.0,0.0,0.0,0.0,0.0,0.0,0.0,0.0,0.0,0.0,0.0,0.0,0.0
Eldor Shomurodov,Uzbekistan,29.0,1995.0,Centre-Forward,190.0,2026-06-30,IT1,Associazione Sportiva Roma,4000000.0,42,50,41,57,63,35,68,77,36,77,0,56,0,0,81,0,70,0,48,https://img.a.transfermarkt.technology/portrait/header/358166-1661514115.jpg?lm=1,27,11,1097,12.2,0.33,0.33,0.66,4,0.33,-0.06,0.0,4.7,0.39,0.11,1.64,2.7,2.38,1.07,0.14,44.8,1.8,5.09,215,17.64,75.2,0.82,0.57,0.0,0.0,0.16,0.49,14,1.15,0.25,0.41,0.0,0.0,36.59,8,0.66,20.1,4.02,1.56,1.15,0.0,0.0,2.95,50.0,28.6,26,2.13,40.6,0.08,0.0,0.0,0.0,0.0,0.0,0.0,0.0,0.0,0.0,0.0,0.0,0.0,0.0,0.0,0.0,0.0,0.0
Yann Bisseck,Germany,24.0,2000.0,Centre-Back,196.0,2029-06-30,IT1,Football Club Internazionale Milano S.p.A.,30000000.0,60,98,95,97,90,17,97,25,50,36,83,84,0,0,34,0,96,0,95,https://img.a.transfermarkt.technology/portrait/header/441986-1742497863.jpg?lm=1,27,17,1643,18.3,0.16,0.11,0.27,3,0.16,0.02,0.0,2.6,0.14,0.05,1.75,1.1,1.15,0.27,0.14,23.8,5.09,2.41,1179,64.58,91.8,4.22,0.38,0.05,0.0,0.05,0.44,17,0.93,0.93,3.51,0.05,0.05,80.25,3,0.16,54.67,0.88,0.38,0.88,0.0,0.11,3.62,68.8,20.0,47,2.57,75.8,0.22,0.0,0.0,0.0,0.0,0.0,0.0,0.0,0.0,0.0,0.0,0.0,0.0,0.0,0.0,0.0,0.0,0.0
Nicolas Viola,Italy,35.0,1989.0,Attacking Midfield,180.0,2025-06-30,IT1,Cagliari Calcio,1000000.0,33,33,52,14,40,18,17,3,76,51,66,89,0,0,77,0,1,0,88,https://img.a.transfermarkt.technology/portrait/header/85393-1692962279.jpg?lm=1,27,18,1267,14.1,0.21,0.07,0.28,3,0.21,0.06,0.0,2.2,0.16,0.13,1.49,-0.9,2.2,0.64,0.1,29.0,3.27,4.97,285,20.24,63.1,2.42,0.78,0.14,0.0,0.07,5.61,14,0.99,0.21,0.36,0.0,0.21,42.27,11,0.78,23.16,2.13,1.49,1.42,0.0,0.0,3.69,10.0,36.7,21,1.49,46.7,0.14,0.0,0.0,0.0,0.0,0.0,0.0,0.0,0.0,0.0,0.0,0.0,0.0,0.0,0.0,0.0,0.0,0.0
Brais Méndez,Spain,28.0,1997.0,Attacking Midfield,184.0,2028-06-30,ES1,Real Sociedad de Fútbol S.A.D.,28000000.0,46,62,50,69,39,11,43,42,23,17,30,73,0,0,27,0,50,0,63,https://img.a.transfermarkt.technology/portrait/header/309110-1665057568.jpg?lm=1,27,19,1531,17.0,0.18,0.12,0.29,3,0.18,-0.03,0.0,3.5,0.21,0.12,1.88,0.0,1.65,0.53,0.11,32.1,5.35,5.06,631,37.09,77.9,4.0,0.76,0.18,0.0,0.71,3.06,24,1.41,0.41,0.94,0.06,0.12,59.96,14,0.82,32.57,2.18,2.0,2.41,0.0,0.0,4.47,37.5,28.0,18,1.06,40.0,0.24,0.0,0.0,0.0,0.0,0.0,0.0,0.0,0.0,0.0,0.0,0.0,0.0,0.0,0.0,0.0,0.0,0.0
Jordan Veretout,France,32.0,1993.0,Central Midfield,177.0,2026-06-30,FR1,Olympique Lyonnais,5000000.0,42,64,66,77,8,21,78,13,52,70,0,38,0,0,48,0,50,0,40,https://img.a.transfermarkt.technology/portrait/header/164771-1666815169.jpg?lm=1,27,19,1553,17.3,0.12,0.0,0.12,2,0.12,0.01,0.0,1.9,0.11,0.03,2.03,-0.6,1.22,0.52,0.1,42.9,5.74,3.48,792,45.9,83.9,4.98,0.7,0.0,0.0,0.35,1.51,30,1.74,0.29,1.33,0.06,0.0,62.88,5,0.29,34.6,1.27,0.41,1.33,0.0,0.0,5.1,42.5,55.6,12,0.7,44.4,0.17,0.0,0.0,0.0,0.0,0.0,0.0,0.0,0.0,0.0,0.0,0.0,0.0,0.0,0.0,0.0,0.0,0.0
Alejo Veliz,Argentina,21.0,2003.0,Centre-Forward,186.0,2025-06-30,ES1,Reial Club Deportiu Espanyol de Barcelona S.A.D.,2800000.0,10,8,7,1,9,3,0,16,9,36,94,83,0,0,9,0,11,0,77,https://img.a.transfermarkt.technology/portrait/header/888493-1674736266.JPG?lm=1,27,10,1127,12.5,0.08,0.0,0.08,1,0.08,-0.1,0.0,2.3,0.18,0.05,0.16,-0.6,1.52,0.48,0.05,31.6,0.64,2.16,122,9.74,65.2,0.72,0.0,0.0,0.0,0.0,0.0,1,0.08,0.32,1.84,0.08,0.4,25.31,1,0.08,9.82,2.72,0.96,1.6,0.08,0.0,1.6,14.3,20.0,51,4.07,46.8,0.24,0.0,0.0,0.0,0.0,0.0,0.0,0.0,0.0,0.0,0.0,0.0,0.0,0.0,0.0,0.0,0.0,0.0
Mohamed-Ali Cho,France,21.0,2004.0,Right Winger,182.0,2028-06-30,FR1,Olympique Gymnaste Club Nice Côte d'Azur,15000000.0,48,60,39,40,69,17,60,11,48,73,65,55,0,0,87,0,38,0,44,https://img.a.transfermarkt.technology/portrait/header/670847-1739972705.jpg?lm=1,27,21,1621,18.0,0.17,0.22,0.39,3,0.17,-0.06,0.0,4.0,0.22,0.22,4.5,0.0,2.0,0.83,0.08,41.7,3.28,7.38,338,18.77,70.3,1.28,2.0,0.28,0.0,0.11,2.83,13,0.72,0.28,0.44,0.0,0.28,39.98,20,1.11,25.54,3.78,1.44,0.67,0.0,0.0,3.83,33.3,28.6,13,0.72,32.5,0.11,0.0,0.0,0.0,0.0,0.0,0.0,0.0,0.0,0.0,0.0,0.0,0.0,0.0,0.0,0.0,0.0,0.0
Rocco Reitz,Germany,22.0,2002.0,Central Midfield,176.0,2028-06-30,L1,Borussia Verein für Leibesübungen 1900 Mönchengladbach,15000000.0,60,55,63,24,54,66,30,100,24,94,52,62,0,0,31,0,23,0,65,https://img.a.transfermarkt.technology/portrait/header/467434-1662966138.jpg?lm=1,27,21,1830,20.3,0.1,0.05,0.15,2,0.1,0.01,0.0,1.7,0.08,0.1,0.89,-1.1,1.13,0.34,0.09,30.4,4.48,1.48,684,33.64,77.9,3.39,0.79,0.2,0.0,0.15,1.08,52,2.56,2.61,2.9,0.1,0.1,58.97,17,0.84,30.2,1.23,1.13,0.98,0.0,0.0,4.62,55.8,47.2,18,0.89,52.9,0.05,0.0,0.0,0.0,0.0,0.0,0.0,0.0,0.0,0.0,0.0,0.0,0.0,0.0,0.0,0.0,0.0,0.0
Ante Rebić,Croatia,31.0,1993.0,Left Winger,185.0,2025-06-30,IT1,Unione Sportiva Lecce,1500000.0,29,39,16,40,70,8,20,20,4,0,95,98,0,0,3,0,11,0,94,https://img.a.transfermarkt.technology/portrait/header/187587-1596115623.jpg?lm=1,27,7,788,8.8,0.11,0.0,0.11,1,0.11,-0.13,0.0,2.1,0.24,0.24,1.94,-2.1,1.48,0.57,0.08,38.5,4.11,7.2,182,20.79,61.1,2.06,1.26,0.34,0.0,0.0,3.65,12,1.37,0.23,0.46,0.11,0.57,49.0,8,0.91,25.47,4.45,1.6,2.17,0.0,0.0,3.77,33.3,26.7,27,3.08,42.2,0.34,0.23,0.0,0.0,0.0,0.0,0.0,0.0,0.0,0.0,0.0,0.0,0.0,0.0,0.0,0.0,0.0,0.0
Wilfried Singo,Cote d'Ivoire,24.0,2000.0,Centre-Back,190.0,2028-06-30,FR1,Association sportive de Monaco Football Club,25000000.0,76,87,57,89,94,47,90,95,40,46,0,64,0,0,49,0,83,0,67,https://img.a.transfermarkt.technology/portrait/header/648779-1737490058.jpg?lm=1,27,23,2096,23.3,0.04,0.09,0.13,1,0.04,-0.04,0.0,1.9,0.08,0.06,1.5,0.5,0.73,0.21,0.06,29.4,5.07,1.16,1252,53.76,86.2,4.38,0.47,0.04,0.0,0.43,0.43,37,1.59,1.85,4.72,0.09,0.0,73.12,6,0.26,40.83,0.47,0.3,1.55,0.0,0.0,5.93,71.4,46.2,51,2.19,63.8,0.17,0.0,0.0,0.0,0.0,0.0,0.0,0.0,0.0,0.0,0.0,0.0,0.0,0.0,0.0,0.0,0.0,0.0
Christopher Nkunku,France,27.0,1997.0,Centre-Forward,177.0,2029-06-30,GB1,Chelsea Football Club,45000000.0,50,60,34,91,90,68,82,100,70,41,25,45,0,0,60,0,99,0,46,https://img.a.transfermarkt.technology/portrait/header/344381-1663686834.jpg?lm=1,27,9,921,10.2,0.29,0.2,0.49,3,0.29,-0.18,0.0,4.8,0.47,0.21,1.66,-0.1,2.44,1.07,0.12,44.0,2.44,6.64,299,29.22,89.5,2.54,0.68,0.0,0.0,0.1,0.39,12,1.17,0.68,0.98,0.0,0.1,43.78,10,0.98,27.36,1.76,1.66,1.56,0.0,0.0,2.83,75.0,37.0,16,1.56,42.1,0.2,0.0,0.0,0.0,0.0,0.0,0.0,0.0,0.0,0.0,0.0,0.0,0.0,0.0,0.0,0.0,0.0,0.0
Leonardo Spinazzola,Italy,32.0,1993.0,Left-Back,186.0,2026-06-30,IT1,Società Sportiva Calcio Napoli,3500000.0,52,60,66,83,95,96,99,2,33,95,56,11,0,0,60,0,82,0,31,https://img.a.transfermarkt.technology/portrait/header/118689-1663580982.jpg?lm=1,27,17,1517,16.9,0.06,0.06,0.12,1,0.06,0.01,0.0,0.8,0.05,0.21,4.92,-2.5,0.71,0.24,0.08,33.3,5.22,4.81,710,42.12,79.3,3.68,2.02,0.47,0.0,0.3,3.86,17,1.01,0.53,1.84,0.06,0.06,62.35,28,1.66,35.77,1.01,1.07,0.36,0.0,0.0,3.68,43.5,43.8,3,0.18,50.0,0.06,0.0,0.0,0.0,0.0,0.0,0.0,0.0,0.0,0.0,0.0,0.0,0.0,0.0,0.0,0.0,0.0,0.0
Milan Djuric,Bosnia-Herzegovina,35.0,1990.0,Centre-Forward,199.0,2026-06-30,IT1,Parma Calcio 1913,1500000.0,24,15,49,1,14,63,2,1,98,49,33,100,0,0,71,0,0,0,100,https://img.a.transfermarkt.technology/portrait/header/67556-1628670733.jpg?lm=1,27,16,1538,17.1,0.29,0.06,0.35,5,0.29,0.11,0.0,3.2,0.19,0.06,0.12,-0.1,1.64,0.64,0.18,41.36,1.64,2.11,166,9.71,47.62,1.11,0.29,0.0,0.0,0.12,0.0,1,0.06,0.12,1.11,0.0,0.12,27.04,6,0.35,11.12,0.99,0.94,1.11,0.0,0.0,1.23,0.0,77.8,167,9.77,71.98,0.23,0.0,0.0,0.0,0.0,0.0,0.0,0.0,0.0,0.0,0.0,0.0,0.0,0.0,0.0,0.0,0.0,0.0
Robin Le Normand,Spain,28.0,1996.0,Centre-Back,187.0,2029-06-30,ES1,Club Atlético de Madrid S.A.D.,40000000.0,34,75,59,38,47,26,53,4,66,15,0,59,0,0,60,0,68,0,49,https://img.a.transfermarkt.technology/portrait/header/351809-1707948228.jpg?lm=1,27,24,2151,23.9,0.04,0.0,0.04,1,0.04,-0.02,0.0,1.5,0.06,0.02,0.46,-0.5,0.46,0.13,0.09,27.3,2.3,0.25,1174,49.12,90.4,1.72,0.08,0.0,0.0,0.21,0.04,27,1.13,0.42,5.02,0.04,0.0,63.72,2,0.08,41.88,0.59,0.25,1.46,0.0,0.04,3.43,60.0,50.0,54,2.26,58.1,0.33,0.0,0.0,0.0,0.0,0.0,0.0,0.0,0.0,0.0,0.0,0.0,0.0,0.0,0.0,0.0,0.0,0.0
Brendan Chardonnet,France,30.0,1994.0,Centre-Back,181.0,2027-06-30,FR1,Stade brestois 29,6000000.0,45,42,58,11,78,0,16,55,65,43,77,59,0,0,63,0,19,0,55,https://img.a.transfermarkt.technology/portrait/header/250779-1582538208.jpg?lm=1,27,27,2416,26.8,0.04,0.0,0.04,1,0.04,0.01,0.0,0.8,0.03,0.04,0.26,-1.2,0.52,0.04,0.07,7.1,1.9,0.19,993,36.99,82.1,2.5,0.11,0.04,0.0,0.52,0.11,45,1.68,1.08,6.3,0.07,0.04,56.66,0,0.0,30.17,0.26,0.0,1.34,0.0,0.0,3.39,62.5,0.0,58,2.16,60.4,0.22,0.0,0.0,0.0,0.0,0.0,0.0,0.0,0.0,0.0,0.0,0.0,0.0,0.0,0.0,0.0,0.0,0.0
Jonathan Ikoné,France,27.0,1998.0,Right Winger,175.0,2025-06-30,IT1,Calcio Como,8000000.0,37,53,32,67,1,41,55,55,10,78,85,85,0,0,15,0,78,0,99,https://img.a.transfermarkt.technology/portrait/header/324690-1697179025.jpg?lm=1,27,6,874,9.7,0.21,0.0,0.21,2,0.21,-0.06,0.0,2.6,0.27,0.03,3.6,-0.3,2.57,1.03,0.08,43.45,3.09,9.68,222,22.86,82.28,1.54,1.13,0.0,0.0,0.21,0.21,20,2.06,0.1,0.21,0.1,0.41,41.7,15,1.54,27.7,1.34,2.16,0.62,0.0,0.0,3.81,53.38,33.95,4,0.41,80.0,0.1,0.0,0.0,0.0,0.0,0.0,0.0,0.0,0.0,0.0,0.0,0.0,0.0,0.0,0.0,0.0,0.0,0.0
Aurélio Buta,Portugal,28.0,1997.0,Right-Back,172.0,2025-06-30,FR1,Stade de Reims,5000000.0,26,18,33,49,19,34,16,23,83,27,0,24,0,0,59,0,62,0,30,https://img.a.transfermarkt.technology/portrait/header/258039-1725288770.png?lm=1,27,24,1970,21.9,0.0,0.05,0.05,0,0.0,-0.01,0.0,0.3,0.01,0.04,1.28,0.2,0.37,0.05,0.0,12.5,3.79,2.92,819,37.42,82.6,2.56,0.55,0.18,0.0,0.0,1.46,37,1.69,1.01,2.7,0.0,0.0,54.59,9,0.41,24.94,1.28,0.32,1.46,0.0,0.05,3.15,50.0,40.9,12,0.55,44.4,0.23,0.0,0.0,0.0,0.0,0.0,0.0,0.0,0.0,0.0,0.0,0.0,0.0,0.0,0.0,0.0,0.0,0.0
André Ayew,Ghana,35.0,1989.0,Centre-Forward,175.0,2025-06-30,FR1,Le Havre Athletic Club,700000.0,24,24,37,18,1,19,2,72,14,68,33,54,0,0,14,0,53,0,41,https://img.a.transfermarkt.technology/portrait/header/45403-1668429304.jpg?lm=1,27,15,1453,16.1,0.25,0.06,0.31,4,0.25,-0.02,0.0,4.3,0.27,0.01,0.31,0.8,1.36,0.56,0.18,40.9,1.11,2.66,181,11.21,76.1,0.43,0.19,0.0,0.0,0.0,0.43,18,1.11,0.19,1.3,0.06,0.12,23.41,5,0.31,9.85,1.61,1.61,1.18,0.0,0.0,1.61,53.8,38.5,37,2.29,37.0,0.12,0.0,0.0,0.0,0.0,0.0,0.0,0.0,0.0,0.0,0.0,0.0,0.0,0.0,0.0,0.0,0.0,0.0
Adam Hlozek,Czech Republic,22.0,2002.0,Second Striker,188.0,2029-06-30,L1,Turn- und Sportgemeinschaft 1899 Hoffenheim Fußball-Spielbetriebs,18000000.0,63,48,66,77,82,94,82,77,50,86,56,62,0,0,90,0,66,0,71,https://img.a.transfermarkt.technology/portrait/header/552057-1695368334.jpg?lm=1,27,22,1871,20.8,0.38,0.19,0.58,8,0.38,0.12,0.0,5.6,0.27,0.17,2.6,0.5,2.84,1.15,0.14,40.7,3.27,4.91,348,16.74,68.5,1.78,0.91,0.19,0.0,0.05,0.96,22,1.06,0.19,0.96,0.0,0.19,36.61,33,1.59,20.64,2.45,1.78,0.72,0.0,0.0,3.17,55.0,51.6,40,1.92,50.6,0.1,0.0,0.0,0.0,0.0,0.0,0.0,0.0,0.0,0.0,0.0,0.0,0.0,0.0,0.0,0.0,0.0,0.0
Lucas Bergvall,Sweden,19.0,2006.0,Central Midfield,187.0,2029-06-30,GB1,Tottenham Hotspur Football Club,25000000.0,42,21,13,54,16,96,88,97,2,57,0,49,0,0,3,0,61,0,62,https://img.a.transfermarkt.technology/portrait/header/866246-1701861399.jpg?lm=1,27,11,1212,13.5,0.0,0.07,0.07,0,0.0,-0.05,0.0,0.7,0.05,0.04,2.45,0.4,0.89,0.15,0.0,16.7,3.64,2.3,629,46.71,87.4,3.94,0.52,0.22,0.0,0.59,1.56,39,2.9,1.78,1.63,0.22,0.0,65.72,21,1.56,39.43,1.49,1.41,1.49,0.0,0.0,5.42,53.1,46.7,9,0.67,52.9,0.22,0.0,0.0,0.0,0.0,0.0,0.0,0.0,0.0,0.0,0.0,0.0,0.0,0.0,0.0,0.0,0.0,0.0
Jasper Cillessen,Netherlands,36.0,1989.0,Goalkeeper,187.0,2026-06-30,ES1,Unión Deportiva Las Palmas S.A.D.,900000.0,75,0,0,24,45,0,60,63,19,56,0,8,31,86,62,72,45,54,4,https://img.a.transfermarkt.technology/portrait/header/146227-1660814229.jpg?lm=1,27,27,2335,25.9,0.0,0.0,0.0,0,0.0,0.0,0.0,0.0,0.0,0.0,0.0,0.0,0.0,0.0,0.0,0.0,0.0,0.0,683,26.33,68.2,0.58,0.0,0.0,14.5,0.0,0.0,1,0.04,0.0,0.42,0.08,0.0,41.59,0,0.0,23.47,0.15,0.0,0.0,0.0,0.0,0.77,25.0,0.0,2,0.08,50.0,0.04,0.0,1.62,4.93,3.28,1.71,4.3,0.16,0.04,0.12,5.47,0.5,70.3,11.1,34.5,39.5,3.1,0.77
Mads Hermansen,Denmark,24.0,2000.0,Goalkeeper,187.0,2028-06-30,GB1,Leicester City Football Club,15000000.0,41,0,0,40,64,79,87,93,16,56,0,19,13,45,28,70,13,37,46,https://img.a.transfermarkt.technology/portrait/header/400536-1707386039.jpg?lm=1,27,27,2385,26.5,0.0,0.0,0.0,0,0.0,0.0,0.0,0.0,0.0,0.0,0.0,0.0,0.0,0.0,0.0,0.0,0.04,0.0,654,24.68,61.0,0.75,0.04,0.0,13.1,0.08,0.0,1,0.04,0.0,0.49,0.15,0.0,43.28,1,0.04,27.7,0.04,0.0,0.0,0.0,0.0,0.64,100.0,100.0,4,0.15,80.0,0.04,0.0,2.19,5.85,3.74,2.13,1.4,0.05,0.0,0.04,5.02,0.98,64.5,3.7,34.6,39.2,6.2,0.98
Grigoris Kastanos,Cyprus,27.0,1998.0,Attacking Midfield,179.0,2025-06-30,IT1,Verona Hellas Football Club,1800000.0,23,13,22,13,63,0,13,79,97,13,23,90,0,0,66,0,16,0,89,https://img.a.transfermarkt.technology/portrait/header/298635-1725530400.jpg?lm=1,27,8,872,9.7,0.1,0.1,0.21,1,0.1,0.0,0.0,1.0,0.1,0.18,1.24,-0.7,2.27,0.52,0.05,22.7,3.51,2.79,224,23.12,69.3,3.1,0.72,0.1,0.0,0.31,2.37,23,2.37,0.72,0.83,0.0,0.1,45.21,0,0.0,24.67,0.83,1.03,1.55,0.0,0.0,4.95,42.9,0.0,15,1.55,46.9,0.41,0.0,0.0,0.0,0.0,0.0,0.0,0.0,0.0,0.0,0.0,0.0,0.0,0.0,0.0,0.0,0.0,0.0
Thilo Kehrer,Germany,28.0,1996.0,Centre-Back,186.0,2028-06-30,FR1,Association sportive de Monaco Football Club,15000000.0,60,77,99,85,33,16,67,54,76,92,0,56,0,0,84,0,81,0,55,https://img.a.transfermarkt.technology/portrait/header/228948-1737490227.jpg?lm=1,27,27,2383,26.5,0.15,0.0,0.15,4,0.15,0.09,0.0,1.5,0.06,0.01,0.6,-0.3,0.45,0.3,0.33,66.7,5.25,0.08,1622,61.26,89.9,4.72,0.04,0.0,0.0,0.26,0.08,37,1.4,1.36,4.27,0.04,0.0,77.8,1,0.04,45.06,0.23,0.08,0.87,0.0,0.0,4.99,57.9,33.3,54,2.04,61.4,0.04,0.0,0.0,0.0,0.0,0.0,0.0,0.0,0.0,0.0,0.0,0.0,0.0,0.0,0.0,0.0,0.0,0.0
Harry Maguire,England,32.0,1993.0,Centre-Back,194.0,2026-06-30,GB1,Manchester United Football Club,15000000.0,66,89,63,41,65,21,41,95,67,28,0,93,0,0,73,0,43,0,95,https://img.a.transfermarkt.technology/portrait/header/177907-1663841733.jpg?lm=1,27,19,1758,19.5,0.05,0.0,0.05,1,0.05,-0.04,0.0,1.8,0.09,0.03,0.36,-0.6,0.77,0.31,0.07,40.0,2.61,0.36,962,49.25,85.7,2.46,0.2,0.0,0.0,0.46,0.15,30,1.54,2.05,4.1,0.05,0.0,67.83,2,0.1,40.03,0.51,0.1,0.92,0.0,0.0,3.48,73.9,40.0,62,3.17,71.3,0.36,0.0,0.0,0.0,0.0,0.0,0.0,0.0,0.0,0.0,0.0,0.0,0.0,0.0,0.0,0.0,0.0,0.0
Jamie Leweling,Germany,24.0,2001.0,Right Winger,185.0,2029-06-30,L1,Verein für Bewegungsspiele Stuttgart 1893,20000000.0,35,14,27,43,62,90,49,53,26,37,83,68,0,0,33,0,36,0,88,https://img.a.transfermarkt.technology/portrait/header/518505-1691999306.jpg?lm=1,27,22,1663,18.5,0.11,0.11,0.22,2,0.11,0.02,0.0,1.6,0.09,0.21,2.98,-1.8,1.57,0.87,0.07,55.2,2.76,8.88,409,22.13,70.5,1.35,1.41,0.49,0.0,0.05,3.14,16,0.87,0.6,0.92,0.05,0.22,43.35,41,2.22,29.22,2.27,2.06,0.92,0.11,0.0,3.95,44.0,50.0,6,0.32,60.0,0.22,0.0,0.0,0.0,0.0,0.0,0.0,0.0,0.0,0.0,0.0,0.0,0.0,0.0,0.0,0.0,0.0,0.0
Leonardo Balerdi,Argentina,26.0,1999.0,Centre-Back,187.0,2028-06-30,FR1,Olympique de Marseille,20000000.0,60,50,7,91,68,98,88,80,8,12,0,41,0,0,15,0,94,0,57,https://img.a.transfermarkt.technology/portrait/header/575998-1640777749.jpg?lm=1,27,27,2273,25.3,0.0,0.0,0.0,0,0.0,-0.04,0.0,0.9,0.04,0.03,0.51,-0.7,0.59,0.04,0.0,6.7,4.16,0.2,2360,93.44,93.8,5.94,0.24,0.0,0.0,0.32,0.08,54,2.14,1.5,2.85,0.16,0.0,109.56,22,0.87,69.37,0.79,0.51,1.11,0.0,0.0,6.37,57.4,68.8,39,1.54,65.0,0.36,0.04,0.0,0.0,0.0,0.0,0.0,0.0,0.0,0.0,0.0,0.0,0.0,0.0,0.0,0.0,0.0,0.0
Lewis Hall,England,20.0,2004.0,Left-Back,179.0,,GB1,Newcastle United Football Club,30000000.0,51,25,17,79,90,51,71,38,12,84,44,70,0,0,27,0,85,0,57,https://img.a.transfermarkt.technology/portrait/header/670858-1699385942.jpg?lm=1,27,24,2189,24.3,0.0,0.16,0.16,0,0.0,-0.02,0.0,0.4,0.02,0.18,1.69,-0.3,0.45,0.04,0.0,9.1,5.06,3.29,1300,53.45,81.7,4.69,0.7,0.21,0.0,0.08,4.52,58,2.38,0.74,3.08,0.12,0.04,74.83,11,0.45,39.06,1.36,0.82,0.37,0.0,0.0,4.89,54.1,52.4,30,1.23,49.2,0.12,0.0,0.0,0.0,0.0,0.0,0.0,0.0,0.0,0.0,0.0,0.0,0.0,0.0,0.0,0.0,0.0,0.0
Deiver Machado,Colombia,31.0,1993.0,Left-Back,180.0,2026-06-30,FR1,Racing Club de Lens,3500000.0,47,92,53,26,66,89,61,30,13,1,50,48,0,0,11,0,64,0,48,https://img.a.transfermarkt.technology/portrait/header/332560-1704797088.jpg?lm=1,27,20,1805,20.1,0.05,0.2,0.25,1,0.05,-0.06,0.0,2.3,0.11,0.1,2.09,1.9,1.15,0.25,0.04,21.7,2.24,3.99,763,38.04,83.6,1.5,0.95,0.75,0.0,0.05,2.54,36,1.8,0.8,1.7,0.1,0.05,55.99,23,1.15,30.17,1.65,1.0,1.4,0.0,0.0,4.44,56.7,48.9,16,0.8,50.0,0.35,0.1,0.0,0.0,0.0,0.0,0.0,0.0,0.0,0.0,0.0,0.0,0.0,0.0,0.0,0.0,0.0,0.0
Johannes Eggestein,Germany,27.0,1998.0,Centre-Forward,183.0,2025-06-30,L1,Fußball-Club St. Pauli von 1910,3000000.0,20,9,15,75,51,26,52,5,62,81,25,20,0,0,92,0,67,0,9,https://img.a.transfermarkt.technology/portrait/header/251303-1723632371.jpeg?lm=1,27,22,1853,20.6,0.15,0.19,0.34,2,0.1,-0.08,0.05,3.1,0.15,0.1,1.21,1.9,1.65,0.49,0.06,29.4,2.09,6.7,404,19.62,73.9,1.21,0.44,0.1,0.0,0.1,1.7,5,0.24,0.0,0.39,0.0,0.1,34.63,7,0.34,18.65,2.57,1.46,0.53,0.0,0.0,2.82,20.0,41.2,28,1.36,24.8,0.15,0.0,0.0,0.0,0.0,0.0,0.0,0.0,0.0,0.0,0.0,0.0,0.0,0.0,0.0,0.0,0.0,0.0
Nicolas Cozza,France,26.0,1999.0,Left-Back,178.0,2025-06-30,FR1,Football Club de Nantes,3500000.0,49,77,56,10,27,8,5,77,83,60,64,37,0,0,77,0,31,0,41,https://img.a.transfermarkt.technology/portrait/header/485965-1689865641.jpg?lm=1,27,23,2051,22.8,0.04,0.0,0.04,1,0.04,-0.02,0.0,1.4,0.06,0.06,1.1,-1.4,0.75,0.26,0.06,35.3,2.81,2.46,608,26.68,77.7,1.8,0.44,0.18,0.0,0.04,1.18,59,2.59,1.1,3.03,0.0,0.04,45.81,5,0.22,17.55,1.32,0.26,0.61,0.04,0.0,2.72,66.0,25.0,15,0.66,48.4,0.13,0.04,0.0,0.0,0.0,0.0,0.0,0.0,0.0,0.0,0.0,0.0,0.0,0.0,0.0,0.0,0.0,0.0
Derrick Köhn,Germany,26.0,1999.0,Left-Back,180.0,2025-06-30,L1,Sportverein Werder Bremen von 1899,6000000.0,58,57,87,61,67,74,83,48,62,75,95,19,0,0,90,0,50,0,18,https://img.a.transfermarkt.technology/portrait/header/391780-1707464358.png?lm=1,27,14,1343,14.9,0.13,0.13,0.27,2,0.13,0.09,0.0,0.7,0.05,0.11,2.41,0.4,0.87,0.27,0.15,30.8,2.61,8.18,581,38.94,79.3,1.47,1.07,0.4,0.0,0.13,3.89,20,1.34,0.67,1.74,0.0,0.2,60.85,15,1.01,36.79,1.54,0.8,0.94,0.0,0.0,3.82,71.4,36.6,8,0.54,38.1,0.13,0.0,0.0,0.0,0.0,0.0,0.0,0.0,0.0,0.0,0.0,0.0,0.0,0.0,0.0,0.0,0.0,0.0
Jacob Bruun Larsen,Denmark,26.0,1998.0,Left Winger,183.0,2027-06-30,L1,Verein für Bewegungsspiele Stuttgart 1893,6000000.0,45,62,57,73,64,65,65,6,8,81,0,81,0,0,11,0,48,0,85,https://img.a.transfermarkt.technology/portrait/header/293281-1657201254.jpg?lm=1,27,6,814,9.0,0.33,0.22,0.55,3,0.33,0.01,0.0,2.9,0.32,0.2,3.87,0.2,2.21,1.0,0.15,45.27,3.87,8.96,236,26.09,72.45,1.66,2.54,0.88,0.0,0.55,4.09,5,0.55,0.22,0.66,0.11,0.0,48.76,17,1.88,30.29,2.21,1.33,0.44,0.0,0.0,2.99,30.0,40.48,8,0.88,51.55,0.11,0.0,0.0,0.0,0.0,0.0,0.0,0.0,0.0,0.0,0.0,0.0,0.0,0.0,0.0,0.0,0.0,0.0
Serge Gnabry,Germany,29.0,1995.0,Left Winger,176.0,2026-06-30,L1,FC Bayern München,25000000.0,71,94,87,81,95,49,69,83,97,73,0,22,0,0,77,0,96,0,26,https://img.a.transfermarkt.technology/portrait/header/159471-1712776387.jpg?lm=1,27,13,1242,13.8,0.51,0.36,0.87,7,0.51,-0.04,0.0,6.8,0.49,0.37,3.19,-0.1,3.48,1.23,0.15,35.4,3.48,10.8,498,36.09,83.4,1.52,1.52,0.14,0.0,0.07,1.59,20,1.45,0.43,0.65,0.0,0.0,54.93,18,1.3,33.91,1.81,0.51,1.38,0.0,0.0,3.41,66.7,45.0,4,0.29,28.6,0.0,0.0,0.0,0.0,0.0,0.0,0.0,0.0,0.0,0.0,0.0,0.0,0.0,0.0,0.0,0.0,0.0,0.0
Arthur Atta,France,22.0,2003.0,Central Midfield,189.0,2025-06-30,IT1,Udinese Calcio,2500000.0,46,52,9,66,54,98,83,61,19,36,40,48,0,0,38,0,34,0,38,https://img.a.transfermarkt.technology/portrait/header/855308-1697462067.png?lm=1,27,12,1251,13.9,0.0,0.07,0.07,0,0.0,-0.09,0.0,1.3,0.09,0.1,2.23,-0.4,1.87,0.5,0.0,26.9,4.1,5.54,509,36.62,80.4,3.02,0.58,0.14,0.0,0.36,1.73,20,1.44,0.5,1.08,0.07,0.07,58.42,27,1.94,37.05,2.45,1.58,1.15,0.0,0.0,4.1,66.7,44.3,14,1.01,41.2,0.36,0.0,0.0,0.0,0.0,0.0,0.0,0.0,0.0,0.0,0.0,0.0,0.0,0.0,0.0,0.0,0.0,0.0
Jonas Föhrenbach,Germany,29.0,1996.0,Left-Back,184.0,2027-06-30,L1,1. Fußballclub Heidenheim 1846,2000000.0,39,18,33,12,34,28,35,54,96,76,50,35,0,0,91,0,9,0,36,https://img.a.transfermarkt.technology/portrait/header/192169-1657874815.jpg?lm=1,27,22,1832,20.4,0.0,0.05,0.05,0,0.0,-0.01,0.0,0.3,0.01,0.06,1.77,-0.3,0.39,0.05,0.0,12.5,2.9,2.46,659,32.37,72.5,3.05,0.74,0.54,0.0,0.1,2.9,45,2.21,0.79,2.8,0.0,0.05,54.63,7,0.34,25.59,0.79,0.15,0.69,0.0,0.0,3.29,62.9,41.2,14,0.69,45.2,0.15,0.0,0.0,0.0,0.0,0.0,0.0,0.0,0.0,0.0,0.0,0.0,0.0,0.0,0.0,0.0,0.0,0.0
Rúben Dias,Portugal,28.0,1997.0,Centre-Back,187.0,2027-06-30,GB1,Manchester City Football Club,70000000.0,41,79,18,96,42,37,99,2,18,75,0,21,0,0,16,0,95,0,21,https://img.a.transfermarkt.technology/portrait/header/258004-1684921271.jpg?lm=1,27,25,2271,25.2,0.0,0.0,0.0,0,0.0,-0.06,0.0,1.5,0.06,0.01,1.7,-0.3,0.83,0.28,0.0,33.3,6.34,0.32,2168,85.92,93.5,8.8,0.48,0.0,0.0,0.4,0.12,17,0.67,0.79,2.81,0.16,0.0,99.04,2,0.08,70.26,0.32,0.04,0.48,0.0,0.04,3.09,53.8,66.7,37,1.47,52.1,0.16,0.0,0.0,0.0,0.0,0.0,0.0,0.0,0.0,0.0,0.0,0.0,0.0,0.0,0.0,0.0,0.0,0.0
Matty Cash,Poland,27.0,1997.0,Right-Back,185.0,2027-06-30,GB1,Aston Villa Football Club,28000000.0,45,35,61,6,23,73,47,83,36,16,0,51,0,0,10,0,20,0,50,https://img.a.transfermarkt.technology/portrait/header/425334-1668091733.jpg?lm=1,27,24,2070,23.0,0.04,0.04,0.09,1,0.04,0.02,0.0,0.5,0.02,0.05,2.09,-0.1,0.57,0.26,0.08,46.2,1.83,3.91,732,31.83,77.5,1.7,0.43,0.22,0.0,0.04,1.74,56,2.43,1.0,3.04,0.09,0.0,51.57,19,0.83,25.87,0.87,0.43,1.17,0.0,0.09,3.52,72.1,47.5,20,0.87,50.0,0.3,0.0,0.0,0.0,0.0,0.0,0.0,0.0,0.0,0.0,0.0,0.0,0.0,0.0,0.0,0.0,0.0,0.0
Darko Lazović,Serbia,34.0,1990.0,Left Midfield,181.0,2025-06-30,IT1,Verona Hellas Football Club,1000000.0,38,64,36,11,82,4,4,21,93,96,68,36,0,0,100,0,0,0,46,https://img.a.transfermarkt.technology/portrait/header/70411-1663671610.jpg?lm=1,27,17,1459,16.2,0.12,0.19,0.31,1,0.06,-0.03,0.06,1.7,0.1,0.21,1.36,-0.4,1.17,0.19,0.05,15.8,2.47,5.43,315,19.43,62.4,1.3,0.93,0.43,0.0,0.0,4.32,21,1.3,0.68,2.41,0.0,0.06,40.65,7,0.43,19.62,0.8,0.62,0.56,0.06,0.0,3.64,39.3,31.8,9,0.56,40.9,0.0,0.0,0.0,0.0,0.0,0.0,0.0,0.0,0.0,0.0,0.0,0.0,0.0,0.0,0.0,0.0,0.0,0.0
Pablo Durán,Spain,24.0,2001.0,Centre-Forward,176.0,2027-06-30,ES1,Real Club Celta de Vigo S. A. D.,3500000.0,34,21,39,74,86,44,72,83,65,35,36,14,0,0,51,0,65,0,13,https://img.a.transfermarkt.technology/portrait/header/905997-1734950044.jpg?lm=1,27,15,1394,15.5,0.26,0.26,0.52,4,0.26,0.03,0.0,3.6,0.23,0.18,1.55,1.2,1.68,0.58,0.15,34.6,1.94,8.01,284,18.34,71.0,1.36,0.65,0.19,0.0,0.19,1.16,17,1.1,0.52,1.16,0.0,0.13,37.7,12,0.77,21.82,2.71,1.29,2.07,0.0,0.0,2.97,31.3,28.6,13,0.84,28.9,0.19,0.0,0.0,0.0,0.0,0.0,0.0,0.0,0.0,0.0,0.0,0.0,0.0,0.0,0.0,0.0,0.0,0.0
Emanuel Emegha,Netherlands,22.0,2003.0,Centre-Forward,196.0,2028-06-30,FR1,Racing Club de Strasbourg Alsace,20000000.0,74,96,90,16,35,9,34,14,78,46,33,30,0,0,64,0,75,0,36,https://img.a.transfermarkt.technology/portrait/header/559328-1732575392.png?lm=1,27,27,2293,25.5,0.55,0.12,0.67,14,0.55,-0.12,0.0,17.0,0.67,0.09,1.45,0.6,2.39,1.37,0.23,57.4,0.55,4.08,273,10.72,80.3,0.16,0.16,0.0,0.0,0.0,0.0,6,0.24,0.04,1.18,0.0,0.12,22.65,7,0.27,13.38,2.32,1.18,1.41,0.0,0.0,2.35,33.3,25.0,26,1.02,40.0,0.2,0.0,0.0,0.0,0.0,0.0,0.0,0.0,0.0,0.0,0.0,0.0,0.0,0.0,0.0,0.0,0.0,0.0
Matteo Cancellieri,Italy,23.0,2002.0,Right Winger,185.0,2025-06-30,IT1,Parma Calcio 1913,5000000.0,34,34,43,2,2,60,9,74,75,14,73,94,0,0,49,0,8,0,92,https://img.a.transfermarkt.technology/portrait/header/550106-1687191024.jpg?lm=1,27,19,1424,15.8,0.19,0.0,0.19,3,0.19,0.02,0.0,2.7,0.17,0.04,2.53,-0.7,1.39,0.44,0.14,31.8,1.52,4.99,211,13.34,67.4,1.01,0.44,0.32,0.0,0.25,1.33,26,1.64,0.82,1.9,0.0,0.32,33.56,28,1.77,19.85,2.15,1.52,1.64,0.0,0.0,3.48,34.4,40.0,29,1.83,50.9,0.13,0.06,0.0,0.0,0.0,0.0,0.0,0.0,0.0,0.0,0.0,0.0,0.0,0.0,0.0,0.0,0.0,0.0
Flynn Downes,England,26.0,1999.0,Defensive Midfield,178.0,2028-06-30,GB1,Southampton Football Club,15000000.0,30,28,61,29,43,24,56,22,12,12,0,30,0,0,9,0,71,0,31,https://img.a.transfermarkt.technology/portrait/header/506189-1659355597.jpg?lm=1,27,25,2151,23.9,0.04,0.0,0.04,1,0.04,0.02,0.0,0.6,0.03,0.05,1.21,-1.1,0.42,0.13,0.1,30.0,2.76,1.21,1004,42.01,90.4,2.59,0.5,0.0,0.0,0.04,0.17,50,2.09,1.34,2.09,0.17,0.0,56.11,8,0.33,26.86,0.63,0.71,2.09,0.0,0.0,3.47,41.7,40.0,17,0.71,50.0,0.5,0.0,0.0,0.0,0.0,0.0,0.0,0.0,0.0,0.0,0.0,0.0,0.0,0.0,0.0,0.0,0.0,0.0
Maxence Caqueret,France,25.0,2000.0,Central Midfield,174.0,2029-06-30,IT1,Calcio Como,15000000.0,45,46,65,78,60,83,66,41,28,54,33,5,0,0,52,0,60,0,5,https://img.a.transfermarkt.technology/portrait/header/395237-1739281407.jpg?lm=1,27,21,1660,18.5,0.11,0.16,0.27,2,0.11,0.03,0.0,1.5,0.08,0.1,1.57,1.1,0.81,0.22,0.13,31.7,6.83,3.31,746,40.45,81.92,5.75,1.46,0.05,0.0,0.16,1.19,57,3.09,0.76,0.33,0.05,0.05,60.56,21,1.14,36.11,2.39,1.46,1.14,0.0,0.0,5.04,39.93,41.23,4,0.22,23.58,0.27,0.0,0.0,0.0,0.0,0.0,0.0,0.0,0.0,0.0,0.0,0.0,0.0,0.0,0.0,0.0,0.0,0.0
João Pedro,Brazil,23.0,2001.0,Centre-Forward,182.0,2028-06-30,GB1,Brighton and Hove Albion Football Club,50000000.0,47,31,44,88,93,79,94,69,38,11,98,59,0,0,21,0,86,0,68,https://img.a.transfermarkt.technology/portrait/header/626724-1724792744.jpg?lm=1,27,23,1948,21.6,0.46,0.28,0.74,5,0.23,0.05,0.23,5.0,0.23,0.23,3.05,1.0,1.94,0.69,0.12,35.7,3.6,5.91,482,22.27,72.9,1.94,1.66,0.23,0.0,0.14,1.02,16,0.74,0.42,0.55,0.0,0.46,43.43,29,1.34,28.46,3.33,1.76,1.2,0.14,0.05,2.73,36.4,33.7,41,1.89,48.8,0.18,0.05,0.0,0.0,0.0,0.0,0.0,0.0,0.0,0.0,0.0,0.0,0.0,0.0,0.0,0.0,0.0,0.0
Dário Essugo,Portugal,20.0,2005.0,Defensive Midfield,178.0,2025-06-30,ES1,Unión Deportiva Las Palmas S.A.D.,15000000.0,48,41,59,23,8,65,37,97,1,1,84,52,0,0,1,0,39,0,40,https://img.a.transfermarkt.technology/portrait/header/670717-1742314930.jpg?lm=1,27,25,1938,21.5,0.05,0.0,0.05,1,0.05,0.01,0.0,0.7,0.03,0.02,0.84,-0.4,1.07,0.19,0.04,17.4,3.53,0.37,812,37.71,85.4,3.39,0.37,0.0,0.0,0.46,0.05,59,2.74,1.95,2.18,0.33,0.14,57.03,12,0.56,27.03,1.63,0.98,1.72,0.0,0.05,5.48,60.9,66.7,30,1.39,48.4,0.51,0.09,0.0,0.0,0.0,0.0,0.0,0.0,0.0,0.0,0.0,0.0,0.0,0.0,0.0,0.0,0.0,0.0
Moïse Bombito,Canada,25.0,2000.0,Centre-Back,190.0,2028-06-30,FR1,Olympique Gymnaste Club Nice Côte d'Azur,10000000.0,43,38,19,72,32,92,78,36,1,45,0,36,0,0,1,0,74,0,19,https://img.a.transfermarkt.technology/portrait/header/1089202-1739970982.jpg?lm=1,27,25,2192,24.4,0.0,0.0,0.0,0,0.0,-0.03,0.0,0.7,0.03,0.01,1.11,-0.2,0.33,0.04,0.0,12.5,3.98,0.41,1266,51.98,90.2,3.2,0.21,0.0,0.0,0.29,0.08,37,1.52,0.74,4.97,0.29,0.0,68.69,12,0.49,37.2,0.66,0.12,1.15,0.0,0.04,3.98,68.6,70.6,48,1.97,48.0,0.12,0.04,0.0,0.0,0.0,0.0,0.0,0.0,0.0,0.0,0.0,0.0,0.0,0.0,0.0,0.0,0.0,0.0
José María Giménez,Uruguay,30.0,1995.0,Centre-Back,185.0,2028-06-30,ES1,Club Atlético de Madrid S.A.D.,20000000.0,38,23,32,60,45,39,37,37,49,65,0,28,0,0,58,0,77,0,21,https://img.a.transfermarkt.technology/portrait/header/250845-1664970029.jpg?lm=1,27,20,1999,22.2,0.0,0.05,0.05,0,0.0,-0.02,0.0,0.4,0.02,0.01,0.14,0.8,0.23,0.05,0.0,20.0,2.88,0.05,1250,56.28,91.8,2.75,0.0,0.0,0.0,0.81,0.0,26,1.17,1.22,5.18,0.09,0.0,71.23,2,0.09,45.29,0.27,0.14,0.59,0.0,0.0,3.51,60.7,66.7,38,1.71,50.7,0.23,0.0,0.0,0.0,0.0,0.0,0.0,0.0,0.0,0.0,0.0,0.0,0.0,0.0,0.0,0.0,0.0,0.0
Leonardo Bittencourt,Germany,31.0,1993.0,Central Midfield,171.0,2026-06-30,L1,Sportverein Werder Bremen von 1899,2000000.0,51,71,72,80,82,2,83,35,99,48,97,8,0,0,87,0,72,0,7,https://img.a.transfermarkt.technology/portrait/header/93844-1660206490.jpg?lm=1,27,10,982,10.9,0.18,0.09,0.27,2,0.18,0.04,0.0,1.6,0.15,0.15,1.74,-0.6,2.47,0.82,0.07,33.3,5.87,3.48,571,52.33,84.0,5.13,1.28,0.18,0.0,0.27,2.02,25,2.29,1.37,1.01,0.0,0.37,73.41,1,0.09,48.57,1.1,0.18,1.37,0.0,0.0,4.03,33.3,20.0,5,0.46,25.0,0.27,0.0,0.0,0.0,0.0,0.0,0.0,0.0,0.0,0.0,0.0,0.0,0.0,0.0,0.0,0.0,0.0,0.0
Félix Lemaréchal,France,21.0,2003.0,Attacking Midfield,180.0,2029-06-30,FR1,Racing Club de Strasbourg Alsace,7000000.0,48,54,65,30,50,58,27,72,75,61,0,49,0,0,79,0,49,0,45,https://img.a.transfermarkt.technology/portrait/header/659518-1732576183.png?lm=1,27,20,1779,19.8,0.2,0.15,0.35,4,0.2,0.03,0.0,3.5,0.18,0.15,1.77,0.1,1.26,0.46,0.16,36.0,2.93,4.55,551,27.88,79.4,1.77,0.51,0.2,0.0,0.0,1.32,35,1.77,0.71,0.96,0.0,0.0,47.3,24,1.21,23.58,2.68,1.11,1.52,0.0,0.0,3.14,48.3,50.0,14,0.71,35.9,0.1,0.0,0.0,0.0,0.0,0.0,0.0,0.0,0.0,0.0,0.0,0.0,0.0,0.0,0.0,0.0,0.0,0.0
Yáser Asprilla,Colombia,21.0,2003.0,Right Winger,176.0,2030-06-30,ES1,Girona Fútbol Club S. A. D.,18000000.0,37,26,42,85,51,72,81,36,27,36,13,59,0,0,10,0,55,0,84,https://img.a.transfermarkt.technology/portrait/header/857818-1691597301.jpg?lm=1,27,15,1405,15.6,0.19,0.06,0.26,3,0.19,0.06,0.0,2.1,0.13,0.18,4.61,-1.8,2.43,0.7,0.08,28.9,4.93,8.97,471,30.17,72.1,2.24,2.43,0.58,0.0,0.64,5.96,22,1.41,0.45,0.45,0.06,0.06,53.23,29,1.86,34.21,2.88,1.09,0.77,0.0,0.06,3.97,34.8,45.3,4,0.26,57.1,0.13,0.0,0.0,0.0,0.0,0.0,0.0,0.0,0.0,0.0,0.0,0.0,0.0,0.0,0.0,0.0,0.0,0.0
Josué Casimir,Guadeloupe,23.0,2001.0,Right Winger,178.0,2025-06-30,FR1,Le Havre Athletic Club,3500000.0,42,38,54,16,38,40,24,65,32,27,97,28,0,0,31,0,19,0,28,https://img.a.transfermarkt.technology/portrait/header/763182-1661006947.jpg?lm=1,27,23,1997,22.2,0.18,0.18,0.36,4,0.18,0.03,0.0,3.3,0.15,0.15,3.2,0.6,1.22,0.41,0.15,33.3,1.85,6.81,410,18.48,68.7,0.99,0.59,0.32,0.0,0.14,3.83,37,1.67,0.32,1.58,0.05,0.41,36.69,22,0.99,20.96,2.12,1.35,1.26,0.14,0.0,3.74,50.0,45.8,9,0.41,28.1,0.23,0.0,0.0,0.0,0.0,0.0,0.0,0.0,0.0,0.0,0.0,0.0,0.0,0.0,0.0,0.0,0.0,0.0
Antonio Sanabria,Paraguay,29.0,1996.0,Centre-Forward,180.0,2026-06-30,IT1,Torino Calcio,4000000.0,13,4,17,32,8,44,13,9,64,67,72,37,0,0,78,0,68,0,25,https://img.a.transfermarkt.technology/portrait/header/234523-1692963077.jpg?lm=1,26,16,1318,14.6,0.14,0.07,0.2,2,0.14,-0.06,0.0,2.1,0.14,0.03,0.41,0.5,1.23,0.27,0.11,22.2,1.23,3.69,210,14.34,78.4,0.89,0.2,0.0,0.0,0.07,0.0,3,0.2,0.07,0.89,0.0,0.2,25.74,6,0.41,15.5,2.19,1.57,1.09,0.07,0.0,1.64,25.0,54.5,26,1.78,31.0,0.14,0.0,0.0,0.0,0.0,0.0,0.0,0.0,0.0,0.0,0.0,0.0,0.0,0.0,0.0,0.0,0.0,0.0
Danel Sinani,Luxembourg,28.0,1997.0,Right Winger,185.0,,L1,Fußball-Club St. Pauli von 1910,750000.0,30,21,27,59,67,30,3,20,84,18,51,45,0,0,55,0,47,0,25,https://img.a.transfermarkt.technology/portrait/header/346499-1723632317.jpeg?lm=1,26,14,1250,13.9,0.14,0.14,0.29,2,0.14,0.02,0.0,1.7,0.12,0.22,1.15,-1.0,2.52,0.86,0.06,34.3,4.32,4.61,390,28.08,71.4,3.24,1.15,0.22,0.0,0.14,4.82,14,1.01,0.07,0.94,0.0,0.22,49.9,10,0.72,21.38,2.23,1.15,1.8,0.0,0.0,3.74,42.9,45.5,10,0.72,23.8,0.22,0.0,0.0,0.0,0.0,0.0,0.0,0.0,0.0,0.0,0.0,0.0,0.0,0.0,0.0,0.0,0.0,0.0
Iñigo Ruiz de Galarreta,Spain,31.0,1993.0,Central Midfield,175.0,2025-06-30,ES1,Athletic Club Bilbao,4000000.0,44,9,15,88,89,85,61,91,21,18,0,24,0,0,14,0,74,0,30,https://img.a.transfermarkt.technology/portrait/header/126751-1709675810.png?lm=1,26,18,1477,16.4,0.0,0.24,0.24,0,0.0,-0.03,0.0,0.5,0.03,0.18,1.65,1.1,0.67,0.06,0.0,9.1,8.35,2.38,683,41.62,80.9,6.15,1.52,0.18,0.0,0.49,1.77,36,2.19,0.97,0.85,0.12,0.0,59.59,16,0.97,31.93,1.04,0.97,2.68,0.0,0.0,7.31,64.5,69.6,8,0.49,40.0,0.3,0.0,0.0,0.0,0.0,0.0,0.0,0.0,0.0,0.0,0.0,0.0,0.0,0.0,0.0,0.0,0.0,0.0
Christian Kouamé,Cote d'Ivoire,27.0,1997.0,Centre-Forward,185.0,2025-06-30,IT1,Empoli Football Club S.r.l.,6000000.0,28,26,5,67,80,65,54,33,59,62,66,98,0,0,70,0,43,0,98,https://img.a.transfermarkt.technology/portrait/header/337725-1663591953.jpg?lm=1,26,10,1129,12.5,0.08,0.08,0.16,1,0.08,-0.22,0.0,3.8,0.3,0.18,0.96,-1.2,2.15,0.48,0.04,27.6,2.31,6.78,230,18.33,65.98,1.51,0.96,0.16,0.0,0.16,0.64,18,1.43,0.16,1.12,0.0,0.24,40.1,12,0.96,21.12,2.39,1.59,1.59,0.0,0.0,3.03,13.89,36.46,77,6.14,64.33,0.08,0.0,0.0,0.0,0.0,0.0,0.0,0.0,0.0,0.0,0.0,0.0,0.0,0.0,0.0,0.0,0.0,0.0
Rodrigo Bentancur,Uruguay,27.0,1997.0,Defensive Midfield,187.0,2026-06-30,GB1,Tottenham Hotspur Football Club,30000000.0,66,74,84,78,19,46,90,88,45,14,50,83,0,0,53,0,64,0,69,https://img.a.transfermarkt.technology/portrait/header/354362-1740605779.jpg?lm=1,26,21,1645,18.3,0.11,0.0,0.11,2,0.11,0.04,0.0,1.3,0.07,0.02,1.53,-0.4,1.2,0.27,0.09,22.7,5.47,1.86,945,51.7,87.9,5.96,0.71,0.11,0.0,0.11,0.22,40,2.19,2.19,2.08,0.05,0.05,71.18,9,0.49,41.8,1.04,1.09,1.86,0.0,0.0,6.57,47.5,47.4,36,1.97,54.5,0.49,0.0,0.0,0.0,0.0,0.0,0.0,0.0,0.0,0.0,0.0,0.0,0.0,0.0,0.0,0.0,0.0,0.0
Hugo Álvarez,Spain,21.0,2003.0,Left Winger,176.0,2028-06-30,ES1,Real Club Celta de Vigo S. A. D.,7500000.0,38,27,61,80,8,69,92,77,35,6,0,31,0,0,8,0,69,0,39,https://img.a.transfermarkt.technology/portrait/header/892929-1715867247.jpg?lm=1,26,16,1572,17.5,0.23,0.17,0.4,4,0.23,0.09,0.0,2.5,0.14,0.06,4.24,1.9,1.43,0.52,0.16,36.0,3.44,9.79,799,45.74,78.9,2.0,0.86,0.17,0.0,0.11,1.77,26,1.49,0.46,1.66,0.06,0.0,69.5,32,1.83,41.56,1.89,0.69,1.43,0.0,0.06,4.47,52.6,44.4,6,0.34,33.3,0.34,0.0,0.0,0.0,0.0,0.0,0.0,0.0,0.0,0.0,0.0,0.0,0.0,0.0,0.0,0.0,0.0,0.0
Matteo Gabbia,Italy,25.0,1999.0,Centre-Back,185.0,2029-06-30,IT1,Associazione Calcio Milan,14000000.0,48,63,85,59,33,62,59,26,77,69,87,46,0,0,81,0,74,0,43,https://img.a.transfermarkt.technology/portrait/header/323167-1661351918.jpg?lm=1,26,24,2152,23.9,0.08,0.0,0.08,2,0.08,0.04,0.0,1.1,0.05,0.01,0.54,-0.2,0.59,0.17,0.14,28.6,3.09,0.08,1316,55.04,91.2,3.43,0.13,0.04,0.0,0.46,0.08,21,0.88,0.63,4.31,0.04,0.04,68.38,1,0.04,42.78,0.21,0.04,0.84,0.04,0.0,2.89,80.0,100.0,47,1.97,56.6,0.17,0.0,0.0,0.0,0.0,0.0,0.0,0.0,0.0,0.0,0.0,0.0,0.0,0.0,0.0,0.0,0.0,0.0
Marco Friedl,Austria,27.0,1998.0,Centre-Back,187.0,2026-06-30,L1,Sportverein Werder Bremen von 1899,10000000.0,52,27,48,50,30,74,38,89,67,5,0,40,0,0,65,0,66,0,28,https://img.a.transfermarkt.technology/portrait/header/156990-1660207986.jpg?lm=1,26,25,2161,24.0,0.0,0.0,0.0,0,0.0,-0.02,0.0,0.5,0.02,0.01,0.17,-0.2,0.17,0.12,0.0,75.0,2.87,0.04,1324,55.14,90.2,2.62,0.21,0.04,0.0,0.17,0.08,62,2.58,1.42,5.41,0.04,0.0,73.67,6,0.25,44.52,0.5,0.29,1.08,0.0,0.0,5.87,57.6,75.0,46,1.92,51.7,0.42,0.08,0.0,0.0,0.0,0.0,0.0,0.0,0.0,0.0,0.0,0.0,0.0,0.0,0.0,0.0,0.0,0.0
Pablo Fornals,Spain,29.0,1996.0,Attacking Midfield,178.0,2029-06-30,ES1,Real Betis Balompié S.A.D.,6000000.0,31,15,31,87,52,5,52,65,57,86,0,74,0,0,46,0,77,0,78,https://img.a.transfermarkt.technology/portrait/header/357885-1714124764.jpg?lm=1,26,22,1827,20.3,0.1,0.0,0.1,2,0.1,0.01,0.0,1.8,0.09,0.16,1.58,-3.3,1.13,0.2,0.09,17.4,7.19,4.19,887,43.69,80.0,4.58,1.63,0.39,0.0,0.49,2.66,21,1.03,1.13,0.74,0.05,0.0,62.66,8,0.39,38.28,1.18,0.79,0.59,0.0,0.0,5.62,33.3,28.6,18,0.89,46.2,0.1,0.0,0.0,0.0,0.0,0.0,0.0,0.0,0.0,0.0,0.0,0.0,0.0,0.0,0.0,0.0,0.0,0.0
Antonio Candela,Italy,25.0,2000.0,Right-Back,185.0,2025-06-30,ES1,Real Valladolid Club de Fútbol S.A.D.,2000000.0,25,15,17,5,47,51,16,34,25,59,0,44,0,0,14,0,22,0,44,https://img.a.transfermarkt.technology/portrait/header/392881-1717659772.jpg?lm=1,26,24,1914,21.3,0.0,0.05,0.05,0,0.0,-0.01,0.0,0.3,0.01,0.08,1.32,-0.6,0.28,0.0,0.0,0.0,2.3,2.54,641,30.14,75.8,2.02,0.56,0.56,0.0,0.14,1.97,40,1.88,0.66,2.59,0.09,0.0,48.57,12,0.56,24.03,1.18,0.71,0.89,0.0,0.09,2.87,61.82,45.0,17,0.8,47.56,0.14,0.0,0.0,0.0,0.0,0.0,0.0,0.0,0.0,0.0,0.0,0.0,0.0,0.0,0.0,0.0,0.0,0.0
Alfon González,Spain,26.0,1999.0,Left Winger,172.0,2025-06-30,ES1,Real Club Celta de Vigo S. A. D.,2000000.0,56,77,71,27,44,51,76,10,24,27,91,9,0,0,19,0,24,0,8,https://img.a.transfermarkt.technology/portrait/header/357628-1734950388.jpg?lm=1,26,14,1371,15.2,0.33,0.13,0.46,5,0.33,0.03,0.0,4.6,0.3,0.17,5.84,-0.6,3.02,1.25,0.11,41.3,1.44,11.16,263,17.26,69.8,0.53,0.46,0.07,0.0,0.2,2.63,8,0.53,0.33,0.33,0.07,0.39,36.17,25,1.64,24.55,1.9,1.31,0.98,0.07,0.0,2.43,33.3,39.7,3,0.2,17.6,0.07,0.07,0.0,0.0,0.0,0.0,0.0,0.0,0.0,0.0,0.0,0.0,0.0,0.0,0.0,0.0,0.0,0.0
Gavi,Spain,20.0,2004.0,Central Midfield,173.0,2030-06-30,ES1,Futbol Club Barcelona,70000000.0,51,30,47,89,74,60,64,82,81,11,0,82,0,0,69,0,94,0,59,https://img.a.transfermarkt.technology/portrait/header/646740-1682685701.jpg?lm=1,26,14,1085,12.1,0.08,0.08,0.17,1,0.08,0.01,0.0,0.9,0.07,0.13,1.08,-0.6,0.91,0.08,0.09,9.1,6.39,3.48,733,60.8,90.0,7.63,0.91,0.08,0.0,0.41,0.75,30,2.49,0.83,0.58,0.0,0.0,78.22,9,0.75,46.2,1.58,0.75,3.15,0.0,0.0,5.06,60.7,50.0,21,1.74,44.7,0.33,0.0,0.0,0.0,0.0,0.0,0.0,0.0,0.0,0.0,0.0,0.0,0.0,0.0,0.0,0.0,0.0,0.0
Nhoa Sangui,France,19.0,2006.0,Left-Back,178.0,2027-06-30,FR1,Stade de Reims,2500000.0,34,6,17,59,23,75,36,58,56,52,0,12,0,0,85,0,66,0,11,https://img.a.transfermarkt.technology/portrait/header/955281-1723838815.png?lm=1,26,10,1158,12.9,0.0,0.16,0.16,0,0.0,-0.01,0.0,0.1,0.01,0.04,1.63,1.5,0.23,0.0,0.0,0.0,3.5,4.12,510,39.64,83.9,3.26,0.31,0.16,0.0,0.23,1.24,16,1.24,0.62,1.79,0.0,0.0,55.03,10,0.78,28.13,1.32,1.17,0.7,0.0,0.0,4.97,75.0,52.6,6,0.47,33.3,0.23,0.0,0.0,0.0,0.0,0.0,0.0,0.0,0.0,0.0,0.0,0.0,0.0,0.0,0.0,0.0,0.0,0.0
András Schäfer,Hungary,26.0,1999.0,Central Midfield,178.0,,L1,1. Fußballclub Union Berlin,5000000.0,48,13,43,9,21,57,32,97,86,63,94,88,0,0,89,0,7,0,89,https://img.a.transfermarkt.technology/portrait/header/454863-1726351222.jpg?lm=1,26,17,1534,17.0,0.06,0.06,0.12,1,0.06,0.02,0.0,0.6,0.04,0.05,1.35,0.1,0.7,0.06,0.08,8.3,3.23,2.46,414,24.29,73.5,1.76,0.7,0.12,0.0,0.06,1.0,52,3.05,1.29,2.11,0.0,0.29,46.88,13,0.76,21.24,1.58,0.53,1.58,0.0,0.0,4.22,61.0,44.8,28,1.64,59.6,0.18,0.0,0.0,0.0,0.0,0.0,0.0,0.0,0.0,0.0,0.0,0.0,0.0,0.0,0.0,0.0,0.0,0.0
Alphonse Areola,France,32.0,1993.0,Goalkeeper,195.0,2027-06-30,GB1,West Ham United Football Club,10000000.0,27,0,0,69,38,0,63,83,40,69,0,19,20,23,43,57,17,72,19,https://img.a.transfermarkt.technology/portrait/header/120629-1663243036.jpg?lm=1,26,25,2260,25.1,0.0,0.0,0.0,0,0.0,0.0,0.0,0.0,0.0,0.0,0.0,0.0,0.0,0.0,0.0,0.0,0.04,0.0,688,27.4,69.6,0.44,0.0,0.0,15.0,0.12,0.0,2,0.08,0.0,0.6,0.12,0.0,41.77,0,0.0,23.93,0.0,0.0,0.0,0.0,0.0,1.15,66.7,0.0,2,0.08,100.0,0.0,0.0,1.63,4.58,3.07,1.41,-2.6,-0.1,0.0,0.0,4.74,0.6,64.3,20.0,32.1,34.4,3.8,1.19
Piotr Zieliński,Poland,31.0,1994.0,Central Midfield,180.0,2028-06-30,IT1,Football Club Internazionale Milano S.p.A.,14000000.0,42,45,26,83,49,28,91,22,39,99,0,83,0,0,37,0,88,0,98,https://img.a.transfermarkt.technology/portrait/header/181136-1692962961.jpg?lm=1,26,8,980,10.9,0.18,0.18,0.37,0,0.0,-0.06,0.18,1.1,0.1,0.08,2.39,1.1,1.38,0.37,0.0,26.7,5.97,2.2,636,58.41,89.5,7.07,0.55,0.0,0.0,0.37,2.57,14,1.29,0.55,1.19,0.09,0.0,73.74,6,0.55,46.84,0.73,0.55,0.83,0.0,0.0,5.33,46.2,33.3,9,0.83,75.0,0.0,0.0,0.0,0.0,0.0,0.0,0.0,0.0,0.0,0.0,0.0,0.0,0.0,0.0,0.0,0.0,0.0,0.0
Matija Nastasić,Serbia,32.0,1993.0,Centre-Back,187.0,2026-06-30,ES1,Club Deportivo Leganés S.A.D.,1000000.0,32,3,70,8,3,62,1,30,98,67,87,52,0,0,74,0,10,0,73,https://img.a.transfermarkt.technology/portrait/header/143559-1531813376.jpg?lm=1,26,24,2110,23.4,0.04,0.0,0.04,1,0.04,0.04,0.0,0.1,0.0,0.0,0.04,-0.1,0.09,0.04,0.5,50.0,2.52,0.0,704,30.03,82.6,1.58,0.04,0.0,0.0,0.09,0.0,25,1.07,0.9,7.04,0.0,0.04,48.11,1,0.04,21.28,0.21,0.0,0.64,0.04,0.09,2.13,68.0,100.0,39,1.66,69.6,0.13,0.0,0.0,0.0,0.0,0.0,0.0,0.0,0.0,0.0,0.0,0.0,0.0,0.0,0.0,0.0,0.0,0.0
Mickaël Nade,France,26.0,1999.0,Centre-Back,193.0,2028-06-30,FR1,Association sportive de Saint-Étienne Loire,1500000.0,58,37,65,40,61,22,45,94,0,91,87,38,0,0,1,0,69,0,78,https://img.a.transfermarkt.technology/portrait/header/494586-1727722979.jpg?lm=1,26,25,2306,25.6,0.04,0.08,0.12,1,0.04,0.01,0.0,0.7,0.03,0.02,0.66,1.4,0.2,0.08,0.2,40.0,2.81,0.08,1229,47.97,90.0,2.85,0.12,0.0,0.0,0.04,0.04,59,2.3,1.29,5.15,0.31,0.04,64.98,3,0.12,32.2,0.62,0.2,0.74,0.04,0.04,4.41,77.8,37.5,28,1.09,75.7,0.04,0.0,0.0,0.0,0.0,0.0,0.0,0.0,0.0,0.0,0.0,0.0,0.0,0.0,0.0,0.0,0.0,0.0
Marcel Sabitzer,Austria,31.0,1994.0,Central Midfield,178.0,2027-06-30,L1,Borussia Dortmund,10000000.0,52,61,42,74,46,15,49,49,48,85,36,70,0,0,50,0,65,0,76,https://img.a.transfermarkt.technology/portrait/header/106987-1711745992.jpg?lm=1,26,18,1616,18.0,0.06,0.0,0.06,1,0.06,-0.04,0.0,1.8,0.1,0.09,1.34,-1.6,1.17,0.45,0.05,38.1,5.4,3.9,728,40.54,84.8,4.18,0.67,0.11,0.0,0.17,1.28,29,1.62,0.56,1.62,0.06,0.06,57.25,6,0.33,32.13,1.23,0.67,0.67,0.0,0.0,3.23,59.3,40.0,17,0.95,56.7,0.17,0.0,0.0,0.0,0.0,0.0,0.0,0.0,0.0,0.0,0.0,0.0,0.0,0.0,0.0,0.0,0.0,0.0
Yannik Engelhardt,Germany,24.0,2001.0,Defensive Midfield,184.0,2027-06-30,IT1,Calcio Como,7000000.0,51,45,73,57,84,74,85,48,73,40,67,41,0,0,86,0,82,0,46,https://img.a.transfermarkt.technology/portrait/header/405670-1658504058.jpg?lm=1,26,11,1164,12.9,0.08,0.08,0.15,1,0.08,0.03,0.0,0.6,0.05,0.12,1.39,-0.5,0.62,0.15,0.13,25.0,4.18,1.39,622,48.09,88.7,3.02,0.15,0.0,0.0,0.23,0.08,30,2.32,0.85,2.09,0.0,0.08,64.64,9,0.7,40.59,1.7,0.54,1.62,0.0,0.0,4.79,59.3,60.0,11,0.85,55.0,0.31,0.0,0.0,0.0,0.0,0.0,0.0,0.0,0.0,0.0,0.0,0.0,0.0,0.0,0.0,0.0,0.0,0.0
Donny van de Beek,Netherlands,28.0,1997.0,Central Midfield,184.0,2028-06-30,ES1,Girona Fútbol Club S. A. D.,7500000.0,40,54,67,31,90,22,14,29,87,38,0,47,0,0,85,0,50,0,61,https://img.a.transfermarkt.technology/portrait/header/288255-1642174403.jpg?lm=1,26,16,1421,15.8,0.13,0.13,0.25,2,0.13,0.03,0.0,1.5,0.1,0.2,1.08,-1.2,1.14,0.32,0.11,27.8,2.85,5.38,365,23.12,81.7,1.33,0.7,0.0,0.0,0.13,0.7,29,1.84,0.63,0.76,0.0,0.0,36.73,6,0.38,17.8,0.82,0.95,1.39,0.0,0.0,3.04,50.0,46.2,10,0.63,52.6,0.32,0.0,0.0,0.0,0.0,0.0,0.0,0.0,0.0,0.0,0.0,0.0,0.0,0.0,0.0,0.0,0.0,0.0
Noah Atubolu,Germany,23.0,2002.0,Goalkeeper,190.0,,L1,Sport-Club Freiburg,15000000.0,50,0,0,89,69,0,84,35,19,40,0,84,45,58,23,49,70,34,87,https://img.a.transfermarkt.technology/portrait/header/526845-1658411548.jpg?lm=1,26,26,2307,25.6,0.0,0.0,0.0,0,0.0,0.0,0.0,0.0,0.0,0.0,0.0,0.0,0.0,0.0,0.0,0.0,0.08,0.0,849,33.12,74.5,1.05,0.04,0.0,12.7,0.08,0.0,0,0.0,0.0,0.51,0.16,0.0,46.74,0,0.0,26.53,0.0,0.0,0.0,0.0,0.0,2.07,0.0,0.0,10,0.39,90.9,0.08,0.0,1.44,4.68,3.16,1.44,0.0,0.0,0.0,0.08,4.29,1.33,69.2,38.5,33.1,32.4,9.0,1.09
Anuar,Morocco,30.0,1995.0,Right Winger,173.0,2025-06-30,ES1,Real Valladolid Club de Fútbol S.A.D.,900000.0,19,8,29,13,3,2,0,96,42,8,77,83,0,0,29,0,71,0,72,https://img.a.transfermarkt.technology/portrait/header/327126-1541148555.jpg?lm=1,26,21,1720,19.1,0.1,0.0,0.1,2,0.1,0.02,0.0,1.7,0.09,0.06,1.26,-1.2,0.58,0.26,0.18,45.5,1.57,3.56,411,21.51,81.4,0.99,0.16,0.1,0.0,0.0,1.15,38,1.99,0.94,1.36,0.05,0.26,36.89,7,0.37,18.78,1.31,0.73,1.57,0.05,0.0,3.72,53.6,29.2,23,1.2,39.7,0.37,0.0,0.0,0.0,0.0,0.0,0.0,0.0,0.0,0.0,0.0,0.0,0.0,0.0,0.0,0.0,0.0,0.0
Diogo Jota,Portugal,28.0,1996.0,Centre-Forward,178.0,2027-06-30,GB1,Liverpool Football Club,45000000.0,66,84,59,73,72,54,84,91,44,45,46,46,0,0,59,0,59,0,44,https://img.a.transfermarkt.technology/portrait/header/340950-1716296423.jpg?lm=1,26,14,1195,13.3,0.45,0.23,0.68,6,0.45,-0.14,0.0,7.9,0.59,0.14,2.79,1.2,3.84,0.98,0.12,25.5,2.56,6.63,216,16.27,69.7,2.18,0.23,0.08,0.0,0.15,0.6,14,1.05,0.6,0.45,0.0,0.08,36.53,11,0.83,19.66,3.01,1.66,1.73,0.08,0.0,3.09,36.8,33.3,22,1.66,40.7,0.15,0.0,0.0,0.0,0.0,0.0,0.0,0.0,0.0,0.0,0.0,0.0,0.0,0.0,0.0,0.0,0.0,0.0
Antoine Joujou,France,22.0,2003.0,Left Winger,189.0,2025-06-30,FR1,Le Havre Athletic Club,2500000.0,26,1,6,9,87,97,48,97,56,75,43,25,0,0,88,0,16,0,20,https://img.a.transfermarkt.technology/portrait/header/1028162-1683803729.jpg?lm=1,26,9,943,10.5,0.0,0.19,0.19,0,0.0,-0.06,0.0,0.6,0.06,0.29,4.2,-1.0,1.05,0.19,0.0,18.2,1.72,8.11,169,16.13,64.8,0.76,1.43,0.95,0.0,0.1,3.53,16,1.53,0.86,1.81,0.0,0.19,39.8,30,2.86,23.76,3.05,1.62,0.67,0.0,0.0,5.63,60.0,49.2,5,0.48,21.7,0.1,0.0,0.0,0.0,0.0,0.0,0.0,0.0,0.0,0.0,0.0,0.0,0.0,0.0,0.0,0.0,0.0,0.0
Fabiano Parisi,Italy,24.0,2000.0,Left-Back,178.0,2028-06-30,IT1,Associazione Calcio Fiorentina,5000000.0,46,46,88,25,29,60,49,67,50,33,91,54,0,0,75,0,51,0,40,https://img.a.transfermarkt.technology/portrait/header/547985-1663677780.jpg?lm=1,26,11,1124,12.5,0.16,0.0,0.16,2,0.16,0.12,0.0,0.5,0.04,0.06,2.0,-0.8,0.72,0.4,0.22,55.6,3.2,2.8,383,30.67,80.5,2.16,0.72,0.24,0.0,0.08,1.12,27,2.16,1.36,1.36,0.0,0.16,48.6,10,0.8,27.3,1.44,1.28,1.36,0.0,0.0,5.12,57.1,38.5,13,1.04,43.3,0.24,0.0,0.0,0.0,0.0,0.0,0.0,0.0,0.0,0.0,0.0,0.0,0.0,0.0,0.0,0.0,0.0,0.0
Frenkie de Jong,Netherlands,28.0,1997.0,Central Midfield,181.0,2026-06-30,ES1,Futbol Club Barcelona,45000000.0,48,22,76,98,85,38,98,38,49,49,0,65,0,0,20,0,100,0,79,https://img.a.transfermarkt.technology/portrait/header/326330-1656499973.png?lm=1,26,9,1143,12.7,0.16,0.16,0.31,2,0.16,0.1,0.0,0.7,0.06,0.16,2.83,0.0,0.39,0.24,0.4,60.0,9.45,1.89,1084,85.35,94.4,11.02,0.94,0.0,0.0,0.16,0.47,19,1.5,0.94,0.55,0.08,0.0,96.54,5,0.39,64.17,0.39,0.55,1.1,0.0,0.08,4.49,50.0,62.5,10,0.79,58.8,0.24,0.0,0.0,0.0,0.0,0.0,0.0,0.0,0.0,0.0,0.0,0.0,0.0,0.0,0.0,0.0,0.0,0.0
Antoniu Roca,Spain,22.0,2002.0,Right Winger,180.0,2026-06-30,ES1,Reial Club Deportiu Espanyol de Barcelona S.A.D.,1500000.0,20,4,6,6,19,96,14,76,16,16,88,33,0,0,14,0,14,0,24,https://img.a.transfermarkt.technology/portrait/header/834744-1734596565.jpg?lm=1,26,13,1022,11.4,0.0,0.09,0.09,0,0.0,-0.08,0.0,0.9,0.08,0.1,3.08,-0.1,0.88,0.35,0.0,40.0,2.47,5.55,148,13.03,67.0,0.88,0.62,0.26,0.0,0.0,1.76,21,1.85,0.7,0.97,0.09,0.44,32.5,29,2.55,18.93,2.38,1.06,1.67,0.0,0.0,3.43,42.9,53.7,6,0.53,25.0,0.26,0.0,0.0,0.0,0.0,0.0,0.0,0.0,0.0,0.0,0.0,0.0,0.0,0.0,0.0,0.0,0.0,0.0
Hamed Junior Traoré,Cote d'Ivoire,25.0,2000.0,Attacking Midfield,177.0,2025-06-30,FR1,Association de la Jeunesse auxerroise,18000000.0,72,93,97,42,37,54,61,26,56,41,86,44,0,0,76,0,27,0,46,https://img.a.transfermarkt.technology/portrait/header/391065-1596029805.jpg?lm=1,26,26,2093,23.3,0.43,0.09,0.52,10,0.43,0.09,0.0,7.9,0.34,0.12,2.84,-0.7,2.92,1.16,0.15,39.7,4.26,6.28,474,20.38,74.1,2.28,1.16,0.22,0.0,0.3,1.81,41,1.76,0.34,0.47,0.0,0.26,41.75,34,1.46,26.45,3.01,2.28,1.29,0.04,0.0,4.3,29.6,34.7,12,0.52,37.5,0.22,0.0,0.0,0.0,0.0,0.0,0.0,0.0,0.0,0.0,0.0,0.0,0.0,0.0,0.0,0.0,0.0,0.0
Waldemar Anton,Germany,28.0,1996.0,Centre-Back,189.0,2028-06-30,L1,Borussia Dortmund,18000000.0,77,85,85,96,85,99,97,88,46,63,0,60,0,0,77,0,93,0,64,https://img.a.transfermarkt.technology/portrait/header/193004-1723922551.jpg?lm=1,26,22,1949,21.7,0.09,0.09,0.18,2,0.09,0.01,0.0,1.7,0.08,0.04,1.48,1.2,0.88,0.14,0.11,15.8,5.4,1.29,1664,76.84,90.4,5.73,0.28,0.14,0.0,0.28,1.11,34,1.57,1.39,5.17,0.05,0.0,98.17,20,0.92,64.0,0.97,0.42,0.92,0.0,0.0,5.63,73.9,83.3,46,2.12,63.0,0.18,0.0,0.0,0.0,0.0,0.0,0.0,0.0,0.0,0.0,0.0,0.0,0.0,0.0,0.0,0.0,0.0,0.0
Paul Joly,France,24.0,2000.0,Right-Back,182.0,2027-06-30,FR1,Association de la Jeunesse auxerroise,2000000.0,57,57,33,72,72,22,83,100,0,4,68,73,0,0,0,0,13,0,80,https://img.a.transfermarkt.technology/portrait/header/806168-1667290785.jpg?lm=1,26,10,1009,11.2,0.0,0.09,0.09,0,0.0,-0.05,0.0,0.6,0.05,0.12,2.5,-0.3,0.89,0.45,0.0,50.0,4.55,5.44,424,37.82,68.7,3.39,1.61,0.71,0.0,0.8,4.91,49,4.37,2.23,2.85,0.45,0.09,71.36,6,0.54,35.14,2.14,1.07,0.89,0.0,0.09,5.0,60.0,22.2,13,1.16,61.9,0.27,0.09,0.0,0.0,0.0,0.0,0.0,0.0,0.0,0.0,0.0,0.0,0.0,0.0,0.0,0.0,0.0,0.0
Stanko Juric,Croatia,28.0,1996.0,Defensive Midfield,188.0,2027-06-30,ES1,Real Valladolid Club de Fútbol S.A.D.,1500000.0,28,43,24,5,22,38,3,27,80,11,0,97,0,0,71,0,29,0,97,https://img.a.transfermarkt.technology/portrait/header/388125-1614711691.jpg?lm=1,26,19,1729,19.2,0.0,0.0,0.0,0,0.0,-0.04,0.0,0.8,0.04,0.03,0.26,-0.5,0.42,0.1,0.0,25.0,2.97,0.42,636,33.11,84.2,2.08,0.21,0.0,0.0,0.05,0.0,48,2.5,1.25,2.71,0.0,0.0,51.06,6,0.31,20.2,1.09,0.73,1.98,0.0,0.0,4.79,39.6,60.0,50,2.6,69.4,0.36,0.05,0.0,0.0,0.0,0.0,0.0,0.0,0.0,0.0,0.0,0.0,0.0,0.0,0.0,0.0,0.0,0.0
Máximo Perrone,Argentina,22.0,2003.0,Defensive Midfield,177.0,2025-06-30,IT1,Calcio Como,9000000.0,40,48,20,67,84,10,57,8,82,56,50,18,0,0,90,0,93,0,18,https://img.a.transfermarkt.technology/portrait/header/668547-1681246573.jpg?lm=1,26,20,1857,20.6,0.0,0.15,0.15,0,0.0,-0.04,0.0,0.9,0.04,0.11,0.78,0.8,0.48,0.1,0.0,20.0,4.75,0.92,1214,58.84,90.4,4.7,0.78,0.0,0.0,0.29,0.19,38,1.84,0.97,2.08,0.0,0.05,72.79,3,0.15,45.27,0.97,0.78,1.26,0.0,0.0,4.65,34.2,37.5,11,0.53,44.0,0.29,0.0,0.0,0.0,0.0,0.0,0.0,0.0,0.0,0.0,0.0,0.0,0.0,0.0,0.0,0.0,0.0,0.0
Boubacar Kamara,France,25.0,1999.0,Defensive Midfield,184.0,2027-06-30,GB1,Aston Villa Football Club,38000000.0,44,46,66,39,44,34,51,46,14,80,50,41,0,0,21,0,67,0,29,https://img.a.transfermarkt.technology/portrait/header/394327-1736160460.jpg?lm=1,26,20,1726,19.2,0.05,0.0,0.05,1,0.05,0.01,0.0,0.8,0.04,0.05,0.99,-0.9,0.52,0.16,0.1,30.0,4.43,0.37,826,43.07,88.6,4.75,0.52,0.0,0.0,0.0,0.05,50,2.61,0.99,2.66,0.16,0.05,58.09,9,0.47,30.82,0.63,0.89,1.56,0.0,0.0,4.54,51.8,33.3,21,1.1,44.7,0.1,0.0,0.0,0.0,0.0,0.0,0.0,0.0,0.0,0.0,0.0,0.0,0.0,0.0,0.0,0.0,0.0,0.0
Amadou Onana,Belgium,23.0,2001.0,Defensive Midfield,195.0,2029-06-30,GB1,Aston Villa Football Club,55000000.0,60,92,93,37,33,82,82,80,16,52,0,80,0,0,14,0,60,0,78,https://img.a.transfermarkt.technology/portrait/header/485706-1718697649.jpg?lm=1,26,20,1617,18.0,0.17,0.0,0.17,3,0.17,0.05,0.0,2.1,0.12,0.04,1.56,-0.7,0.95,0.33,0.18,35.3,4.12,0.89,702,39.07,87.6,3.78,0.67,0.11,0.0,0.0,0.11,55,3.06,1.45,2.28,0.17,0.0,55.49,14,0.78,30.67,0.61,0.5,1.78,0.0,0.0,4.01,56.7,70.0,31,1.73,59.6,0.22,0.0,0.0,0.0,0.0,0.0,0.0,0.0,0.0,0.0,0.0,0.0,0.0,0.0,0.0,0.0,0.0,0.0
Kevin Kampl,Slovenia,34.0,1990.0,Central Midfield,178.0,2026-06-30,L1,RasenBallsport Leipzig,3000000.0,47,20,47,79,43,73,67,87,94,52,0,3,0,0,90,0,87,0,3,https://img.a.transfermarkt.technology/portrait/header/53418-1742828221.jpg?lm=1,26,18,1593,17.7,0.06,0.0,0.06,1,0.06,0.01,0.0,0.8,0.05,0.08,1.19,-1.4,0.4,0.11,0.14,28.6,5.99,1.81,1046,59.1,89.0,4.58,1.36,0.23,0.0,0.06,1.64,27,1.53,1.36,1.41,0.0,0.0,74.35,13,0.73,44.8,0.73,0.68,1.13,0.0,0.0,5.65,61.5,68.4,3,0.17,18.8,0.28,0.0,0.0,0.0,0.0,0.0,0.0,0.0,0.0,0.0,0.0,0.0,0.0,0.0,0.0,0.0,0.0,0.0
Tom Rothe,Germany,20.0,2004.0,Left-Back,193.0,,L1,1. Fußballclub Union Berlin,10000000.0,49,88,92,15,46,11,17,59,21,17,95,95,0,0,42,0,3,0,84,https://img.a.transfermarkt.technology/portrait/header/798043-1715607518.jpg?lm=1,26,19,1670,18.6,0.16,0.16,0.32,3,0.16,0.06,0.0,1.8,0.1,0.07,1.35,1.7,1.24,0.49,0.13,39.1,2.69,4.9,547,29.48,68.1,1.83,0.81,0.43,0.0,0.22,2.48,45,2.43,0.97,3.07,0.05,0.16,57.88,5,0.27,24.57,1.24,1.67,1.35,0.05,0.0,4.15,56.9,25.0,43,2.32,49.4,0.22,0.05,0.0,0.0,0.0,0.0,0.0,0.0,0.0,0.0,0.0,0.0,0.0,0.0,0.0,0.0,0.0,0.0
George Hirst,Scotland,26.0,1999.0,Centre-Forward,191.0,2027-06-30,GB1,Ipswich Town Football Club,5000000.0,20,17,45,14,11,14,27,28,35,19,39,91,0,0,46,0,5,0,94,https://img.a.transfermarkt.technology/portrait/header/420808-1738823357.jpg?lm=1,26,5,661,7.3,0.41,0.14,0.54,3,0.41,0.12,0.0,2.1,0.29,0.04,1.23,0.7,1.91,0.95,0.21,50.0,1.77,4.22,71,9.67,57.3,0.14,0.54,0.0,0.0,0.0,0.41,3,0.41,0.27,1.36,0.0,0.14,25.87,2,0.27,13.62,2.86,2.18,1.77,0.0,0.0,1.63,25.0,33.3,32,4.36,58.2,0.41,0.0,0.0,0.0,0.0,0.0,0.0,0.0,0.0,0.0,0.0,0.0,0.0,0.0,0.0,0.0,0.0,0.0
Jack Hinshelwood,England,20.0,2005.0,Central Midfield,182.0,2028-06-30,GB1,Brighton and Hove Albion Football Club,24000000.0,49,77,94,34,37,2,28,15,68,68,33,70,0,0,54,0,41,0,73,https://img.a.transfermarkt.technology/portrait/header/867688-1698353957.jpg?lm=1,26,22,1842,20.5,0.24,0.1,0.34,5,0.24,0.11,0.0,2.7,0.13,0.07,0.93,0.5,0.88,0.49,0.28,55.6,3.32,2.64,868,42.41,83.2,1.76,0.44,0.1,0.0,0.39,1.32,27,1.32,0.78,1.81,0.05,0.05,58.44,2,0.1,28.68,0.88,0.15,0.88,0.0,0.0,3.08,40.7,18.2,20,0.98,55.6,0.24,0.0,0.0,0.0,0.0,0.0,0.0,0.0,0.0,0.0,0.0,0.0,0.0,0.0,0.0,0.0,0.0,0.0
Nico González,Argentina,27.0,1998.0,Right Winger,180.0,2029-06-30,IT1,Juventus Football Club,28000000.0,40,62,39,52,6,15,11,43,16,34,47,99,0,0,12,0,51,0,99,https://img.a.transfermarkt.technology/portrait/header/486031-1673442459.jpg?lm=1,26,23,1750,19.4,0.15,0.1,0.26,3,0.15,-0.06,0.0,4.1,0.21,0.06,1.8,0.9,2.31,1.08,0.07,46.7,3.55,6.33,485,24.94,76.0,1.44,0.98,0.05,0.0,0.1,0.77,24,1.23,0.46,1.9,0.1,0.21,45.46,17,0.87,23.61,1.95,0.77,1.54,0.0,0.0,3.55,36.0,32.1,59,3.03,55.7,0.15,0.0,0.0,0.0,0.0,0.0,0.0,0.0,0.0,0.0,0.0,0.0,0.0,0.0,0.0,0.0,0.0,0.0
Hans Hateboer,Netherlands,31.0,1994.0,Right-Back,187.0,2026-06-30,FR1,Stade Rennais Football Club,3000000.0,45,24,10,80,45,50,57,53,35,64,0,96,0,0,25,0,84,0,95,https://img.a.transfermarkt.technology/portrait/header/275303-1661509184.jpg?lm=1,26,18,1684,18.7,0.0,0.0,0.0,0,0.0,-0.02,0.0,0.4,0.02,0.08,1.5,-1.5,0.43,0.0,0.0,0.0,4.92,3.37,962,51.41,85.3,4.01,0.64,0.32,0.0,0.37,1.76,31,1.66,1.55,3.42,0.11,0.0,69.74,6,0.32,37.2,0.59,0.27,1.07,0.0,0.0,3.31,50.0,60.0,42,2.24,63.6,0.16,0.0,0.0,0.0,0.0,0.0,0.0,0.0,0.0,0.0,0.0,0.0,0.0,0.0,0.0,0.0,0.0,0.0
Phil Harres,Germany,23.0,2002.0,Centre-Forward,193.0,,L1,Kieler Sportvereinigung Holstein von 1900,4500000.0,49,54,73,2,29,8,14,68,41,36,64,77,0,0,52,0,4,0,70,https://img.a.transfermarkt.technology/portrait/header/606119-1721850669.jpg?lm=1,26,17,1544,17.2,0.47,0.06,0.52,8,0.47,0.12,0.0,5.9,0.34,0.08,0.7,-0.3,2.16,0.99,0.22,45.9,0.93,4.14,150,8.74,56.6,0.99,0.23,0.12,0.0,0.06,0.35,10,0.58,0.29,1.17,0.0,0.23,28.04,5,0.29,13.99,3.73,1.4,2.04,0.0,0.0,2.33,50.0,20.8,54,3.15,45.4,0.17,0.0,0.0,0.0,0.0,0.0,0.0,0.0,0.0,0.0,0.0,0.0,0.0,0.0,0.0,0.0,0.0,0.0
Giacomo Raspadori,Italy,25.0,2000.0,Second Striker,172.0,2028-06-30,IT1,Società Sportiva Calcio Napoli,20000000.0,53,43,64,87,86,74,68,93,90,80,49,8,0,0,86,0,69,0,14,https://img.a.transfermarkt.technology/portrait/header/405885-1708552564.jpg?lm=1,26,11,1103,12.3,0.49,0.08,0.57,6,0.49,0.16,0.0,4.0,0.33,0.2,1.47,-1.4,3.43,1.14,0.14,33.3,3.43,4.65,280,22.85,68.3,2.2,0.57,0.24,0.0,0.16,5.47,18,1.47,0.24,1.06,0.0,0.16,44.8,9,0.73,21.46,2.04,0.73,0.98,0.0,0.0,3.51,66.7,64.3,5,0.41,31.3,0.08,0.0,0.0,0.0,0.0,0.0,0.0,0.0,0.0,0.0,0.0,0.0,0.0,0.0,0.0,0.0,0.0,0.0
Ethan Nwaneri,England,18.0,2007.0,Right Winger,176.0,,GB1,Arsenal Football Club,55000000.0,35,17,73,81,29,99,86,12,8,68,22,35,0,0,14,0,79,0,40,https://img.a.transfermarkt.technology/portrait/header/890719-1730794927.jpg?lm=1,26,11,895,9.9,0.4,0.2,0.6,4,0.4,0.28,0.0,1.2,0.12,0.12,4.63,0.8,2.41,0.91,0.17,37.5,3.32,11.36,341,34.29,80.4,1.61,1.61,0.6,0.0,0.1,5.43,11,1.11,0.2,0.4,0.1,0.1,54.7,37,3.72,36.8,2.31,1.81,0.91,0.0,0.0,3.42,33.3,59.7,4,0.4,33.3,0.1,0.0,0.0,0.0,0.0,0.0,0.0,0.0,0.0,0.0,0.0,0.0,0.0,0.0,0.0,0.0,0.0,0.0
Leon Goretzka,Germany,30.0,1995.0,Central Midfield,189.0,2026-06-30,L1,FC Bayern München,22000000.0,72,87,91,96,68,66,94,65,62,87,40,92,0,0,45,0,96,0,87,https://img.a.transfermarkt.technology/portrait/header/153084-1700040179.jpg?lm=1,26,13,1325,14.7,0.27,0.07,0.34,4,0.27,0.08,0.0,2.8,0.19,0.12,2.38,-0.7,2.17,0.75,0.13,34.4,8.63,1.9,1101,74.78,89.9,9.98,1.02,0.0,0.0,0.54,0.34,21,1.43,1.36,1.7,0.07,0.07,93.26,7,0.48,53.93,0.27,0.27,0.82,0.0,0.0,5.23,50.0,87.5,31,2.11,54.4,0.14,0.0,0.0,0.0,0.0,0.0,0.0,0.0,0.0,0.0,0.0,0.0,0.0,0.0,0.0,0.0,0.0,0.0
Felix Nmecha,Germany,24.0,2000.0,Central Midfield,190.0,2028-06-30,L1,Borussia Dortmund,28000000.0,61,43,91,66,36,86,56,85,47,61,79,80,0,0,32,0,76,0,74,https://img.a.transfermarkt.technology/portrait/header/406640-1709560961.jpg?lm=1,26,19,1509,16.8,0.24,0.06,0.3,4,0.24,0.16,0.0,1.3,0.08,0.07,1.25,-0.1,1.07,0.36,0.22,33.3,5.07,1.61,794,47.36,87.9,5.43,0.72,0.0,0.0,0.54,0.36,34,2.03,1.37,1.79,0.06,0.12,64.59,17,1.01,37.69,1.13,0.83,1.31,0.06,0.06,5.07,54.5,65.4,23,1.37,53.5,0.18,0.0,0.0,0.0,0.0,0.0,0.0,0.0,0.0,0.0,0.0,0.0,0.0,0.0,0.0,0.0,0.0,0.0
Moi Gómez,Spain,30.0,1994.0,Left Winger,176.0,2027-06-30,ES1,Club Atlético Osasuna,3000000.0,18,0,4,90,20,75,63,86,15,40,0,67,0,0,9,0,84,0,59,https://img.a.transfermarkt.technology/portrait/header/175449-1664970613.jpg?lm=1,26,6,796,8.8,0.0,0.0,0.0,0,0.0,-0.06,0.0,0.5,0.06,0.09,1.47,-0.8,0.68,0.11,0.0,16.7,5.54,1.81,398,45.0,80.6,5.2,1.47,1.02,0.0,1.02,3.17,13,1.47,0.68,0.79,0.11,0.0,64.56,14,1.58,39.91,1.13,0.9,1.58,0.0,0.0,7.46,50.0,53.8,7,0.79,36.8,0.11,0.0,0.0,0.0,0.0,0.0,0.0,0.0,0.0,0.0,0.0,0.0,0.0,0.0,0.0,0.0,0.0,0.0
Justin Njinmah,Germany,24.0,2000.0,Right Winger,185.0,2027-06-30,L1,Sportverein Werder Bremen von 1899,7000000.0,49,70,47,12,39,33,26,38,94,79,96,89,0,0,89,0,3,0,81,https://img.a.transfermarkt.technology/portrait/header/596153-1722887298.jpg?lm=1,26,10,952,10.6,0.28,0.19,0.47,3,0.28,-0.07,0.0,3.7,0.35,0.15,3.12,0.4,2.93,0.76,0.1,25.8,2.17,9.74,150,14.18,61.7,0.76,0.95,0.28,0.0,0.09,1.8,6,0.57,0.28,0.09,0.0,0.47,32.99,11,1.04,21.74,2.17,0.66,0.66,0.09,0.0,1.89,60.0,40.7,15,1.42,42.9,0.09,0.0,0.0,0.0,0.0,0.0,0.0,0.0,0.0,0.0,0.0,0.0,0.0,0.0,0.0,0.0,0.0,0.0
Lasse Rosenboom,Germany,23.0,2002.0,Right-Back,190.0,,L1,Kieler Sportvereinigung Holstein von 1900,1000000.0,47,86,85,0,34,26,1,76,5,66,50,78,0,0,11,0,1,0,55,https://img.a.transfermarkt.technology/portrait/header/512352-1688646400.jpg?lm=1,26,21,1734,19.3,0.1,0.1,0.21,2,0.1,0.01,0.0,1.9,0.1,0.06,0.99,0.9,0.62,0.26,0.17,41.7,1.76,2.6,329,17.08,65.1,1.87,0.42,0.21,0.0,0.05,0.93,47,2.44,0.99,3.69,0.16,0.05,40.48,7,0.36,14.74,1.87,0.67,0.99,0.0,0.0,2.96,68.1,36.8,30,1.56,43.5,0.16,0.0,0.0,0.0,0.0,0.0,0.0,0.0,0.0,0.0,0.0,0.0,0.0,0.0,0.0,0.0,0.0,0.0
Randal Kolo Muani,France,26.0,1998.0,Centre-Forward,187.0,2025-06-30,IT1,Juventus Football Club,30000000.0,65,75,72,52,68,90,63,78,36,65,54,46,0,0,65,0,54,0,64,https://img.a.transfermarkt.technology/portrait/header/487969-1718697120.jpg?lm=1,26,15,1518,16.9,0.59,0.12,0.71,8,0.47,0.04,0.12,7.8,0.46,0.15,1.78,-0.5,2.37,1.13,0.2,48.21,1.48,8.0,208,12.33,70.78,0.47,0.71,0.0,0.0,0.12,0.47,15,0.89,0.24,0.42,0.0,0.12,29.35,25,1.48,17.19,3.08,1.96,2.02,0.06,0.0,2.43,58.67,43.45,19,1.13,50.16,0.0,0.0,0.0,0.0,0.0,0.0,0.0,0.0,0.0,0.0,0.0,0.0,0.0,0.0,0.0,0.0,0.0,0.0
Matheus Nunes,Portugal,26.0,1998.0,Central Midfield,183.0,2028-06-30,GB1,Manchester City Football Club,35000000.0,49,31,45,92,97,81,96,28,23,44,71,38,0,0,15,0,88,0,36,https://img.a.transfermarkt.technology/portrait/header/601883-1693561106.jpg?lm=1,26,19,1674,18.6,0.05,0.32,0.38,1,0.05,-0.01,0.0,1.1,0.06,0.24,3.39,1.6,0.48,0.22,0.11,44.4,4.25,9.41,1065,57.26,86.3,2.85,1.4,0.38,0.0,0.43,2.42,35,1.88,0.81,2.04,0.11,0.16,76.13,19,1.02,46.61,1.72,0.7,1.61,0.0,0.05,3.76,42.1,47.5,14,0.75,42.4,0.22,0.0,0.0,0.0,0.0,0.0,0.0,0.0,0.0,0.0,0.0,0.0,0.0,0.0,0.0,0.0,0.0,0.0
Nicolas Pallois,France,37.0,1987.0,Centre-Back,189.0,2025-06-30,FR1,Football Club de Nantes,500000.0,39,21,40,15,62,28,10,88,26,15,0,9,0,0,18,0,19,0,21,https://img.a.transfermarkt.technology/portrait/header/139279-1704213256.jpg?lm=1,26,23,2017,22.4,0.0,0.09,0.09,0,0.0,-0.02,0.0,0.4,0.02,0.02,0.27,1.6,0.13,0.04,0.0,33.3,2.32,0.22,731,32.62,83.6,2.5,0.04,0.04,0.0,0.18,0.31,61,2.72,1.25,7.32,0.13,0.0,53.19,3,0.13,25.43,0.36,0.13,0.98,0.0,0.04,4.28,58.7,42.9,20,0.89,55.6,0.4,0.0,0.0,0.0,0.0,0.0,0.0,0.0,0.0,0.0,0.0,0.0,0.0,0.0,0.0,0.0,0.0,0.0
Manuel Akanji,Switzerland,29.0,1995.0,Centre-Back,188.0,2027-06-30,GB1,Manchester City Football Club,32000000.0,42,80,1,97,57,71,99,3,26,80,0,13,0,0,35,0,98,0,11,https://img.a.transfermarkt.technology/portrait/header/284730-1684165752.jpg?lm=1,26,23,2014,22.4,0.0,0.0,0.0,0,0.0,-0.07,0.0,1.6,0.07,0.02,2.06,-0.4,0.67,0.09,0.0,13.3,7.06,0.31,1632,72.93,93.6,7.91,0.49,0.09,0.0,0.45,0.49,19,0.85,0.4,2.86,0.13,0.0,84.06,2,0.09,56.04,0.22,0.22,0.76,0.0,0.0,4.6,64.7,100.0,30,1.34,47.6,0.13,0.0,0.0,0.0,0.0,0.0,0.0,0.0,0.0,0.0,0.0,0.0,0.0,0.0,0.0,0.0,0.0,0.0
Mehdi Taremi,Iran,32.0,1992.0,Centre-Forward,185.0,2027-06-30,IT1,Football Club Internazionale Milano S.p.A.,5000000.0,25,19,0,80,83,62,55,16,99,76,97,59,0,0,83,0,92,0,58,https://img.a.transfermarkt.technology/portrait/header/307058-1716551799.jpg?lm=1,26,7,816,9.1,0.11,0.22,0.33,0,0.0,-0.28,0.11,2.7,0.3,0.18,1.1,0.4,1.43,0.55,0.0,38.5,2.76,5.18,185,20.4,80.1,1.32,0.55,0.0,0.0,0.0,0.11,7,0.77,0.0,1.21,0.0,0.44,35.07,6,0.66,20.51,1.54,0.55,0.99,0.11,0.0,3.2,25.0,54.5,19,2.1,44.2,0.11,0.0,0.0,0.0,0.0,0.0,0.0,0.0,0.0,0.0,0.0,0.0,0.0,0.0,0.0,0.0,0.0,0.0
Lukas Ullrich,Germany,21.0,2004.0,Left-Back,180.0,2027-06-30,L1,Borussia Verein für Leibesübungen 1900 Mönchengladbach,8000000.0,29,54,62,3,52,23,21,8,51,41,50,30,0,0,24,0,21,0,28,https://img.a.transfermarkt.technology/portrait/header/787151-1691248738.jpg?lm=1,26,24,1903,21.1,0.05,0.09,0.14,1,0.05,0.0,0.0,0.9,0.04,0.09,1.47,0.2,0.38,0.09,0.13,25.0,1.84,3.36,647,30.6,76.1,1.37,0.43,0.28,0.0,0.0,2.22,25,1.18,1.09,3.5,0.05,0.05,50.75,8,0.38,25.11,0.99,0.57,1.04,0.0,0.09,3.45,35.7,33.3,14,0.66,42.4,0.19,0.0,0.0,0.0,0.0,0.0,0.0,0.0,0.0,0.0,0.0,0.0,0.0,0.0,0.0,0.0,0.0,0.0
Romain Del Castillo,France,29.0,1996.0,Right Winger,172.0,2027-06-30,FR1,Stade brestois 29,8000000.0,38,12,54,78,78,48,41,88,77,91,67,56,0,0,93,0,42,0,61,https://img.a.transfermarkt.technology/portrait/header/353399-1593964996.jpg?lm=1,26,14,1259,14.0,0.43,0.29,0.71,3,0.21,0.09,0.21,1.5,0.11,0.24,2.07,0.6,1.22,0.57,0.18,47.1,4.36,7.58,480,34.31,69.8,3.15,1.86,0.79,0.0,0.5,7.36,31,2.22,0.43,0.36,0.0,0.29,60.05,19,1.36,31.31,2.57,1.22,0.79,0.0,0.0,5.22,59.4,43.2,8,0.57,40.0,0.0,0.0,0.0,0.0,0.0,0.0,0.0,0.0,0.0,0.0,0.0,0.0,0.0,0.0,0.0,0.0,0.0,0.0
Mousa Tamari,Jordan,27.0,1997.0,Right Winger,178.0,2028-06-30,FR1,Stade Rennais Football Club,6000000.0,50,71,37,25,33,42,42,22,4,51,94,51,0,0,10,0,69,0,58,https://img.a.transfermarkt.technology/portrait/header/551505-1702663087.JPG?lm=1,26,19,1683,18.7,0.16,0.05,0.21,3,0.16,-0.11,0.0,5.0,0.27,0.15,4.06,-1.8,2.19,0.75,0.07,36.56,2.03,6.15,343,18.34,78.72,0.91,0.8,0.05,0.0,0.05,1.07,18,0.96,0.27,0.27,0.11,0.37,36.15,30,1.6,22.99,3.69,1.44,0.59,0.11,0.0,3.53,41.46,33.01,10,0.53,39.16,0.21,0.0,0.0,0.0,0.0,0.0,0.0,0.0,0.0,0.0,0.0,0.0,0.0,0.0,0.0,0.0,0.0,0.0
Zito Luvumbo,Angola,23.0,2002.0,Centre-Forward,171.0,2028-06-30,IT1,Cagliari Calcio,5500000.0,20,3,16,43,77,86,93,35,37,41,50,4,0,0,54,0,15,0,6,https://img.a.transfermarkt.technology/portrait/header/666547-1655123282.jpg?lm=1,26,19,1606,17.8,0.11,0.11,0.22,2,0.11,-0.01,0.0,2.1,0.12,0.17,3.92,-1.1,1.29,0.22,0.09,17.4,1.74,7.0,181,10.14,59.9,0.9,0.73,0.45,0.0,0.06,3.64,10,0.56,0.22,0.22,0.0,0.17,26.73,25,1.4,19.45,3.75,1.63,2.13,0.0,0.0,2.8,31.6,39.7,6,0.34,26.1,0.11,0.0,0.0,0.0,0.0,0.0,0.0,0.0,0.0,0.0,0.0,0.0,0.0,0.0,0.0,0.0,0.0,0.0
Lilian Brassier,France,25.0,1999.0,Centre-Back,186.0,2025-06-30,FR1,Stade Rennais Football Club,10000000.0,73,83,55,88,46,23,92,81,19,63,93,75,0,0,22,0,51,0,91,https://img.a.transfermarkt.technology/portrait/header/485960-1736237346.jpg?lm=1,26,23,2013,22.4,0.04,0.04,0.09,1,0.04,-0.03,0.0,1.7,0.08,0.01,1.43,0.7,0.85,0.09,0.05,13.55,5.14,0.85,1347,60.22,85.68,5.95,0.36,0.04,0.0,0.45,0.63,23,1.03,1.39,4.02,0.13,0.09,80.03,3,0.13,48.15,0.67,0.22,0.72,0.0,0.04,4.34,82.32,37.03,47,2.1,75.97,0.18,0.0,0.0,0.0,0.0,0.0,0.0,0.0,0.0,0.0,0.0,0.0,0.0,0.0,0.0,0.0,0.0,0.0
Peque Fernández,Spain,22.0,2002.0,Second Striker,172.0,2028-06-30,ES1,Sevilla Fútbol Club S.A.D.,3500000.0,27,8,5,78,45,65,59,95,52,22,66,5,0,0,14,0,88,0,4,https://img.a.transfermarkt.technology/portrait/header/639733-1615192753.jpg?lm=1,26,14,1134,12.6,0.08,0.08,0.16,1,0.08,-0.11,0.0,2.4,0.19,0.1,1.11,-0.2,1.51,0.32,0.05,21.1,2.78,3.49,279,22.14,79.9,1.98,0.48,0.08,0.0,0.0,0.79,16,1.27,0.63,0.4,0.0,0.24,38.57,11,0.87,21.11,1.83,2.06,1.75,0.0,0.08,3.25,41.2,42.3,8,0.63,23.5,0.08,0.0,0.0,0.0,0.0,0.0,0.0,0.0,0.0,0.0,0.0,0.0,0.0,0.0,0.0,0.0,0.0,0.0
Zakaria Aboukhlal,Morocco,25.0,2000.0,Right Winger,179.0,2026-06-30,FR1,Toulouse Football Club,12000000.0,57,95,71,0,11,9,1,3,67,24,74,76,0,0,57,0,2,0,63,https://img.a.transfermarkt.technology/portrait/header/393238-1629444913.jpg?lm=1,26,22,1901,21.1,0.33,0.09,0.43,6,0.28,-0.15,0.05,8.6,0.41,0.08,1.61,0.4,2.94,1.23,0.1,41.9,1.04,7.76,221,10.46,63.3,0.76,0.47,0.19,0.0,0.0,1.56,22,1.04,0.28,0.43,0.0,0.19,29.02,16,0.76,17.75,3.03,1.23,1.66,0.09,0.0,2.89,17.4,30.2,22,1.04,36.7,0.19,0.0,0.0,0.0,0.0,0.0,0.0,0.0,0.0,0.0,0.0,0.0,0.0,0.0,0.0,0.0,0.0,0.0
Paweł Dawidowicz,Poland,30.0,1995.0,Centre-Back,189.0,2025-06-30,IT1,Verona Hellas Football Club,2500000.0,30,12,20,5,10,28,16,61,43,5,0,34,0,0,19,0,5,0,35,https://img.a.transfermarkt.technology/portrait/header/248732-1663671757.jpg?lm=1,26,24,1845,20.5,0.0,0.0,0.0,0,0.0,-0.01,0.0,0.3,0.01,0.0,0.49,0.0,0.2,0.0,0.0,0.0,1.9,0.15,653,31.85,81.9,2.54,0.05,0.0,0.0,0.24,0.05,45,2.2,0.98,3.37,0.1,0.0,47.9,2,0.1,22.29,0.34,0.15,1.76,0.0,0.05,2.63,66.7,50.0,34,1.66,55.7,0.34,0.05,0.0,0.0,0.0,0.0,0.0,0.0,0.0,0.0,0.0,0.0,0.0,0.0,0.0,0.0,0.0,0.0
Samuel Chukwueze,Nigeria,26.0,1999.0,Right Winger,172.0,2028-06-30,IT1,Associazione Calcio Milan,14000000.0,51,53,51,80,87,96,85,16,86,99,22,55,0,0,100,0,75,0,54,https://img.a.transfermarkt.technology/portrait/header/401922-1692277617.jpg?lm=1,26,9,925,10.3,0.29,0.19,0.49,3,0.29,0.03,0.0,2.7,0.26,0.29,4.67,-1.0,3.11,0.78,0.09,25.0,3.5,11.29,320,31.14,75.8,1.75,2.04,0.49,0.0,0.58,4.86,17,1.65,0.19,0.88,0.0,0.1,54.1,26,2.53,35.9,2.24,1.07,0.29,0.0,0.0,3.7,26.3,55.3,6,0.58,37.5,0.0,0.0,0.0,0.0,0.0,0.0,0.0,0.0,0.0,0.0,0.0,0.0,0.0,0.0,0.0,0.0,0.0,0.0
Badredine Bouanani,Algeria,20.0,2004.0,Right Winger,177.0,2029-06-30,FR1,Olympique Gymnaste Club Nice Côte d'Azur,5000000.0,36,32,31,62,62,34,63,51,80,48,36,5,0,0,70,0,72,0,4,https://img.a.transfermarkt.technology/portrait/header/707242-1739972728.jpg?lm=1,26,11,1099,12.2,0.25,0.25,0.49,2,0.16,0.02,0.08,1.9,0.16,0.2,3.85,0.6,2.46,1.15,0.07,46.7,3.6,7.62,330,27.02,76.7,1.56,1.15,0.16,0.0,0.08,2.7,11,0.9,0.9,0.33,0.0,0.16,46.76,14,1.15,29.65,1.97,1.47,1.06,0.0,0.0,3.6,33.3,38.9,2,0.16,11.1,0.16,0.0,0.0,0.0,0.0,0.0,0.0,0.0,0.0,0.0,0.0,0.0,0.0,0.0,0.0,0.0,0.0,0.0
Óscar de Marcos,Spain,36.0,1989.0,Right-Back,182.0,2025-06-30,ES1,Athletic Club Bilbao,1500000.0,50,65,6,86,87,7,30,42,91,96,56,17,0,0,97,0,77,0,21,https://img.a.transfermarkt.technology/portrait/header/96718-1709675357.png?lm=1,26,17,1564,17.4,0.0,0.23,0.23,0,0.0,-0.06,0.0,1.0,0.06,0.15,1.5,1.4,0.46,0.12,0.0,25.0,5.87,4.49,800,46.04,79.2,5.81,1.44,0.92,0.0,0.12,3.16,32,1.84,0.92,2.01,0.0,0.06,66.64,4,0.23,27.51,0.63,0.4,0.86,0.0,0.0,5.12,56.8,23.5,8,0.46,40.0,0.0,0.0,0.0,0.0,0.0,0.0,0.0,0.0,0.0,0.0,0.0,0.0,0.0,0.0,0.0,0.0,0.0,0.0
Nathaniel Brown,Germany,21.0,2003.0,Left-Back,180.0,2030-06-30,L1,Eintracht Frankfurt Fußball AG,15000000.0,73,90,91,50,97,31,54,92,44,85,68,2,0,0,61,0,77,0,3,https://img.a.transfermarkt.technology/portrait/header/691892-1724772335.jpg?lm=1,26,22,1947,21.6,0.14,0.28,0.42,3,0.14,0.04,0.0,2.2,0.1,0.24,2.08,0.9,0.6,0.23,0.23,38.5,2.91,5.5,727,33.61,80.7,1.62,1.02,0.32,0.0,0.14,4.25,71,3.28,0.69,2.54,0.05,0.09,54.27,11,0.51,27.73,1.39,0.55,0.69,0.0,0.0,3.74,80.0,33.3,5,0.23,21.7,0.09,0.0,0.0,0.0,0.0,0.0,0.0,0.0,0.0,0.0,0.0,0.0,0.0,0.0,0.0,0.0,0.0,0.0
Ramón Terrats,Spain,24.0,2000.0,Defensive Midfield,181.0,2025-06-30,ES1,Getafe Club de Fútbol S.A.D. Team Dubai,4000000.0,40,95,99,9,94,99,17,2,50,89,96,49,0,0,97,0,2,0,48,https://img.a.transfermarkt.technology/portrait/header/783396-1726231968.jpg?lm=1,26,16,1350,15.0,0.27,0.07,0.33,4,0.27,0.11,0.0,2.3,0.15,0.19,0.6,-1.8,1.4,0.53,0.19,42.1,2.87,2.67,292,19.47,68.35,2.4,0.73,0.27,0.0,0.33,2.67,23,1.53,0.67,1.27,0.0,0.2,39.93,26,1.73,21.33,2.6,0.93,1.0,0.0,0.0,4.27,31.39,48.72,17,1.13,53.33,0.13,0.0,0.0,0.0,0.0,0.0,0.0,0.0,0.0,0.0,0.0,0.0,0.0,0.0,0.0,0.0,0.0,0.0
Farès Chaïbi,Algeria,22.0,2002.0,Attacking Midfield,183.0,2028-06-30,L1,Eintracht Frankfurt Fußball AG,9000000.0,40,55,13,48,90,38,32,62,29,75,18,86,0,0,21,0,15,0,81,https://img.a.transfermarkt.technology/portrait/header/855015-1693383538.jpg?lm=1,26,10,1013,11.3,0.09,0.27,0.36,1,0.09,-0.14,0.0,2.6,0.23,0.26,1.78,0.1,2.22,0.53,0.04,24.0,4.62,6.49,304,27.01,65.8,2.75,1.6,0.53,0.0,0.36,6.4,13,1.15,0.89,2.84,0.09,0.09,52.24,7,0.62,25.59,1.69,0.62,0.44,0.0,0.0,2.67,35.0,58.3,16,1.42,43.2,0.18,0.0,0.0,0.0,0.0,0.0,0.0,0.0,0.0,0.0,0.0,0.0,0.0,0.0,0.0,0.0,0.0,0.0
Mads Roerslev,Denmark,25.0,1999.0,Right-Back,184.0,2025-06-30,L1,Verein für Leibesübungen Wolfsburg,8000000.0,40,14,45,64,92,42,36,14,82,83,84,33,0,0,94,0,75,0,26,https://img.a.transfermarkt.technology/portrait/header/391005-1684772936.jpg?lm=1,26,13,1399,15.5,0.0,0.13,0.13,0,0.0,-0.01,0.0,0.2,0.01,0.19,1.54,-1.0,0.32,0.13,0.0,40.0,4.12,4.63,568,36.54,80.04,3.09,0.77,0.32,0.0,0.06,2.44,28,1.8,0.58,3.28,0.0,0.13,55.33,9,0.58,29.21,0.71,0.77,0.51,0.0,0.0,3.02,49.09,36.02,12,0.77,38.45,0.13,0.0,0.0,0.0,0.0,0.0,0.0,0.0,0.0,0.0,0.0,0.0,0.0,0.0,0.0,0.0,0.0,0.0
Lesley Ugochukwu,France,21.0,2004.0,Defensive Midfield,190.0,2025-05-31,GB1,Southampton Football Club,20000000.0,40,49,63,14,48,93,76,18,61,24,78,48,0,0,37,0,37,0,45,https://img.a.transfermarkt.technology/portrait/header/711999-1666698684.jpg?lm=1,26,18,1655,18.4,0.05,0.05,0.11,1,0.05,0.01,0.0,0.9,0.05,0.05,1.58,0.0,0.54,0.05,0.1,10.0,2.66,1.09,600,32.63,85.0,2.94,0.38,0.05,0.0,0.0,0.33,50,2.72,0.76,1.25,0.05,0.11,47.8,19,1.03,26.05,0.65,0.76,1.69,0.0,0.05,3.64,50.0,70.4,20,1.09,52.6,0.38,0.0,0.0,0.0,0.0,0.0,0.0,0.0,0.0,0.0,0.0,0.0,0.0,0.0,0.0,0.0,0.0,0.0
Arthur Chaves,Brazil,24.0,2001.0,Centre-Back,188.0,,L1,Turn- und Sportgemeinschaft 1899 Hoffenheim Fußball-Spielbetriebs,3000000.0,46,43,60,24,9,18,26,70,21,16,77,69,0,0,29,0,8,0,44,https://img.a.transfermarkt.technology/portrait/header/875332-1731017725.jpg?lm=1,26,24,2185,24.3,0.04,0.0,0.04,1,0.04,0.01,0.0,0.8,0.03,0.0,0.41,-0.1,0.41,0.08,0.1,20.0,2.35,0.54,966,39.79,82.1,2.72,0.04,0.0,0.0,0.16,0.33,51,2.1,1.52,5.6,0.12,0.04,62.32,3,0.12,30.48,0.45,0.45,1.57,0.0,0.0,3.83,50.0,30.0,67,2.76,51.9,0.33,0.0,0.0,0.0,0.0,0.0,0.0,0.0,0.0,0.0,0.0,0.0,0.0,0.0,0.0,0.0,0.0,0.0
Josha Vagnoman,Germany,24.0,2000.0,Right-Back,190.0,2026-06-30,L1,Verein für Bewegungsspiele Stuttgart 1893,12000000.0,37,80,60,25,58,17,17,15,35,49,50,64,0,0,40,0,51,0,60,https://img.a.transfermarkt.technology/portrait/header/448258-1691999620.jpg?lm=1,26,19,1834,20.4,0.05,0.05,0.1,1,0.05,-0.02,0.0,1.5,0.07,0.1,1.18,-1.1,0.74,0.29,0.07,40.0,2.31,4.71,725,35.58,80.4,1.77,0.88,0.44,0.0,0.05,2.11,26,1.28,0.69,2.8,0.05,0.05,54.23,8,0.39,26.55,1.32,0.93,0.88,0.0,0.05,4.51,50.0,28.6,22,1.08,52.4,0.2,0.0,0.0,0.0,0.0,0.0,0.0,0.0,0.0,0.0,0.0,0.0,0.0,0.0,0.0,0.0,0.0,0.0
Morato,Brazil,23.0,2001.0,Centre-Back,192.0,2029-06-30,GB1,Nottingham Forest Football Club,15000000.0,23,15,45,0,4,84,1,71,6,9,0,1,0,0,8,0,1,0,0,https://img.a.transfermarkt.technology/portrait/header/673492-1701295349.jpg?lm=1,26,6,907,10.1,0.0,0.0,0.0,0,0.0,-0.02,0.0,0.2,0.02,0.0,0.1,0.0,0.2,0.1,0.0,50.0,1.89,0.1,238,23.62,77.0,1.89,0.0,0.0,0.0,0.0,0.0,22,2.18,0.99,7.74,0.2,0.0,45.35,2,0.2,16.27,0.6,0.3,1.09,0.0,0.0,3.57,61.9,100.0,6,0.6,30.0,0.5,0.0,0.0,0.0,0.0,0.0,0.0,0.0,0.0,0.0,0.0,0.0,0.0,0.0,0.0,0.0,0.0,0.0
Kamaldeen Sulemana,Ghana,23.0,2002.0,Left Winger,175.0,2027-06-30,GB1,Southampton Football Club,13000000.0,24,13,11,23,5,82,47,82,54,42,13,61,0,0,63,0,63,0,49,https://img.a.transfermarkt.technology/portrait/header/746695-1666698770.jpg?lm=1,26,17,1402,15.6,0.06,0.06,0.13,1,0.06,-0.03,0.0,1.5,0.1,0.06,4.04,0.0,1.86,0.51,0.03,27.6,1.73,5.58,285,18.3,79.8,0.39,0.83,0.45,0.0,0.13,1.67,22,1.41,0.39,0.58,0.0,0.06,37.68,39,2.5,24.33,3.21,1.6,1.41,0.0,0.0,4.04,66.7,37.9,13,0.83,32.5,0.13,0.0,0.0,0.0,0.0,0.0,0.0,0.0,0.0,0.0,0.0,0.0,0.0,0.0,0.0,0.0,0.0,0.0
Andrea Carboni,Italy,24.0,2001.0,Centre-Back,187.0,2027-06-30,IT1,Associazione Calcio Monza,3400000.0,43,15,34,51,44,48,30,77,13,42,0,18,0,0,12,0,24,0,13,https://img.a.transfermarkt.technology/portrait/header/481834-1730125183.jpg?lm=1,26,25,2191,24.3,0.0,0.04,0.04,0,0.0,-0.01,0.0,0.3,0.01,0.01,0.37,0.7,0.33,0.04,0.0,12.5,2.09,1.31,989,40.63,85.5,2.09,0.12,0.12,0.0,0.33,0.62,60,2.46,1.11,4.35,0.16,0.0,58.0,5,0.21,33.77,0.62,0.21,1.19,0.0,0.04,2.55,66.0,55.6,38,1.56,47.5,0.21,0.0,0.0,0.0,0.0,0.0,0.0,0.0,0.0,0.0,0.0,0.0,0.0,0.0,0.0,0.0,0.0,0.0
Christopher Trimmel,Austria,38.0,1987.0,Right-Back,189.0,2025-06-30,L1,1. Fußballclub Union Berlin,600000.0,40,17,44,10,70,5,3,69,94,44,50,76,0,0,82,0,1,0,83,https://img.a.transfermarkt.technology/portrait/header/75921-1692707564.jpg?lm=1,26,20,1740,19.3,0.0,0.16,0.16,0,0.0,-0.01,0.0,0.2,0.01,0.11,0.93,0.9,0.47,0.16,0.0,33.3,3.78,2.33,474,24.52,60.5,3.1,0.93,0.52,0.0,0.1,5.74,38,1.97,0.93,4.76,0.0,0.05,50.64,2,0.1,18.88,0.52,0.41,0.72,0.0,0.0,3.26,66.7,25.0,23,1.19,63.9,0.26,0.0,0.0,0.0,0.0,0.0,0.0,0.0,0.0,0.0,0.0,0.0,0.0,0.0,0.0,0.0,0.0,0.0
Ederson,Brazil,31.0,1993.0,Goalkeeper,188.0,2026-06-30,GB1,Manchester City Football Club,25000000.0,65,0,0,93,99,0,75,59,15,7,0,22,96,80,11,7,85,94,31,https://img.a.transfermarkt.technology/portrait/header/238223-1713391842.jpg?lm=1,26,26,2320,25.8,0.0,0.16,0.16,0,0.0,0.0,0.0,0.0,0.0,0.06,0.0,2.5,0.0,0.0,0.0,0.0,0.08,0.0,810,31.42,87.9,0.81,0.04,0.0,17.5,0.08,0.0,0,0.0,0.04,0.43,0.16,0.0,37.78,0,0.0,25.37,0.04,0.0,0.04,0.0,0.04,1.63,0.0,0.0,4,0.16,80.0,0.16,0.0,1.01,3.03,2.06,1.16,5.0,0.19,0.0,0.0,4.19,0.5,69.2,38.5,27.9,17.5,5.8,1.9
Patrizio Masini,Italy,24.0,2001.0,Central Midfield,182.0,2028-06-30,IT1,Genoa Cricket and Football Club,3500000.0,37,6,46,6,1,37,17,73,84,48,94,87,0,0,83,0,9,0,80,https://img.a.transfermarkt.technology/portrait/header/459665-1742901177.jpg?lm=1,26,16,1538,17.1,0.06,0.0,0.06,1,0.06,0.04,0.0,0.4,0.02,0.01,0.94,-0.2,0.47,0.06,0.13,12.5,2.57,1.58,499,29.2,76.9,1.7,0.23,0.18,0.0,0.23,1.52,54,3.16,0.88,2.17,0.0,0.29,51.38,10,0.59,22.88,1.46,0.7,2.11,0.0,0.0,5.09,47.5,40.0,28,1.64,53.8,0.18,0.0,0.0,0.0,0.0,0.0,0.0,0.0,0.0,0.0,0.0,0.0,0.0,0.0,0.0,0.0,0.0,0.0
Dominic Calvert-Lewin,England,28.0,1997.0,Centre-Forward,189.0,2025-06-30,GB1,Everton Football Club,20000000.0,44,64,23,22,8,38,39,51,29,59,50,90,0,0,70,0,8,0,87,https://img.a.transfermarkt.technology/portrait/header/306024-1685705768.jpg?lm=1,26,19,1608,17.9,0.17,0.06,0.22,3,0.17,-0.2,0.0,6.5,0.36,0.03,1.29,0.4,2.8,1.06,0.06,38.0,1.12,6.27,181,10.13,62.6,1.12,0.28,0.06,0.0,0.06,0.34,9,0.5,0.39,1.29,0.0,0.17,29.1,10,0.56,15.67,4.31,1.85,1.51,0.0,0.0,1.96,33.3,40.0,85,4.76,51.2,0.11,0.0,0.0,0.0,0.0,0.0,0.0,0.0,0.0,0.0,0.0,0.0,0.0,0.0,0.0,0.0,0.0,0.0
Kevin Trapp,Germany,34.0,1990.0,Goalkeeper,189.0,2026-06-30,L1,Eintracht Frankfurt Fußball AG,3000000.0,61,0,0,57,22,0,73,34,29,69,0,12,54,71,43,46,7,46,28,https://img.a.transfermarkt.technology/portrait/header/45672-1724772525.jpg?lm=1,26,26,2295,25.5,0.0,0.0,0.0,0,0.0,0.0,0.0,0.0,0.0,0.0,0.0,0.0,0.0,0.0,0.0,0.0,0.04,0.0,693,27.18,73.2,0.27,0.0,0.0,13.6,0.0,0.0,0,0.0,0.0,0.51,0.12,0.0,39.25,0,0.0,25.18,0.04,0.0,0.0,0.0,0.0,2.04,0.0,0.0,4,0.16,57.1,0.0,0.0,1.33,4.59,3.22,1.37,1.9,0.08,0.0,0.08,4.82,0.94,70.9,23.1,29.9,31.7,6.1,1.1
Francisco Conceição,Portugal,22.0,2002.0,Right Winger,170.0,2025-06-30,IT1,Juventus Football Club,36000000.0,47,38,43,61,89,88,96,47,71,4,38,7,0,0,46,0,80,0,7,https://img.a.transfermarkt.technology/portrait/header/487474-1713948689.png?lm=1,26,12,1340,14.9,0.2,0.2,0.4,3,0.2,0.04,0.0,2.4,0.16,0.3,6.38,-1.4,2.69,0.87,0.08,32.5,2.35,9.6,427,28.68,78.3,1.07,1.34,0.67,0.0,0.27,4.16,23,1.54,0.4,0.4,0.0,0.07,49.5,35,2.35,36.81,2.35,1.48,1.61,0.07,0.0,3.69,43.3,44.9,2,0.13,18.2,0.34,0.07,0.0,0.0,0.0,0.0,0.0,0.0,0.0,0.0,0.0,0.0,0.0,0.0,0.0,0.0,0.0,0.0
Kyle Walker,England,34.0,1990.0,Right-Back,183.0,2025-06-30,IT1,Associazione Calcio Milan,6000000.0,42,9,45,85,39,61,70,44,30,55,0,58,0,0,25,0,92,0,70,https://img.a.transfermarkt.technology/portrait/header/95424-1668090663.jpg?lm=1,26,16,1629,18.1,0.0,0.0,0.0,0,0.0,-0.01,0.0,0.1,0.01,0.07,1.27,-1.3,0.39,0.11,0.0,40.0,5.3,1.66,1094,60.44,87.7,4.92,0.5,0.22,0.0,0.5,1.38,34,1.88,0.66,1.55,0.11,0.0,76.46,8,0.44,44.7,0.83,0.33,0.72,0.0,0.0,4.59,65.15,63.38,15,0.83,60.46,0.22,0.0,0.0,0.0,0.0,0.0,0.0,0.0,0.0,0.0,0.0,0.0,0.0,0.0,0.0,0.0,0.0,0.0
Jean-Eudes Aholou,Cote d'Ivoire,31.0,1994.0,Defensive Midfield,186.0,2026-06-30,FR1,Angers Sporting Club de l'Ouest,2000000.0,52,83,80,12,42,50,24,56,74,27,84,82,0,0,82,0,36,0,84,https://img.a.transfermarkt.technology/portrait/header/178313-1525697526.jpg?lm=1,26,26,1959,21.8,0.09,0.0,0.09,2,0.09,0.01,0.0,1.8,0.08,0.05,0.69,-1.0,1.24,0.32,0.07,25.9,3.12,0.74,644,29.59,84.3,2.11,0.32,0.0,0.0,0.09,0.09,56,2.57,1.52,1.47,0.0,0.14,47.41,12,0.55,22.74,1.47,0.69,2.3,0.0,0.0,4.59,45.8,42.9,38,1.75,62.3,0.32,0.0,0.0,0.0,0.0,0.0,0.0,0.0,0.0,0.0,0.0,0.0,0.0,0.0,0.0,0.0,0.0,0.0
Niklas Stark,Germany,30.0,1995.0,Centre-Back,190.0,2026-06-30,L1,Sportverein Werder Bremen von 1899,5000000.0,52,63,17,30,18,62,33,78,77,20,77,55,0,0,72,0,23,0,54,https://img.a.transfermarkt.technology/portrait/header/162434-1660208662.jpg?lm=1,26,25,2106,23.4,0.0,0.04,0.04,0,0.0,-0.05,0.0,1.1,0.05,0.0,0.3,0.9,0.51,0.13,0.0,25.0,2.65,0.13,1098,46.92,85.6,2.82,0.13,0.0,0.0,0.09,0.13,33,1.41,1.54,5.51,0.04,0.04,66.58,1,0.04,37.69,0.3,0.0,1.28,0.0,0.0,3.12,66.7,100.0,48,2.05,60.8,0.26,0.04,0.0,0.0,0.0,0.0,0.0,0.0,0.0,0.0,0.0,0.0,0.0,0.0,0.0,0.0,0.0,0.0
Pedro Díaz,Spain,26.0,1998.0,Central Midfield,180.0,2028-06-30,ES1,Rayo Vallecano de Madrid S.A.D.,2500000.0,44,64,85,59,82,97,72,6,36,90,0,17,0,0,47,0,37,0,24,https://img.a.transfermarkt.technology/portrait/header/363057-1664207844.jpg?lm=1,26,12,1211,13.5,0.22,0.0,0.22,3,0.22,0.04,0.0,1.6,0.12,0.16,2.01,-2.1,2.3,0.52,0.1,22.6,4.61,3.64,446,33.15,78.8,3.34,1.26,0.15,0.0,0.59,3.12,23,1.71,0.52,0.52,0.07,0.0,52.54,20,1.49,28.98,1.78,0.59,0.52,0.0,0.0,5.95,34.1,58.8,5,0.37,38.5,0.15,0.0,0.0,0.0,0.0,0.0,0.0,0.0,0.0,0.0,0.0,0.0,0.0,0.0,0.0,0.0,0.0,0.0
Joris Chotard,France,23.0,2001.0,Defensive Midfield,179.0,2026-06-30,FR1,Montpellier Hérault Sport Club,7000000.0,35,67,57,43,15,37,39,13,65,67,0,42,0,0,45,0,18,0,52,https://img.a.transfermarkt.technology/portrait/header/624037-1702663463.JPG?lm=1,26,23,1892,21.0,0.05,0.0,0.05,1,0.05,-0.01,0.0,1.3,0.06,0.02,0.95,-0.5,0.9,0.14,0.05,15.8,3.81,1.66,672,31.97,81.8,3.81,0.52,0.19,0.0,0.67,1.43,39,1.86,0.9,2.47,0.05,0.0,48.14,8,0.38,23.26,0.71,0.52,0.76,0.0,0.05,4.28,43.5,50.0,16,0.76,59.3,0.24,0.0,0.0,0.0,0.0,0.0,0.0,0.0,0.0,0.0,0.0,0.0,0.0,0.0,0.0,0.0,0.0,0.0
Moussa Diarra,Mali,24.0,2000.0,Centre-Back,185.0,2028-06-30,ES1,Deportivo Alavés S.A.D.,2000000.0,32,1,28,62,15,65,24,34,41,19,100,22,0,0,52,0,6,0,20,https://img.a.transfermarkt.technology/portrait/header/694509-1708555512.jpg?lm=1,26,20,1866,20.7,0.0,0.0,0.0,0,0.0,0.0,0.0,0.0,0.0,0.0,0.58,-0.1,0.05,0.0,0.0,0.0,3.38,1.5,670,32.32,80.2,2.12,0.39,0.14,0.0,0.29,1.11,40,1.93,1.01,2.22,0.05,0.19,48.81,7,0.34,24.07,0.82,0.72,1.35,0.05,0.05,3.67,58.6,50.0,31,1.5,51.7,0.29,0.0,0.0,0.0,0.0,0.0,0.0,0.0,0.0,0.0,0.0,0.0,0.0,0.0,0.0,0.0,0.0,0.0
Carlos Martín,Spain,23.0,2002.0,Left Winger,180.0,2025-06-30,ES1,Deportivo Alavés S.A.D.,3000000.0,28,31,29,2,50,3,1,54,81,16,29,78,0,0,53,0,10,0,77,https://img.a.transfermarkt.technology/portrait/header/618813-1707924109.jpg?lm=1,26,16,1333,14.8,0.14,0.14,0.27,2,0.14,-0.02,0.0,2.3,0.16,0.18,0.88,-0.7,1.76,0.81,0.08,46.2,1.42,4.52,261,17.62,65.3,1.01,0.47,0.27,0.0,0.14,1.62,43,2.9,0.34,1.35,0.0,0.14,41.32,9,0.61,20.59,2.16,1.28,2.16,0.0,0.0,3.71,26.5,25.0,15,1.01,44.1,0.2,0.0,0.0,0.0,0.0,0.0,0.0,0.0,0.0,0.0,0.0,0.0,0.0,0.0,0.0,0.0,0.0,0.0
Stefan de Vrij,Netherlands,33.0,1992.0,Centre-Back,189.0,2025-06-30,IT1,Football Club Internazionale Milano S.p.A.,7000000.0,65,67,97,80,12,27,73,59,97,94,0,92,0,0,98,0,85,0,83,https://img.a.transfermarkt.technology/portrait/header/111196-1663572651.jpg?lm=1,26,18,1726,19.2,0.16,0.0,0.16,3,0.16,0.1,0.0,1.1,0.06,0.0,0.57,0.0,0.68,0.16,0.23,23.1,3.96,0.26,1309,68.26,93.3,3.34,0.05,0.0,0.0,0.16,0.0,18,0.94,1.2,4.64,0.0,0.0,84.11,3,0.16,51.52,0.21,0.05,0.47,0.0,0.0,3.44,75.0,37.5,65,3.39,63.1,0.1,0.0,0.0,0.0,0.0,0.0,0.0,0.0,0.0,0.0,0.0,0.0,0.0,0.0,0.0,0.0,0.0,0.0
Amad Diallo,Cote d'Ivoire,22.0,2002.0,Right Winger,173.0,2030-06-30,GB1,Manchester United Football Club,40000000.0,71,65,89,76,73,76,91,88,31,31,86,45,0,0,31,0,90,0,52,https://img.a.transfermarkt.technology/portrait/header/536835-1694616776.jpg?lm=1,26,20,1901,21.1,0.38,0.28,0.66,8,0.38,0.16,0.0,4.7,0.22,0.23,5.21,1.1,2.23,0.8,0.17,36.2,2.84,9.47,795,37.64,83.9,1.28,1.66,0.33,0.0,0.05,1.99,37,1.75,0.52,0.9,0.05,0.28,57.14,41,1.94,37.07,1.99,1.66,0.99,0.09,0.0,5.16,59.4,46.6,9,0.43,37.5,0.24,0.0,0.0,0.0,0.0,0.0,0.0,0.0,0.0,0.0,0.0,0.0,0.0,0.0,0.0,0.0,0.0,0.0
Oumar Diakité,Cote d'Ivoire,21.0,2003.0,Centre-Forward,185.0,2028-06-30,FR1,Stade de Reims,7000000.0,33,28,36,75,17,73,52,66,32,29,50,26,0,0,53,0,89,0,20,https://img.a.transfermarkt.technology/portrait/header/847279-1723837401.png?lm=1,26,20,1628,18.1,0.22,0.06,0.28,4,0.22,-0.08,0.0,4.7,0.26,0.06,1.33,-0.1,1.44,0.5,0.15,34.6,2.43,5.14,291,16.09,82.2,1.22,0.66,0.11,0.0,0.11,0.39,20,1.11,0.17,0.5,0.0,0.17,32.06,20,1.11,17.64,3.54,2.1,1.49,0.0,0.0,3.26,47.4,35.1,25,1.38,29.8,0.33,0.0,0.0,0.0,0.0,0.0,0.0,0.0,0.0,0.0,0.0,0.0,0.0,0.0,0.0,0.0,0.0,0.0
Yacine Adli,France,24.0,2000.0,Defensive Midfield,186.0,2025-06-30,IT1,Associazione Calcio Fiorentina,15000000.0,49,67,99,94,95,76,95,9,77,42,64,5,0,0,81,0,62,0,5,https://img.a.transfermarkt.technology/portrait/header/395236-1725531271.jpg?lm=1,26,15,1234,13.7,0.29,0.44,0.73,4,0.29,0.22,0.0,1.0,0.07,0.18,1.75,3.6,1.02,0.36,0.29,35.7,7.51,2.19,718,52.37,80.7,6.13,1.17,0.29,0.0,1.02,4.59,32,2.33,0.44,1.39,0.0,0.07,74.47,12,0.88,45.07,1.39,0.58,0.66,0.0,0.0,5.62,43.6,37.5,5,0.36,23.8,0.22,0.07,0.0,0.0,0.0,0.0,0.0,0.0,0.0,0.0,0.0,0.0,0.0,0.0,0.0,0.0,0.0,0.0
Denis Zakaria,Switzerland,28.0,1996.0,Defensive Midfield,190.0,2028-06-30,FR1,Association sportive de Monaco Football Club,30000000.0,69,97,96,65,63,84,65,89,46,48,44,44,0,0,35,0,84,0,54,https://img.a.transfermarkt.technology/portrait/header/334526-1667990520.jpg?lm=1,26,24,2144,23.8,0.25,0.17,0.42,4,0.17,0.03,0.08,3.6,0.15,0.06,1.13,2.6,1.22,0.38,0.14,31.0,4.74,1.51,1062,44.58,90.4,3.82,0.97,0.08,0.0,0.08,0.29,41,1.72,1.43,1.64,0.04,0.04,59.82,21,0.88,34.55,1.47,0.97,1.34,0.0,0.08,6.93,72.7,58.3,18,0.76,60.0,0.21,0.0,0.0,0.0,0.0,0.0,0.0,0.0,0.0,0.0,0.0,0.0,0.0,0.0,0.0,0.0,0.0,0.0
Ramon Hendriks,Netherlands,23.0,2001.0,Left-Back,189.0,2028-06-30,L1,Verein für Bewegungsspiele Stuttgart 1893,5000000.0,43,45,7,26,48,50,14,85,97,46,0,96,0,0,81,0,67,0,93,https://img.a.transfermarkt.technology/portrait/header/436064-1723707702.jpg?lm=1,25,10,1154,12.8,0.0,0.08,0.08,0,0.0,-0.05,0.0,0.6,0.05,0.08,0.62,0.0,0.39,0.08,0.0,20.0,2.81,1.72,576,44.92,83.7,3.35,0.39,0.16,0.0,0.08,0.94,20,1.56,1.48,4.91,0.0,0.0,65.43,5,0.39,32.6,0.47,0.31,0.94,0.0,0.0,3.12,69.2,55.6,29,2.26,60.4,0.23,0.0,0.0,0.0,0.0,0.0,0.0,0.0,0.0,0.0,0.0,0.0,0.0,0.0,0.0,0.0,0.0,0.0
Destiny Udogie,Italy,22.0,2002.0,Left-Back,188.0,2030-06-30,GB1,Tottenham Hotspur Football Club,45000000.0,61,16,38,87,40,49,84,93,31,77,50,35,0,0,55,0,92,0,44,https://img.a.transfermarkt.technology/portrait/header/556385-1697208468.jpg?lm=1,25,24,1924,21.4,0.0,0.05,0.05,0,0.0,-0.01,0.0,0.3,0.01,0.07,2.53,-0.5,0.23,0.05,0.0,20.0,5.66,4.4,972,45.47,87.3,4.16,0.28,0.05,0.0,0.0,0.89,75,3.51,1.03,1.68,0.05,0.05,64.37,13,0.61,35.46,1.73,0.89,1.36,0.0,0.0,5.19,70.2,40.6,13,0.61,50.0,0.09,0.0,0.0,0.0,0.0,0.0,0.0,0.0,0.0,0.0,0.0,0.0,0.0,0.0,0.0,0.0,0.0,0.0
Kieran Trippier,England,34.0,1990.0,Right-Back,173.0,2026-06-30,GB1,Newcastle United Football Club,5000000.0,51,6,17,98,67,35,78,65,85,84,0,86,0,0,92,0,93,0,82,https://img.a.transfermarkt.technology/portrait/header/95810-1696454076.jpg?lm=1,25,14,1309,14.5,0.0,0.21,0.21,0,0.0,-0.01,0.0,0.1,0.01,0.1,1.79,1.6,0.28,0.0,0.0,0.0,8.04,3.99,1036,71.23,82.5,4.81,1.51,0.14,0.0,0.21,5.64,38,2.61,0.83,3.37,0.0,0.0,95.43,4,0.28,41.87,0.76,0.55,1.1,0.0,0.0,4.68,61.1,50.0,22,1.51,59.5,0.07,0.0,0.0,0.0,0.0,0.0,0.0,0.0,0.0,0.0,0.0,0.0,0.0,0.0,0.0,0.0,0.0,0.0
Cédric Bakambu,DR Congo,34.0,1991.0,Centre-Forward,182.0,2026-06-30,ES1,Real Betis Balompié S.A.D.,1800000.0,32,46,23,33,41,2,27,32,45,8,70,32,0,0,38,0,30,0,24,https://img.a.transfermarkt.technology/portrait/header/127048-1563441766.jpg?lm=1,25,6,710,7.9,0.25,0.25,0.51,2,0.25,-0.15,0.0,3.2,0.41,0.08,1.14,1.4,3.04,1.39,0.08,45.8,1.77,5.45,84,10.65,66.7,1.14,0.63,0.0,0.0,0.0,0.25,6,0.76,0.0,0.63,0.0,0.13,28.65,1,0.13,14.32,3.55,1.39,2.92,0.13,0.0,3.17,42.9,14.3,12,1.52,31.6,0.51,0.0,0.0,0.0,0.0,0.0,0.0,0.0,0.0,0.0,0.0,0.0,0.0,0.0,0.0,0.0,0.0,0.0
Hernani,Brazil,31.0,1994.0,Central Midfield,188.0,2026-06-30,IT1,Parma Calcio 1913,2000000.0,45,11,30,50,61,27,69,90,35,11,66,71,0,0,31,0,19,0,61,https://img.a.transfermarkt.technology/portrait/header/181768-1686211173.jpg?lm=1,25,15,1327,14.7,0.2,0.2,0.41,0,0.0,0.01,0.2,0.5,0.03,0.1,1.97,1.5,1.15,0.2,0.0,17.6,5.29,2.71,463,31.4,75.3,3.05,0.95,0.14,0.0,0.54,2.24,47,3.19,1.29,0.81,0.07,0.14,53.04,8,0.54,28.42,1.56,0.81,2.24,0.0,0.0,4.61,54.0,33.3,18,1.22,48.6,0.47,0.0,0.0,0.0,0.0,0.0,0.0,0.0,0.0,0.0,0.0,0.0,0.0,0.0,0.0,0.0,0.0,0.0
Lorenzo Pellegrini,Italy,28.0,1996.0,Attacking Midfield,186.0,2026-06-30,IT1,Associazione Sportiva Roma,14000000.0,44,68,9,35,44,14,24,43,93,39,28,37,0,0,74,0,53,0,36,https://img.a.transfermarkt.technology/portrait/header/286297-1692962972.jpg?lm=1,25,20,1626,18.1,0.11,0.06,0.17,1,0.06,-0.15,0.06,3.9,0.22,0.14,1.49,-1.5,2.27,0.72,0.02,31.7,3.38,4.54,519,28.73,79.5,1.94,1.05,0.0,0.0,0.0,2.71,24,1.33,0.33,1.22,0.0,0.11,45.66,11,0.61,25.63,1.44,0.89,1.44,0.0,0.0,3.38,42.1,40.7,10,0.55,33.3,0.22,0.0,0.0,0.0,0.0,0.0,0.0,0.0,0.0,0.0,0.0,0.0,0.0,0.0,0.0,0.0,0.0,0.0
Lewis Holtby,Germany,34.0,1990.0,Central Midfield,176.0,2025-06-30,L1,Kieler Sportvereinigung Holstein von 1900,500000.0,32,10,6,23,58,35,29,75,4,39,98,29,0,0,2,0,16,0,32,https://img.a.transfermarkt.technology/portrait/header/55508-1721850987.jpg?lm=1,25,13,1238,13.8,0.0,0.07,0.07,0,0.0,-0.04,0.0,0.5,0.04,0.11,1.02,-0.5,0.51,0.0,0.0,0.0,3.42,2.47,540,39.26,76.5,2.11,0.36,0.07,0.0,0.15,3.34,34,2.47,1.53,1.89,0.22,0.22,61.58,7,0.51,27.04,1.09,0.58,0.95,0.15,0.07,5.23,42.9,46.7,8,0.58,40.0,0.07,0.07,0.0,0.0,0.0,0.0,0.0,0.0,0.0,0.0,0.0,0.0,0.0,0.0,0.0,0.0,0.0,0.0
Harry Wilson,Wales,28.0,1997.0,Right Winger,173.0,2026-06-30,GB1,Fulham Football Club,17000000.0,52,76,82,66,15,16,20,91,29,54,64,18,0,0,20,0,41,0,12,https://img.a.transfermarkt.technology/portrait/header/279455-1668070758.jpg?lm=1,25,12,1162,12.9,0.46,0.08,0.54,6,0.46,0.15,0.0,4.1,0.32,0.09,1.7,-0.1,3.33,1.32,0.14,39.5,3.95,7.44,326,25.25,73.3,2.01,1.16,0.08,0.0,0.39,3.18,20,1.55,0.54,0.77,0.08,0.15,46.24,9,0.7,26.49,1.47,0.46,0.93,0.08,0.0,4.26,66.7,37.5,5,0.39,20.0,0.15,0.0,0.0,0.0,0.0,0.0,0.0,0.0,0.0,0.0,0.0,0.0,0.0,0.0,0.0,0.0,0.0,0.0
Trevoh Chalobah,England,25.0,1999.0,Centre-Back,192.0,2028-06-30,GB1,Chelsea Football Club,17000000.0,58,91,95,50,95,75,48,63,10,73,0,54,0,0,17,0,77,0,51,https://img.a.transfermarkt.technology/portrait/header/346314-1698937171.jpg?lm=1,25,23,1970,21.9,0.14,0.05,0.18,3,0.14,0.05,0.0,2.0,0.09,0.07,0.69,-0.6,0.82,0.27,0.16,33.8,3.24,0.37,958,43.77,85.99,3.15,0.23,0.05,0.0,0.18,0.46,31,1.42,1.32,4.8,0.18,0.0,62.5,8,0.37,32.16,0.32,0.41,0.87,0.0,0.0,3.88,64.73,55.0,45,2.06,59.83,0.14,0.0,0.0,0.0,0.0,0.0,0.0,0.0,0.0,0.0,0.0,0.0,0.0,0.0,0.0,0.0,0.0,0.0
Danilo Cataldi,Italy,30.0,1994.0,Defensive Midfield,180.0,2025-06-30,IT1,Associazione Calcio Fiorentina,4000000.0,45,63,93,48,35,7,52,30,95,99,50,19,0,0,100,0,48,0,33,https://img.a.transfermarkt.technology/portrait/header/199733-1661513736.jpg?lm=1,25,23,1728,19.2,0.16,0.0,0.16,3,0.16,0.1,0.0,1.1,0.06,0.04,0.94,-0.8,0.68,0.26,0.23,38.5,4.69,0.83,845,44.01,84.5,4.32,0.52,0.16,0.0,0.16,1.09,25,1.3,1.15,1.82,0.0,0.05,59.74,3,0.16,34.22,0.68,0.36,0.78,0.0,0.0,5.94,51.9,30.0,6,0.31,54.5,0.05,0.0,0.0,0.0,0.0,0.0,0.0,0.0,0.0,0.0,0.0,0.0,0.0,0.0,0.0,0.0,0.0,0.0
Marco Asensio,Spain,29.0,1996.0,Right Winger,182.0,2025-06-30,GB1,Aston Villa Football Club,20000000.0,70,97,64,86,77,68,59,2,98,61,45,16,0,0,82,0,93,0,31,https://img.a.transfermarkt.technology/portrait/header/296622-1664970818.jpg?lm=1,25,17,1361,15.2,0.33,0.33,0.66,5,0.33,-0.33,0.0,8.5,0.56,0.24,2.71,1.3,3.17,1.52,0.11,48.75,5.36,5.75,532,35.18,82.51,3.37,0.99,0.2,0.0,0.13,3.37,11,0.73,0.13,0.26,0.0,0.2,50.39,16,1.06,33.13,0.79,0.86,0.79,0.0,0.0,3.04,21.19,59.9,1,0.07,33.3,0.13,0.0,0.0,0.0,0.0,0.0,0.0,0.0,0.0,0.0,0.0,0.0,0.0,0.0,0.0,0.0,0.0,0.0
Rubén Peña,Spain,33.0,1991.0,Right-Back,170.0,2025-06-30,ES1,Club Atlético Osasuna,1800000.0,29,69,1,19,42,84,47,0,24,68,99,28,0,0,85,0,0,0,15,https://img.a.transfermarkt.technology/portrait/header/238868-1490952343.jpg?lm=1,25,7,775,8.6,0.0,0.0,0.0,0,0.0,-0.08,0.0,0.7,0.08,0.07,2.09,-0.6,1.16,0.35,0.0,30.0,3.14,6.62,183,21.25,59.2,2.32,1.16,0.7,0.0,0.12,6.04,12,1.39,0.7,1.39,0.0,0.23,48.54,10,1.16,25.43,2.9,1.39,1.39,0.12,0.0,3.83,20.8,37.0,7,0.81,31.8,0.12,0.0,0.0,0.0,0.0,0.0,0.0,0.0,0.0,0.0,0.0,0.0,0.0,0.0,0.0,0.0,0.0,0.0
Andrea Colpani,Italy,26.0,1999.0,Attacking Midfield,184.0,2025-06-30,IT1,Associazione Calcio Fiorentina,12000000.0,35,46,33,53,16,25,39,21,86,74,9,50,0,0,85,0,52,0,58,https://img.a.transfermarkt.technology/portrait/header/392959-1730183016.jpg?lm=1,25,18,1450,16.1,0.12,0.06,0.19,2,0.12,-0.04,0.0,2.7,0.17,0.08,2.3,-0.3,2.23,0.74,0.06,33.3,3.54,8.01,376,23.34,80.7,1.18,0.93,0.06,0.0,0.37,2.05,15,0.93,0.56,0.62,0.0,0.06,37.8,12,0.74,24.52,1.61,1.37,1.37,0.0,0.0,2.86,33.3,44.4,10,0.62,40.0,0.06,0.0,0.0,0.0,0.0,0.0,0.0,0.0,0.0,0.0,0.0,0.0,0.0,0.0,0.0,0.0,0.0,0.0
Tom Cairney,Scotland,34.0,1991.0,Central Midfield,185.0,2025-06-30,GB1,Fulham Football Club,2000000.0,47,40,87,98,78,47,96,54,18,0,66,28,0,0,4,0,96,0,23,https://img.a.transfermarkt.technology/portrait/header/123275-1651652849.jpg?lm=1,25,3,627,7.0,0.29,0.0,0.29,2,0.29,0.19,0.0,0.7,0.1,0.14,2.58,-1.0,1.58,0.57,0.18,36.4,7.61,4.74,569,81.67,90.7,7.61,1.0,0.43,0.0,0.29,2.87,12,1.72,0.57,0.43,0.14,0.14,97.75,5,0.72,65.02,0.86,0.57,1.15,0.0,0.0,7.46,57.1,38.5,5,0.72,35.7,0.43,0.14,0.0,0.0,0.0,0.0,0.0,0.0,0.0,0.0,0.0,0.0,0.0,0.0,0.0,0.0,0.0,0.0
Mats Wieffer,Netherlands,25.0,1999.0,Defensive Midfield,188.0,2029-06-30,GB1,Brighton and Hove Albion Football Club,27000000.0,68,61,74,79,89,57,92,100,1,4,97,95,0,0,2,0,69,0,88,https://img.a.transfermarkt.technology/portrait/header/415381-1673869834.jpg?lm=1,25,10,1015,11.3,0.09,0.27,0.35,1,0.09,0.02,0.0,0.8,0.07,0.14,1.6,1.4,0.8,0.35,0.11,44.4,5.5,2.04,594,52.67,85.0,4.7,0.8,0.18,0.0,0.09,1.24,58,5.14,1.42,2.39,0.27,0.18,76.88,7,0.62,42.83,1.68,0.8,2.04,0.09,0.09,6.03,68.1,46.7,32,2.84,56.1,0.53,0.0,0.0,0.0,0.0,0.0,0.0,0.0,0.0,0.0,0.0,0.0,0.0,0.0,0.0,0.0,0.0,0.0
Mikel Vesga,Spain,32.0,1993.0,Defensive Midfield,191.0,2027-06-30,ES1,Athletic Club Bilbao,3000000.0,44,27,3,68,76,67,41,41,80,88,0,88,0,0,95,0,27,0,89,https://img.a.transfermarkt.technology/portrait/header/300168-1709675412.png?lm=1,25,10,988,11.0,0.0,0.0,0.0,0,0.0,-0.11,0.0,0.4,0.04,0.09,0.91,-1.0,0.46,0.18,0.0,40.0,5.83,2.0,429,39.08,79.6,4.65,0.46,0.0,0.0,0.36,0.73,22,2.0,1.37,2.37,0.0,0.0,59.48,7,0.64,26.51,1.0,0.82,1.28,0.0,0.0,6.01,42.9,58.3,25,2.28,61.0,0.09,0.0,0.0,0.0,0.0,0.0,0.0,0.0,0.0,0.0,0.0,0.0,0.0,0.0,0.0,0.0,0.0,0.0
Martín Payero,Argentina,26.0,1998.0,Central Midfield,182.0,2027-06-30,IT1,Udinese Calcio,6000000.0,45,46,45,20,45,99,68,39,74,12,100,78,0,0,40,0,17,0,69,https://img.a.transfermarkt.technology/portrait/header/555820-1707213845.jpg?lm=1,25,16,1381,15.3,0.07,0.07,0.13,1,0.07,-0.01,0.0,1.2,0.08,0.08,2.15,-0.3,2.02,0.33,0.03,16.1,3.32,2.87,353,23.01,77.8,3.0,0.52,0.39,0.0,0.33,2.54,24,1.56,0.85,0.85,0.0,0.65,42.3,30,1.96,23.98,1.76,0.85,2.28,0.07,0.13,4.89,50.0,42.9,21,1.37,51.2,0.33,0.0,0.0,0.0,0.0,0.0,0.0,0.0,0.0,0.0,0.0,0.0,0.0,0.0,0.0,0.0,0.0,0.0
Joan Jordán,Spain,30.0,1994.0,Central Midfield,185.0,2025-06-30,ES1,Deportivo Alavés S.A.D.,2500000.0,54,55,68,79,83,56,11,52,95,41,62,72,0,0,83,0,28,0,72,https://img.a.transfermarkt.technology/portrait/header/263727-1620305031.jpg?lm=1,25,15,1414,15.7,0.32,0.13,0.45,2,0.13,0.01,0.19,1.6,0.1,0.15,0.45,-0.3,0.83,0.25,0.15,30.8,6.62,2.23,685,43.6,74.9,6.49,0.95,0.32,0.0,1.15,6.75,32,2.04,0.57,1.34,0.0,0.13,66.07,6,0.38,30.62,1.02,0.45,1.78,0.0,0.0,3.88,56.7,85.7,16,1.02,55.2,0.25,0.0,0.0,0.0,0.0,0.0,0.0,0.0,0.0,0.0,0.0,0.0,0.0,0.0,0.0,0.0,0.0,0.0
Hákon Arnar Haraldsson,Iceland,22.0,2003.0,Attacking Midfield,178.0,2028-06-30,FR1,Lille Olympique Sporting Club,15000000.0,64,65,72,74,50,72,75,64,90,64,60,0,0,0,88,0,63,0,0,https://img.a.transfermarkt.technology/portrait/header/652275-1662491592.jpg?lm=1,25,21,1755,19.5,0.26,0.15,0.41,5,0.26,0.06,0.0,3.8,0.19,0.14,2.67,0.2,1.79,0.67,0.14,37.1,5.23,7.33,751,38.51,79.4,3.28,2.15,0.26,0.0,0.21,3.03,36,1.85,0.41,0.31,0.0,0.15,58.26,27,1.38,36.67,2.15,0.67,0.97,0.05,0.0,3.64,48.5,55.1,2,0.1,12.5,0.15,0.0,0.0,0.0,0.0,0.0,0.0,0.0,0.0,0.0,0.0,0.0,0.0,0.0,0.0,0.0,0.0,0.0
José Campaña,Spain,31.0,1993.0,Central Midfield,179.0,2025-06-30,ES1,Unión Deportiva Las Palmas S.A.D.,1000000.0,41,2,29,80,48,45,39,84,9,36,0,91,0,0,5,0,67,0,100,https://img.a.transfermarkt.technology/portrait/header/120095-1601644816.jpg?lm=1,25,15,1189,13.2,0.0,0.23,0.23,0,0.0,-0.01,0.0,0.1,0.01,0.07,0.83,2.1,0.38,0.23,0.0,60.0,6.59,1.14,703,53.21,84.3,5.45,0.91,0.3,0.0,0.91,2.57,21,1.59,1.44,1.44,0.15,0.0,71.61,8,0.61,36.18,1.29,1.14,0.53,0.0,0.08,6.36,55.0,44.4,15,1.14,78.9,0.38,0.0,0.0,0.0,0.0,0.0,0.0,0.0,0.0,0.0,0.0,0.0,0.0,0.0,0.0,0.0,0.0,0.0
Marcus Rashford,England,27.0,1997.0,Left Winger,185.0,2025-06-30,GB1,Aston Villa Football Club,50000000.0,55,64,72,39,85,24,35,45,99,71,43,41,0,0,88,0,50,0,47,https://img.a.transfermarkt.technology/portrait/header/258923-1674473054.jpg?lm=1,25,16,1422,15.8,0.38,0.19,0.57,5,0.32,0.08,0.06,4.0,0.25,0.28,2.66,-1.4,2.15,0.89,0.15,46.12,2.15,7.66,370,23.42,73.01,0.95,1.58,0.63,0.0,0.38,3.48,17,1.08,0.32,0.63,0.0,0.19,42.22,18,1.14,26.58,1.39,0.44,0.57,0.0,0.0,2.41,52.95,32.0,6,0.38,36.6,0.13,0.0,0.0,0.0,0.0,0.0,0.0,0.0,0.0,0.0,0.0,0.0,0.0,0.0,0.0,0.0,0.0,0.0
Jacob Greaves,England,24.0,2000.0,Centre-Back,193.0,2029-06-30,GB1,Ipswich Town Football Club,20000000.0,48,69,61,32,26,63,19,35,33,70,77,94,0,0,39,0,34,0,89,https://img.a.transfermarkt.technology/portrait/header/693095-1727786112.jpg?lm=1,25,25,2205,24.5,0.04,0.0,0.04,1,0.04,-0.01,0.0,1.3,0.05,0.01,0.45,-0.3,0.41,0.16,0.1,40.0,2.82,0.41,962,39.27,86.0,3.06,0.08,0.0,0.0,0.0,0.04,40,1.63,0.9,6.04,0.12,0.04,57.22,4,0.16,25.14,0.41,0.08,0.65,0.0,0.0,2.45,62.9,80.0,82,3.35,66.7,0.2,0.0,0.0,0.0,0.0,0.0,0.0,0.0,0.0,0.0,0.0,0.0,0.0,0.0,0.0,0.0,0.0,0.0
Oliver Burke,Scotland,28.0,1997.0,Centre-Forward,188.0,2025-06-30,L1,Sportverein Werder Bremen von 1899,1800000.0,48,52,59,53,73,68,83,86,44,25,25,91,0,0,55,0,12,0,96,https://img.a.transfermarkt.technology/portrait/header/341317-1660206566.jpg?lm=1,25,9,908,10.1,0.5,0.0,0.5,5,0.5,0.09,0.0,4.1,0.41,0.17,2.18,-1.7,3.47,1.19,0.14,34.3,1.49,8.72,179,17.74,59.9,0.5,0.69,0.3,0.0,0.0,1.98,11,1.09,0.2,0.59,0.0,0.1,43.61,7,0.69,24.38,3.77,1.29,1.19,0.0,0.0,2.58,66.7,58.3,40,3.96,65.6,0.4,0.0,0.0,0.0,0.0,0.0,0.0,0.0,0.0,0.0,0.0,0.0,0.0,0.0,0.0,0.0,0.0,0.0
Casper Tengstedt,Denmark,24.0,2000.0,Centre-Forward,184.0,2025-06-30,IT1,Verona Hellas Football Club,7000000.0,34,32,48,37,12,30,48,47,98,93,33,16,0,0,98,0,28,0,8,https://img.a.transfermarkt.technology/portrait/header/464598-1730186838.jpg?lm=1,25,20,1517,16.9,0.36,0.06,0.42,5,0.3,0.04,0.06,4.5,0.27,0.05,1.72,0.1,2.2,0.59,0.14,27.0,1.72,5.04,201,11.92,67.4,0.65,0.47,0.06,0.0,0.12,0.59,7,0.42,0.24,1.72,0.0,0.12,27.17,9,0.53,14.12,2.14,0.36,0.36,0.0,0.0,2.2,44.4,33.3,20,1.19,24.7,0.12,0.0,0.0,0.0,0.0,0.0,0.0,0.0,0.0,0.0,0.0,0.0,0.0,0.0,0.0,0.0,0.0,0.0
Bryan Gil,Spain,24.0,2001.0,Left Winger,175.0,2025-06-30,ES1,Girona Fútbol Club S. A. D.,15000000.0,38,25,41,84,39,72,83,68,0,33,47,0,0,0,1,0,86,0,0,https://img.a.transfermarkt.technology/portrait/header/537382-1704812537.jpg?lm=1,25,21,1721,19.1,0.16,0.16,0.31,3,0.16,0.04,0.0,2.3,0.12,0.15,3.97,0.1,1.67,0.78,0.09,46.9,3.87,10.98,621,32.48,81.8,1.41,1.73,0.37,0.0,0.0,4.08,34,1.78,0.52,0.47,0.21,0.21,53.29,41,2.14,37.39,2.93,2.04,1.15,0.0,0.0,4.08,46.7,39.4,0,0.0,0.0,0.21,0.0,0.0,0.0,0.0,0.0,0.0,0.0,0.0,0.0,0.0,0.0,0.0,0.0,0.0,0.0,0.0,0.0
Dante,Brazil,41.0,1983.0,Centre-Back,188.0,2026-06-30,FR1,Olympique Gymnaste Club Nice Côte d'Azur,500000.0,52,30,34,77,37,42,74,53,56,33,0,56,0,0,70,0,67,0,68,https://img.a.transfermarkt.technology/portrait/header/16136-1739971106.jpg?lm=1,25,21,1964,21.8,0.0,0.0,0.0,0,0.0,-0.02,0.0,0.5,0.02,0.01,0.82,-0.2,0.41,0.09,0.0,22.2,4.4,0.37,1267,58.06,88.5,4.12,0.37,0.0,0.0,0.37,0.09,32,1.47,1.56,3.39,0.05,0.0,75.66,6,0.27,43.49,0.73,0.23,0.87,0.0,0.0,5.13,51.7,40.0,41,1.88,66.1,0.23,0.05,0.0,0.0,0.0,0.0,0.0,0.0,0.0,0.0,0.0,0.0,0.0,0.0,0.0,0.0,0.0,0.0
Bukayo Saka,England,23.0,2001.0,Right Winger,178.0,2027-06-30,GB1,Arsenal Football Club,150000000.0,74,83,63,82,97,82,82,49,65,58,67,46,0,0,79,0,82,0,43,https://img.a.transfermarkt.technology/portrait/header/433177-1684155052.jpg?lm=1,25,20,1729,19.2,0.31,0.52,0.83,5,0.26,-0.04,0.05,6.0,0.31,0.4,5.0,2.4,3.44,1.15,0.08,33.3,3.64,13.27,552,28.73,75.5,0.78,1.98,0.62,0.0,0.1,6.09,29,1.51,0.16,0.42,0.0,0.21,50.96,41,2.13,32.64,1.77,2.08,0.78,0.05,0.0,3.64,54.2,45.6,10,0.52,33.3,0.16,0.0,0.0,0.0,0.0,0.0,0.0,0.0,0.0,0.0,0.0,0.0,0.0,0.0,0.0,0.0,0.0,0.0
Javi Galán,Spain,30.0,1994.0,Left-Back,172.0,2026-06-30,ES1,Club Atlético de Madrid S.A.D.,4000000.0,43,13,17,53,94,91,87,23,71,3,50,72,0,0,49,0,78,0,60,https://img.a.transfermarkt.technology/portrait/header/448628-1706112804.jpg?lm=1,25,21,1784,19.8,0.0,0.15,0.15,0,0.0,-0.01,0.0,0.2,0.01,0.2,2.62,-0.9,0.45,0.0,0.0,0.0,2.72,5.4,852,42.98,82.9,2.22,1.11,0.71,0.0,0.1,2.88,51,2.57,0.61,2.37,0.0,0.05,64.07,28,1.41,37.28,1.11,0.76,1.92,0.0,0.05,3.58,51.0,35.9,25,1.26,50.0,0.4,0.0,0.0,0.0,0.0,0.0,0.0,0.0,0.0,0.0,0.0,0.0,0.0,0.0,0.0,0.0,0.0,0.0
Carlo Boukhalfa,Germany,26.0,1999.0,Central Midfield,186.0,2025-06-30,L1,Fußball-Club St. Pauli von 1910,1000000.0,32,48,64,1,23,46,2,8,39,94,71,51,0,0,57,0,2,0,32,https://img.a.transfermarkt.technology/portrait/header/329373-1723631834.jpeg?lm=1,25,19,1646,18.3,0.11,0.0,0.11,2,0.11,0.03,0.0,1.5,0.08,0.06,0.55,-1.1,1.15,0.22,0.1,19.0,2.24,2.41,333,18.21,71.3,1.48,0.38,0.11,0.0,0.05,0.55,26,1.42,0.66,1.37,0.05,0.16,35.6,12,0.66,15.86,1.7,1.09,0.98,0.0,0.0,3.28,36.8,42.9,23,1.26,35.4,0.05,0.0,0.0,0.0,0.0,0.0,0.0,0.0,0.0,0.0,0.0,0.0,0.0,0.0,0.0,0.0,0.0,0.0
Koni De Winter,Belgium,22.0,2002.0,Centre-Back,191.0,2028-06-30,IT1,Genoa Cricket and Football Club,18000000.0,53,92,95,35,27,36,34,57,17,13,77,90,0,0,10,0,35,0,90,https://img.a.transfermarkt.technology/portrait/header/490384-1730126791.jpg?lm=1,25,23,2135,23.7,0.13,0.0,0.13,3,0.13,0.04,0.0,2.1,0.09,0.01,0.42,-0.2,0.55,0.3,0.23,53.8,2.36,0.42,1116,47.04,86.6,1.77,0.13,0.08,0.0,0.13,0.17,33,1.39,1.05,4.97,0.13,0.04,65.38,6,0.25,34.02,0.72,0.34,1.81,0.0,0.08,4.81,68.0,35.3,74,3.12,68.5,0.25,0.0,0.0,0.0,0.0,0.0,0.0,0.0,0.0,0.0,0.0,0.0,0.0,0.0,0.0,0.0,0.0,0.0
Benjamin Bouchouari,Morocco,23.0,2001.0,Central Midfield,165.0,2026-06-30,FR1,Association sportive de Saint-Étienne Loire,5000000.0,32,11,40,81,20,94,86,16,17,50,52,7,0,0,17,0,75,0,7,https://img.a.transfermarkt.technology/portrait/header/783094-1727722364.jpg?lm=1,25,20,1772,19.7,0.05,0.0,0.05,1,0.05,0.02,0.0,0.6,0.03,0.05,2.44,-0.9,0.81,0.15,0.06,18.8,6.76,2.74,902,45.81,86.7,6.25,1.22,0.05,0.0,0.15,0.46,33,1.68,0.86,0.76,0.1,0.1,62.62,27,1.37,37.23,1.73,1.32,0.76,0.0,0.05,6.04,34.8,50.9,6,0.3,26.1,0.3,0.0,0.0,0.0,0.0,0.0,0.0,0.0,0.0,0.0,0.0,0.0,0.0,0.0,0.0,0.0,0.0,0.0
Javi Sánchez,Spain,28.0,1997.0,Centre-Back,189.0,2026-06-30,ES1,Real Valladolid Club de Fútbol S.A.D.,1800000.0,25,31,88,19,20,71,15,28,28,32,0,23,0,0,12,0,31,0,23,https://img.a.transfermarkt.technology/portrait/header/340853-1448530734.jpg?lm=1,25,25,2026,22.5,0.09,0.0,0.09,2,0.09,0.07,0.0,0.5,0.02,0.01,0.18,-0.3,0.49,0.22,0.18,45.5,1.51,0.18,1015,45.09,87.3,1.87,0.04,0.0,0.0,0.49,0.0,26,1.15,0.98,4.93,0.13,0.0,61.61,2,0.09,31.98,0.36,0.04,0.84,0.0,0.09,2.53,65.4,100.0,34,1.51,52.3,0.27,0.0,0.0,0.0,0.0,0.0,0.0,0.0,0.0,0.0,0.0,0.0,0.0,0.0,0.0,0.0,0.0,0.0
Lucas Beraldo,Brazil,21.0,2003.0,Centre-Back,186.0,2028-06-30,FR1,Paris Saint-Germain Football Club,25000000.0,54,53,60,95,58,62,79,39,25,35,0,63,0,0,19,0,96,0,75,https://img.a.transfermarkt.technology/portrait/header/872171-1715107660.jpg?lm=1,25,22,2011,22.3,0.04,0.0,0.04,1,0.04,0.0,0.0,0.9,0.04,0.02,0.4,-0.4,0.54,0.18,0.08,33.3,5.86,0.0,2013,90.09,94.4,7.52,0.58,0.09,0.0,0.4,0.13,38,1.7,0.94,2.82,0.13,0.0,103.56,1,0.04,62.43,0.45,0.09,0.98,0.0,0.04,5.15,62.2,100.0,45,2.01,68.2,0.27,0.0,0.0,0.0,0.0,0.0,0.0,0.0,0.0,0.0,0.0,0.0,0.0,0.0,0.0,0.0,0.0,0.0
Assane Diao,Senegal,19.0,2005.0,Right Winger,185.0,2029-06-30,IT1,Calcio Como,25000000.0,52,71,94,34,24,17,43,41,38,45,39,88,0,0,64,0,65,0,77,https://img.a.transfermarkt.technology/portrait/header/1061282-1699273116.jpg?lm=1,25,16,1529,17.0,0.53,0.18,0.71,9,0.53,0.25,0.0,4.8,0.28,0.11,3.47,1.1,2.06,0.82,0.26,44.11,2.18,8.42,290,17.07,78.44,0.88,0.82,0.06,0.0,0.0,0.94,30,1.77,0.18,1.29,0.0,0.18,37.97,21,1.24,25.84,3.83,2.35,1.41,0.0,0.0,3.12,43.15,25.62,24,1.41,40.37,0.12,0.0,0.0,0.0,0.0,0.0,0.0,0.0,0.0,0.0,0.0,0.0,0.0,0.0,0.0,0.0,0.0,0.0
Jordan Ferri,France,33.0,1992.0,Central Midfield,173.0,2026-06-30,FR1,Montpellier Hérault Sport Club,2500000.0,33,7,23,87,26,18,50,25,78,6,81,40,0,0,28,0,83,0,45,https://img.a.transfermarkt.technology/portrait/header/118284-1702663473.JPG?lm=1,25,21,1773,19.7,0.0,0.1,0.1,0,0.0,-0.02,0.0,0.4,0.02,0.05,0.96,1.1,0.71,0.15,0.0,21.4,6.95,2.13,1119,56.8,88.3,6.04,0.56,0.2,0.0,0.36,1.27,42,2.13,0.46,1.02,0.0,0.2,72.74,9,0.46,40.71,0.81,1.37,1.78,0.0,0.15,6.7,40.9,32.1,13,0.66,46.4,0.3,0.05,0.0,0.0,0.0,0.0,0.0,0.0,0.0,0.0,0.0,0.0,0.0,0.0,0.0,0.0,0.0,0.0
Leo Scienza,Brazil,26.0,1998.0,Left Winger,175.0,2027-06-30,L1,1. Fußballclub Heidenheim 1846,3000000.0,47,37,48,25,88,94,79,39,16,59,100,10,0,0,20,0,24,0,10,https://img.a.transfermarkt.technology/portrait/header/804219-1721852378.jpg?lm=1,25,13,1153,12.8,0.23,0.23,0.47,3,0.23,0.08,0.0,2.0,0.16,0.29,5.46,-0.7,2.97,1.17,0.08,39.5,2.34,7.03,262,20.45,66.3,2.34,1.09,0.62,0.0,0.08,6.32,17,1.33,0.39,0.7,0.08,1.41,45.59,37,2.89,28.73,3.2,1.01,1.25,0.0,0.0,4.14,38.9,44.6,3,0.23,18.8,0.08,0.0,0.0,0.0,0.0,0.0,0.0,0.0,0.0,0.0,0.0,0.0,0.0,0.0,0.0,0.0,0.0,0.0
Djed Spence,England,24.0,2000.0,Right-Back,184.0,2028-06-30,GB1,Tottenham Hotspur Football Club,15000000.0,64,42,63,84,56,99,92,93,8,26,0,69,0,0,19,0,87,0,75,https://img.a.transfermarkt.technology/portrait/header/483348-1596807960.jpg?lm=1,25,19,1792,19.9,0.05,0.1,0.15,1,0.05,0.02,0.0,0.6,0.03,0.09,2.96,0.2,0.5,0.15,0.1,30.0,5.32,3.52,992,49.82,85.4,3.97,0.9,0.4,0.0,0.1,1.26,47,2.36,1.05,3.72,0.1,0.0,71.62,37,1.86,39.83,1.41,1.66,1.05,0.0,0.0,5.47,76.7,49.3,21,1.05,60.0,0.2,0.05,0.0,0.0,0.0,0.0,0.0,0.0,0.0,0.0,0.0,0.0,0.0,0.0,0.0,0.0,0.0,0.0
Julio Enciso,Paraguay,21.0,2004.0,Attacking Midfield,173.0,2025-06-30,GB1,Ipswich Town Football Club,22000000.0,45,66,37,16,42,98,53,11,47,24,45,75,0,0,23,0,7,0,71,https://img.a.transfermarkt.technology/portrait/header/660867-1669388786.jpg?lm=1,25,14,1163,13.0,0.15,0.23,0.39,2,0.15,-0.05,0.0,2.7,0.21,0.12,2.63,1.4,4.02,1.7,0.04,44.7,3.25,4.72,270,20.89,67.9,2.4,0.93,0.15,0.0,0.08,3.17,12,0.93,0.08,0.54,0.0,0.15,47.05,40,3.1,24.69,2.4,3.02,0.93,0.0,0.08,4.49,36.4,46.02,14,1.08,41.64,0.23,0.0,0.0,0.0,0.0,0.0,0.0,0.0,0.0,0.0,0.0,0.0,0.0,0.0,0.0,0.0,0.0,0.0
Adam Smith,England,34.0,1991.0,Right-Back,174.0,2026-06-30,GB1,Association Football Club Bournemouth,1000000.0,21,45,3,7,6,25,4,16,55,10,93,45,0,0,42,0,14,0,45,https://img.a.transfermarkt.technology/portrait/header/61841-1737920848.jpg?lm=1,25,19,1590,17.7,0.0,0.0,0.0,0,0.0,-0.04,0.0,0.7,0.04,0.02,0.85,-0.4,0.17,0.0,0.0,0.0,2.77,1.92,514,29.09,75.7,2.77,0.57,0.28,0.0,0.11,1.87,24,1.36,0.85,2.77,0.06,0.17,46.7,6,0.34,20.72,0.74,0.4,1.08,0.0,0.0,2.83,50.0,37.5,14,0.79,48.3,0.4,0.0,0.0,0.0,0.0,0.0,0.0,0.0,0.0,0.0,0.0,0.0,0.0,0.0,0.0,0.0,0.0,0.0
Lewis Dunk,England,33.0,1991.0,Centre-Back,192.0,2026-06-30,GB1,Brighton and Hove Albion Football Club,8000000.0,46,45,32,94,54,0,89,3,47,77,0,63,0,0,61,0,92,0,63,https://img.a.transfermarkt.technology/portrait/header/148153-1716297176.jpg?lm=1,25,23,2083,23.1,0.0,0.0,0.0,0,0.0,-0.03,0.0,0.8,0.03,0.02,0.86,-0.5,0.52,0.13,0.0,25.0,6.14,0.13,1778,76.82,91.0,6.78,0.26,0.0,0.0,0.43,0.22,17,0.73,0.56,3.41,0.09,0.0,91.9,0,0.0,57.94,0.39,0.13,0.3,0.0,0.0,4.49,57.9,0.0,51,2.2,62.2,0.22,0.0,0.0,0.0,0.0,0.0,0.0,0.0,0.0,0.0,0.0,0.0,0.0,0.0,0.0,0.0,0.0,0.0
Nico Elvedi,Switzerland,28.0,1996.0,Centre-Back,189.0,2027-06-30,L1,Borussia Verein für Leibesübungen 1900 Mönchengladbach,8000000.0,65,88,57,49,58,0,71,82,96,98,0,40,0,0,99,0,79,0,26,https://img.a.transfermarkt.technology/portrait/header/192635-1691249306.jpg?lm=1,25,25,2135,23.7,0.04,0.04,0.08,1,0.04,-0.04,0.0,2.0,0.08,0.02,0.84,0.6,0.51,0.13,0.08,25.0,2.32,0.21,1400,59.02,92.0,2.19,0.08,0.0,0.0,0.04,0.04,38,1.6,1.26,6.87,0.0,0.0,77.02,0,0.0,40.17,0.25,0.04,0.38,0.0,0.0,3.75,73.9,0.0,46,1.94,51.1,0.04,0.0,0.0,0.0,0.0,0.0,0.0,0.0,0.0,0.0,0.0,0.0,0.0,0.0,0.0,0.0,0.0,0.0
Dylan Batubinsika,DR Congo,29.0,1996.0,Centre-Back,185.0,2026-06-30,FR1,Association sportive de Saint-Étienne Loire,1500000.0,51,46,62,33,26,70,41,73,29,28,0,68,0,0,6,0,68,0,83,https://img.a.transfermarkt.technology/portrait/header/289432-1727722809.jpg?lm=1,25,22,2016,22.4,0.04,0.0,0.04,1,0.04,0.01,0.0,0.8,0.04,0.01,0.49,-0.2,0.31,0.09,0.14,28.6,2.28,0.04,1112,49.64,91.4,2.1,0.13,0.04,0.0,0.0,0.04,26,1.16,1.74,6.25,0.13,0.0,65.89,6,0.27,35.27,0.27,0.09,1.07,0.0,0.13,3.39,59.1,66.7,45,2.01,72.6,0.13,0.04,0.0,0.0,0.0,0.0,0.0,0.0,0.0,0.0,0.0,0.0,0.0,0.0,0.0,0.0,0.0,0.0
Max Rosenfelder,Germany,22.0,2003.0,Centre-Back,186.0,,L1,Sport-Club Freiburg,4000000.0,46,28,72,45,85,99,90,46,91,55,89,2,0,0,55,0,48,0,2,https://img.a.transfermarkt.technology/portrait/header/599419-1658503667.jpg?lm=1,25,13,1249,13.9,0.07,0.0,0.07,1,0.07,0.04,0.0,0.4,0.03,0.05,1.73,-0.7,0.36,0.07,0.2,20.0,2.09,1.3,576,41.51,85.3,1.66,0.29,0.0,0.0,0.0,0.65,27,1.95,0.5,4.68,0.0,0.07,59.52,14,1.01,32.07,0.36,0.14,0.65,0.0,0.14,4.32,73.7,56.0,12,0.86,35.3,0.14,0.0,0.0,0.0,0.0,0.0,0.0,0.0,0.0,0.0,0.0,0.0,0.0,0.0,0.0,0.0,0.0,0.0
Ridgeciano Haps,Suriname,31.0,1993.0,Left-Back,175.0,2026-06-30,IT1,Venezia Football Club,1000000.0,39,77,67,32,22,18,30,34,87,45,60,40,0,0,56,0,33,0,33,https://img.a.transfermarkt.technology/portrait/header/228444-1630656845.jpg?lm=1,25,14,1369,15.2,0.07,0.07,0.13,1,0.07,-0.01,0.0,1.2,0.08,0.04,1.78,0.4,0.99,0.2,0.07,20.0,3.42,3.02,459,30.18,77.7,2.1,0.79,0.39,0.0,0.39,1.71,30,1.97,0.46,3.16,0.0,0.07,48.45,5,0.33,23.86,0.85,0.39,0.92,0.0,0.07,3.55,63.6,33.3,13,0.85,41.9,0.2,0.0,0.0,0.0,0.0,0.0,0.0,0.0,0.0,0.0,0.0,0.0,0.0,0.0,0.0,0.0,0.0,0.0
Tanner Tessmann,United States,23.0,2001.0,Defensive Midfield,188.0,2029-06-30,FR1,Olympique Lyonnais,6000000.0,47,76,72,78,31,71,54,44,41,75,88,3,0,0,55,0,69,0,3,https://img.a.transfermarkt.technology/portrait/header/670096-1722196121.jpg?lm=1,25,13,1234,13.7,0.07,0.0,0.07,1,0.07,0.0,0.0,1.0,0.07,0.04,0.8,-0.6,1.31,0.73,0.06,55.6,4.08,1.97,685,49.96,89.4,4.67,0.22,0.0,0.0,1.17,1.02,25,1.82,1.39,2.12,0.07,0.15,66.73,10,0.73,41.94,0.88,0.8,1.02,0.0,0.0,4.59,48.0,50.0,4,0.29,17.4,0.22,0.0,0.0,0.0,0.0,0.0,0.0,0.0,0.0,0.0,0.0,0.0,0.0,0.0,0.0,0.0,0.0,0.0
Eray Cömert,Switzerland,27.0,1998.0,Centre-Back,183.0,2025-06-30,ES1,Real Valladolid Club de Fútbol S.A.D.,2500000.0,24,52,5,34,9,84,30,24,35,40,0,6,0,0,44,0,36,0,6,https://img.a.transfermarkt.technology/portrait/header/298583-1704213027.jpg?lm=1,25,21,1779,19.8,0.0,0.0,0.0,0,0.0,-0.05,0.0,0.9,0.05,0.0,0.46,0.0,0.46,0.05,0.0,11.1,2.43,0.25,805,40.73,87.7,2.38,0.05,0.0,0.0,0.66,0.0,24,1.21,1.21,3.79,0.1,0.0,56.36,4,0.2,30.3,0.81,0.1,0.91,0.0,0.0,2.58,57.1,100.0,18,0.91,45.0,0.3,0.0,0.0,0.0,0.0,0.0,0.0,0.0,0.0,0.0,0.0,0.0,0.0,0.0,0.0,0.0,0.0,0.0
Danny da Costa,Germany,31.0,1993.0,Centre-Back,187.0,2025-06-30,L1,1. Fußball- und Sportverein Mainz 05,1500000.0,53,4,42,74,75,66,70,67,15,96,0,16,0,0,37,0,14,0,11,https://img.a.transfermarkt.technology/portrait/header/85906-1657707067.jpg?lm=1,25,25,2006,22.3,0.0,0.04,0.04,0,0.0,-0.0,0.0,0.1,0.0,0.03,0.94,0.4,0.22,0.04,0.0,20.0,4.89,0.99,942,42.26,78.4,5.52,0.76,0.27,0.0,0.18,0.99,42,1.88,1.21,4.26,0.13,0.0,65.1,8,0.36,36.48,0.99,0.31,0.85,0.0,0.0,4.4,63.0,47.1,33,1.48,46.5,0.0,0.0,0.0,0.0,0.0,0.0,0.0,0.0,0.0,0.0,0.0,0.0,0.0,0.0,0.0,0.0,0.0,0.0
Achraf Hakimi,Morocco,26.0,1998.0,Right-Back,181.0,2029-06-30,FR1,Paris Saint-Germain Football Club,65000000.0,76,97,97,100,99,89,100,50,10,68,84,16,0,0,18,0,100,0,24,https://img.a.transfermarkt.technology/portrait/header/398073-1672304327.jpg?lm=1,25,24,2066,23.0,0.17,0.26,0.44,4,0.17,0.05,0.0,2.9,0.13,0.27,4.05,-0.2,1.39,0.52,0.13,37.5,7.97,11.94,1898,82.68,88.7,6.01,1.61,0.39,0.0,0.35,3.48,48,2.09,1.35,0.78,0.13,0.13,103.29,26,1.13,60.29,1.66,0.65,0.83,0.0,0.0,5.92,49.1,50.0,9,0.39,42.9,0.17,0.0,0.0,0.0,0.0,0.0,0.0,0.0,0.0,0.0,0.0,0.0,0.0,0.0,0.0,0.0,0.0,0.0
Iván Balliu,Albania,33.0,1992.0,Right-Back,172.0,2027-06-30,ES1,Rayo Vallecano de Madrid S.A.D.,1500000.0,17,2,28,21,17,30,5,3,94,36,64,49,0,0,76,0,24,0,27,https://img.a.transfermarkt.technology/portrait/header/85295-1688119678.jpg?lm=1,25,12,1200,13.3,0.0,0.0,0.0,0,0.0,0.0,0.0,0.0,0.0,0.04,0.6,-0.5,0.08,0.0,0.0,0.0,3.45,1.58,492,36.9,75.8,2.85,0.45,0.3,0.0,0.08,1.42,17,1.27,0.98,2.92,0.0,0.08,57.15,3,0.22,24.45,0.9,0.15,1.42,0.0,0.0,2.92,33.3,50.0,14,1.05,35.0,0.22,0.0,0.0,0.0,0.0,0.0,0.0,0.0,0.0,0.0,0.0,0.0,0.0,0.0,0.0,0.0,0.0,0.0
Antoine Hainaut,France,23.0,2002.0,Right-Back,187.0,2026-06-30,IT1,Parma Calcio 1913,1000000.0,47,61,88,8,41,83,25,81,29,28,60,98,0,0,41,0,18,0,99,https://img.a.transfermarkt.technology/portrait/header/917375-1730185355.jpg?lm=1,25,10,1206,13.4,0.15,0.0,0.15,2,0.15,0.09,0.0,0.8,0.06,0.07,1.64,-1.0,0.45,0.22,0.33,50.0,2.54,2.76,373,27.84,75.2,2.09,1.19,0.67,0.0,0.22,1.94,26,1.94,1.12,4.4,0.07,0.07,50.45,13,0.97,24.03,1.64,0.67,0.97,0.0,0.0,4.33,69.2,48.1,33,2.46,67.3,0.3,0.0,0.0,0.0,0.0,0.0,0.0,0.0,0.0,0.0,0.0,0.0,0.0,0.0,0.0,0.0,0.0,0.0
Munir El Haddadi,Morocco,29.0,1995.0,Right Winger,177.0,2026-06-30,ES1,Club Deportivo Leganés S.A.D.,1500000.0,27,27,75,30,9,12,8,4,6,10,94,70,0,0,7,0,43,0,45,https://img.a.transfermarkt.technology/portrait/header/223725-1687272900.jpg?lm=1,25,10,862,9.6,0.42,0.0,0.42,4,0.42,0.25,0.0,1.6,0.17,0.08,1.15,-0.8,2.19,0.94,0.19,42.9,3.03,4.39,201,20.99,75.0,1.98,0.63,0.1,0.0,0.0,1.36,12,1.25,0.1,0.1,0.1,0.52,38.84,7,0.73,25.27,2.3,2.61,1.46,0.0,0.0,3.45,25.0,33.3,10,1.04,29.4,0.1,0.1,0.0,0.0,0.0,0.0,0.0,0.0,0.0,0.0,0.0,0.0,0.0,0.0,0.0,0.0,0.0,0.0
Morgan Guilavogui,Guinea,27.0,1998.0,Right Winger,189.0,2025-06-30,L1,Fußball-Club St. Pauli von 1910,4000000.0,58,86,75,8,13,38,6,77,78,7,22,99,0,0,49,0,8,0,98,https://img.a.transfermarkt.technology/portrait/header/691786-1723632746.jpeg?lm=1,25,21,1807,20.1,0.3,0.1,0.4,6,0.3,-0.05,0.0,7.1,0.35,0.09,2.09,0.1,2.04,0.75,0.15,36.6,2.04,6.72,362,18.03,65.9,1.44,0.5,0.15,0.0,0.15,0.65,32,1.59,0.65,1.64,0.0,0.1,41.44,21,1.05,19.13,2.49,1.2,2.39,0.0,0.0,3.54,45.2,43.8,66,3.29,46.8,0.3,0.0,0.0,0.0,0.0,0.0,0.0,0.0,0.0,0.0,0.0,0.0,0.0,0.0,0.0,0.0,0.0,0.0
Chidera Ejuke,Nigeria,27.0,1998.0,Left Winger,176.0,2027-06-30,ES1,Sevilla Fútbol Club S.A.D.,6000000.0,35,10,34,82,51,99,98,69,44,96,65,30,0,0,97,0,86,0,33,https://img.a.transfermarkt.technology/portrait/header/500067-1706264992.jpg?lm=1,25,9,966,10.7,0.19,0.09,0.28,2,0.19,0.08,0.0,1.1,0.1,0.18,7.08,-0.9,1.86,0.75,0.1,40.0,3.54,9.41,363,33.82,81.6,1.68,1.86,0.47,0.0,0.75,2.05,19,1.77,0.47,0.75,0.0,0.28,57.02,47,4.38,38.85,3.26,2.05,0.56,0.0,0.0,5.87,45.0,55.3,4,0.37,30.8,0.0,0.0,0.0,0.0,0.0,0.0,0.0,0.0,0.0,0.0,0.0,0.0,0.0,0.0,0.0,0.0,0.0,0.0
Jonathan Gradit,France,32.0,1992.0,Centre-Back,180.0,2028-06-30,FR1,Racing Club de Lens,4000000.0,54,47,32,78,69,20,62,44,45,56,0,76,0,0,54,0,63,0,65,https://img.a.transfermarkt.technology/portrait/header/126557-1738580496.jpg?lm=1,25,24,2112,23.5,0.0,0.0,0.0,0,0.0,-0.03,0.0,0.8,0.03,0.03,0.77,-0.7,0.68,0.17,0.0,25.0,5.41,0.17,1133,48.28,85.1,4.64,0.43,0.09,0.0,0.3,0.43,44,1.88,1.07,5.2,0.09,0.0,67.93,3,0.13,36.86,0.47,0.13,1.24,0.0,0.0,3.11,57.5,33.3,64,2.73,59.3,0.17,0.0,0.0,0.0,0.0,0.0,0.0,0.0,0.0,0.0,0.0,0.0,0.0,0.0,0.0,0.0,0.0,0.0
Tanguy Coulibaly,France,24.0,2001.0,Right Winger,179.0,2026-06-30,FR1,Montpellier Hérault Sport Club,1800000.0,43,52,41,10,7,81,15,73,18,2,86,84,0,0,5,0,52,0,80,https://img.a.transfermarkt.technology/portrait/header/618425-1657182257.jpg?lm=1,25,17,1485,16.5,0.18,0.0,0.18,3,0.18,-0.03,0.0,3.5,0.21,0.08,2.91,-1.3,1.82,0.79,0.1,43.3,1.21,5.88,292,17.7,78.5,0.48,0.3,0.12,0.0,0.0,1.27,32,1.94,0.67,0.18,0.06,0.42,35.33,29,1.76,19.88,3.09,1.88,2.73,0.0,0.06,4.24,42.4,53.7,19,1.15,45.2,0.24,0.12,0.0,0.0,0.0,0.0,0.0,0.0,0.0,0.0,0.0,0.0,0.0,0.0,0.0,0.0,0.0,0.0
Sorba Thomas,Wales,25.0,1999.0,Right Winger,185.0,2025-06-30,FR1,Football Club de Nantes,4000000.0,20,6,12,29,80,14,31,81,22,43,15,35,0,0,24,0,18,0,32,https://img.a.transfermarkt.technology/portrait/header/475416-1668520548.jpg?lm=1,25,15,1321,14.7,0.07,0.2,0.27,1,0.07,-0.03,0.0,1.5,0.1,0.25,2.79,-0.7,0.61,0.07,0.11,11.1,2.32,6.34,360,24.53,65.5,1.84,1.64,1.16,0.0,0.07,8.86,14,0.95,0.61,1.84,0.07,0.07,45.92,9,0.61,25.34,1.77,1.7,0.89,0.0,0.0,4.5,55.6,37.5,7,0.48,29.2,0.2,0.0,0.0,0.0,0.0,0.0,0.0,0.0,0.0,0.0,0.0,0.0,0.0,0.0,0.0,0.0,0.0,0.0
Marius Bülter,Germany,32.0,1993.0,Left Winger,188.0,2026-06-30,L1,Turn- und Sportgemeinschaft 1899 Hoffenheim Fußball-Spielbetriebs,2500000.0,53,52,84,22,43,59,40,34,35,52,88,74,0,0,35,0,15,0,67,https://img.a.transfermarkt.technology/portrait/header/116088-1691269482.jpg?lm=1,25,22,1729,19.2,0.36,0.1,0.47,7,0.36,0.17,0.0,3.7,0.19,0.16,2.97,-1.1,1.93,0.78,0.19,40.5,1.82,8.07,394,20.51,67.2,1.56,1.3,0.62,0.0,0.16,4.37,13,0.68,0.21,0.73,0.05,0.36,40.29,24,1.25,26.6,2.03,1.09,0.57,0.05,0.0,3.28,52.9,51.1,18,0.94,39.1,0.21,0.0,0.0,0.0,0.0,0.0,0.0,0.0,0.0,0.0,0.0,0.0,0.0,0.0,0.0,0.0,0.0,0.0
Florian Thauvin,France,32.0,1993.0,Second Striker,181.0,2025-06-30,IT1,Udinese Calcio,5000000.0,61,45,60,93,84,96,99,69,46,100,39,7,0,0,100,0,65,0,17,https://img.a.transfermarkt.technology/portrait/header/184892-1675246062.jpg?lm=1,25,24,1956,21.7,0.37,0.14,0.51,7,0.32,-0.0,0.05,5.7,0.26,0.17,4.23,-0.8,2.35,1.06,0.14,45.1,4.14,6.81,544,25.03,66.4,2.67,1.98,0.92,0.0,0.6,7.73,20,0.92,0.32,0.46,0.0,0.14,48.87,39,1.79,31.38,2.76,1.75,0.46,0.0,0.0,3.13,40.0,42.4,5,0.23,33.3,0.0,0.0,0.0,0.0,0.0,0.0,0.0,0.0,0.0,0.0,0.0,0.0,0.0,0.0,0.0,0.0,0.0,0.0
Rodrigo Gomes,Portugal,21.0,2003.0,Right Midfield,175.0,2029-06-30,GB1,Wolverhampton Wanderers Football Club,15000000.0,40,43,82,32,18,25,43,75,4,100,0,57,0,0,21,0,11,0,29,https://img.a.transfermarkt.technology/portrait/header/667121-1658746770.jpg?lm=1,25,7,810,9.0,0.22,0.0,0.22,2,0.22,0.14,0.0,0.7,0.08,0.1,2.56,-0.9,0.78,0.33,0.29,42.9,3.0,9.0,212,23.56,68.8,1.33,1.56,0.44,0.0,0.0,2.56,23,2.56,0.78,2.22,0.11,0.0,46.22,5,0.56,24.0,2.33,1.0,0.44,0.0,0.0,3.11,57.1,33.3,8,0.89,32.0,0.0,0.0,0.0,0.0,0.0,0.0,0.0,0.0,0.0,0.0,0.0,0.0,0.0,0.0,0.0,0.0,0.0,0.0
Oriol Romeu,Spain,33.0,1991.0,Defensive Midfield,183.0,2025-06-30,ES1,Girona Fútbol Club S. A. D.,1800000.0,29,3,35,64,11,27,86,31,3,24,0,27,0,0,3,0,80,0,20,https://img.a.transfermarkt.technology/portrait/header/66100-1701118491.jpg?lm=1,25,17,1356,15.1,0.0,0.0,0.0,0,0.0,-0.01,0.0,0.1,0.01,0.02,1.46,-0.3,0.33,0.07,0.0,20.0,4.85,0.53,798,52.96,90.4,5.38,0.13,0.07,0.0,0.46,0.53,38,2.52,0.8,1.33,0.27,0.0,68.5,4,0.27,39.82,0.86,0.86,1.86,0.0,0.07,4.71,53.8,50.0,13,0.86,41.9,0.33,0.0,0.0,0.0,0.0,0.0,0.0,0.0,0.0,0.0,0.0,0.0,0.0,0.0,0.0,0.0,0.0,0.0
Valentin Rongier,France,30.0,1994.0,Central Midfield,172.0,2026-06-30,FR1,Olympique de Marseille,9000000.0,57,32,83,85,30,63,81,100,0,23,36,57,0,0,0,0,90,0,66,https://img.a.transfermarkt.technology/portrait/header/332889-1703065877.jpg?lm=1,25,17,1562,17.4,0.17,0.06,0.23,3,0.17,0.12,0.0,1.0,0.06,0.06,1.44,-0.1,0.81,0.4,0.21,50.0,6.34,1.61,1271,73.23,90.3,6.34,0.4,0.0,0.0,0.17,0.4,50,2.88,1.9,1.61,0.29,0.06,92.3,11,0.63,51.63,1.09,0.98,2.13,0.0,0.06,4.96,62.8,68.8,13,0.75,54.2,0.29,0.0,0.0,0.0,0.0,0.0,0.0,0.0,0.0,0.0,0.0,0.0,0.0,0.0,0.0,0.0,0.0,0.0
Marc Bartra,Spain,34.0,1991.0,Centre-Back,184.0,2025-06-30,ES1,Real Betis Balompié S.A.D.,1000000.0,50,69,86,26,44,55,26,59,86,85,0,50,0,0,87,0,11,0,39,https://img.a.transfermarkt.technology/portrait/header/99922-1724053472.jpg?lm=1,25,23,2099,23.3,0.09,0.04,0.13,2,0.09,0.03,0.0,1.2,0.05,0.01,0.3,0.8,0.77,0.21,0.11,27.8,2.92,0.04,945,40.52,81.3,2.74,0.21,0.04,0.0,0.81,0.04,33,1.41,1.41,6.35,0.0,0.0,63.59,7,0.3,34.47,0.51,0.21,0.64,0.0,0.04,3.77,57.7,46.7,50,2.14,54.3,0.09,0.0,0.0,0.0,0.0,0.0,0.0,0.0,0.0,0.0,0.0,0.0,0.0,0.0,0.0,0.0,0.0,0.0
Xavi Simons,Netherlands,22.0,2003.0,Attacking Midfield,179.0,2027-06-30,L1,RasenBallsport Leipzig,70000000.0,76,75,98,84,88,47,90,59,26,46,94,67,0,0,48,0,75,0,65,https://img.a.transfermarkt.technology/portrait/header/566931-1729778226.jpg?lm=1,25,25,2150,23.9,0.42,0.25,0.67,10,0.42,0.21,0.0,5.1,0.21,0.26,3.56,-0.3,2.09,0.96,0.2,46.0,5.86,7.74,944,39.52,78.6,3.31,2.51,0.17,0.0,0.17,3.31,28,1.17,0.5,0.8,0.04,0.46,65.18,33,1.38,36.38,3.06,2.3,1.0,0.0,0.0,5.36,46.2,33.0,19,0.8,42.2,0.21,0.0,0.0,0.0,0.0,0.0,0.0,0.0,0.0,0.0,0.0,0.0,0.0,0.0,0.0,0.0,0.0,0.0
Timon Weiner,Germany,26.0,1999.0,Goalkeeper,191.0,2027-06-30,L1,Kieler Sportvereinigung Holstein von 1900,1500000.0,5,0,0,28,42,0,46,40,40,7,0,93,1,0,16,75,49,12,61,https://img.a.transfermarkt.technology/portrait/header/296428-1721851050.jpg?lm=1,25,25,2250,25.0,0.0,0.0,0.0,0,0.0,0.0,0.0,0.0,0.0,0.0,0.0,0.0,0.0,0.0,0.0,0.0,0.0,0.0,682,27.28,68.8,0.52,0.0,0.0,11.1,0.0,0.0,0,0.0,0.0,0.68,0.12,0.0,42.72,0,0.0,21.6,0.0,0.0,0.04,0.0,0.04,1.72,0.0,0.0,11,0.44,91.7,0.16,0.0,2.44,5.6,3.24,1.89,-11.8,-0.47,0.0,0.0,4.64,1.08,59.3,8.0,34.5,40.2,5.5,0.72
Antonio Nusa,Norway,20.0,2005.0,Left Winger,183.0,2029-06-30,L1,RasenBallsport Leipzig,28000000.0,35,11,42,46,45,85,47,71,66,67,55,26,0,0,37,0,47,0,28,https://img.a.transfermarkt.technology/portrait/header/894914-1724337096.jpg?lm=1,25,16,1558,17.3,0.17,0.17,0.35,3,0.17,0.08,0.0,1.6,0.09,0.16,3.29,0.2,1.39,0.4,0.13,29.2,3.0,7.11,420,24.26,74.2,1.79,1.16,0.35,0.0,0.06,2.02,30,1.73,0.46,0.64,0.0,0.23,46.33,39,2.25,27.73,2.2,1.79,0.81,0.0,0.06,4.51,50.0,45.3,6,0.35,28.6,0.0,0.0,0.0,0.0,0.0,0.0,0.0,0.0,0.0,0.0,0.0,0.0,0.0,0.0,0.0,0.0,0.0,0.0
Maduka Okoye,Nigeria,25.0,1999.0,Goalkeeper,198.0,2028-06-30,IT1,Udinese Calcio,7500000.0,45,0,0,69,51,0,61,31,80,56,0,68,18,40,80,38,30,51,30,https://img.a.transfermarkt.technology/portrait/header/340353-1729542646.jpg?lm=1,25,25,2250,25.0,0.0,0.0,0.0,0,0.0,0.0,0.0,0.0,0.0,0.0,0.0,0.0,0.0,0.0,0.0,0.0,0.04,0.0,681,27.24,77.6,0.72,0.0,0.0,14.1,0.0,0.0,0,0.0,0.0,0.48,0.04,0.0,37.6,0,0.0,23.52,0.0,0.0,0.0,0.0,0.0,2.04,0.0,0.0,7,0.28,100.0,0.04,0.0,1.6,4.4,2.92,1.49,0.3,0.01,0.04,0.0,3.2,0.56,67.3,16.0,30.2,29.9,4.4,0.92
Jamal Musiala,Germany,22.0,2003.0,Attacking Midfield,184.0,2030-06-30,L1,FC Bayern München,140000000.0,86,99,99,77,79,100,91,54,22,63,95,30,0,0,42,0,88,0,33,https://img.a.transfermarkt.technology/portrait/header/580195-1711745441.jpg?lm=1,25,21,1798,20.0,0.6,0.1,0.7,12,0.6,0.14,0.0,9.3,0.47,0.23,3.55,-2.5,3.4,1.55,0.18,45.6,5.36,7.81,778,38.94,82.6,3.75,1.2,0.0,0.0,0.1,0.4,36,1.8,0.4,0.25,0.05,0.45,63.97,72,3.6,39.64,3.35,1.65,1.0,0.05,0.0,3.75,41.4,51.1,7,0.35,33.3,0.15,0.0,0.0,0.0,0.0,0.0,0.0,0.0,0.0,0.0,0.0,0.0,0.0,0.0,0.0,0.0,0.0,0.0
Mitchel Bakker,Netherlands,24.0,2000.0,Left-Back,189.0,2025-06-30,FR1,Lille Olympique Sporting Club,7000000.0,60,99,94,86,95,80,92,29,63,8,64,6,0,0,60,0,73,0,6,https://img.a.transfermarkt.technology/portrait/header/361065-1658913284.jpg?lm=1,25,14,1161,12.9,0.23,0.16,0.39,3,0.23,0.0,0.0,3.0,0.23,0.21,3.33,-0.7,1.78,0.78,0.13,43.5,4.5,9.38,506,39.22,77.8,3.33,2.09,0.85,0.0,0.08,5.35,24,1.86,0.93,1.16,0.0,0.08,59.53,11,0.85,34.5,1.4,0.85,1.47,0.0,0.0,3.72,54.58,52.4,4,0.31,29.83,0.23,0.08,0.0,0.0,0.0,0.0,0.0,0.0,0.0,0.0,0.0,0.0,0.0,0.0,0.0,0.0,0.0,0.0
Ali Abdi,Tunisia,31.0,1993.0,Left-Back,183.0,2027-06-30,FR1,Olympique Gymnaste Club Nice Côte d'Azur,3000000.0,63,100,100,36,71,62,54,86,49,55,0,83,0,0,78,0,24,0,83,https://img.a.transfermarkt.technology/portrait/header/211474-1739971378.jpg?lm=1,25,17,1393,15.5,0.32,0.13,0.45,5,0.32,0.05,0.0,4.3,0.28,0.12,2.26,0.1,1.87,0.71,0.17,37.9,2.71,6.53,502,32.43,74.0,1.23,1.36,0.45,0.0,0.13,3.3,43,2.78,1.29,2.39,0.0,0.0,57.24,12,0.78,25.26,2.07,0.9,1.74,0.0,0.0,4.65,65.1,41.4,22,1.42,61.1,0.13,0.0,0.0,0.0,0.0,0.0,0.0,0.0,0.0,0.0,0.0,0.0,0.0,0.0,0.0,0.0,0.0,0.0
Antony,Brazil,25.0,2000.0,Right Winger,172.0,2025-06-30,ES1,Real Betis Balompié S.A.D.,20000000.0,59,64,67,90,69,50,97,71,22,23,76,21,0,0,24,0,88,0,22,https://img.a.transfermarkt.technology/portrait/header/602105-1743410455.jpg?lm=1,25,15,1503,16.7,0.3,0.12,0.42,5,0.3,0.07,0.0,3.9,0.23,0.22,5.93,-1.6,2.93,1.2,0.11,41.08,4.37,9.82,678,40.6,81.02,2.1,2.87,0.54,0.0,0.3,2.69,31,1.86,0.72,0.54,0.06,0.24,64.85,28,1.68,43.29,3.47,1.26,1.02,0.06,0.0,5.03,37.1,37.86,5,0.3,26.3,0.12,0.06,0.0,0.0,0.0,0.0,0.0,0.0,0.0,0.0,0.0,0.0,0.0,0.0,0.0,0.0,0.0,0.0
Jordan,United States,29.0,1996.0,Centre-Forward,191.0,2027-06-30,FR1,Stade de Reims,3000000.0,29,32,4,18,47,60,11,87,58,36,60,86,0,0,50,0,44,0,86,https://img.a.transfermarkt.technology/portrait/header/355369-1692707635.jpg?lm=1,25,16,1288,14.3,0.07,0.07,0.14,1,0.07,-0.22,0.0,4.1,0.29,0.11,0.42,-0.6,2.38,0.63,0.03,27.69,1.12,3.28,171,11.95,71.13,0.77,0.21,0.0,0.0,0.14,0.07,14,0.98,0.42,1.61,0.0,0.21,29.07,9,0.63,14.67,2.1,1.75,2.31,0.0,0.0,2.66,48.0,52.96,54,3.77,54.64,0.14,0.0,0.0,0.0,0.0,0.0,0.0,0.0,0.0,0.0,0.0,0.0,0.0,0.0,0.0,0.0,0.0,0.0
Paul Onuachu,Nigeria,30.0,1994.0,Centre-Forward,201.0,2026-06-30,GB1,Southampton Football Club,8000000.0,29,37,43,12,10,36,26,34,3,18,0,99,0,0,7,0,7,0,99,https://img.a.transfermarkt.technology/portrait/header/272855-1695672883.png?lm=1,25,11,1050,11.7,0.34,0.09,0.43,4,0.34,0.03,0.0,3.6,0.31,0.04,0.6,0.5,2.91,1.29,0.12,44.1,1.11,3.43,160,13.71,60.8,1.11,0.17,0.0,0.0,0.34,0.0,7,0.6,0.09,1.37,0.09,0.0,37.63,8,0.69,18.34,4.2,3.0,2.4,0.0,0.0,1.63,42.9,29.6,93,7.97,61.2,0.34,0.0,0.0,0.0,0.0,0.0,0.0,0.0,0.0,0.0,0.0,0.0,0.0,0.0,0.0,0.0,0.0,0.0
Manuel Lazzari,Italy,31.0,1993.0,Right Midfield,174.0,2027-06-30,IT1,Società Sportiva Lazio S.p.A.,4000000.0,40,0,18,82,14,82,93,61,71,25,50,4,0,0,46,0,64,0,11,https://img.a.transfermarkt.technology/portrait/header/331401-1707947147.jpg?lm=1,25,16,1406,15.6,0.0,0.06,0.06,0,0.0,-0.01,0.0,0.1,0.01,0.08,4.61,-0.3,0.38,0.13,0.0,33.3,4.22,6.15,609,38.98,79.1,2.3,1.41,0.9,0.0,0.19,6.21,26,1.66,0.64,1.22,0.0,0.06,57.35,15,0.96,33.16,1.73,0.45,0.77,0.0,0.06,3.2,58.3,62.5,5,0.32,27.8,0.19,0.0,0.0,0.0,0.0,0.0,0.0,0.0,0.0,0.0,0.0,0.0,0.0,0.0,0.0,0.0,0.0,0.0
Geoffrey Kondogbia,Central African Republic,32.0,1993.0,Defensive Midfield,188.0,2027-06-30,FR1,Olympique de Marseille,8000000.0,56,19,22,71,5,54,83,91,12,98,0,68,0,0,16,0,86,0,79,https://img.a.transfermarkt.technology/portrait/header/127189-1703066053.jpg?lm=1,25,22,2020,22.4,0.0,0.0,0.0,0,0.0,-0.02,0.0,0.5,0.02,0.01,0.89,-0.2,0.36,0.04,0.0,12.5,4.68,0.49,1668,74.32,92.5,5.35,0.58,0.09,0.0,0.13,0.18,60,2.67,0.98,2.85,0.18,0.0,89.69,10,0.45,57.97,0.58,0.58,0.85,0.0,0.0,4.81,79.4,66.7,27,1.2,64.3,0.04,0.0,0.0,0.0,0.0,0.0,0.0,0.0,0.0,0.0,0.0,0.0,0.0,0.0,0.0,0.0,0.0,0.0
Santiago Mouriño,Uruguay,23.0,2002.0,Centre-Back,186.0,2029-06-30,ES1,Deportivo Alavés S.A.D.,2000000.0,48,53,25,2,81,30,27,75,79,15,98,43,0,0,87,0,6,0,44,https://img.a.transfermarkt.technology/portrait/header/953901-1691396102.jpg?lm=1,25,20,1849,20.5,0.0,0.05,0.05,0,0.0,-0.04,0.0,0.9,0.04,0.04,0.68,0.1,0.63,0.15,0.0,23.1,2.24,0.05,539,26.24,78.0,2.29,0.24,0.1,0.0,0.15,0.19,43,2.09,1.41,5.84,0.0,0.1,46.34,4,0.19,21.51,0.34,0.54,1.56,0.05,0.0,4.14,55.3,36.4,38,1.85,57.6,0.34,0.0,0.0,0.0,0.0,0.0,0.0,0.0,0.0,0.0,0.0,0.0,0.0,0.0,0.0,0.0,0.0,0.0
Sékou Mara,France,22.0,2002.0,Centre-Forward,183.0,2029-06-30,FR1,Racing Club de Strasbourg Alsace,6000000.0,18,11,10,36,55,81,56,64,37,29,0,61,0,0,49,0,40,0,62,https://img.a.transfermarkt.technology/portrait/header/557612-1731603567.png?lm=1,25,7,768,8.5,0.12,0.12,0.23,1,0.12,-0.12,0.0,2.0,0.23,0.12,1.05,0.0,2.23,0.59,0.05,26.3,1.29,5.51,128,15.0,69.2,1.05,0.23,0.0,0.0,0.12,0.35,9,1.05,0.35,0.35,0.0,0.0,35.51,11,1.29,21.21,3.4,1.76,2.11,0.0,0.0,2.46,33.3,40.7,19,2.23,45.2,0.23,0.0,0.0,0.0,0.0,0.0,0.0,0.0,0.0,0.0,0.0,0.0,0.0,0.0,0.0,0.0,0.0,0.0
Willi Orbán,Hungary,32.0,1992.0,Centre-Back,186.0,2027-06-30,L1,RasenBallsport Leipzig,10000000.0,66,100,100,74,79,53,65,65,14,25,0,98,0,0,9,0,76,0,98,https://img.a.transfermarkt.technology/portrait/header/93740-1724337179.jpg?lm=1,25,25,2222,24.7,0.2,0.0,0.2,5,0.2,0.04,0.0,4.0,0.16,0.04,0.61,-1.0,0.89,0.28,0.23,31.8,4.29,0.32,1530,61.97,87.4,4.29,0.28,0.04,0.0,0.08,0.2,38,1.54,0.85,6.85,0.16,0.0,85.1,3,0.12,43.87,0.61,0.16,0.93,0.0,0.04,4.94,71.9,75.0,104,4.21,69.3,0.16,0.08,0.0,0.0,0.0,0.0,0.0,0.0,0.0,0.0,0.0,0.0,0.0,0.0,0.0,0.0,0.0,0.0
Kobbie Mainoo,England,20.0,2005.0,Central Midfield,180.0,2027-06-30,GB1,Manchester United Football Club,55000000.0,42,17,15,37,45,88,51,86,26,45,33,44,0,0,49,0,64,0,32,https://img.a.transfermarkt.technology/portrait/header/820374-1719349758.jpg?lm=1,25,19,1651,18.3,0.0,0.0,0.0,0,0.0,-0.04,0.0,0.7,0.04,0.09,1.2,-1.6,0.82,0.11,0.0,13.3,3.54,2.56,723,39.41,86.5,2.73,0.65,0.05,0.0,0.22,0.38,46,2.51,1.04,0.76,0.05,0.05,57.89,23,1.25,35.54,2.02,1.96,1.47,0.0,0.0,4.8,60.0,46.0,19,1.04,38.0,0.27,0.0,0.0,0.0,0.0,0.0,0.0,0.0,0.0,0.0,0.0,0.0,0.0,0.0,0.0,0.0,0.0,0.0
Dani Olmo,Spain,27.0,1998.0,Attacking Midfield,179.0,2030-06-30,ES1,Futbol Club Barcelona,60000000.0,69,87,95,85,80,85,70,10,12,65,98,71,0,0,28,0,83,0,82,https://img.a.transfermarkt.technology/portrait/header/293385-1711546268.jpg?lm=1,25,13,1212,13.5,0.74,0.22,0.97,8,0.59,0.26,0.15,4.9,0.36,0.22,2.45,0.0,2.97,1.11,0.2,37.5,6.01,7.13,519,38.54,81.1,3.64,2.15,0.07,0.0,0.45,1.56,16,1.19,0.22,0.82,0.07,0.37,59.11,23,1.71,37.5,2.6,1.93,1.56,0.22,0.0,3.42,28.6,51.1,9,0.67,50.0,0.07,0.0,0.0,0.0,0.0,0.0,0.0,0.0,0.0,0.0,0.0,0.0,0.0,0.0,0.0,0.0,0.0,0.0
José Copete,Spain,25.0,1999.0,Centre-Back,190.0,2026-06-30,ES1,Real Club Deportivo Mallorca S.A.D.,2800000.0,44,32,36,20,11,78,39,91,31,14,0,41,0,0,28,0,13,0,51,https://img.a.transfermarkt.technology/portrait/header/520840-1674915512.JPG?lm=1,25,16,1528,17.0,0.0,0.0,0.0,0,0.0,-0.03,0.0,0.5,0.03,0.0,0.59,0.0,0.35,0.12,0.0,33.3,2.77,0.12,639,37.64,83.3,2.06,0.24,0.0,0.0,0.0,0.41,29,1.71,1.0,7.24,0.12,0.0,58.13,4,0.24,30.51,0.41,0.12,1.59,0.0,0.0,2.71,91.7,80.0,27,1.59,62.8,0.35,0.0,0.0,0.0,0.0,0.0,0.0,0.0,0.0,0.0,0.0,0.0,0.0,0.0,0.0,0.0,0.0,0.0
Karim Adeyemi,Germany,23.0,2002.0,Right Winger,180.0,2027-06-30,L1,Borussia Dortmund,40000000.0,67,82,86,33,96,88,59,37,53,17,28,57,0,0,55,0,68,0,63,https://img.a.transfermarkt.technology/portrait/header/496094-1712859708.jpg?lm=1,25,17,1433,15.9,0.44,0.38,0.82,7,0.44,0.09,0.0,5.5,0.35,0.38,4.27,0.0,2.89,1.13,0.15,39.1,1.76,9.61,298,18.72,74.3,0.63,1.19,0.13,0.0,0.13,1.63,20,1.26,0.44,0.31,0.0,0.13,39.94,40,2.51,26.19,2.7,1.95,1.7,0.0,0.0,3.01,40.0,42.6,9,0.57,40.9,0.25,0.0,0.0,0.0,0.0,0.0,0.0,0.0,0.0,0.0,0.0,0.0,0.0,0.0,0.0,0.0,0.0,0.0
Fabio Miretti,Italy,21.0,2003.0,Central Midfield,180.0,2025-06-30,IT1,Genoa Cricket and Football Club,14000000.0,49,85,78,27,64,87,52,29,5,83,83,18,0,0,23,0,11,0,15,https://img.a.transfermarkt.technology/portrait/header/571607-1652773586.jpg?lm=1,25,22,1677,18.6,0.16,0.16,0.32,3,0.16,-0.01,0.0,3.1,0.17,0.11,1.77,1.0,1.29,0.32,0.13,25.0,2.9,5.37,422,22.65,74.4,1.29,0.7,0.11,0.0,0.43,3.27,28,1.5,0.38,0.7,0.11,0.21,45.46,25,1.34,24.74,3.38,1.93,1.23,0.0,0.0,4.56,54.5,34.2,11,0.59,32.4,0.11,0.0,0.0,0.0,0.0,0.0,0.0,0.0,0.0,0.0,0.0,0.0,0.0,0.0,0.0,0.0,0.0,0.0
Sean Longstaff,England,27.0,1997.0,Central Midfield,187.0,2026-06-30,GB1,Newcastle United Football Club,22000000.0,33,21,8,47,2,7,8,92,88,66,0,51,0,0,93,0,44,0,55,https://img.a.transfermarkt.technology/portrait/header/346707-1682341336.jpg?lm=1,25,8,798,8.9,0.0,0.0,0.0,0,0.0,-0.07,0.0,0.6,0.07,0.02,0.45,-0.2,0.68,0.11,0.0,16.7,4.51,2.48,295,33.27,84.5,2.93,0.11,0.0,0.0,0.34,0.56,27,3.05,0.79,0.9,0.0,0.0,48.95,2,0.23,27.97,1.02,0.79,1.02,0.0,0.0,3.5,66.7,28.6,7,0.79,50.0,0.23,0.0,0.0,0.0,0.0,0.0,0.0,0.0,0.0,0.0,0.0,0.0,0.0,0.0,0.0,0.0,0.0,0.0
Junior Adamu,Austria,23.0,2001.0,Centre-Forward,183.0,,L1,Sport-Club Freiburg,6000000.0,38,47,14,11,64,35,15,83,47,5,50,64,0,0,32,0,17,0,37,https://img.a.transfermarkt.technology/portrait/header/452477-1691998414.jpg?lm=1,25,19,1545,17.2,0.12,0.12,0.23,2,0.12,-0.2,0.0,5.5,0.32,0.14,0.47,-0.4,2.1,0.64,0.06,30.6,0.82,4.89,198,11.53,63.5,0.41,0.47,0.0,0.0,0.0,0.29,9,0.52,0.7,1.17,0.0,0.17,31.11,10,0.58,16.02,3.44,1.4,2.21,0.0,0.0,3.03,27.3,34.5,53,3.09,32.9,0.29,0.06,0.0,0.0,0.0,0.0,0.0,0.0,0.0,0.0,0.0,0.0,0.0,0.0,0.0,0.0,0.0,0.0
Jesper Lindstrøm,Denmark,25.0,2000.0,Right Winger,182.0,2025-06-30,GB1,Everton Football Club,20000000.0,24,28,3,16,35,0,10,96,67,49,51,39,0,0,70,0,22,0,42,https://img.a.transfermarkt.technology/portrait/header/513245-1663065433.jpg?lm=1,25,15,1239,13.8,0.0,0.07,0.07,0,0.0,-0.15,0.0,2.1,0.15,0.15,2.18,-1.0,2.03,0.73,0.0,35.7,1.82,5.88,297,21.57,69.4,1.31,0.87,0.51,0.0,0.0,5.16,45,3.27,0.87,1.23,0.0,0.22,45.4,8,0.58,21.94,2.25,1.74,1.09,0.0,0.0,5.08,34.5,18.6,6,0.44,33.3,0.15,0.0,0.0,0.0,0.0,0.0,0.0,0.0,0.0,0.0,0.0,0.0,0.0,0.0,0.0,0.0,0.0,0.0
Giovani Lo Celso,Argentina,29.0,1996.0,Central Midfield,177.0,2028-06-30,ES1,Real Betis Balompié S.A.D.,20000000.0,66,82,97,93,99,87,77,69,20,67,90,11,0,0,49,0,81,0,12,https://img.a.transfermarkt.technology/portrait/header/348795-1726734706.jpg?lm=1,25,15,1457,16.2,0.49,0.19,0.68,6,0.37,0.2,0.12,2.4,0.15,0.3,1.61,-1.9,1.91,0.99,0.19,51.6,8.15,4.08,766,47.32,79.0,5.5,2.53,0.06,0.0,0.49,5.87,34,2.1,0.31,0.19,0.06,0.25,72.09,21,1.3,43.36,2.35,1.91,0.8,0.0,0.0,4.69,68.0,38.2,5,0.31,31.3,0.25,0.0,0.0,0.0,0.0,0.0,0.0,0.0,0.0,0.0,0.0,0.0,0.0,0.0,0.0,0.0,0.0,0.0
Melvin Bard,France,24.0,2000.0,Left-Back,173.0,2028-06-30,FR1,Olympique Gymnaste Club Nice Côte d'Azur,12000000.0,66,91,82,63,54,83,84,76,10,17,50,68,0,0,8,0,47,0,65,https://img.a.transfermarkt.technology/portrait/header/532775-1739970931.jpg?lm=1,24,22,1938,21.5,0.09,0.05,0.14,2,0.09,-0.01,0.0,2.2,0.1,0.09,2.46,-0.9,1.07,0.37,0.09,34.8,4.09,4.41,903,41.93,77.4,3.53,1.21,0.6,0.0,0.0,2.79,53,2.46,1.35,2.79,0.14,0.05,66.69,22,1.02,36.13,1.3,0.7,0.79,0.0,0.0,5.76,57.1,44.9,24,1.11,54.5,0.19,0.09,0.0,0.0,0.0,0.0,0.0,0.0,0.0,0.0,0.0,0.0,0.0,0.0,0.0,0.0,0.0,0.0
Jean-Mattéo Bahoya,France,20.0,2005.0,Left Winger,180.0,2029-06-30,L1,Eintracht Frankfurt Fußball AG,9000000.0,33,24,34,52,53,83,28,95,10,26,45,92,0,0,12,0,46,0,96,https://img.a.transfermarkt.technology/portrait/header/939964-1724772389.jpg?lm=1,24,10,921,10.2,0.2,0.29,0.49,2,0.2,0.01,0.0,1.9,0.19,0.17,2.35,1.3,0.98,0.29,0.2,30.0,2.74,9.09,260,25.41,74.3,1.47,1.07,0.39,0.0,0.1,3.03,29,2.83,0.39,0.98,0.1,0.2,46.42,17,1.66,26.09,1.86,1.66,0.88,0.0,0.0,4.98,61.5,56.7,13,1.27,65.0,0.29,0.0,0.0,0.0,0.0,0.0,0.0,0.0,0.0,0.0,0.0,0.0,0.0,0.0,0.0,0.0,0.0,0.0
Warren Kamanzi,Norway,24.0,2000.0,Right-Back,177.0,2026-06-30,FR1,Toulouse Football Club,2000000.0,49,81,70,45,52,95,74,33,52,28,94,70,0,0,74,0,66,0,97,https://img.a.transfermarkt.technology/portrait/header/794758-1671210731.jpg?lm=1,24,11,1022,11.4,0.09,0.09,0.18,1,0.09,-0.03,0.0,1.3,0.11,0.09,2.55,0.0,0.62,0.18,0.14,28.6,2.91,5.46,399,35.14,83.0,2.38,0.7,0.0,0.0,0.0,1.41,29,2.55,0.79,2.2,0.0,0.18,53.98,16,1.41,29.24,1.32,1.32,1.41,0.0,0.0,4.93,50.0,55.2,7,0.62,87.5,0.26,0.0,0.0,0.0,0.0,0.0,0.0,0.0,0.0,0.0,0.0,0.0,0.0,0.0,0.0,0.0,0.0,0.0
Guglielmo Vicario,Italy,28.0,1996.0,Goalkeeper,194.0,2028-06-30,GB1,Tottenham Hotspur Football Club,35000000.0,40,0,0,87,6,79,84,60,6,56,0,88,44,49,8,0,1,47,89,https://img.a.transfermarkt.technology/portrait/header/286047-1725874745.jpg?lm=1,24,24,2160,24.0,0.0,0.0,0.0,0,0.0,0.0,0.0,0.0,0.0,0.0,0.0,0.0,0.0,0.0,0.0,0.0,0.04,0.0,761,31.71,87.3,0.08,0.0,0.0,13.4,0.04,0.0,0,0.0,0.04,0.58,0.25,0.0,38.58,1,0.04,27.5,0.0,0.0,0.0,0.0,0.0,1.33,0.0,100.0,9,0.38,100.0,0.04,0.0,1.54,4.25,2.79,1.56,2.4,0.1,0.0,0.0,5.0,1.21,64.7,16.7,22.8,10.5,9.3,1.29
Thomas Kristensen,Denmark,23.0,2002.0,Centre-Back,198.0,2028-06-30,IT1,Udinese Calcio,6000000.0,50,51,68,59,53,94,66,41,23,18,0,89,0,0,24,0,12,0,85,https://img.a.transfermarkt.technology/portrait/header/698259-1696837568.jpg?lm=1,24,19,1754,19.5,0.05,0.0,0.05,1,0.05,0.01,0.0,0.9,0.05,0.02,0.97,-0.3,0.21,0.05,0.25,25.0,3.9,0.97,757,38.84,79.9,3.39,0.36,0.1,0.0,0.15,0.51,31,1.59,1.08,4.1,0.1,0.0,58.7,10,0.51,31.71,0.82,0.46,1.59,0.0,0.05,3.23,62.5,76.9,61,3.13,65.6,0.26,0.0,0.0,0.0,0.0,0.0,0.0,0.0,0.0,0.0,0.0,0.0,0.0,0.0,0.0,0.0,0.0,0.0
Chris Richards,United States,25.0,2000.0,Centre-Back,188.0,2027-06-30,GB1,Crystal Palace Football Club,12000000.0,38,74,66,3,3,14,9,43,91,54,91,51,0,0,91,0,3,0,37,https://img.a.transfermarkt.technology/portrait/header/578539-1708426272.jpg?lm=1,24,22,1922,21.4,0.05,0.0,0.05,1,0.05,-0.01,0.0,1.3,0.06,0.0,0.28,-0.1,0.56,0.28,0.08,50.0,1.83,0.09,684,32.03,79.8,1.08,0.05,0.05,0.0,0.23,0.23,47,2.2,0.89,5.67,0.0,0.05,52.4,1,0.05,24.3,0.23,0.23,0.52,0.05,0.0,2.39,58.5,16.7,47,2.2,53.4,0.19,0.05,0.0,0.0,0.0,0.0,0.0,0.0,0.0,0.0,0.0,0.0,0.0,0.0,0.0,0.0,0.0,0.0
Randy Nteka,Angola,27.0,1997.0,Attacking Midfield,189.0,2028-06-30,ES1,Rayo Vallecano de Madrid S.A.D.,1500000.0,34,49,61,0,1,7,1,37,71,3,72,100,0,0,60,0,0,0,98,https://img.a.transfermarkt.technology/portrait/header/560483-1600680162.jpg?lm=1,24,16,1129,12.5,0.24,0.0,0.24,3,0.24,0.03,0.0,2.6,0.21,0.04,0.8,-0.5,1.28,0.64,0.19,50.0,0.64,3.51,144,11.48,64.6,0.4,0.16,0.0,0.0,0.0,0.32,16,1.28,0.32,1.59,0.0,0.24,29.18,5,0.4,12.67,2.55,1.36,3.11,0.0,0.0,2.07,41.7,33.3,41,3.27,44.6,0.48,0.0,0.0,0.0,0.0,0.0,0.0,0.0,0.0,0.0,0.0,0.0,0.0,0.0,0.0,0.0,0.0,0.0
Ryan Manning,Ireland,28.0,1996.0,Left-Back,173.0,2027-06-30,GB1,Southampton Football Club,3500000.0,39,22,24,25,93,44,15,37,86,73,56,72,0,0,87,0,52,0,87,https://img.a.transfermarkt.technology/portrait/header/262300-1720192030.jpg?lm=1,24,18,1462,16.2,0.0,0.06,0.06,0,0.0,-0.02,0.0,0.3,0.02,0.2,0.86,-2.2,0.49,0.06,0.0,12.5,2.15,4.56,619,38.11,77.1,2.03,0.74,0.49,0.0,0.18,5.17,28,1.72,1.05,2.89,0.0,0.06,59.59,11,0.68,29.73,1.05,0.31,1.17,0.0,0.0,4.0,53.8,30.6,15,0.92,71.4,0.12,0.0,0.0,0.0,0.0,0.0,0.0,0.0,0.0,0.0,0.0,0.0,0.0,0.0,0.0,0.0,0.0,0.0
David Nemeth,Austria,24.0,2001.0,Centre-Back,191.0,2026-06-30,L1,Fußball-Club St. Pauli von 1910,2500000.0,28,10,37,30,18,32,36,23,50,75,0,27,0,0,63,0,28,0,30,https://img.a.transfermarkt.technology/portrait/header/451906-1723630981.jpeg?lm=1,24,24,2137,23.7,0.0,0.04,0.04,0,0.0,-0.01,0.0,0.2,0.01,0.0,0.59,0.9,0.21,0.04,0.0,20.0,2.74,0.21,957,40.3,86.4,2.27,0.17,0.04,0.0,0.13,0.29,43,1.81,0.76,3.96,0.08,0.0,56.35,4,0.17,29.35,0.51,0.13,0.88,0.0,0.0,3.66,58.1,44.4,37,1.56,54.4,0.13,0.0,0.0,0.0,0.0,0.0,0.0,0.0,0.0,0.0,0.0,0.0,0.0,0.0,0.0,0.0,0.0,0.0
Wesley Saïd,France,30.0,1995.0,Centre-Forward,171.0,2026-06-30,FR1,Racing Club de Lens,3500000.0,30,23,36,76,38,71,62,73,90,16,59,27,0,0,45,0,80,0,33,https://img.a.transfermarkt.technology/portrait/header/182916-1593971458.jpg?lm=1,24,11,905,10.1,0.3,0.0,0.3,3,0.3,-0.02,0.0,3.2,0.32,0.1,1.59,-1.0,1.69,0.7,0.18,41.2,2.39,5.27,193,19.19,77.8,1.09,1.19,0.0,0.0,0.1,0.8,16,1.59,0.2,0.2,0.0,0.2,32.32,9,0.9,18.4,1.79,0.9,2.19,0.0,0.0,1.69,46.2,47.4,10,0.99,38.5,0.4,0.0,0.0,0.0,0.0,0.0,0.0,0.0,0.0,0.0,0.0,0.0,0.0,0.0,0.0,0.0,0.0,0.0
Selim Amallah,Morocco,28.0,1996.0,Attacking Midfield,185.0,2027-06-30,ES1,Real Valladolid Club de Fútbol S.A.D.,1800000.0,29,42,36,22,10,93,12,87,19,11,0,22,0,0,22,0,38,0,18,https://img.a.transfermarkt.technology/portrait/header/377219-1616872969.jpg?lm=1,24,18,1376,15.3,0.2,0.07,0.26,2,0.13,-0.03,0.07,2.7,0.18,0.07,1.57,-0.1,1.37,0.46,0.1,33.3,3.73,1.77,318,20.8,78.3,2.75,0.72,0.0,0.0,0.46,2.03,30,1.96,0.92,0.33,0.07,0.0,39.7,33,2.16,20.15,2.29,1.64,2.09,0.0,0.0,4.77,55.6,48.5,5,0.33,23.8,0.39,0.0,0.0,0.0,0.0,0.0,0.0,0.0,0.0,0.0,0.0,0.0,0.0,0.0,0.0,0.0,0.0,0.0
Amadou Koné,Cote d'Ivoire,20.0,2005.0,Defensive Midfield,,2028-06-30,FR1,Stade de Reims,1500000.0,50,34,33,45,10,91,72,90,14,20,64,66,0,0,6,0,51,0,49,https://img.a.transfermarkt.technology/portrait/header/1178474-1723820351.png?lm=1,24,17,1293,14.4,0.0,0.0,0.0,0,0.0,-0.03,0.0,0.5,0.03,0.02,1.32,-0.3,0.97,0.28,0.0,28.6,4.73,0.84,518,36.06,86.0,3.69,0.56,0.0,0.0,0.21,0.21,49,3.41,1.32,2.65,0.14,0.07,54.85,15,1.04,32.65,1.32,0.84,1.32,0.0,0.07,5.5,62.9,60.0,22,1.53,50.0,0.21,0.07,0.0,0.0,0.0,0.0,0.0,0.0,0.0,0.0,0.0,0.0,0.0,0.0,0.0,0.0,0.0,0.0
Lutsharel Geertruida,Netherlands,24.0,2000.0,Right-Back,184.0,2029-06-30,L1,RasenBallsport Leipzig,27000000.0,43,68,63,82,32,45,45,28,5,69,0,56,0,0,1,0,88,0,78,https://img.a.transfermarkt.technology/portrait/header/420210-1729520430.jpg?lm=1,24,17,1557,17.3,0.06,0.0,0.06,1,0.06,-0.01,0.0,1.1,0.06,0.06,1.21,-1.0,0.46,0.06,0.13,12.5,5.38,1.97,961,55.55,86.7,5.43,0.98,0.23,0.0,0.17,0.75,35,2.02,0.92,3.41,0.23,0.0,73.18,7,0.4,37.11,0.81,0.23,0.98,0.0,0.06,4.8,48.4,50.0,12,0.69,66.7,0.12,0.0,0.0,0.0,0.0,0.0,0.0,0.0,0.0,0.0,0.0,0.0,0.0,0.0,0.0,0.0,0.0,0.0
Mario Götze,Germany,32.0,1992.0,Attacking Midfield,176.0,2026-06-30,L1,Eintracht Frankfurt Fußball AG,5000000.0,44,37,54,67,66,10,49,67,82,87,9,11,0,0,93,0,55,0,12,https://img.a.transfermarkt.technology/portrait/header/74842-1663065102.jpg?lm=1,24,18,1542,17.1,0.18,0.12,0.29,3,0.18,0.01,0.0,2.9,0.17,0.18,1.69,-1.1,0.47,0.29,0.38,62.5,5.14,5.6,656,38.29,77.5,3.27,1.11,0.06,0.0,0.12,2.28,41,2.39,0.41,0.47,0.0,0.06,57.55,9,0.53,36.01,1.52,1.58,0.88,0.0,0.0,6.07,41.7,39.1,3,0.18,23.1,0.06,0.0,0.0,0.0,0.0,0.0,0.0,0.0,0.0,0.0,0.0,0.0,0.0,0.0,0.0,0.0,0.0,0.0
Casemiro,Brazil,33.0,1992.0,Defensive Midfield,185.0,2026-06-30,GB1,Manchester United Football Club,12000000.0,60,93,62,62,87,18,22,88,10,55,0,89,0,0,12,0,28,0,94,https://img.a.transfermarkt.technology/portrait/header/16306-1699018876.jpg?lm=1,24,18,1494,16.6,0.06,0.0,0.06,1,0.06,-0.05,0.0,1.8,0.11,0.14,0.24,-2.3,1.93,0.6,0.03,31.3,5.12,1.75,780,46.99,78.8,4.94,1.39,0.36,0.0,0.54,1.2,83,5.0,0.84,3.07,0.18,0.0,75.36,3,0.18,39.58,0.72,0.6,1.2,0.0,0.0,6.2,60.8,50.0,36,2.17,66.7,0.3,0.0,0.0,0.0,0.0,0.0,0.0,0.0,0.0,0.0,0.0,0.0,0.0,0.0,0.0,0.0,0.0,0.0
Daniele Ghilardi,Italy,22.0,2003.0,Centre-Back,189.0,,IT1,Verona Hellas Football Club,4000000.0,42,38,36,12,33,15,32,66,93,11,99,29,0,0,85,0,4,0,19,https://img.a.transfermarkt.technology/portrait/header/701819-1725530673.jpg?lm=1,24,21,2029,22.5,0.0,0.0,0.0,0,0.0,-0.03,0.0,0.6,0.03,0.01,0.71,-0.2,0.53,0.18,0.0,33.3,2.53,0.31,633,28.08,78.4,2.62,0.13,0.13,0.0,0.44,0.44,44,1.95,1.33,4.66,0.0,0.18,47.42,2,0.09,23.46,0.4,0.09,1.46,0.0,0.0,2.44,61.0,22.2,40,1.77,49.4,0.31,0.04,0.0,0.0,0.0,0.0,0.0,0.0,0.0,0.0,0.0,0.0,0.0,0.0,0.0,0.0,0.0,0.0
Aïssa Mandi,Algeria,33.0,1991.0,Centre-Back,186.0,2026-06-30,FR1,Lille Olympique Sporting Club,1500000.0,44,19,40,87,55,57,55,40,87,87,0,2,0,0,97,0,73,0,4,https://img.a.transfermarkt.technology/portrait/header/80293-1704566125.jpg?lm=1,24,20,1733,19.3,0.0,0.0,0.0,0,0.0,-0.02,0.0,0.3,0.02,0.02,0.62,-0.4,0.31,0.1,0.0,33.3,4.26,1.09,1104,57.33,88.7,5.56,0.31,0.1,0.0,0.83,0.52,31,1.61,0.78,2.8,0.0,0.0,72.45,3,0.16,38.22,0.42,0.21,0.36,0.0,0.0,3.48,72.7,75.0,14,0.73,38.9,0.16,0.0,0.0,0.0,0.0,0.0,0.0,0.0,0.0,0.0,0.0,0.0,0.0,0.0,0.0,0.0,0.0,0.0
Timothy Castagne,Belgium,29.0,1995.0,Right-Back,185.0,2027-06-30,GB1,Fulham Football Club,15000000.0,47,26,42,51,39,24,17,71,91,86,50,89,0,0,69,0,60,0,75,https://img.a.transfermarkt.technology/portrait/header/262226-1665067689.jpg?lm=1,24,17,1649,18.3,0.0,0.05,0.05,0,0.0,-0.02,0.0,0.4,0.02,0.07,0.93,-0.2,0.44,0.16,0.0,37.5,3.38,3.66,780,42.57,81.8,2.78,0.27,0.16,0.0,0.05,2.02,46,2.51,1.2,4.53,0.0,0.05,63.53,5,0.27,29.85,0.82,0.27,0.82,0.0,0.05,3.11,57.8,41.7,34,1.86,49.3,0.05,0.0,0.0,0.0,0.0,0.0,0.0,0.0,0.0,0.0,0.0,0.0,0.0,0.0,0.0,0.0,0.0,0.0
Ibrahima Niane,Senegal,26.0,1999.0,Centre-Forward,187.0,2025-06-30,FR1,Angers Sporting Club de l'Ouest,1500000.0,42,61,18,20,43,31,65,96,0,84,98,62,0,0,0,0,31,0,55,https://img.a.transfermarkt.technology/portrait/header/490417-1511780508.jpg?lm=1,24,8,943,10.5,0.29,0.1,0.38,2,0.19,-0.26,0.1,4.9,0.47,0.1,1.81,0.0,2.77,0.95,0.07,34.5,0.86,4.77,130,12.41,68.4,1.24,0.19,0.0,0.0,0.19,0.19,7,0.67,0.19,0.57,0.19,0.48,29.78,6,0.57,17.37,3.34,1.62,1.43,0.1,0.0,3.05,100.0,31.6,26,2.48,41.3,0.0,0.0,0.0,0.0,0.0,0.0,0.0,0.0,0.0,0.0,0.0,0.0,0.0,0.0,0.0,0.0,0.0,0.0
Saúl Ñíguez,Spain,30.0,1994.0,Central Midfield,184.0,2025-06-30,ES1,Sevilla Fútbol Club S.A.D.,3500000.0,52,83,35,21,83,50,9,58,83,1,36,97,0,0,40,0,29,0,88,https://img.a.transfermarkt.technology/portrait/header/148928-1648555027.jpg?lm=1,24,17,1553,17.3,0.06,0.35,0.41,1,0.06,-0.1,0.0,2.8,0.16,0.14,0.75,3.5,2.43,0.52,0.02,21.4,3.82,2.26,516,29.9,78.3,2.96,0.46,0.12,0.0,0.23,1.1,47,2.72,1.27,1.97,0.0,0.06,52.39,12,0.7,22.37,1.51,0.75,2.55,0.0,0.06,4.98,38.7,42.9,40,2.32,54.8,0.46,0.06,0.0,0.0,0.0,0.0,0.0,0.0,0.0,0.0,0.0,0.0,0.0,0.0,0.0,0.0,0.0,0.0
Luca Netz,Germany,22.0,2003.0,Left-Back,184.0,2026-06-30,L1,Borussia Verein für Leibesübungen 1900 Mönchengladbach,7000000.0,39,14,10,37,91,30,27,73,62,63,0,53,0,0,88,0,69,0,42,https://img.a.transfermarkt.technology/portrait/header/524285-1662966052.jpg?lm=1,24,8,969,10.8,0.0,0.19,0.19,0,0.0,-0.02,0.0,0.2,0.02,0.18,1.49,0.1,0.28,0.0,0.0,0.0,2.6,5.11,428,39.75,81.1,2.79,1.21,0.65,0.0,0.0,1.49,24,2.23,0.93,3.34,0.0,0.0,61.86,6,0.56,26.75,1.3,0.93,0.74,0.0,0.0,3.9,68.4,28.6,11,1.02,44.0,0.19,0.0,0.0,0.0,0.0,0.0,0.0,0.0,0.0,0.0,0.0,0.0,0.0,0.0,0.0,0.0,0.0,0.0
Exequiel Palacios,Argentina,26.0,1998.0,Central Midfield,178.0,2028-06-30,L1,Bayer 04 Leverkusen Fußball,40000000.0,52,59,48,94,91,62,75,70,25,87,0,1,0,0,41,0,97,0,1,https://img.a.transfermarkt.technology/portrait/header/401578-1695368200.jpg?lm=1,24,11,1155,12.8,0.08,0.47,0.55,1,0.08,-0.04,0.0,1.5,0.12,0.18,1.17,3.7,1.01,0.62,0.08,61.5,7.56,3.12,922,71.84,90.1,7.56,1.48,0.16,0.0,0.16,0.31,22,1.71,1.01,1.17,0.08,0.0,89.14,8,0.62,51.43,1.32,1.56,0.7,0.0,0.0,5.92,55.6,66.7,1,0.08,11.1,0.16,0.0,0.0,0.0,0.0,0.0,0.0,0.0,0.0,0.0,0.0,0.0,0.0,0.0,0.0,0.0,0.0,0.0
Albert Gudmundsson,Iceland,27.0,1997.0,Second Striker,177.0,2025-06-30,IT1,Associazione Calcio Fiorentina,23000000.0,40,18,42,86,59,80,90,76,12,71,86,2,0,0,11,0,94,0,5,https://img.a.transfermarkt.technology/portrait/header/305947-1705389252.jpg?lm=1,24,16,1273,14.1,0.42,0.07,0.49,4,0.28,0.09,0.14,3.1,0.22,0.13,2.47,-0.8,1.77,0.92,0.16,52.0,2.62,4.17,415,29.34,83.0,2.4,0.14,0.0,0.0,0.07,1.7,9,0.64,0.42,0.64,0.07,0.28,44.12,15,1.06,28.42,2.05,0.99,0.92,0.07,0.0,3.75,41.2,55.6,4,0.28,25.0,0.14,0.0,0.0,0.0,0.0,0.0,0.0,0.0,0.0,0.0,0.0,0.0,0.0,0.0,0.0,0.0,0.0,0.0
Hugo Sotelo,Spain,21.0,2003.0,Central Midfield,180.0,2028-06-30,ES1,Real Club Celta de Vigo S. A. D.,5000000.0,25,2,15,88,66,35,79,16,43,32,0,2,0,0,38,0,78,0,3,https://img.a.transfermarkt.technology/portrait/header/892221-1696862451.jpg?lm=1,24,15,1254,13.9,0.0,0.0,0.0,0,0.0,-0.01,0.0,0.2,0.01,0.12,1.51,-1.7,0.29,0.0,0.0,0.0,5.96,2.73,873,62.66,85.8,7.18,0.86,0.22,0.0,1.36,3.59,28,2.01,0.36,0.65,0.07,0.0,78.73,8,0.57,47.08,0.79,0.86,1.36,0.0,0.0,5.1,41.9,40.0,2,0.14,16.7,0.36,0.0,0.0,0.0,0.0,0.0,0.0,0.0,0.0,0.0,0.0,0.0,0.0,0.0,0.0,0.0,0.0,0.0
Loum Tchaouna,France,21.0,2003.0,Right Winger,180.0,2029-06-30,IT1,Società Sportiva Lazio S.p.A.,10000000.0,30,63,15,49,9,36,37,39,0,1,0,30,0,0,0,0,21,0,11,https://img.a.transfermarkt.technology/portrait/header/607226-1695710683.jpg?lm=1,24,6,660,7.3,0.14,0.0,0.14,1,0.14,-0.2,0.0,2.5,0.34,0.08,3.0,-0.6,3.14,1.09,0.04,34.8,2.73,9.0,172,23.45,69.6,1.23,1.09,0.14,0.0,0.27,4.36,8,1.09,0.55,1.91,0.27,0.0,46.5,5,0.68,25.64,3.55,0.82,1.36,0.0,0.0,2.45,33.3,50.0,5,0.68,16.1,0.55,0.14,0.0,0.0,0.0,0.0,0.0,0.0,0.0,0.0,0.0,0.0,0.0,0.0,0.0,0.0,0.0,0.0
Florian Tardieu,France,33.0,1992.0,Central Midfield,181.0,2026-06-30,FR1,Association sportive de Saint-Étienne Loire,700000.0,45,17,68,97,62,4,46,21,89,97,66,79,0,0,72,0,91,0,89,https://img.a.transfermarkt.technology/portrait/header/212804-1727722208.jpg?lm=1,24,13,1252,13.9,0.14,0.29,0.43,2,0.14,0.1,0.0,0.6,0.04,0.09,0.79,2.7,1.15,0.22,0.13,18.8,9.99,3.16,869,62.47,85.8,9.13,1.73,0.0,0.0,0.43,1.73,18,1.29,1.08,1.51,0.0,0.14,82.02,3,0.22,42.99,1.08,0.65,0.72,0.0,0.07,5.97,35.3,23.1,14,1.01,63.6,0.0,0.0,0.0,0.0,0.0,0.0,0.0,0.0,0.0,0.0,0.0,0.0,0.0,0.0,0.0,0.0,0.0,0.0
Nicolás Tagliafico,Argentina,32.0,1992.0,Left-Back,171.0,2025-06-30,FR1,Olympique Lyonnais,7000000.0,70,97,90,77,19,2,62,91,90,9,93,67,0,0,67,0,81,0,56,https://img.a.transfermarkt.technology/portrait/header/131225-1668181437.jpg?lm=1,24,22,1902,21.1,0.14,0.05,0.19,3,0.14,0.0,0.0,3.0,0.14,0.04,1.47,0.2,1.32,0.33,0.11,25.0,4.59,3.83,1159,54.84,86.6,3.41,0.38,0.14,0.0,0.05,1.75,57,2.7,1.7,2.6,0.0,0.09,74.86,1,0.05,38.9,0.99,0.19,1.94,0.09,0.0,4.83,60.4,12.5,25,1.18,49.0,0.33,0.0,0.0,0.0,0.0,0.0,0.0,0.0,0.0,0.0,0.0,0.0,0.0,0.0,0.0,0.0,0.0,0.0
Pau Torres,Spain,28.0,1997.0,Centre-Back,192.0,2028-06-30,GB1,Aston Villa Football Club,40000000.0,35,29,35,76,17,97,95,2,46,95,0,3,0,0,63,0,61,0,3,https://img.a.transfermarkt.technology/portrait/header/399776-1691079911.jpg?lm=1,24,23,2020,22.4,0.0,0.0,0.0,0,0.0,-0.02,0.0,0.5,0.02,0.0,1.78,-0.1,0.36,0.09,0.0,25.0,4.32,0.36,1217,54.22,88.8,4.9,0.36,0.0,0.0,0.53,0.13,21,0.94,0.45,3.34,0.09,0.0,67.68,15,0.67,43.04,0.27,0.22,0.36,0.0,0.0,2.76,58.8,88.2,18,0.8,38.3,0.09,0.0,0.0,0.0,0.0,0.0,0.0,0.0,0.0,0.0,0.0,0.0,0.0,0.0,0.0,0.0,0.0,0.0
Alberto Moreno,Spain,32.0,1992.0,Left-Back,171.0,2025-06-30,IT1,Calcio Como,1800000.0,30,33,43,68,32,16,47,10,37,54,0,18,0,0,30,0,67,0,15,https://img.a.transfermarkt.technology/portrait/header/207917-1687268193.jpg?lm=1,24,21,1727,19.2,0.0,0.0,0.0,0,0.0,-0.02,0.0,0.4,0.02,0.06,1.2,-1.2,0.73,0.31,0.0,42.9,4.22,3.02,893,46.54,82.5,3.28,1.2,0.63,0.0,0.26,2.55,25,1.3,0.73,2.08,0.1,0.0,63.79,3,0.16,37.63,0.94,0.16,0.89,0.0,0.0,3.86,46.2,42.9,11,0.57,35.5,0.21,0.0,0.0,0.0,0.0,0.0,0.0,0.0,0.0,0.0,0.0,0.0,0.0,0.0,0.0,0.0,0.0,0.0
Ayyoub Bouaddi,France,17.0,2007.0,Central Midfield,186.0,2027-06-30,FR1,Lille Olympique Sporting Club,30000000.0,36,0,26,23,40,83,26,95,18,70,44,47,0,0,35,0,66,0,54,https://img.a.transfermarkt.technology/portrait/header/1097139-1741119960.jpg?lm=1,24,11,1151,12.8,0.0,0.08,0.08,0,0.0,-0.01,0.0,0.1,0.01,0.08,0.86,0.0,0.23,0.08,0.0,33.3,2.89,2.03,487,38.08,87.7,2.81,0.08,0.0,0.0,0.16,0.23,50,3.91,0.78,0.94,0.08,0.08,54.97,14,1.09,29.95,2.66,1.17,1.41,0.0,0.0,4.85,59.4,48.3,9,0.7,50.0,0.16,0.0,0.0,0.0,0.0,0.0,0.0,0.0,0.0,0.0,0.0,0.0,0.0,0.0,0.0,0.0,0.0,0.0
Francesco Zampano,Italy,31.0,1993.0,Right-Back,177.0,2025-06-30,IT1,Venezia Football Club,1100000.0,28,63,65,10,22,21,48,4,12,27,78,17,0,0,20,0,8,0,15,https://img.a.transfermarkt.technology/portrait/header/216872-1717660248.jpg?lm=1,24,17,1639,18.2,0.05,0.11,0.16,1,0.05,0.0,0.0,1.0,0.05,0.04,2.31,1.2,0.38,0.22,0.14,57.1,2.25,4.67,416,22.84,73.2,1.43,0.93,0.33,0.0,0.27,2.69,31,1.7,0.33,1.59,0.11,0.11,40.14,8,0.44,22.95,1.54,0.93,1.32,0.0,0.0,4.23,45.2,28.6,10,0.55,35.7,0.27,0.0,0.0,0.0,0.0,0.0,0.0,0.0,0.0,0.0,0.0,0.0,0.0,0.0,0.0,0.0,0.0,0.0
Nnamdi Collins,Germany,21.0,2004.0,Centre-Back,191.0,2030-06-30,L1,Eintracht Frankfurt Fußball AG,10000000.0,58,50,70,91,94,93,93,81,5,30,0,6,0,0,13,0,77,0,9,https://img.a.transfermarkt.technology/portrait/header/684315-1724772257.jpg?lm=1,24,15,1489,16.5,0.06,0.06,0.12,1,0.06,0.01,0.0,0.8,0.05,0.06,1.81,0.0,0.3,0.12,0.2,40.0,3.81,2.54,766,46.3,86.3,3.2,0.73,0.12,0.0,0.12,1.03,33,1.99,0.97,4.47,0.18,0.0,66.91,12,0.73,37.66,1.03,0.66,1.57,0.0,0.0,4.71,77.3,35.3,13,0.79,50.0,0.24,0.0,0.0,0.0,0.0,0.0,0.0,0.0,0.0,0.0,0.0,0.0,0.0,0.0,0.0,0.0,0.0,0.0
Warren Bondo,France,21.0,2003.0,Central Midfield,177.0,2029-06-30,IT1,Associazione Calcio Milan,10000000.0,30,6,28,13,4,84,45,76,3,14,81,16,0,0,2,0,60,0,28,https://img.a.transfermarkt.technology/portrait/header/659516-1739281834.jpg?lm=1,24,22,1780,19.8,0.0,0.0,0.0,0,0.0,-0.02,0.0,0.4,0.02,0.02,1.37,-0.4,0.71,0.1,0.0,53.85,2.33,1.06,624,31.55,89.25,2.22,0.4,0.15,0.0,0.2,0.4,40,2.02,0.25,0.51,0.2,0.2,42.37,21,1.06,29.17,1.11,1.57,1.62,0.0,0.0,5.21,72.35,52.38,6,0.3,40.42,0.3,0.05,0.0,0.0,0.0,0.0,0.0,0.0,0.0,0.0,0.0,0.0,0.0,0.0,0.0,0.0,0.0,0.0
Gianluigi Donnarumma,Italy,26.0,1999.0,Goalkeeper,196.0,2026-06-30,FR1,Paris Saint-Germain Football Club,35000000.0,32,0,0,50,9,0,2,76,90,34,0,42,60,20,89,3,3,54,33,https://img.a.transfermarkt.technology/portrait/header/315858-1672304477.jpg?lm=1,24,24,2091,23.2,0.0,0.0,0.0,0,0.0,0.0,0.0,0.0,0.0,0.0,0.0,0.0,0.0,0.0,0.0,0.0,0.0,0.0,552,23.76,87.3,0.13,0.0,0.0,14.4,0.0,0.0,1,0.04,0.0,0.6,0.0,0.0,29.14,0,0.0,15.02,0.0,0.0,0.0,0.0,0.0,1.72,50.0,0.0,4,0.17,100.0,0.09,0.0,1.08,3.19,2.11,0.93,-3.3,-0.14,0.0,0.0,3.87,0.43,67.6,16.7,25.1,13.6,5.0,0.82
Riccardo Sottil,Italy,25.0,1999.0,Left Winger,180.0,2025-06-30,IT1,Associazione Calcio Milan,6000000.0,27,11,14,44,23,34,95,59,90,74,93,56,0,0,87,0,28,0,68,https://img.a.transfermarkt.technology/portrait/header/386455-1663591627.jpg?lm=1,24,9,956,10.7,0.09,0.09,0.19,1,0.09,-0.01,0.0,1.1,0.1,0.11,7.72,-0.2,2.26,0.56,0.05,27.3,1.98,10.73,237,22.31,71.19,0.66,1.41,0.56,0.0,0.09,4.71,6,0.56,0.38,0.28,0.0,0.38,39.45,12,1.13,30.03,2.26,0.85,0.75,0.09,0.0,4.61,62.5,39.39,5,0.47,44.64,0.09,0.0,0.0,0.0,0.0,0.0,0.0,0.0,0.0,0.0,0.0,0.0,0.0,0.0,0.0,0.0,0.0,0.0
Issa Doumbia,Italy,21.0,2003.0,Central Midfield,187.0,2029-06-30,IT1,Venezia Football Club,2000000.0,25,44,9,2,0,89,21,20,9,90,0,83,0,0,27,0,6,0,63,https://img.a.transfermarkt.technology/portrait/header/924349-1730186334.jpg?lm=1,24,10,939,10.4,0.0,0.0,0.0,0,0.0,-0.1,0.0,1.0,0.1,0.01,1.15,-0.1,1.53,0.48,0.0,31.3,2.11,2.78,203,19.46,74.9,1.63,0.1,0.0,0.0,0.0,0.96,14,1.34,0.86,1.34,0.1,0.0,38.43,11,1.05,20.89,2.4,1.73,1.73,0.0,0.0,4.31,41.2,68.8,18,1.73,46.2,0.0,0.0,0.0,0.0,0.0,0.0,0.0,0.0,0.0,0.0,0.0,0.0,0.0,0.0,0.0,0.0,0.0,0.0
Juan Bernat,Spain,32.0,1993.0,Left-Back,170.0,2025-06-30,ES1,Getafe Club de Fútbol S.A.D. Team Dubai,2500000.0,33,36,39,13,69,94,2,43,32,94,0,86,0,0,94,0,17,0,77,https://img.a.transfermarkt.technology/portrait/header/126719-1672304606.jpg?lm=1,24,10,911,10.2,0.0,0.2,0.2,0,0.0,-0.04,0.0,0.4,0.04,0.11,0.59,0.9,0.59,0.1,0.0,50.0,2.17,5.83,243,24.01,74.19,1.38,0.79,0.4,0.0,0.0,2.17,28,2.77,0.3,1.58,0.0,0.0,44.56,15,1.48,22.82,1.98,1.68,1.09,0.0,0.0,3.85,65.28,49.26,16,1.58,53.8,0.0,0.0,0.0,0.0,0.0,0.0,0.0,0.0,0.0,0.0,0.0,0.0,0.0,0.0,0.0,0.0,0.0,0.0
Valentin Gendrey,France,24.0,2000.0,Right-Back,179.0,,L1,Turn- und Sportgemeinschaft 1899 Hoffenheim Fußball-Spielbetriebs,8500000.0,52,76,65,24,65,7,25,57,69,90,78,81,0,0,96,0,10,0,69,https://img.a.transfermarkt.technology/portrait/header/569387-1663745931.jpg?lm=1,24,16,1594,17.7,0.06,0.06,0.11,1,0.06,-0.02,0.0,1.3,0.07,0.11,1.75,-0.9,0.68,0.28,0.08,50.0,3.05,5.08,524,29.59,70.42,2.37,0.96,0.62,0.0,0.11,3.05,32,1.81,0.96,3.05,0.0,0.11,53.24,3,0.17,22.3,1.41,0.62,0.73,0.0,0.0,3.11,63.53,27.3,27,1.52,51.0,0.06,0.0,0.0,0.0,0.0,0.0,0.0,0.0,0.0,0.0,0.0,0.0,0.0,0.0,0.0,0.0,0.0,0.0
Steven Skrzybski,Germany,32.0,1992.0,Attacking Midfield,174.0,2026-06-30,L1,Kieler Sportvereinigung Holstein von 1900,1000000.0,50,50,78,31,71,52,9,40,66,92,81,25,0,0,94,0,21,0,20,https://img.a.transfermarkt.technology/portrait/header/93827-1657792592.jpg?lm=1,24,15,1323,14.7,0.41,0.2,0.61,5,0.34,0.17,0.07,2.7,0.18,0.2,1.16,0.1,2.18,0.82,0.16,37.5,4.35,4.83,312,21.22,70.0,2.45,1.09,0.48,0.0,0.14,2.11,19,1.29,0.75,0.75,0.0,0.27,42.11,13,0.88,21.29,2.72,1.5,1.09,0.0,0.0,3.95,29.2,59.1,6,0.41,24.0,0.0,0.0,0.0,0.0,0.0,0.0,0.0,0.0,0.0,0.0,0.0,0.0,0.0,0.0,0.0,0.0,0.0,0.0
Oliver Skipp,England,24.0,2000.0,Defensive Midfield,175.0,2029-06-30,GB1,Leicester City Football Club,12000000.0,28,22,25,20,7,59,62,27,15,7,67,56,0,0,11,0,22,0,80,https://img.a.transfermarkt.technology/portrait/header/406638-1738824198.jpg?lm=1,24,10,1129,12.5,0.0,0.0,0.0,0,0.0,-0.03,0.0,0.4,0.03,0.02,1.28,-0.3,0.4,0.08,0.0,20.0,2.79,1.51,419,33.4,83.5,2.55,0.32,0.0,0.0,0.0,0.4,21,1.67,0.88,0.88,0.16,0.08,48.79,7,0.56,27.66,0.96,0.56,1.67,0.0,0.0,3.67,60.0,58.3,12,0.96,66.7,0.64,0.0,0.0,0.0,0.0,0.0,0.0,0.0,0.0,0.0,0.0,0.0,0.0,0.0,0.0,0.0,0.0,0.0
Louis Mouton,France,22.0,2002.0,Defensive Midfield,180.0,2025-06-30,FR1,Association sportive de Saint-Étienne Loire,800000.0,55,82,0,86,82,89,82,78,71,54,0,9,0,0,86,0,29,0,9,https://img.a.transfermarkt.technology/portrait/header/904662-1727722197.jpg?lm=1,24,12,1045,11.6,0.0,0.09,0.09,0,0.0,-0.11,0.0,1.3,0.11,0.11,1.55,-0.3,1.64,0.26,0.0,15.8,4.65,4.39,442,38.07,80.2,3.62,1.12,0.09,0.0,0.34,1.81,49,4.22,0.86,1.64,0.0,0.0,60.55,12,1.03,31.52,1.21,1.12,2.07,0.0,0.0,5.43,59.5,50.0,5,0.43,31.3,0.17,0.0,0.0,0.0,0.0,0.0,0.0,0.0,0.0,0.0,0.0,0.0,0.0,0.0,0.0,0.0,0.0,0.0
Paulo Dybala,Argentina,31.0,1993.0,Second Striker,177.0,2026-06-30,IT1,Associazione Sportiva Roma,8000000.0,49,30,27,100,99,34,97,54,48,91,100,11,0,0,97,0,99,0,16,https://img.a.transfermarkt.technology/portrait/header/206050-1725530843.jpg?lm=1,24,16,1417,15.7,0.38,0.19,0.57,3,0.19,-0.03,0.19,4.0,0.25,0.32,2.6,-2.0,2.99,0.95,0.06,31.9,5.02,7.75,596,37.85,81.8,2.99,1.65,0.32,0.0,1.02,3.94,17,1.08,0.13,0.13,0.0,0.7,57.73,11,0.7,37.79,2.54,1.78,0.38,0.13,0.0,4.0,42.1,25.6,8,0.51,32.0,0.13,0.0,0.0,0.0,0.0,0.0,0.0,0.0,0.0,0.0,0.0,0.0,0.0,0.0,0.0,0.0,0.0,0.0
Kristoffer Ajer,Norway,27.0,1998.0,Centre-Back,198.0,2028-06-30,GB1,Brentford Football Club,18000000.0,41,64,18,78,97,77,84,9,62,42,0,34,0,0,92,0,27,0,31,https://img.a.transfermarkt.technology/portrait/header/328658-1700649482.jpg?lm=1,24,17,1438,16.0,0.0,0.0,0.0,0,0.0,-0.06,0.0,1.0,0.06,0.08,1.69,-1.2,0.56,0.19,0.0,33.3,3.5,2.75,503,31.48,78.2,2.75,0.44,0.25,0.0,0.19,0.88,26,1.63,0.75,3.13,0.0,0.0,49.69,7,0.44,24.22,0.94,0.75,0.81,0.0,0.0,2.63,51.9,43.8,27,1.69,54.0,0.31,0.0,0.0,0.0,0.0,0.0,0.0,0.0,0.0,0.0,0.0,0.0,0.0,0.0,0.0,0.0,0.0,0.0
Abdul Mumin,Ghana,26.0,1998.0,Centre-Back,188.0,2026-06-30,ES1,Rayo Vallecano de Madrid S.A.D.,5000000.0,40,36,87,13,42,44,39,52,82,27,77,22,0,0,88,0,11,0,29,https://img.a.transfermarkt.technology/portrait/header/451801-1631003939.jpg?lm=1,24,24,2017,22.4,0.09,0.04,0.13,2,0.09,0.06,0.0,0.6,0.03,0.01,0.54,0.8,0.45,0.13,0.2,30.0,1.78,0.27,900,40.16,82.9,1.78,0.04,0.0,0.0,0.36,0.27,37,1.65,1.03,5.58,0.0,0.04,60.28,5,0.22,32.35,0.71,0.22,0.98,0.0,0.0,4.15,63.0,50.0,31,1.38,55.4,0.27,0.04,0.0,0.0,0.0,0.0,0.0,0.0,0.0,0.0,0.0,0.0,0.0,0.0,0.0,0.0,0.0,0.0
Jeff Ekhator,Italy,18.0,2006.0,Centre-Forward,188.0,2029-06-30,IT1,Genoa Cricket and Football Club,5000000.0,16,2,13,40,56,24,13,64,49,50,93,37,0,0,61,0,34,0,26,https://img.a.transfermarkt.technology/portrait/header/934878-1738602121.jpeg?lm=1,24,6,769,8.5,0.12,0.12,0.23,1,0.12,-0.04,0.0,1.3,0.15,0.12,0.47,0.0,1.17,0.35,0.1,30.0,1.64,5.97,110,12.87,66.7,0.94,0.47,0.0,0.0,0.0,1.17,7,0.82,0.23,0.59,0.0,0.47,29.73,4,0.47,15.21,3.98,1.05,1.76,0.0,0.0,3.75,44.4,30.8,15,1.76,31.9,0.12,0.0,0.0,0.0,0.0,0.0,0.0,0.0,0.0,0.0,0.0,0.0,0.0,0.0,0.0,0.0,0.0,0.0
Nuno Mendes,Portugal,22.0,2002.0,Left-Back,183.0,2029-06-30,FR1,Paris Saint-Germain Football Club,55000000.0,71,93,58,99,98,98,98,47,9,65,95,54,0,0,16,0,99,0,63,https://img.a.transfermarkt.technology/portrait/header/616341-1672304855.jpg?lm=1,24,19,1676,18.6,0.05,0.16,0.21,1,0.05,-0.06,0.0,2.2,0.12,0.27,3.11,-2.0,1.13,0.48,0.05,42.9,6.82,5.8,1293,69.43,86.9,6.39,1.83,0.7,0.0,1.34,3.22,30,1.61,0.97,1.99,0.11,0.16,91.34,31,1.66,53.16,1.5,1.18,0.7,0.05,0.05,5.8,59.0,58.5,15,0.81,57.7,0.16,0.0,0.0,0.0,0.0,0.0,0.0,0.0,0.0,0.0,0.0,0.0,0.0,0.0,0.0,0.0,0.0,0.0
Benja Domínguez,Argentina,21.0,2003.0,Left Winger,172.0,2029-06-30,IT1,Bologna Football Club 1909,15000000.0,34,33,48,37,7,65,53,18,43,94,65,3,0,0,95,0,58,0,2,https://img.a.transfermarkt.technology/portrait/header/961022-1739283815.jpg?lm=1,24,16,1281,14.2,0.21,0.14,0.35,3,0.21,0.06,0.0,2.2,0.15,0.06,3.51,1.2,2.11,1.19,0.1,56.7,2.25,8.64,272,19.11,78.2,0.84,0.91,0.07,0.0,0.0,0.77,18,1.26,0.28,0.49,0.0,0.28,38.99,28,1.97,27.82,3.16,2.32,0.7,0.0,0.0,4.36,30.0,37.8,2,0.14,8.7,0.0,0.0,0.0,0.0,0.0,0.0,0.0,0.0,0.0,0.0,0.0,0.0,0.0,0.0,0.0,0.0,0.0,0.0
Zinedine Ferhat,Algeria,32.0,1993.0,Right Winger,180.0,2025-06-30,FR1,Angers Sporting Club de l'Ouest,1200000.0,30,16,38,72,72,43,37,69,71,55,0,94,0,0,71,0,33,0,89,https://img.a.transfermarkt.technology/portrait/header/232895-1669801210.png?lm=1,24,8,849,9.4,0.21,0.0,0.21,2,0.21,0.06,0.0,1.4,0.15,0.25,1.7,-2.4,1.27,0.53,0.17,41.7,4.24,6.78,303,32.12,67.2,2.54,1.38,0.32,0.0,0.53,7.21,9,0.95,1.06,1.27,0.0,0.0,58.3,10,1.06,30.95,2.23,1.59,1.17,0.0,0.0,4.98,30.8,45.5,17,1.8,45.9,0.11,0.0,0.0,0.0,0.0,0.0,0.0,0.0,0.0,0.0,0.0,0.0,0.0,0.0,0.0,0.0,0.0,0.0
Fábio Silva,Portugal,22.0,2002.0,Centre-Forward,185.0,2025-06-30,ES1,Unión Deportiva Las Palmas S.A.D.,20000000.0,55,56,69,34,50,70,47,32,57,20,66,73,0,0,48,0,25,0,73,https://img.a.transfermarkt.technology/portrait/header/505653-1723794084.png?lm=1,24,22,1866,20.7,0.48,0.14,0.63,8,0.39,0.06,0.1,6.4,0.31,0.1,1.45,1.0,2.22,0.96,0.17,43.5,1.25,5.74,309,14.9,66.3,0.63,0.68,0.14,0.0,0.14,1.01,12,0.58,0.19,1.3,0.0,0.24,34.05,21,1.01,15.92,2.8,1.45,1.88,0.0,0.0,2.32,28.6,39.6,51,2.46,49.5,0.34,0.0,0.0,0.0,0.0,0.0,0.0,0.0,0.0,0.0,0.0,0.0,0.0,0.0,0.0,0.0,0.0,0.0
Carles Aleñá,Spain,27.0,1998.0,Central Midfield,180.0,2025-06-30,ES1,Deportivo Alavés S.A.D.,2500000.0,37,53,7,26,47,74,32,2,70,84,94,74,0,0,95,0,17,0,77,https://img.a.transfermarkt.technology/portrait/header/284854-1669364902.jpg?lm=1,24,18,1542,17.1,0.0,0.12,0.12,0,0.0,-0.09,0.0,1.6,0.09,0.08,1.23,0.6,1.17,0.29,0.0,25.36,4.09,3.09,452,26.38,76.8,2.57,0.99,0.18,0.0,0.0,2.16,25,1.46,0.12,0.64,0.0,0.29,43.95,15,0.88,24.4,1.52,1.17,1.11,0.0,0.0,3.44,38.7,55.0,19,1.11,56.11,0.12,0.0,0.0,0.0,0.0,0.0,0.0,0.0,0.0,0.0,0.0,0.0,0.0,0.0,0.0,0.0,0.0,0.0
Neil El Aynaoui,Morocco,23.0,2001.0,Central Midfield,185.0,2027-06-30,FR1,Racing Club de Lens,10000000.0,54,53,96,56,59,8,23,56,71,42,36,85,0,0,82,0,60,0,89,https://img.a.transfermarkt.technology/portrait/header/901019-1685539384.jpg?lm=1,24,17,1588,17.6,0.45,0.06,0.51,5,0.28,0.23,0.17,1.6,0.09,0.11,0.62,-1.0,0.91,0.4,0.31,43.8,4.25,1.64,816,46.25,84.5,4.31,0.4,0.11,0.0,0.4,3.68,39,2.21,1.7,1.64,0.0,0.06,67.78,5,0.28,32.98,1.42,1.19,1.93,0.0,0.0,5.1,35.3,23.8,24,1.36,61.5,0.23,0.0,0.0,0.0,0.0,0.0,0.0,0.0,0.0,0.0,0.0,0.0,0.0,0.0,0.0,0.0,0.0,0.0
Strahinja Pavlović,Serbia,24.0,2001.0,Centre-Back,194.0,2028-06-30,IT1,Associazione Calcio Milan,18000000.0,65,90,87,80,87,28,97,42,80,50,99,68,0,0,90,0,86,0,76,https://img.a.transfermarkt.technology/portrait/header/574671-1692998611.png?lm=1,24,21,1864,20.7,0.1,0.05,0.14,2,0.1,0.01,0.0,1.8,0.09,0.05,1.93,-0.1,0.82,0.39,0.12,47.1,4.54,0.48,1208,58.33,88.2,4.73,0.24,0.05,0.0,0.1,0.48,52,2.51,0.77,3.96,0.0,0.14,76.72,4,0.19,50.02,0.87,0.19,0.97,0.05,0.0,3.23,58.0,33.3,45,2.17,68.2,0.14,0.05,0.0,0.0,0.0,0.0,0.0,0.0,0.0,0.0,0.0,0.0,0.0,0.0,0.0,0.0,0.0,0.0
Borja Mayoral,Spain,28.0,1997.0,Centre-Forward,182.0,2027-06-30,ES1,Getafe Club de Fútbol S.A.D. Team Dubai,9000000.0,21,12,46,38,22,24,27,29,69,99,0,25,0,0,99,0,68,0,18,https://img.a.transfermarkt.technology/portrait/header/298976-1669365430.jpg?lm=1,24,7,1114,12.4,0.4,0.08,0.48,4,0.32,0.13,0.08,2.6,0.21,0.07,0.81,0.1,1.54,0.65,0.21,42.1,1.05,3.47,197,15.92,77.6,0.89,0.16,0.0,0.0,0.4,0.73,5,0.4,0.16,0.48,0.0,0.0,29.57,6,0.48,16.89,1.86,1.62,0.73,0.0,0.0,2.91,33.3,30.0,17,1.37,29.3,0.0,0.0,0.0,0.0,0.0,0.0,0.0,0.0,0.0,0.0,0.0,0.0,0.0,0.0,0.0,0.0,0.0,0.0
Mathias Jensen,Denmark,29.0,1996.0,Central Midfield,180.0,2026-06-30,GB1,Brentford Football Club,16000000.0,33,4,19,70,89,79,19,40,4,77,0,72,0,0,4,0,31,0,85,https://img.a.transfermarkt.technology/portrait/header/319859-1684771732.jpg?lm=1,24,8,862,9.6,0.0,0.21,0.21,0,0.0,-0.02,0.0,0.2,0.02,0.18,0.63,0.3,0.63,0.1,0.0,16.7,6.37,2.82,363,37.9,74.7,4.39,1.98,0.31,0.0,0.52,3.45,14,1.46,0.84,1.36,0.21,0.0,59.72,9,0.94,31.11,0.94,0.73,0.73,0.0,0.0,5.01,50.0,52.9,8,0.84,61.5,0.21,0.0,0.0,0.0,0.0,0.0,0.0,0.0,0.0,0.0,0.0,0.0,0.0,0.0,0.0,0.0,0.0,0.0
James Ward-Prowse,England,30.0,1994.0,Central Midfield,177.0,2027-06-30,GB1,West Ham United Football Club,10000000.0,45,56,43,60,87,6,27,33,100,22,0,69,0,0,69,0,83,0,82,https://img.a.transfermarkt.technology/portrait/header/181579-1684751045.jpg?lm=1,24,17,1440,16.0,0.06,0.12,0.19,1,0.06,-0.04,0.0,1.6,0.1,0.19,0.75,-1.1,0.94,0.38,0.07,40.42,4.38,0.75,822,51.38,86.7,5.75,0.44,0.12,0.0,0.62,4.25,24,1.5,0.81,1.44,0.0,0.0,65.81,2,0.12,32.38,0.38,0.56,1.06,0.0,0.0,4.44,47.33,40.0,13,0.81,59.96,0.25,0.06,0.0,0.0,0.0,0.0,0.0,0.0,0.0,0.0,0.0,0.0,0.0,0.0,0.0,0.0,0.0,0.0
Pavel Kaderabek,Czech Republic,33.0,1992.0,Right-Back,182.0,2025-06-30,L1,Turn- und Sportgemeinschaft 1899 Hoffenheim Fußball-Spielbetriebs,2500000.0,35,59,86,21,64,50,7,20,69,16,0,100,0,0,44,0,8,0,99,https://img.a.transfermarkt.technology/portrait/header/143798-1657200722.jpg?lm=1,24,18,1576,17.5,0.11,0.0,0.11,2,0.11,0.07,0.0,0.8,0.05,0.11,0.86,-2.0,0.8,0.17,0.14,21.4,2.68,4.91,609,34.78,70.1,2.57,0.91,0.69,0.0,0.06,4.23,25,1.43,1.14,3.08,0.06,0.0,58.02,5,0.29,26.04,0.34,0.17,1.2,0.0,0.0,1.43,48.4,62.5,57,3.26,56.4,0.34,0.0,0.0,0.0,0.0,0.0,0.0,0.0,0.0,0.0,0.0,0.0,0.0,0.0,0.0,0.0,0.0,0.0
Juanmi,Spain,32.0,1993.0,Left Winger,172.0,2025-06-30,ES1,Getafe Club de Fútbol S.A.D. Team Dubai,2800000.0,31,65,0,4,5,31,0,53,64,4,22,90,0,0,48,0,53,0,95,https://img.a.transfermarkt.technology/portrait/header/126737-1653043231.jpg?lm=1,24,10,940,10.4,0.0,0.0,0.0,0,0.0,-0.34,0.0,3.6,0.34,0.07,0.96,-0.7,1.82,0.67,0.0,41.99,1.15,4.4,163,15.61,78.84,0.48,0.48,0.0,0.0,0.0,0.1,21,2.01,0.29,0.67,0.0,0.1,31.5,8,0.77,17.9,3.26,1.15,2.39,0.0,0.0,3.54,43.3,45.0,12,1.15,64.3,0.38,0.0,0.0,0.0,0.0,0.0,0.0,0.0,0.0,0.0,0.0,0.0,0.0,0.0,0.0,0.0,0.0,0.0
Leon Bailey,Jamaica,27.0,1997.0,Right Winger,178.0,2027-06-30,GB1,Aston Villa Football Club,32000000.0,27,20,12,47,27,55,68,8,51,33,81,49,0,0,66,0,31,0,59,https://img.a.transfermarkt.technology/portrait/header/387626-1694712703.jpg?lm=1,24,14,1139,12.7,0.08,0.16,0.24,1,0.08,-0.06,0.0,1.7,0.13,0.12,4.58,0.5,2.21,0.47,0.04,21.4,2.77,9.56,277,21.89,71.0,1.26,1.58,0.16,0.0,0.08,2.69,7,0.55,0.24,0.95,0.0,0.24,43.06,22,1.74,27.5,2.77,1.98,0.95,0.08,0.0,4.66,27.3,38.6,6,0.47,40.0,0.24,0.0,0.0,0.0,0.0,0.0,0.0,0.0,0.0,0.0,0.0,0.0,0.0,0.0,0.0,0.0,0.0,0.0
Kialonda Gaspar,Angola,27.0,1997.0,Centre-Back,193.0,2027-06-30,IT1,Unione Sportiva Lecce,2500000.0,54,61,2,6,57,86,5,73,72,86,0,97,0,0,74,0,32,0,95,https://img.a.transfermarkt.technology/portrait/header/836441-1730185525.jpg?lm=1,24,24,2144,23.8,0.0,0.04,0.04,0,0.0,-0.05,0.0,1.1,0.05,0.02,0.17,0.6,0.67,0.0,0.0,0.0,1.43,0.21,800,33.58,86.5,1.22,0.0,0.0,0.0,0.21,0.13,34,1.43,1.34,5.58,0.04,0.0,51.59,8,0.34,23.97,0.59,0.04,0.38,0.0,0.04,2.43,70.6,80.0,90,3.78,67.2,0.13,0.0,0.0,0.0,0.0,0.0,0.0,0.0,0.0,0.0,0.0,0.0,0.0,0.0,0.0,0.0,0.0,0.0
Amos Pieper,Germany,27.0,1998.0,Centre-Back,192.0,2026-06-30,L1,Sportverein Werder Bremen von 1899,3000000.0,57,24,27,58,79,42,52,80,64,73,0,55,0,0,75,0,53,0,33,https://img.a.transfermarkt.technology/portrait/header/334221-1660208427.jpg?lm=1,23,16,1498,16.6,0.0,0.0,0.0,0,0.0,-0.02,0.0,0.4,0.02,0.04,0.66,-0.6,0.42,0.06,0.0,14.3,3.72,0.18,790,47.46,84.8,2.4,0.48,0.06,0.0,0.78,0.24,32,1.92,1.44,5.89,0.06,0.0,68.25,2,0.12,34.25,0.24,0.18,0.66,0.0,0.0,3.36,63.6,66.7,40,2.4,50.0,0.18,0.0,0.0,0.0,0.0,0.0,0.0,0.0,0.0,0.0,0.0,0.0,0.0,0.0,0.0,0.0,0.0,0.0
Marnon Busch,Germany,30.0,1994.0,Right-Back,182.0,2027-06-30,L1,1. Fußballclub Heidenheim 1846,1200000.0,42,36,25,57,44,13,39,70,1,87,0,46,0,0,0,0,18,0,41,https://img.a.transfermarkt.technology/portrait/header/117478-1657874858.jpg?lm=1,23,15,1396,15.5,0.0,0.06,0.06,0,0.0,-0.03,0.0,0.4,0.03,0.07,1.42,-0.1,0.84,0.19,0.0,23.1,4.06,2.77,614,39.58,72.7,3.8,1.1,0.64,0.0,0.84,3.35,26,1.68,0.84,4.19,0.32,0.0,66.4,3,0.19,31.91,0.84,0.06,0.52,0.0,0.06,4.0,71.9,37.5,13,0.84,46.4,0.06,0.0,0.0,0.0,0.0,0.0,0.0,0.0,0.0,0.0,0.0,0.0,0.0,0.0,0.0,0.0,0.0,0.0
Marvin Park,Spain,24.0,2000.0,Right-Back,177.0,2028-06-30,ES1,Unión Deportiva Las Palmas S.A.D.,1500000.0,28,17,10,31,58,3,68,35,53,6,0,38,0,0,40,0,17,0,26,https://img.a.transfermarkt.technology/portrait/header/603940-1718888602.jpg?lm=1,23,9,1038,11.5,0.0,0.0,0.0,0,0.0,-0.02,0.0,0.2,0.02,0.1,2.51,-1.1,0.43,0.0,0.0,0.0,2.6,6.24,370,32.08,73.7,2.08,1.21,0.87,0.0,0.0,4.51,25,2.17,1.3,2.95,0.0,0.0,57.05,2,0.17,26.79,2.25,0.69,1.73,0.0,0.09,4.6,42.3,11.1,10,0.87,37.0,0.35,0.0,0.0,0.0,0.0,0.0,0.0,0.0,0.0,0.0,0.0,0.0,0.0,0.0,0.0,0.0,0.0,0.0
Nico Schlotterbeck,Germany,25.0,1999.0,Centre-Back,191.0,2027-06-30,L1,Borussia Dortmund,40000000.0,66,73,11,99,99,95,98,53,53,8,83,71,0,0,41,0,100,0,75,https://img.a.transfermarkt.technology/portrait/header/388198-1709560457.jpg?lm=1,23,23,1982,22.0,0.0,0.18,0.18,0,0.0,-0.06,0.0,1.3,0.06,0.1,1.68,1.9,0.77,0.18,0.0,23.5,8.85,0.64,1856,84.28,89.2,10.26,0.45,0.09,0.0,0.95,0.64,38,1.73,1.0,3.59,0.05,0.05,104.3,14,0.64,66.61,0.54,0.45,0.82,0.0,0.05,7.13,60.0,63.6,52,2.36,65.8,0.32,0.09,0.0,0.0,0.0,0.0,0.0,0.0,0.0,0.0,0.0,0.0,0.0,0.0,0.0,0.0,0.0,0.0
Pablo Sarabia,Spain,33.0,1992.0,Right Winger,174.0,2025-06-30,GB1,Wolverhampton Wanderers Football Club,7000000.0,44,60,59,89,63,20,53,85,7,10,0,36,0,0,7,0,49,0,27,https://img.a.transfermarkt.technology/portrait/header/74230-1602692460.jpg?lm=1,23,7,814,9.0,0.33,0.22,0.55,3,0.33,0.01,0.0,2.9,0.32,0.2,1.66,0.2,1.88,0.88,0.18,47.1,6.63,6.86,308,34.05,69.2,4.31,2.21,0.33,0.0,0.22,5.2,16,1.77,0.44,0.77,0.11,0.0,61.03,6,0.66,35.93,2.43,1.55,1.77,0.0,0.0,3.76,62.5,40.0,5,0.55,26.3,0.33,0.0,0.0,0.0,0.0,0.0,0.0,0.0,0.0,0.0,0.0,0.0,0.0,0.0,0.0,0.0,0.0,0.0
Cristiano Biraghi,Italy,32.0,1992.0,Left-Back,185.0,2025-06-30,IT1,Torino Calcio,2000000.0,43,50,66,49,86,2,43,15,97,89,56,23,0,0,95,0,43,0,27,https://img.a.transfermarkt.technology/portrait/header/124555-1724827712.jpg?lm=1,23,18,1591,17.7,0.06,0.0,0.06,1,0.06,0.02,0.0,0.7,0.04,0.17,1.53,-3.0,0.85,0.17,0.07,30.0,2.88,3.73,772,43.67,75.63,3.45,1.24,0.79,0.0,0.45,7.75,20,1.13,0.68,3.11,0.0,0.06,66.02,1,0.06,32.07,0.79,0.11,0.74,0.0,0.0,2.77,54.6,12.5,10,0.57,41.68,0.06,0.0,0.0,0.0,0.0,0.0,0.0,0.0,0.0,0.0,0.0,0.0,0.0,0.0,0.0,0.0,0.0,0.0
Christian Eriksen,Denmark,33.0,1992.0,Central Midfield,182.0,2025-06-30,GB1,Manchester United Football Club,6000000.0,29,13,20,68,98,0,55,14,96,51,0,4,0,0,92,0,57,0,6,https://img.a.transfermarkt.technology/portrait/header/69633-1718628122.jpg?lm=1,23,11,1061,11.8,0.08,0.17,0.25,0,0.0,-0.03,0.08,0.5,0.04,0.27,1.1,-1.2,1.19,0.08,0.0,7.1,4.67,2.46,590,50.05,78.8,4.58,1.1,0.51,0.0,0.68,7.13,19,1.61,0.59,0.68,0.0,0.0,72.02,0,0.0,40.04,1.02,0.42,0.68,0.0,0.0,5.26,40.7,0.0,2,0.17,25.0,0.34,0.0,0.0,0.0,0.0,0.0,0.0,0.0,0.0,0.0,0.0,0.0,0.0,0.0,0.0,0.0,0.0,0.0
Iker Muñoz,Spain,22.0,2002.0,Defensive Midfield,180.0,2027-06-30,ES1,Club Atlético Osasuna,3000000.0,28,52,1,22,91,29,40,1,18,39,98,54,0,0,18,0,23,0,35,https://img.a.transfermarkt.technology/portrait/header/710677-1697557434.jpg?lm=1,23,4,610,6.8,0.0,0.15,0.15,0,0.0,-0.07,0.0,0.5,0.07,0.15,0.89,0.0,1.62,0.0,0.0,0.0,3.54,1.48,239,35.26,78.9,4.43,0.89,0.3,0.0,0.0,1.03,5,0.74,0.59,1.77,0.15,0.3,53.85,2,0.3,27.15,0.89,0.59,1.77,0.0,0.0,4.13,33.3,50.0,10,1.48,45.5,0.3,0.0,0.0,0.0,0.0,0.0,0.0,0.0,0.0,0.0,0.0,0.0,0.0,0.0,0.0,0.0,0.0,0.0
George Ilenikhena,Nigeria,18.0,2006.0,Centre-Forward,185.0,2029-06-30,FR1,Association sportive de Monaco Football Club,15000000.0,49,73,37,39,83,9,25,47,60,73,70,55,0,0,73,0,62,0,61,https://img.a.transfermarkt.technology/portrait/header/1004834-1702545922.jpg?lm=1,23,6,717,8.0,0.38,0.25,0.63,3,0.38,-0.26,0.0,5.1,0.64,0.18,1.0,0.6,2.64,1.13,0.14,42.9,1.26,7.28,87,10.92,71.9,0.38,0.38,0.0,0.0,0.0,0.0,4,0.5,0.25,0.0,0.0,0.25,23.72,3,0.38,15.19,1.51,2.01,1.76,0.0,0.0,1.26,50.0,17.6,14,1.76,46.7,0.0,0.0,0.0,0.0,0.0,0.0,0.0,0.0,0.0,0.0,0.0,0.0,0.0,0.0,0.0,0.0,0.0,0.0
Rémy Cabella,France,35.0,1990.0,Attacking Midfield,172.0,2025-06-30,FR1,Lille Olympique Sporting Club,3000000.0,63,82,8,98,75,80,99,98,94,32,93,24,0,0,16,0,90,0,24,https://img.a.transfermarkt.technology/portrait/header/113707-1666690101.jpg?lm=1,23,12,1011,11.2,0.09,0.18,0.27,1,0.09,-0.27,0.0,4.0,0.36,0.2,4.01,-0.3,2.67,0.62,0.03,23.3,6.85,11.57,628,55.91,82.4,3.47,2.23,0.71,0.0,0.0,5.34,39,3.47,0.71,0.45,0.0,0.36,80.12,19,1.69,48.61,1.42,0.89,1.42,0.09,0.09,5.61,57.6,50.0,3,0.27,27.3,0.09,0.0,0.0,0.0,0.0,0.0,0.0,0.0,0.0,0.0,0.0,0.0,0.0,0.0,0.0,0.0,0.0,0.0
Jakov Medic,Croatia,26.0,1998.0,Centre-Back,193.0,2025-06-30,L1,Verein für Leibesübungen Bochum 1848 Fußballgemeinschaft,2000000.0,21,58,68,10,28,41,6,10,6,79,0,30,0,0,4,0,33,0,25,https://img.a.transfermarkt.technology/portrait/header/488755-1689779607.jpg?lm=1,23,17,1603,17.8,0.06,0.0,0.06,1,0.06,0.01,0.0,0.9,0.05,0.01,0.11,-0.2,0.79,0.17,0.07,21.4,1.52,0.17,667,37.45,87.4,1.74,0.22,0.06,0.0,0.11,0.06,13,0.73,1.24,6.23,0.22,0.0,54.74,2,0.11,27.96,0.39,0.17,0.56,0.0,0.06,4.1,44.4,66.7,30,1.68,52.6,0.11,0.0,0.0,0.0,0.0,0.0,0.0,0.0,0.0,0.0,0.0,0.0,0.0,0.0,0.0,0.0,0.0,0.0
Baptiste Santamaria,France,30.0,1995.0,Defensive Midfield,183.0,2025-06-30,FR1,Olympique Gymnaste Club Nice Côte d'Azur,7000000.0,60,65,7,50,70,59,42,87,37,70,95,90,0,0,35,0,40,0,87,https://img.a.transfermarkt.technology/portrait/header/285323-1739972064.jpg?lm=1,23,16,1409,15.7,0.0,0.06,0.06,0,0.0,-0.06,0.0,1.0,0.06,0.08,0.83,-0.3,1.28,0.26,0.0,20.35,4.66,1.28,643,41.07,82.56,4.6,0.51,0.0,0.0,0.38,0.45,31,1.98,1.92,1.66,0.06,0.13,61.7,9,0.57,30.34,1.72,0.77,1.34,0.06,0.06,5.3,57.47,56.89,37,2.36,59.66,0.13,0.0,0.0,0.0,0.0,0.0,0.0,0.0,0.0,0.0,0.0,0.0,0.0,0.0,0.0,0.0,0.0,0.0
José Gayà,Spain,30.0,1995.0,Left-Back,172.0,2027-06-30,ES1,Valencia Club de Fútbol S. A. D.,15000000.0,55,64,15,65,74,23,28,92,95,12,0,25,0,0,71,0,47,0,35,https://img.a.transfermarkt.technology/portrait/header/221322-1605193468.jpg?lm=1,23,22,1803,20.0,0.0,0.05,0.05,0,0.0,-0.05,0.0,1.0,0.05,0.13,1.45,-1.6,0.6,0.2,0.0,33.3,2.95,7.79,775,38.69,77.8,2.2,1.55,1.15,0.0,0.25,4.19,57,2.85,1.25,3.04,0.0,0.0,60.0,7,0.35,27.7,0.8,0.2,1.4,0.0,0.0,4.64,69.0,35.0,10,0.5,47.6,0.35,0.0,0.0,0.0,0.0,0.0,0.0,0.0,0.0,0.0,0.0,0.0,0.0,0.0,0.0,0.0,0.0,0.0
Angelo Fulgini,France,28.0,1996.0,Attacking Midfield,182.0,2027-06-30,FR1,Racing Club de Lens,6000000.0,45,52,19,90,97,17,78,17,61,35,18,59,0,0,73,0,81,0,53,https://img.a.transfermarkt.technology/portrait/header/250013-1657707374.jpg?lm=1,23,11,1045,11.6,0.09,0.09,0.17,1,0.09,-0.12,0.0,2.4,0.21,0.33,2.5,-2.8,2.24,0.78,0.04,34.6,5.94,9.73,509,43.84,78.1,2.67,2.33,0.69,0.0,0.43,3.79,14,1.21,0.17,0.26,0.0,0.09,68.99,11,0.95,42.55,2.41,2.07,1.38,0.0,0.0,4.48,37.5,28.9,9,0.78,37.5,0.26,0.0,0.0,0.0,0.0,0.0,0.0,0.0,0.0,0.0,0.0,0.0,0.0,0.0,0.0,0.0,0.0,0.0
Youssouf Ndayishimiye,Burundi,26.0,1998.0,Centre-Back,183.0,2027-06-30,FR1,Olympique Gymnaste Club Nice Côte d'Azur,12000000.0,54,53,96,72,35,80,71,53,6,56,99,38,0,0,13,0,68,0,39,https://img.a.transfermarkt.technology/portrait/header/674612-1739970953.jpg?lm=1,23,22,1932,21.5,0.14,0.0,0.14,3,0.14,0.1,0.0,0.9,0.04,0.01,0.79,-0.2,0.51,0.19,0.27,36.4,4.01,0.42,1177,54.83,89.4,4.38,0.23,0.0,0.0,0.23,0.09,40,1.86,0.98,5.45,0.19,0.14,73.65,6,0.28,42.2,0.65,0.33,0.89,0.05,0.0,5.31,59.3,75.0,37,1.72,56.9,0.23,0.0,0.0,0.0,0.0,0.0,0.0,0.0,0.0,0.0,0.0,0.0,0.0,0.0,0.0,0.0,0.0,0.0
Jorge Sáenz,Spain,28.0,1996.0,Centre-Back,188.0,2025-06-30,ES1,Club Deportivo Leganés S.A.D.,1200000.0,46,74,65,12,21,50,18,72,95,12,83,49,0,0,71,0,14,0,35,https://img.a.transfermarkt.technology/portrait/header/340339-1544697354.jpg?lm=1,23,19,1690,18.8,0.05,0.0,0.05,1,0.05,-0.02,0.0,1.3,0.07,0.01,0.27,-0.1,0.43,0.16,0.13,37.5,1.92,0.11,752,40.05,83.7,1.86,0.05,0.0,0.0,0.37,0.0,37,1.97,1.33,8.57,0.0,0.05,62.89,4,0.21,30.83,0.32,0.05,1.6,0.0,0.05,3.09,55.0,57.1,41,2.18,51.9,0.21,0.05,0.0,0.0,0.0,0.0,0.0,0.0,0.0,0.0,0.0,0.0,0.0,0.0,0.0,0.0,0.0,0.0
Alexis Saelemaekers,Belgium,25.0,1999.0,Right Winger,180.0,2025-06-30,IT1,Associazione Sportiva Roma,17000000.0,48,29,89,83,47,47,78,87,31,37,87,82,0,0,28,0,85,0,96,https://img.a.transfermarkt.technology/portrait/header/381950-1609842664.jpg?lm=1,23,18,1479,16.4,0.43,0.18,0.61,7,0.43,0.28,0.0,2.4,0.15,0.16,2.8,0.3,1.52,0.73,0.28,48.0,3.47,8.95,696,42.35,81.79,2.43,1.4,0.43,0.0,0.3,3.83,34,2.07,0.61,0.49,0.06,0.24,62.37,22,1.34,38.95,2.37,0.79,0.79,0.12,0.0,4.81,52.83,42.3,8,0.49,72.7,0.24,0.0,0.0,0.0,0.0,0.0,0.0,0.0,0.0,0.0,0.0,0.0,0.0,0.0,0.0,0.0,0.0,0.0
Umar Sadiq,Nigeria,28.0,1997.0,Centre-Forward,191.0,2025-06-30,ES1,Valencia Club de Fútbol S. A. D.,5000000.0,32,27,57,29,22,89,53,78,23,9,22,76,0,0,38,0,32,0,78,https://img.a.transfermarkt.technology/portrait/header/337715-1728040426.jpg?lm=1,23,11,1052,11.7,0.43,0.0,0.43,5,0.43,0.12,0.0,3.6,0.31,0.08,1.2,-0.9,2.14,0.6,0.2,35.0,1.03,5.73,150,12.83,68.93,0.51,0.0,0.0,0.0,0.26,0.17,12,1.03,0.17,0.77,0.0,0.09,33.02,16,1.37,19.16,4.71,2.57,3.17,0.0,0.0,1.63,63.92,47.62,32,2.74,52.04,0.43,0.0,0.0,0.0,0.0,0.0,0.0,0.0,0.0,0.0,0.0,0.0,0.0,0.0,0.0,0.0,0.0,0.0
Milan Badelj,Croatia,36.0,1989.0,Defensive Midfield,186.0,2025-06-30,IT1,Genoa Cricket and Football Club,800000.0,41,56,68,47,61,51,24,19,81,88,80,39,0,0,96,0,33,0,57,https://img.a.transfermarkt.technology/portrait/header/40633-1692277462.jpg?lm=1,23,21,1472,16.4,0.06,0.0,0.06,1,0.06,0.0,0.0,1.0,0.06,0.07,0.49,-1.1,0.86,0.12,0.07,14.3,5.07,0.86,681,41.64,81.5,4.46,0.61,0.0,0.0,0.43,0.31,29,1.77,1.22,2.63,0.0,0.12,62.0,9,0.55,30.51,1.16,0.67,1.1,0.0,0.0,4.52,42.9,45.0,10,0.61,62.5,0.12,0.0,0.0,0.0,0.0,0.0,0.0,0.0,0.0,0.0,0.0,0.0,0.0,0.0,0.0,0.0,0.0,0.0
Dani Ceballos,Spain,28.0,1996.0,Central Midfield,179.0,2027-06-30,ES1,Real Madrid Club de Fútbol,10000000.0,46,7,24,99,66,47,100,81,15,52,40,46,0,0,11,0,100,0,86,https://img.a.transfermarkt.technology/portrait/header/319745-1723666162.jpg?lm=1,23,15,1215,13.5,0.0,0.0,0.0,0,0.0,-0.03,0.0,0.4,0.03,0.12,3.11,-1.6,0.52,0.15,0.0,28.6,11.11,1.26,1284,95.11,94.3,11.56,0.74,0.0,0.0,0.52,1.04,41,3.04,1.04,0.74,0.15,0.07,109.11,8,0.59,74.0,0.81,0.52,0.96,0.0,0.0,6.44,50.0,53.3,2,0.15,66.7,0.3,0.0,0.0,0.0,0.0,0.0,0.0,0.0,0.0,0.0,0.0,0.0,0.0,0.0,0.0,0.0,0.0,0.0
Robert Navarro,Spain,23.0,2002.0,Attacking Midfield,178.0,2025-06-30,ES1,Real Club Deportivo Mallorca S.A.D.,6000000.0,33,27,15,34,38,97,74,94,45,47,41,34,0,0,80,0,30,0,38,https://img.a.transfermarkt.technology/portrait/header/563137-1567246327.jpg?lm=1,23,15,1278,14.2,0.07,0.0,0.07,1,0.07,-0.07,0.0,2.0,0.14,0.13,3.17,-1.9,1.27,0.42,0.06,33.3,3.59,5.99,357,25.14,75.5,1.9,0.99,0.21,0.0,0.0,2.04,29,2.04,1.34,0.85,0.0,0.14,48.1,35,2.46,29.93,3.31,2.39,0.99,0.0,0.0,6.62,47.4,52.2,5,0.35,35.7,0.21,0.0,0.0,0.0,0.0,0.0,0.0,0.0,0.0,0.0,0.0,0.0,0.0,0.0,0.0,0.0,0.0,0.0
Marko Ivezic,Serbia,23.0,2001.0,Centre-Back,191.0,2027-06-30,L1,Kieler Sportvereinigung Holstein von 1900,2500000.0,26,34,8,27,22,52,15,21,20,28,83,38,0,0,36,0,27,0,32,https://img.a.transfermarkt.technology/portrait/header/706024-1688646673.jpg?lm=1,23,18,1657,18.4,0.0,0.0,0.0,0,0.0,-0.03,0.0,0.6,0.03,0.01,0.16,-0.2,0.38,0.0,0.0,0.0,2.17,0.49,803,43.61,86.0,1.79,0.11,0.0,0.0,0.11,0.05,29,1.58,1.47,5.59,0.11,0.05,63.87,4,0.22,32.37,0.92,0.38,1.47,0.0,0.0,3.86,35.7,57.1,34,1.85,53.1,0.27,0.0,0.0,0.0,0.0,0.0,0.0,0.0,0.0,0.0,0.0,0.0,0.0,0.0,0.0,0.0,0.0,0.0
Sergio Camello,Spain,24.0,2001.0,Centre-Forward,182.0,2027-06-30,ES1,Rayo Vallecano de Madrid S.A.D.,3500000.0,38,38,31,68,73,80,60,90,39,69,19,16,0,0,82,0,86,0,15,https://img.a.transfermarkt.technology/portrait/header/505674-1617806102.jpg?lm=1,23,14,1134,12.6,0.24,0.16,0.4,3,0.24,-0.09,0.0,4.1,0.33,0.16,1.59,0.0,2.54,0.71,0.09,28.1,2.14,5.4,207,16.43,78.7,0.95,0.56,0.0,0.0,0.16,0.48,9,0.71,0.32,1.27,0.0,0.08,31.59,13,1.03,17.62,3.02,1.83,0.87,0.0,0.0,2.54,66.7,56.5,11,0.87,29.7,0.16,0.0,0.0,0.0,0.0,0.0,0.0,0.0,0.0,0.0,0.0,0.0,0.0,0.0,0.0,0.0,0.0,0.0
Jordan James,Wales,20.0,2004.0,Central Midfield,182.0,2028-06-30,FR1,Stade Rennais Football Club,8000000.0,44,33,9,57,81,48,47,72,36,26,44,64,0,0,30,0,70,0,78,https://img.a.transfermarkt.technology/portrait/header/667517-1675157129.png?lm=1,23,14,1178,13.1,0.0,0.08,0.08,0,0.0,-0.07,0.0,0.9,0.07,0.15,1.6,-0.9,1.3,0.23,0.0,17.6,5.12,1.15,483,36.9,84.1,4.2,0.92,0.15,0.0,0.69,2.6,30,2.29,1.07,1.3,0.08,0.08,53.79,9,0.69,25.67,0.99,0.84,1.99,0.0,0.0,4.13,53.3,42.9,10,0.76,58.8,0.31,0.0,0.0,0.0,0.0,0.0,0.0,0.0,0.0,0.0,0.0,0.0,0.0,0.0,0.0,0.0,0.0,0.0
Manu Morlanes,Spain,26.0,1999.0,Central Midfield,178.0,2028-06-30,ES1,Real Club Deportivo Mallorca S.A.D.,2500000.0,37,13,12,76,5,10,40,98,98,23,0,31,0,0,81,0,79,0,30,https://img.a.transfermarkt.technology/portrait/header/335225-1552044533.jpg?lm=1,23,15,1338,14.9,0.0,0.0,0.0,0,0.0,-0.04,0.0,0.6,0.04,0.02,1.08,-0.3,0.74,0.07,0.0,9.1,5.92,2.62,630,42.38,88.9,5.65,0.67,0.2,0.0,0.34,0.54,43,2.89,1.61,1.08,0.0,0.0,56.84,3,0.2,30.87,0.54,0.67,1.01,0.0,0.0,5.31,60.0,37.5,10,0.67,38.5,0.47,0.0,0.0,0.0,0.0,0.0,0.0,0.0,0.0,0.0,0.0,0.0,0.0,0.0,0.0,0.0,0.0,0.0
Aitor Paredes,Spain,25.0,2000.0,Centre-Back,185.0,2029-06-30,ES1,Athletic Club Bilbao,22000000.0,20,94,97,16,6,0,12,12,10,22,0,20,0,0,5,0,12,0,17,https://img.a.transfermarkt.technology/portrait/header/591916-1709675052.png?lm=1,23,21,1812,20.1,0.15,0.0,0.15,3,0.15,0.03,0.0,2.3,0.11,0.0,0.2,-0.1,0.3,0.15,0.5,50.0,2.28,0.1,789,39.19,83.3,2.09,0.1,0.0,0.0,0.3,0.05,15,0.75,1.09,5.66,0.2,0.0,57.32,0,0.0,29.6,0.35,0.05,1.14,0.0,0.05,3.08,53.3,0.0,30,1.49,50.8,0.2,0.05,0.0,0.0,0.0,0.0,0.0,0.0,0.0,0.0,0.0,0.0,0.0,0.0,0.0,0.0,0.0,0.0
Juan Cuadrado,Colombia,37.0,1988.0,Right Midfield,176.0,2025-06-30,IT1,Atalanta Bergamasca Calcio S.p.a.,1000000.0,54,50,0,100,93,96,100,50,57,14,93,93,0,0,68,0,100,0,96,https://img.a.transfermarkt.technology/portrait/header/91970-1663576912.jpg?lm=1,23,7,832,9.2,0.0,0.22,0.22,0,0.0,-0.1,0.0,0.9,0.1,0.22,4.44,0.0,1.73,0.43,0.0,25.0,6.92,9.74,476,51.49,79.2,3.68,2.6,0.22,0.0,1.08,6.06,19,2.06,0.76,0.97,0.0,0.22,78.1,17,1.84,49.98,1.51,1.08,0.97,0.11,0.0,3.35,47.8,42.5,12,1.3,75.0,0.32,0.0,0.0,0.0,0.0,0.0,0.0,0.0,0.0,0.0,0.0,0.0,0.0,0.0,0.0,0.0,0.0,0.0
Patson Daka,Zambia,26.0,1998.0,Centre-Forward,183.0,2026-06-30,GB1,Leicester City Football Club,12000000.0,11,4,12,23,0,4,50,79,64,68,0,19,0,0,67,0,34,0,11,https://img.a.transfermarkt.technology/portrait/header/365172-1638810490.jpg?lm=1,23,6,736,8.2,0.12,0.0,0.12,1,0.12,-0.04,0.0,1.3,0.16,0.01,1.35,-0.1,1.83,0.49,0.07,26.7,0.98,4.4,106,12.96,72.1,0.73,0.12,0.0,0.0,0.0,0.37,19,2.32,0.12,1.47,0.0,0.0,30.82,2,0.24,17.24,2.45,1.47,1.96,0.0,0.0,2.2,38.9,13.3,10,1.22,26.3,0.0,0.0,0.0,0.0,0.0,0.0,0.0,0.0,0.0,0.0,0.0,0.0,0.0,0.0,0.0,0.0,0.0,0.0
Nuno Tavares,Portugal,25.0,2000.0,Left-Back,183.0,2025-06-30,IT1,Società Sportiva Lazio S.p.A.,25000000.0,52,73,2,92,98,100,99,17,4,20,78,33,0,0,9,0,88,0,43,https://img.a.transfermarkt.technology/portrait/header/535955-1730127360.jpg?lm=1,23,22,1686,18.7,0.0,0.43,0.43,0,0.0,-0.06,0.0,1.1,0.06,0.25,5.23,3.3,1.49,0.27,0.0,17.9,5.93,5.34,820,43.77,78.7,3.68,2.35,1.23,0.0,0.32,6.73,28,1.49,1.12,2.35,0.11,0.11,69.45,49,2.62,39.23,2.4,1.76,0.96,0.0,0.05,5.55,41.2,47.1,11,0.59,50.0,0.21,0.05,0.0,0.0,0.0,0.0,0.0,0.0,0.0,0.0,0.0,0.0,0.0,0.0,0.0,0.0,0.0,0.0
Keinan Davis,England,27.0,1998.0,Centre-Forward,189.0,2027-06-30,IT1,Udinese Calcio,4000000.0,27,22,18,65,78,91,75,46,36,37,0,78,0,0,53,0,77,0,75,https://img.a.transfermarkt.technology/portrait/header/412660-1707127382.jpg?lm=1,23,10,1066,11.8,0.17,0.08,0.25,2,0.17,-0.08,0.0,2.9,0.24,0.18,2.2,-1.1,2.45,0.93,0.07,37.9,1.86,6.5,208,17.56,75.6,1.1,0.68,0.0,0.0,0.17,0.25,9,0.76,0.08,0.42,0.0,0.0,34.11,17,1.44,19.5,2.79,2.11,2.03,0.0,0.0,2.87,50.0,48.6,37,3.12,48.1,0.17,0.0,0.0,0.0,0.0,0.0,0.0,0.0,0.0,0.0,0.0,0.0,0.0,0.0,0.0,0.0,0.0,0.0
Bobby De Cordova-Reid,Jamaica,32.0,1993.0,Right Winger,170.0,2027-06-30,GB1,Leicester City Football Club,4000000.0,17,4,21,7,39,0,6,6,93,29,87,53,0,0,62,0,27,0,40,https://img.a.transfermarkt.technology/portrait/header/186186-1657802404.jpg?lm=1,23,9,744,8.3,0.12,0.24,0.36,1,0.12,0.02,0.0,0.8,0.1,0.15,1.69,0.8,0.85,0.36,0.14,42.9,1.81,5.81,145,17.54,70.4,1.09,0.6,0.0,0.0,0.0,1.81,9,1.09,0.0,1.21,0.0,0.24,32.9,0,0.0,21.05,1.33,1.21,1.09,0.12,0.0,3.51,28.6,0.0,6,0.73,30.0,0.24,0.0,0.0,0.0,0.0,0.0,0.0,0.0,0.0,0.0,0.0,0.0,0.0,0.0,0.0,0.0,0.0,0.0
Orri Óskarsson,Iceland,20.0,2004.0,Centre-Forward,186.0,2030-06-30,ES1,Real Sociedad de Fútbol S.A.D.,18000000.0,37,62,33,2,2,6,4,23,89,88,25,66,0,0,93,0,1,0,44,https://img.a.transfermarkt.technology/portrait/header/660438-1692090952.jpg?lm=1,23,9,944,10.5,0.29,0.0,0.29,3,0.29,-0.21,0.0,5.2,0.5,0.02,0.57,-0.2,1.81,0.67,0.16,36.8,0.86,4.77,104,9.92,52.8,0.38,0.29,0.1,0.0,0.0,0.67,6,0.57,0.19,1.05,0.0,0.1,27.17,2,0.19,11.63,1.62,1.05,0.67,0.0,0.0,1.43,25.0,25.0,31,2.96,36.0,0.1,0.0,0.0,0.0,0.0,0.0,0.0,0.0,0.0,0.0,0.0,0.0,0.0,0.0,0.0,0.0,0.0,0.0
Benjamin Pavard,France,29.0,1996.0,Centre-Back,186.0,2028-06-30,IT1,Football Club Internazionale Milano S.p.A.,30000000.0,56,31,19,94,88,0,77,45,95,52,85,57,0,0,93,0,96,0,45,https://img.a.transfermarkt.technology/portrait/header/353366-1713819215.jpg?lm=1,23,18,1584,17.6,0.0,0.06,0.06,0,0.0,-0.03,0.0,0.5,0.03,0.05,0.74,0.2,0.45,0.06,0.0,12.5,5.23,1.48,1050,59.66,91.3,4.77,0.45,0.11,0.0,0.23,0.62,29,1.65,0.91,2.95,0.0,0.06,73.35,0,0.0,48.58,0.28,0.06,1.02,0.0,0.0,2.61,72.0,0.0,40,2.27,55.6,0.23,0.0,0.0,0.0,0.0,0.0,0.0,0.0,0.0,0.0,0.0,0.0,0.0,0.0,0.0,0.0,0.0,0.0
Myles Lewis-Skelly,England,18.0,2006.0,Left-Back,178.0,,GB1,Arsenal Football Club,28000000.0,53,12,72,75,12,66,80,78,83,6,99,43,0,0,32,0,94,0,51,https://img.a.transfermarkt.technology/portrait/header/890721-1682599516.jpg?lm=1,23,15,1369,15.2,0.07,0.0,0.07,1,0.07,0.05,0.0,0.2,0.01,0.03,2.43,-0.4,0.2,0.07,0.33,33.3,4.67,2.43,708,46.54,91.2,4.34,0.66,0.13,0.0,0.13,0.66,22,1.45,0.46,1.78,0.0,0.39,59.5,12,0.79,34.58,0.85,0.59,0.72,0.0,0.07,3.48,90.9,42.9,11,0.72,52.4,0.2,0.13,0.0,0.0,0.0,0.0,0.0,0.0,0.0,0.0,0.0,0.0,0.0,0.0,0.0,0.0,0.0,0.0
Nicola Zalewski,Poland,23.0,2002.0,Left Midfield,175.0,2025-06-30,IT1,Football Club Internazionale Milano S.p.A.,10000000.0,45,21,50,86,96,64,96,32,0,7,89,46,0,0,0,0,71,0,43,https://img.a.transfermarkt.technology/portrait/header/550108-1725530902.jpg?lm=1,23,8,968,10.7,0.09,0.09,0.19,1,0.09,0.05,0.0,0.5,0.05,0.23,5.58,-1.5,0.93,0.28,0.1,60.0,3.25,9.39,399,37.1,78.59,1.95,2.32,1.21,0.0,0.37,4.83,15,1.39,0.56,1.21,0.28,0.28,57.46,11,1.02,37.1,1.67,1.02,0.84,0.0,0.0,4.09,46.38,39.09,7,0.65,38.93,0.37,0.0,0.0,0.0,0.0,0.0,0.0,0.0,0.0,0.0,0.0,0.0,0.0,0.0,0.0,0.0,0.0,0.0
Ben Johnson,England,25.0,2000.0,Right-Back,184.0,2028-06-30,GB1,Ipswich Town Football Club,9000000.0,34,71,68,1,53,34,4,33,20,1,84,73,0,0,21,0,7,0,63,https://img.a.transfermarkt.technology/portrait/header/468002-1694618190.jpg?lm=1,23,14,1354,15.0,0.07,0.13,0.2,1,0.07,-0.01,0.0,1.1,0.07,0.09,1.06,0.7,0.47,0.2,0.14,42.9,1.79,2.19,298,19.81,71.6,1.46,0.2,0.13,0.0,0.27,2.46,38,2.53,0.86,3.59,0.07,0.13,41.61,8,0.53,17.22,1.53,1.13,1.79,0.0,0.0,3.79,48.8,33.3,19,1.26,51.4,0.33,0.07,0.0,0.0,0.0,0.0,0.0,0.0,0.0,0.0,0.0,0.0,0.0,0.0,0.0,0.0,0.0,0.0
Walid Cheddira,Morocco,27.0,1998.0,Centre-Forward,187.0,2025-06-30,ES1,Reial Club Deportiu Espanyol de Barcelona S.A.D.,3000000.0,15,2,14,35,75,18,31,7,53,6,100,48,0,0,35,0,61,0,40,https://img.a.transfermarkt.technology/portrait/header/521407-1686124424.jpg?lm=1,23,5,652,7.2,0.14,0.14,0.28,1,0.14,0.0,0.0,1.0,0.14,0.17,1.1,-0.2,1.79,0.55,0.08,30.8,1.79,4.83,75,10.35,70.79,0.55,0.14,0.0,0.0,0.0,0.28,5,0.69,0.14,0.83,0.0,0.55,28.44,4,0.55,15.05,3.45,1.24,4.14,0.14,0.0,2.62,0.0,20.0,15,2.07,37.5,0.41,0.0,0.0,0.0,0.0,0.0,0.0,0.0,0.0,0.0,0.0,0.0,0.0,0.0,0.0,0.0,0.0,0.0
Clément Lenglet,France,29.0,1995.0,Centre-Back,186.0,2025-06-30,ES1,Club Atlético de Madrid S.A.D.,7500000.0,52,95,86,61,86,81,76,50,69,6,0,26,0,0,32,0,78,0,17,https://img.a.transfermarkt.technology/portrait/header/182904-1599988301.jpg?lm=1,23,23,1972,21.9,0.09,0.05,0.14,2,0.09,-0.02,0.0,2.4,0.11,0.05,0.73,-0.1,0.46,0.18,0.2,40.0,3.61,0.05,1193,54.45,87.5,3.38,0.0,0.0,0.0,0.59,0.18,27,1.23,1.0,4.75,0.05,0.0,72.25,3,0.14,48.61,0.37,0.14,1.32,0.0,0.09,3.38,73.3,100.0,37,1.69,49.3,0.41,0.0,0.0,0.0,0.0,0.0,0.0,0.0,0.0,0.0,0.0,0.0,0.0,0.0,0.0,0.0,0.0,0.0
Nicolò Zaniolo,Italy,25.0,1999.0,Attacking Midfield,190.0,2025-06-30,IT1,Associazione Calcio Fiorentina,16000000.0,31,35,49,24,25,59,36,0,25,0,100,64,0,0,25,0,35,0,52,https://img.a.transfermarkt.technology/portrait/header/392085-1713472570.jpg?lm=1,23,4,699,7.8,0.26,0.26,0.52,2,0.26,0.05,0.0,1.5,0.19,0.09,1.93,1.3,2.58,1.03,0.1,40.4,2.32,6.82,137,17.64,78.37,1.16,0.77,0.0,0.0,0.13,1.03,3,0.39,0.13,0.26,0.0,0.64,36.57,12,1.55,28.07,4.64,3.09,2.58,0.0,0.0,2.83,0.0,36.4,7,0.9,36.09,0.77,0.13,0.0,0.0,0.0,0.0,0.0,0.0,0.0,0.0,0.0,0.0,0.0,0.0,0.0,0.0,0.0,0.0
Eren Dinkçi,Türkiye,23.0,2001.0,Right Winger,188.0,,L1,Sport-Club Freiburg,12000000.0,20,4,5,31,51,39,9,38,87,80,64,34,0,0,90,0,57,0,33,https://img.a.transfermarkt.technology/portrait/header/645774-1690186275.jpg?lm=1,23,13,1196,13.3,0.0,0.23,0.23,0,0.0,-0.08,0.0,1.1,0.08,0.17,2.48,0.8,1.05,0.23,0.0,21.4,2.63,5.34,297,22.35,75.4,1.81,0.83,0.23,0.0,0.08,1.13,21,1.58,0.53,0.53,0.0,0.15,41.54,16,1.2,20.24,2.33,0.9,0.68,0.08,0.0,4.14,30.4,41.0,6,0.45,30.0,0.08,0.0,0.0,0.0,0.0,0.0,0.0,0.0,0.0,0.0,0.0,0.0,0.0,0.0,0.0,0.0,0.0,0.0
Sinaly Diomandé,Cote d'Ivoire,24.0,2001.0,Centre-Back,184.0,2027-06-30,FR1,Association de la Jeunesse auxerroise,5000000.0,52,63,96,45,76,78,27,82,39,29,0,19,0,0,30,0,40,0,29,https://img.a.transfermarkt.technology/portrait/header/702441-1672831343.jpg?lm=1,23,22,1945,21.6,0.14,0.09,0.23,3,0.14,0.09,0.0,1.1,0.05,0.03,0.37,1.4,0.42,0.19,0.33,44.4,3.33,0.37,813,37.62,84.6,2.41,0.05,0.0,0.0,0.65,0.05,39,1.8,1.39,4.63,0.09,0.0,56.59,8,0.37,32.3,0.56,0.28,1.11,0.0,0.05,3.98,70.0,57.1,28,1.3,56.0,0.28,0.0,0.0,0.0,0.0,0.0,0.0,0.0,0.0,0.0,0.0,0.0,0.0,0.0,0.0,0.0,0.0,0.0
Niklas Dorsch,Germany,27.0,1998.0,Defensive Midfield,178.0,2028-06-30,L1,1. Fußballclub Heidenheim 1846,3500000.0,46,63,86,56,69,44,49,52,20,22,64,16,0,0,20,0,37,0,17,https://img.a.transfermarkt.technology/portrait/header/251302-1722850585.jpg?lm=1,23,19,1367,15.2,0.13,0.13,0.26,2,0.13,0.07,0.0,1.0,0.07,0.07,0.92,0.9,0.59,0.2,0.22,33.3,3.82,1.38,595,39.17,83.44,3.09,1.05,0.53,0.0,1.19,2.5,27,1.78,1.12,1.12,0.13,0.07,54.45,7,0.46,31.21,1.05,0.86,0.99,0.0,0.0,5.0,59.1,50.0,7,0.46,43.8,0.33,0.07,0.0,0.0,0.0,0.0,0.0,0.0,0.0,0.0,0.0,0.0,0.0,0.0,0.0,0.0,0.0,0.0
Raúl Asencio,Spain,22.0,2003.0,Centre-Back,184.0,2026-06-30,ES1,Real Madrid Club de Fútbol,30000000.0,41,8,43,31,73,79,33,51,34,78,0,46,0,0,45,0,86,0,66,https://img.a.transfermarkt.technology/portrait/header/935245-1731168094.jpg?lm=1,23,18,1670,18.6,0.0,0.05,0.05,0,0.0,-0.01,0.0,0.1,0.01,0.03,0.27,0.4,0.16,0.05,0.0,33.3,1.46,0.22,927,49.96,93.8,2.53,0.16,0.0,0.0,0.43,0.0,22,1.19,0.86,4.74,0.11,0.0,61.92,6,0.32,38.8,0.27,0.32,0.65,0.0,0.0,4.04,76.9,66.7,30,1.62,66.7,0.16,0.0,0.0,0.0,0.0,0.0,0.0,0.0,0.0,0.0,0.0,0.0,0.0,0.0,0.0,0.0,0.0,0.0
Francesco Acerbi,Italy,37.0,1988.0,Centre-Back,192.0,2026-06-30,IT1,Football Club Internazionale Milano S.p.A.,3000000.0,65,23,32,83,74,57,84,55,92,98,0,91,0,0,99,0,89,0,89,https://img.a.transfermarkt.technology/portrait/header/131075-1663572709.jpg?lm=1,23,20,1710,19.0,0.0,0.05,0.05,0,0.0,-0.02,0.0,0.4,0.02,0.03,1.0,0.4,0.26,0.05,0.0,20.0,3.26,1.16,1200,63.16,92.5,3.11,0.42,0.26,0.0,0.11,0.53,23,1.21,1.37,4.26,0.0,0.0,78.11,3,0.16,48.16,0.37,0.11,0.58,0.0,0.0,3.26,64.7,75.0,61,3.21,67.0,0.0,0.0,0.0,0.0,0.0,0.0,0.0,0.0,0.0,0.0,0.0,0.0,0.0,0.0,0.0,0.0,0.0,0.0
Alberto Dossena,Italy,26.0,1998.0,Centre-Back,195.0,2028-06-30,IT1,Calcio Como,7000000.0,41,49,25,16,76,56,21,33,68,45,0,88,0,0,32,0,48,0,92,https://img.a.transfermarkt.technology/portrait/header/385394-1686510717.jpg?lm=1,23,20,1825,20.3,0.0,0.1,0.1,0,0.0,-0.04,0.0,0.8,0.04,0.03,0.2,1.3,0.59,0.15,0.0,25.0,1.78,0.05,894,44.09,87.6,1.63,0.05,0.0,0.0,0.15,0.05,33,1.63,1.08,4.39,0.05,0.0,60.16,4,0.2,34.18,0.39,0.15,1.08,0.0,0.1,3.35,57.1,66.7,59,2.91,71.1,0.05,0.05,0.0,0.0,0.0,0.0,0.0,0.0,0.0,0.0,0.0,0.0,0.0,0.0,0.0,0.0,0.0,0.0
Jordan Zemura,Zimbabwe,25.0,1999.0,Left-Back,173.0,2027-06-30,IT1,Udinese Calcio,5000000.0,44,69,64,23,38,90,28,51,55,64,56,8,0,0,84,0,25,0,7,https://img.a.transfermarkt.technology/portrait/header/633530-1730184134.jpg?lm=1,23,13,1415,15.7,0.06,0.13,0.19,1,0.06,0.0,0.0,1.0,0.06,0.06,1.59,1.0,0.89,0.19,0.07,21.4,2.67,4.83,475,30.21,76.5,1.53,0.95,0.57,0.0,0.0,2.48,31,1.97,1.02,2.61,0.0,0.06,51.84,20,1.27,25.63,1.53,1.08,1.4,0.0,0.0,3.82,58.6,41.7,6,0.38,30.0,0.13,0.0,0.0,0.0,0.0,0.0,0.0,0.0,0.0,0.0,0.0,0.0,0.0,0.0,0.0,0.0,0.0,0.0
Abel Ruiz,Spain,25.0,2000.0,Centre-Forward,182.0,2029-06-30,ES1,Girona Fútbol Club S. A. D.,6000000.0,20,13,30,60,5,28,40,45,80,74,17,13,0,0,89,0,93,0,18,https://img.a.transfermarkt.technology/portrait/header/340376-1694617385.jpg?lm=1,23,17,1346,15.0,0.27,0.0,0.27,3,0.2,-0.04,0.07,3.0,0.2,0.03,1.4,-0.5,1.4,0.47,0.14,33.3,1.54,4.75,239,15.98,87.9,0.94,0.33,0.0,0.0,0.07,0.27,6,0.4,0.33,0.47,0.0,0.07,26.14,7,0.47,15.04,2.14,1.2,0.47,0.0,0.0,1.4,40.0,35.0,9,0.6,32.1,0.2,0.0,0.0,0.0,0.0,0.0,0.0,0.0,0.0,0.0,0.0,0.0,0.0,0.0,0.0,0.0,0.0,0.0
Gerrit Holtmann,Philippines,30.0,1995.0,Left Winger,185.0,2025-06-30,L1,Verein für Leibesübungen Bochum 1848 Fußballgemeinschaft,700000.0,32,28,28,34,71,5,57,98,87,19,0,77,0,0,54,0,18,0,73,https://img.a.transfermarkt.technology/portrait/header/190289-1721851662.jpg?lm=1,23,12,1136,12.6,0.16,0.08,0.24,2,0.16,0.0,0.0,2.0,0.16,0.23,3.96,-1.9,2.46,0.63,0.06,25.8,2.61,7.68,270,21.39,65.7,1.27,1.98,1.27,0.0,0.16,7.21,24,1.9,1.27,1.19,0.0,0.0,45.24,6,0.48,26.62,2.61,0.79,2.06,0.0,0.0,3.88,50.0,30.0,12,0.95,42.9,0.16,0.0,0.0,0.0,0.0,0.0,0.0,0.0,0.0,0.0,0.0,0.0,0.0,0.0,0.0,0.0,0.0,0.0
Castello Lukeba,France,22.0,2002.0,Centre-Back,184.0,2029-06-30,L1,RasenBallsport Leipzig,50000000.0,57,23,35,88,39,100,83,65,61,86,0,41,0,0,96,0,42,0,62,https://img.a.transfermarkt.technology/portrait/header/618472-1713897532.jpg?lm=1,23,18,1577,17.5,0.0,0.0,0.0,0,0.0,-0.02,0.0,0.4,0.02,0.01,1.03,-0.2,0.23,0.06,0.0,25.0,4.57,1.31,1054,60.15,85.1,5.14,0.4,0.06,0.0,0.51,0.63,31,1.77,0.97,4.22,0.0,0.0,82.47,20,1.14,46.0,1.14,0.63,0.68,0.0,0.0,4.22,70.8,62.5,26,1.48,66.7,0.11,0.0,0.0,0.0,0.0,0.0,0.0,0.0,0.0,0.0,0.0,0.0,0.0,0.0,0.0,0.0,0.0,0.0
Luca Kerber,Germany,23.0,2002.0,Central Midfield,184.0,2027-06-30,L1,1. Fußballclub Heidenheim 1846,1300000.0,33,26,84,0,38,2,0,67,26,9,55,59,0,0,15,0,7,0,37,https://img.a.transfermarkt.technology/portrait/header/809498-1721852758.jpg?lm=1,23,7,783,8.7,0.23,0.0,0.23,2,0.23,0.16,0.0,0.6,0.07,0.08,0.11,-0.7,0.8,0.57,0.29,71.4,1.84,1.38,182,20.92,73.7,1.15,0.57,0.11,0.0,0.11,0.34,26,2.99,0.57,2.87,0.11,0.11,41.84,1,0.11,20.11,1.38,0.46,2.53,0.0,0.0,3.1,51.6,20.0,11,1.26,39.3,0.46,0.0,0.0,0.0,0.0,0.0,0.0,0.0,0.0,0.0,0.0,0.0,0.0,0.0,0.0,0.0,0.0,0.0
Alexander Prass,Austria,24.0,2001.0,Left-Back,180.0,2028-06-30,L1,Turn- und Sportgemeinschaft 1899 Hoffenheim Fußball-Spielbetriebs,6500000.0,41,60,3,43,83,88,56,12,3,86,77,45,0,0,4,0,31,0,38,https://img.a.transfermarkt.technology/portrait/header/434116-1723921044.jpg?lm=1,23,19,1566,17.4,0.0,0.06,0.06,0,0.0,-0.05,0.0,0.9,0.05,0.16,1.61,-1.8,0.69,0.06,0.0,8.3,3.62,3.79,704,40.46,72.7,2.47,1.55,0.63,0.0,0.11,3.1,42,2.41,0.52,3.05,0.23,0.06,68.91,20,1.15,34.77,1.21,0.57,0.98,0.06,0.0,5.29,40.7,47.6,15,0.86,44.1,0.06,0.0,0.0,0.0,0.0,0.0,0.0,0.0,0.0,0.0,0.0,0.0,0.0,0.0,0.0,0.0,0.0,0.0
Samuel Mbangula,Belgium,21.0,2004.0,Left Winger,179.0,2028-06-30,IT1,Juventus Football Club,14000000.0,30,3,66,50,60,25,53,73,90,63,75,14,0,0,84,0,90,0,14,https://img.a.transfermarkt.technology/portrait/header/654991-1672604946.jpg?lm=1,23,7,709,7.9,0.38,0.38,0.76,3,0.38,0.3,0.0,0.6,0.08,0.18,3.17,1.6,1.14,0.63,0.33,55.6,2.16,5.59,230,29.2,85.5,1.9,1.27,0.51,0.0,0.0,2.16,15,1.9,0.38,0.51,0.0,0.13,44.3,9,1.14,29.07,1.65,1.27,0.76,0.13,0.0,4.19,53.8,33.3,2,0.25,22.2,0.13,0.0,0.0,0.0,0.0,0.0,0.0,0.0,0.0,0.0,0.0,0.0,0.0,0.0,0.0,0.0,0.0,0.0
Ernest Nuamah,Ghana,21.0,2003.0,Right Winger,178.0,2028-06-30,FR1,Olympique Lyonnais,15000000.0,41,41,52,73,28,82,75,80,9,13,19,86,0,0,3,0,75,0,84,https://img.a.transfermarkt.technology/portrait/header/955070-1702991257.jpg?lm=1,23,13,1052,11.7,0.26,0.09,0.34,3,0.26,0.07,0.0,2.2,0.19,0.13,3.76,-0.5,2.4,1.11,0.11,46.4,2.82,11.21,358,30.63,79.9,0.94,1.45,0.34,0.0,0.09,2.57,21,1.8,0.68,0.68,0.09,0.09,51.07,22,1.88,33.19,2.65,1.88,1.54,0.0,0.09,5.13,44.4,51.2,13,1.11,48.1,0.17,0.0,0.0,0.0,0.0,0.0,0.0,0.0,0.0,0.0,0.0,0.0,0.0,0.0,0.0,0.0,0.0,0.0
Sergio Carreira,Spain,24.0,2000.0,Right-Back,170.0,2025-06-30,ES1,Real Club Celta de Vigo S. A. D.,3000000.0,45,44,25,57,89,68,66,24,77,87,0,1,0,0,93,0,46,0,1,https://img.a.transfermarkt.technology/portrait/header/545647-1637743729.jpg?lm=1,23,19,1656,18.4,0.0,0.22,0.22,0,0.0,-0.03,0.0,0.6,0.03,0.17,2.12,0.9,0.71,0.16,0.0,23.1,2.88,7.61,681,37.01,76.1,1.9,1.3,0.43,0.0,0.22,2.23,28,1.52,0.92,2.01,0.0,0.0,57.45,14,0.76,31.03,0.87,0.76,1.03,0.0,0.0,3.59,53.8,46.7,3,0.16,17.6,0.05,0.0,0.0,0.0,0.0,0.0,0.0,0.0,0.0,0.0,0.0,0.0,0.0,0.0,0.0,0.0,0.0,0.0
Raphaël Guerreiro,Portugal,31.0,1993.0,Left-Back,170.0,2026-06-30,L1,FC Bayern München,10000000.0,68,97,98,94,90,56,91,49,38,84,0,16,0,0,54,0,98,0,18,https://img.a.transfermarkt.technology/portrait/header/170986-1711745629.jpg?lm=1,23,19,1572,17.5,0.23,0.23,0.46,4,0.23,0.06,0.0,2.9,0.17,0.17,2.23,1.1,1.2,0.63,0.19,52.4,4.87,7.21,1206,69.05,88.7,4.41,1.43,0.11,0.0,0.11,1.55,19,1.09,0.57,1.09,0.06,0.0,85.13,10,0.57,46.95,0.92,0.86,0.52,0.0,0.0,5.38,75.0,50.0,8,0.46,38.1,0.11,0.0,0.0,0.0,0.0,0.0,0.0,0.0,0.0,0.0,0.0,0.0,0.0,0.0,0.0,0.0,0.0,0.0
Robert Andrich,Germany,30.0,1994.0,Defensive Midfield,187.0,2028-06-30,L1,Bayer 04 Leverkusen Fußball,15000000.0,47,75,85,49,21,9,21,50,99,21,58,65,0,0,56,0,57,0,76,https://img.a.transfermarkt.technology/portrait/header/159088-1689710866.jpg?lm=1,23,19,1598,17.8,0.11,0.11,0.23,2,0.11,0.04,0.0,1.3,0.07,0.02,0.45,1.7,1.18,0.28,0.1,23.8,3.66,0.96,865,48.72,88.4,3.66,0.45,0.0,0.0,0.39,0.68,24,1.35,1.63,1.3,0.0,0.06,62.74,2,0.11,29.62,0.39,0.06,1.63,0.0,0.06,4.11,50.0,40.0,21,1.18,63.6,0.39,0.0,0.0,0.0,0.0,0.0,0.0,0.0,0.0,0.0,0.0,0.0,0.0,0.0,0.0,0.0,0.0,0.0
Sead Kolasinac,Bosnia-Herzegovina,31.0,1993.0,Centre-Back,183.0,2025-06-30,IT1,Atalanta Bergamasca Calcio S.p.a.,10000000.0,56,48,19,98,98,17,98,49,39,13,83,34,0,0,66,0,97,0,37,https://img.a.transfermarkt.technology/portrait/header/94005-1666815100.jpg?lm=1,23,23,1903,21.1,0.0,0.09,0.09,0,0.0,-0.04,0.0,0.8,0.04,0.09,2.46,0.2,0.47,0.09,0.0,20.0,6.72,2.22,1115,52.73,87.5,4.97,0.57,0.09,0.0,0.05,0.47,41,1.94,1.18,2.51,0.05,0.05,68.95,3,0.14,41.52,0.8,0.76,1.8,0.0,0.0,6.38,53.3,20.0,34,1.61,56.7,0.33,0.0,0.0,0.0,0.0,0.0,0.0,0.0,0.0,0.0,0.0,0.0,0.0,0.0,0.0,0.0,0.0,0.0
Woo-yeong Jeong,"Korea, South",25.0,1999.0,Attacking Midfield,179.0,2025-06-30,L1,1. Fußballclub Union Berlin,4000000.0,43,50,50,50,41,48,45,25,89,62,13,66,0,0,83,0,32,0,48,https://img.a.transfermarkt.technology/portrait/header/297583-1723707463.jpg?lm=1,23,17,1263,14.0,0.21,0.14,0.36,3,0.21,0.01,0.0,2.8,0.2,0.12,2.28,0.3,1.78,0.43,0.12,24.0,4.49,6.63,381,27.15,75.3,2.14,1.43,0.36,0.0,0.0,2.57,10,0.71,0.78,0.78,0.0,0.07,44.25,12,0.86,27.51,1.64,1.14,1.14,0.0,0.0,4.85,27.3,57.1,14,1.0,34.1,0.14,0.0,0.0,0.0,0.0,0.0,0.0,0.0,0.0,0.0,0.0,0.0,0.0,0.0,0.0,0.0,0.0,0.0
Pablo Marín,Spain,21.0,2003.0,Attacking Midfield,178.0,2028-06-30,ES1,Real Sociedad de Fútbol S.A.D.,3000000.0,24,17,18,28,17,77,22,69,70,19,45,79,0,0,26,0,45,0,76,https://img.a.transfermarkt.technology/portrait/header/907813-1683212131.jpg?lm=1,23,14,1239,13.8,0.07,0.15,0.22,1,0.07,-0.03,0.0,1.4,0.1,0.07,1.45,1.0,1.53,0.51,0.05,33.3,3.27,3.41,374,27.17,80.1,2.76,0.65,0.15,0.0,0.0,0.87,25,1.82,0.36,1.02,0.0,0.15,46.56,20,1.45,25.35,2.91,1.23,1.38,0.0,0.07,4.5,52.6,57.1,18,1.31,40.9,0.22,0.0,0.0,0.0,0.0,0.0,0.0,0.0,0.0,0.0,0.0,0.0,0.0,0.0,0.0,0.0,0.0,0.0
Marc Casadó,Spain,21.0,2003.0,Defensive Midfield,172.0,2028-06-30,ES1,Futbol Club Barcelona,30000000.0,50,58,64,88,77,18,56,47,54,32,78,5,0,0,46,0,86,0,6,https://img.a.transfermarkt.technology/portrait/header/636695-1729771427.jpg?lm=1,23,20,1611,17.9,0.06,0.17,0.22,1,0.06,-0.01,0.0,1.1,0.06,0.08,0.67,1.6,0.78,0.06,0.07,7.1,5.98,1.34,1221,68.21,89.3,7.71,0.34,0.0,0.0,0.39,0.5,44,2.46,1.23,1.23,0.06,0.11,85.81,4,0.22,48.6,0.95,0.5,1.45,0.0,0.0,5.03,48.8,44.4,8,0.45,25.8,0.22,0.06,0.0,0.0,0.0,0.0,0.0,0.0,0.0,0.0,0.0,0.0,0.0,0.0,0.0,0.0,0.0,0.0
Nelson Weiper,Germany,20.0,2005.0,Centre-Forward,192.0,2025-06-30,L1,1. Fußball- und Sportverein Mainz 05,6000000.0,47,64,38,54,93,85,63,65,0,20,0,84,0,0,3,0,51,0,75,https://img.a.transfermarkt.technology/portrait/header/796213-1692000176.jpg?lm=1,23,7,704,7.8,0.38,0.26,0.64,3,0.38,-0.14,0.0,4.1,0.52,0.24,1.53,0.1,2.81,1.53,0.14,54.5,1.66,7.93,116,14.83,67.1,1.53,0.64,0.0,0.0,0.0,0.77,5,0.64,0.26,0.64,0.13,0.0,39.76,10,1.28,19.05,6.9,1.41,2.43,0.0,0.0,2.56,50.0,47.6,34,4.35,43.6,0.26,0.0,0.0,0.0,0.0,0.0,0.0,0.0,0.0,0.0,0.0,0.0,0.0,0.0,0.0,0.0,0.0,0.0
Fiete Arp,Germany,25.0,2000.0,Centre-Forward,186.0,2026-06-30,L1,Kieler Sportvereinigung Holstein von 1900,800000.0,27,22,12,78,58,96,71,81,2,0,99,1,0,0,0,0,13,0,1,https://img.a.transfermarkt.technology/portrait/header/343337-1657792916.jpg?lm=1,23,3,713,7.9,0.25,0.0,0.25,1,0.13,-0.23,0.13,2.2,0.28,0.13,1.77,-1.0,2.52,1.14,0.05,45.0,2.65,8.33,102,12.88,58.6,0.88,1.51,0.38,0.0,0.63,3.03,13,1.64,0.38,1.01,0.13,0.63,38.25,14,1.77,19.94,4.29,2.02,2.52,0.0,0.0,2.65,30.8,43.8,2,0.25,13.3,1.01,0.13,0.0,0.0,0.0,0.0,0.0,0.0,0.0,0.0,0.0,0.0,0.0,0.0,0.0,0.0,0.0,0.0
Kai Havertz,Germany,25.0,1999.0,Centre-Forward,193.0,2028-06-30,GB1,Arsenal Football Club,70000000.0,67,82,74,82,58,15,70,42,18,32,0,74,0,0,16,0,87,0,69,https://img.a.transfermarkt.technology/portrait/header/309400-1683903902.jpg?lm=1,23,21,1874,20.8,0.43,0.14,0.58,9,0.43,-0.02,0.0,9.5,0.46,0.12,1.68,0.6,2.55,1.01,0.17,39.6,2.93,5.43,407,19.55,78.4,1.3,0.43,0.05,0.0,0.0,0.53,16,0.77,0.29,1.58,0.05,0.0,37.7,9,0.43,20.07,2.11,1.1,1.82,0.0,0.0,1.97,26.7,23.7,63,3.03,44.7,0.24,0.0,0.0,0.0,0.0,0.0,0.0,0.0,0.0,0.0,0.0,0.0,0.0,0.0,0.0,0.0,0.0,0.0
Guido Rodríguez,Argentina,31.0,1994.0,Defensive Midfield,185.0,2027-06-30,GB1,West Ham United Football Club,12000000.0,24,13,22,10,20,21,6,49,54,26,0,46,0,0,41,0,24,0,60,https://img.a.transfermarkt.technology/portrait/header/342385-1668181269.jpg?lm=1,23,16,1149,12.8,0.0,0.08,0.08,0,0.0,-0.02,0.0,0.2,0.02,0.02,0.23,0.8,0.63,0.08,0.0,12.5,2.58,0.55,478,37.44,84.3,2.9,0.08,0.0,0.0,0.39,0.39,36,2.82,1.02,2.74,0.08,0.0,55.38,3,0.23,25.54,0.31,0.55,1.41,0.0,0.0,4.15,51.5,50.0,11,0.86,61.1,0.47,0.0,0.0,0.0,0.0,0.0,0.0,0.0,0.0,0.0,0.0,0.0,0.0,0.0,0.0,0.0,0.0,0.0
Cédric Zesiger,Switzerland,26.0,1998.0,Centre-Back,194.0,2025-06-30,L1,Fußball-Club Augsburg 1907,5500000.0,36,75,8,28,96,73,17,40,63,2,0,28,0,0,34,0,23,0,32,https://img.a.transfermarkt.technology/portrait/header/382478-1689866125.jpg?lm=1,22,20,1743,19.4,0.0,0.1,0.1,0,0.0,-0.07,0.0,1.3,0.07,0.07,0.36,0.7,0.62,0.15,0.0,30.0,3.05,0.46,644,33.25,78.92,3.1,0.41,0.26,0.0,0.36,0.83,26,1.34,1.24,6.4,0.05,0.0,55.46,4,0.21,27.52,0.46,0.21,1.5,0.0,0.05,3.77,55.75,81.25,30,1.55,55.14,0.57,0.05,0.0,0.0,0.0,0.0,0.0,0.0,0.0,0.0,0.0,0.0,0.0,0.0,0.0,0.0,0.0,0.0
Youssef Maleh,Morocco,26.0,1998.0,Central Midfield,179.0,2025-06-30,IT1,Empoli Football Club S.r.l.,4000000.0,29,25,14,14,22,9,3,72,85,10,59,17,0,0,63,0,6,0,16,https://img.a.transfermarkt.technology/portrait/header/324377-1663592087.jpg?lm=1,22,17,1510,16.8,0.0,0.06,0.06,0,0.0,-0.05,0.0,0.9,0.05,0.05,0.6,0.1,1.01,0.18,0.0,17.6,4.29,2.21,398,23.72,71.1,3.7,0.66,0.12,0.0,0.06,0.95,45,2.68,0.95,1.49,0.0,0.12,44.34,4,0.24,17.82,1.49,0.6,1.91,0.0,0.0,5.72,50.0,30.8,9,0.54,33.3,0.3,0.06,0.0,0.0,0.0,0.0,0.0,0.0,0.0,0.0,0.0,0.0,0.0,0.0,0.0,0.0,0.0,0.0
Tino Anjorin,England,23.0,2001.0,Attacking Midfield,186.0,2027-06-03,IT1,Empoli Football Club S.r.l.,6000000.0,28,7,39,41,51,50,42,92,88,10,49,57,0,0,18,0,65,0,57,https://img.a.transfermarkt.technology/portrait/header/433181-1724330041.jpg?lm=1,22,14,1114,12.4,0.16,0.24,0.4,2,0.16,0.09,0.0,0.9,0.07,0.14,2.34,1.3,1.86,0.57,0.09,30.4,4.44,2.83,354,28.6,80.6,3.64,1.05,0.08,0.0,0.32,1.37,29,2.34,1.05,1.62,0.0,0.16,50.57,16,1.29,26.1,2.02,0.89,1.94,0.0,0.08,5.17,50.0,39.0,9,0.73,39.1,0.24,0.0,0.0,0.0,0.0,0.0,0.0,0.0,0.0,0.0,0.0,0.0,0.0,0.0,0.0,0.0,0.0,0.0
Aïmen Moueffek,Morocco,24.0,2001.0,Central Midfield,179.0,2028-06-30,FR1,Association sportive de Saint-Étienne Loire,2500000.0,28,41,2,30,55,74,54,23,13,61,0,30,0,0,29,0,55,0,21,https://img.a.transfermarkt.technology/portrait/header/484992-1727722286.jpg?lm=1,22,13,1039,11.5,0.0,0.09,0.09,0,0.0,-0.1,0.0,1.1,0.1,0.1,1.73,-0.1,0.87,0.17,0.0,20.0,3.72,2.69,336,29.1,84.8,3.38,0.69,0.09,0.0,0.0,0.35,20,1.73,0.43,2.25,0.09,0.0,47.99,11,0.95,26.16,2.95,1.13,1.73,0.0,0.0,5.11,43.5,45.8,9,0.78,34.6,0.17,0.0,0.0,0.0,0.0,0.0,0.0,0.0,0.0,0.0,0.0,0.0,0.0,0.0,0.0,0.0,0.0,0.0
Luca Pellegrini,Italy,26.0,1999.0,Left-Back,178.0,2025-06-30,IT1,Società Sportiva Lazio S.p.A.,2500000.0,55,62,8,91,88,71,64,66,66,6,89,41,0,0,67,0,65,0,51,https://img.a.transfermarkt.technology/portrait/header/346567-1663065246.jpg?lm=1,22,10,1067,11.9,0.0,0.34,0.34,0,0.0,-0.06,0.0,0.7,0.06,0.15,1.77,2.2,1.1,0.34,0.0,30.8,6.07,5.15,541,45.63,75.5,5.31,1.77,1.01,0.0,0.34,7.51,23,1.94,1.6,2.7,0.0,0.08,71.7,11,0.93,35.43,1.43,0.76,1.52,0.08,0.0,3.46,53.1,39.3,8,0.67,53.3,0.42,0.0,0.0,0.0,0.0,0.0,0.0,0.0,0.0,0.0,0.0,0.0,0.0,0.0,0.0,0.0,0.0,0.0
Harry Winks,England,29.0,1996.0,Defensive Midfield,178.0,2026-06-30,GB1,Leicester City Football Club,10000000.0,39,11,41,72,67,7,71,6,90,84,58,26,0,0,98,0,72,0,43,https://img.a.transfermarkt.technology/portrait/header/249126-1663679564.jpg?lm=1,22,17,1538,17.1,0.0,0.12,0.12,0,0.0,-0.01,0.0,0.2,0.01,0.07,1.11,0.8,0.59,0.23,0.0,40.0,5.91,0.64,910,53.25,87.1,6.44,0.41,0.29,0.0,0.12,1.99,24,1.4,0.53,1.17,0.0,0.06,67.76,3,0.18,40.73,0.76,0.47,0.53,0.0,0.0,6.2,43.3,25.0,8,0.47,57.1,0.23,0.0,0.0,0.0,0.0,0.0,0.0,0.0,0.0,0.0,0.0,0.0,0.0,0.0,0.0,0.0,0.0,0.0
Abdoulaye Ndiaye,Senegal,23.0,2002.0,Centre-Back,195.0,2025-06-30,FR1,Stade brestois 29,3000000.0,44,59,64,22,8,16,19,70,11,16,96,64,0,0,4,0,24,0,49,https://img.a.transfermarkt.technology/portrait/header/673514-1684140965.jpg?lm=1,22,19,1707,19.0,0.05,0.0,0.05,1,0.05,0.0,0.0,1.0,0.05,0.0,0.26,0.0,0.58,0.11,0.09,18.2,2.06,0.21,804,42.39,86.4,1.9,0.11,0.0,0.0,0.42,0.11,49,2.58,0.58,7.59,0.16,0.11,63.43,2,0.11,31.53,0.79,0.26,1.05,0.0,0.11,3.8,67.6,25.0,46,2.43,56.8,0.21,0.05,0.0,0.0,0.0,0.0,0.0,0.0,0.0,0.0,0.0,0.0,0.0,0.0,0.0,0.0,0.0,0.0
Ivan Ordets,Ukraine,32.0,1992.0,Centre-Back,195.0,2026-06-30,L1,Verein für Leibesübungen Bochum 1848 Fußballgemeinschaft,1800000.0,57,38,8,8,63,65,3,93,23,37,95,99,0,0,21,0,10,0,99,https://img.a.transfermarkt.technology/portrait/header/118850-1721851592.jpg?lm=1,22,21,1861,20.7,0.0,0.0,0.0,0,0.0,-0.03,0.0,0.7,0.03,0.03,0.1,-0.7,0.53,0.0,0.0,0.0,2.32,0.19,708,34.24,80.0,1.5,0.0,0.0,0.0,0.1,0.0,18,0.87,1.98,6.72,0.15,0.1,55.91,1,0.05,24.66,0.29,0.0,1.06,0.0,0.0,3.72,76.9,100.0,95,4.59,67.9,0.29,0.0,0.0,0.0,0.0,0.0,0.0,0.0,0.0,0.0,0.0,0.0,0.0,0.0,0.0,0.0,0.0,0.0
Kristjan Asllani,Albania,23.0,2002.0,Defensive Midfield,175.0,2028-06-30,IT1,Football Club Internazionale Milano S.p.A.,15000000.0,42,68,37,92,93,1,78,5,52,54,71,22,0,0,44,0,95,0,39,https://img.a.transfermarkt.technology/portrait/header/543771-1716969431.jpg?lm=1,22,10,988,11.0,0.18,0.18,0.36,0,0.0,-0.05,0.18,0.9,0.08,0.17,0.64,0.1,1.28,0.27,0.0,21.4,5.01,1.82,868,79.07,89.2,6.74,1.64,0.73,0.0,0.73,3.92,14,1.28,0.82,1.18,0.09,0.09,96.65,1,0.09,63.77,0.46,0.18,0.82,0.0,0.0,4.46,36.4,16.7,4,0.36,57.1,0.36,0.0,0.0,0.0,0.0,0.0,0.0,0.0,0.0,0.0,0.0,0.0,0.0,0.0,0.0,0.0,0.0,0.0
Oier Zarraga,Spain,26.0,1999.0,Central Midfield,175.0,2027-06-30,IT1,Udinese Calcio,2000000.0,19,9,52,17,15,11,4,10,98,97,0,23,0,0,99,0,30,0,19,https://img.a.transfermarkt.technology/portrait/header/524010-1692963352.jpg?lm=1,22,9,896,10.0,0.1,0.0,0.1,1,0.1,0.06,0.0,0.4,0.04,0.04,0.7,-0.4,0.6,0.1,0.17,16.7,2.81,2.31,238,23.91,82.4,2.71,0.8,0.5,0.0,0.1,2.01,19,1.91,0.2,0.8,0.0,0.0,36.06,2,0.2,18.68,0.9,0.4,1.21,0.0,0.0,2.51,45.5,40.0,6,0.6,35.3,0.0,0.0,0.0,0.0,0.0,0.0,0.0,0.0,0.0,0.0,0.0,0.0,0.0,0.0,0.0,0.0,0.0,0.0
Conor Coady,England,32.0,1993.0,Centre-Back,185.0,2026-06-30,GB1,Leicester City Football Club,3000000.0,17,24,72,23,23,22,31,1,40,64,0,1,0,0,17,0,63,0,2,https://img.a.transfermarkt.technology/portrait/header/128901-1668090438.jpg?lm=1,22,19,1714,19.0,0.05,0.0,0.05,1,0.05,0.03,0.0,0.4,0.02,0.01,0.16,-0.1,0.11,0.11,0.5,100.0,1.68,0.0,974,51.14,91.2,1.79,0.11,0.0,0.0,0.16,0.0,13,0.68,0.68,3.73,0.11,0.0,63.27,1,0.05,41.22,0.21,0.16,0.42,0.0,0.11,3.2,50.0,50.0,13,0.68,37.1,0.16,0.0,0.0,0.0,0.0,0.0,0.0,0.0,0.0,0.0,0.0,0.0,0.0,0.0,0.0,0.0,0.0,0.0
Domingos Duarte,Portugal,30.0,1995.0,Centre-Back,192.0,2026-06-30,ES1,Getafe Club de Fútbol S.A.D. Team Dubai,800000.0,32,10,70,3,4,0,2,72,74,8,0,28,0,0,24,0,2,0,44,https://img.a.transfermarkt.technology/portrait/header/257376-1583309064.jpg?lm=1,22,21,1859,20.7,0.05,0.0,0.05,1,0.05,0.04,0.0,0.2,0.01,0.0,0.15,-0.1,0.15,0.05,0.33,33.3,2.28,0.15,497,24.06,78.5,2.03,0.0,0.0,0.0,0.29,0.0,28,1.36,0.87,7.36,0.05,0.0,42.51,0,0.0,18.06,0.1,0.1,1.16,0.0,0.1,3.05,81.0,0.0,28,1.36,60.9,0.19,0.1,0.0,0.0,0.0,0.0,0.0,0.0,0.0,0.0,0.0,0.0,0.0,0.0,0.0,0.0,0.0,0.0
Ngal'ayel Mukau,DR Congo,20.0,2004.0,Defensive Midfield,186.0,2028-06-30,FR1,Lille Olympique Sporting Club,15000000.0,50,53,7,82,52,67,78,61,76,45,0,44,0,0,88,0,73,0,37,https://img.a.transfermarkt.technology/portrait/header/1016015-1741120243.jpg?lm=1,22,14,1190,13.2,0.0,0.08,0.08,0,0.0,-0.06,0.0,0.8,0.06,0.05,1.44,0.3,0.83,0.15,0.0,18.2,4.31,3.25,575,43.49,89.1,3.93,0.61,0.08,0.0,0.15,0.38,33,2.5,1.13,1.66,0.0,0.0,58.84,9,0.68,32.22,1.36,0.61,1.44,0.0,0.0,4.76,58.6,52.9,14,1.06,50.0,0.3,0.0,0.0,0.0,0.0,0.0,0.0,0.0,0.0,0.0,0.0,0.0,0.0,0.0,0.0,0.0,0.0,0.0
Aritz Elustondo,Spain,31.0,1994.0,Centre-Back,180.0,2026-06-30,ES1,Real Sociedad de Fútbol S.A.D.,4000000.0,31,21,14,47,31,31,78,13,75,30,0,36,0,0,86,0,32,0,32,https://img.a.transfermarkt.technology/portrait/header/229804-1664970965.jpg?lm=1,22,16,1457,16.2,0.0,0.0,0.0,0,0.0,-0.02,0.0,0.4,0.02,0.01,1.05,-0.2,0.25,0.0,0.0,0.0,3.15,0.25,775,47.87,85.4,3.58,0.12,0.0,0.0,0.31,0.25,20,1.24,0.68,5.93,0.0,0.0,67.45,3,0.19,38.54,0.86,0.37,1.54,0.0,0.0,3.27,57.9,37.5,29,1.79,53.7,0.12,0.06,0.0,0.0,0.0,0.0,0.0,0.0,0.0,0.0,0.0,0.0,0.0,0.0,0.0,0.0,0.0,0.0
Massadio Haidara,Mali,32.0,1992.0,Left-Back,179.0,2025-06-30,FR1,Stade brestois 29,1800000.0,39,22,23,61,11,78,59,27,79,14,100,85,0,0,59,0,42,0,89,https://img.a.transfermarkt.technology/portrait/header/170929-1599767241.jpg?lm=1,22,20,1678,18.6,0.0,0.0,0.0,0,0.0,-0.02,0.0,0.3,0.02,0.03,2.36,-0.5,0.54,0.05,0.0,10.0,4.13,4.08,693,37.17,78.6,2.84,0.59,0.21,0.0,0.16,2.63,27,1.45,1.39,3.92,0.0,0.38,59.32,15,0.8,26.07,1.39,0.38,1.07,0.05,0.0,2.9,44.8,53.6,25,1.34,67.6,0.16,0.11,0.0,0.0,0.0,0.0,0.0,0.0,0.0,0.0,0.0,0.0,0.0,0.0,0.0,0.0,0.0,0.0
Elia Caprile,Italy,23.0,2001.0,Goalkeeper,191.0,2025-06-30,IT1,Cagliari Calcio,8000000.0,68,0,0,26,31,0,40,51,63,69,0,56,92,69,78,78,78,77,72,https://img.a.transfermarkt.technology/portrait/header/421873-1704902651.jpg?lm=1,22,21,1945,21.6,0.0,0.0,0.0,0,0.0,0.0,0.0,0.0,0.0,0.0,0.0,0.0,0.0,0.0,0.0,0.0,0.0,0.0,563,26.05,70.37,0.37,0.0,0.0,15.28,0.0,0.0,1,0.05,0.0,0.51,0.05,0.0,39.84,0,0.0,20.92,0.05,0.0,0.0,0.0,0.0,0.88,0.0,0.0,5,0.23,100.0,0.0,0.0,1.06,3.42,2.36,1.19,2.7,0.12,0.0,0.0,4.72,0.97,70.85,39.83,35.95,41.02,7.21,1.2
Axel Tuanzebe,DR Congo,27.0,1997.0,Right-Back,185.0,2025-06-30,GB1,Ipswich Town Football Club,5000000.0,31,9,17,20,8,16,2,66,75,17,50,71,0,0,44,0,60,0,68,https://img.a.transfermarkt.technology/portrait/header/342046-1641553669.jpg?lm=1,22,20,1710,19.0,0.0,0.05,0.05,0,0.0,-0.01,0.0,0.2,0.01,0.02,0.53,0.7,0.21,0.0,0.0,0.0,3.21,0.79,681,35.84,83.9,3.32,0.32,0.05,0.0,0.05,0.53,31,1.63,1.21,2.95,0.05,0.05,50.95,4,0.21,21.05,0.58,0.05,0.89,0.0,0.0,2.58,65.4,40.0,22,1.16,55.0,0.26,0.05,0.0,0.0,0.0,0.0,0.0,0.0,0.0,0.0,0.0,0.0,0.0,0.0,0.0,0.0,0.0,0.0
Álvaro Rodríguez,Uruguay,20.0,2004.0,Centre-Forward,193.0,2025-06-30,ES1,Getafe Club de Fútbol S.A.D. Team Dubai,2500000.0,15,5,23,8,7,95,33,84,28,5,29,100,0,0,35,0,0,0,100,https://img.a.transfermarkt.technology/portrait/header/948275-1660124773.jpg?lm=1,22,7,852,9.5,0.21,0.0,0.21,2,0.21,0.08,0.0,1.2,0.13,0.03,0.63,-0.3,2.64,1.06,0.08,40.0,1.37,5.28,110,11.62,46.0,1.58,0.21,0.11,0.0,0.11,0.53,10,1.06,0.32,1.27,0.0,0.11,43.84,16,1.69,19.65,3.91,2.11,3.17,0.0,0.0,3.27,50.0,48.5,104,10.99,55.3,0.63,0.0,0.0,0.0,0.0,0.0,0.0,0.0,0.0,0.0,0.0,0.0,0.0,0.0,0.0,0.0,0.0,0.0
Gerard Gumbau,Spain,30.0,1994.0,Defensive Midfield,188.0,2025-06-30,ES1,Rayo Vallecano de Madrid S.A.D.,2000000.0,31,84,1,54,88,19,7,7,96,15,0,71,0,0,80,0,13,0,36,https://img.a.transfermarkt.technology/portrait/header/268670-1499871303.jpg?lm=1,22,7,849,9.4,0.0,0.11,0.11,0,0.0,-0.12,0.0,1.1,0.12,0.14,0.21,-0.3,1.38,0.53,0.0,38.5,4.35,2.23,317,33.6,75.5,3.92,0.32,0.11,0.0,0.53,4.03,17,1.8,0.53,1.38,0.0,0.0,53.75,2,0.21,29.26,0.85,0.21,2.23,0.0,0.0,2.86,46.7,50.0,17,1.8,43.6,0.42,0.0,0.0,0.0,0.0,0.0,0.0,0.0,0.0,0.0,0.0,0.0,0.0,0.0,0.0,0.0,0.0,0.0
Manuel Neuer,Germany,39.0,1986.0,Goalkeeper,193.0,2026-06-30,L1,FC Bayern München,4000000.0,51,0,0,100,97,84,93,95,76,69,0,44,89,47,78,10,93,98,17,https://img.a.transfermarkt.technology/portrait/header/17259-1702419450.jpg?lm=1,22,22,1980,22.0,0.0,0.0,0.0,0,0.0,0.0,0.0,0.0,0.0,0.02,0.0,-0.5,0.0,0.0,0.0,0.0,0.45,0.0,795,36.14,86.0,1.0,0.0,0.0,19.6,0.05,0.0,1,0.05,0.0,0.41,0.05,0.0,43.45,1,0.05,29.0,0.0,0.0,0.0,0.0,0.0,2.45,100.0,100.0,4,0.18,100.0,0.0,0.0,0.68,2.05,1.36,0.68,0.0,0.0,0.05,0.0,3.68,0.27,68.9,59.1,27.7,20.0,3.7,1.82
Nikola Moro,Croatia,27.0,1998.0,Defensive Midfield,184.0,2027-06-30,IT1,Bologna Football Club 1909,5000000.0,54,36,11,86,63,56,74,73,93,84,0,52,0,0,93,0,31,0,46,https://img.a.transfermarkt.technology/portrait/header/316934-1692964241.jpg?lm=1,22,15,1208,13.4,0.0,0.15,0.15,0,0.0,-0.04,0.0,0.5,0.04,0.06,1.27,1.2,1.04,0.15,0.0,14.3,6.93,1.56,646,48.13,80.2,7.3,0.75,0.15,0.0,0.67,2.46,35,2.61,0.97,1.34,0.0,0.0,68.77,7,0.52,36.21,0.82,0.3,1.64,0.0,0.0,5.44,66.7,58.3,17,1.27,51.5,0.07,0.0,0.0,0.0,0.0,0.0,0.0,0.0,0.0,0.0,0.0,0.0,0.0,0.0,0.0,0.0,0.0,0.0
Alessandro Buongiorno,Italy,25.0,1999.0,Centre-Back,190.0,2029-06-30,IT1,Società Sportiva Calcio Napoli,45000000.0,69,49,68,70,65,13,86,93,35,86,0,61,0,0,60,0,85,0,72,https://img.a.transfermarkt.technology/portrait/header/386446-1663596475.jpg?lm=1,22,22,1924,21.4,0.05,0.0,0.05,1,0.05,0.01,0.0,0.8,0.04,0.03,1.26,-0.6,0.37,0.19,0.13,50.0,3.84,0.37,1161,54.31,90.8,3.13,0.14,0.0,0.0,0.09,0.05,39,1.82,1.64,3.41,0.09,0.0,69.65,1,0.05,42.19,0.61,0.37,0.8,0.0,0.0,3.93,75.0,14.3,43,2.01,67.2,0.09,0.0,0.0,0.0,0.0,0.0,0.0,0.0,0.0,0.0,0.0,0.0,0.0,0.0,0.0,0.0,0.0,0.0
Kenny Tete,Netherlands,29.0,1995.0,Right-Back,180.0,2025-06-30,GB1,Fulham Football Club,15000000.0,56,78,0,35,29,43,49,89,85,21,73,71,0,0,72,0,51,0,64,https://img.a.transfermarkt.technology/portrait/header/206746-1599577236.jpg?lm=1,22,21,1774,19.7,0.0,0.1,0.1,0,0.0,-0.07,0.0,1.4,0.07,0.05,1.72,1.1,1.22,0.1,0.0,8.3,3.2,2.74,773,39.22,80.8,3.3,0.66,0.3,0.0,0.1,1.93,56,2.84,1.62,3.4,0.0,0.1,61.18,9,0.46,31.05,0.86,0.51,1.78,0.0,0.0,3.75,60.5,45.0,24,1.22,52.2,0.25,0.0,0.0,0.0,0.0,0.0,0.0,0.0,0.0,0.0,0.0,0.0,0.0,0.0,0.0,0.0,0.0,0.0
Tom Louchet,France,22.0,2003.0,Right Midfield,178.0,2027-06-30,FR1,Olympique Gymnaste Club Nice Côte d'Azur,3000000.0,52,46,57,71,46,7,46,100,75,71,0,96,0,0,89,0,79,0,100,https://img.a.transfermarkt.technology/portrait/header/750904-1739971797.jpg?lm=1,22,7,775,8.6,0.12,0.0,0.12,1,0.12,0.02,0.0,0.8,0.09,0.14,2.21,-1.2,1.39,0.46,0.08,33.3,4.18,4.3,371,43.08,81.7,3.25,1.05,0.23,0.0,0.0,4.06,27,3.14,2.09,2.32,0.0,0.0,67.24,4,0.46,28.57,1.39,0.81,0.93,0.0,0.0,4.18,73.9,30.8,11,1.28,78.6,0.12,0.0,0.0,0.0,0.0,0.0,0.0,0.0,0.0,0.0,0.0,0.0,0.0,0.0,0.0,0.0,0.0,0.0
Leandro Paredes,Argentina,30.0,1994.0,Defensive Midfield,180.0,2026-06-30,IT1,Associazione Sportiva Roma,5000000.0,54,56,73,93,79,53,87,41,36,53,0,58,0,0,10,0,88,0,95,https://img.a.transfermarkt.technology/portrait/header/166237-1692881087.jpg?lm=1,22,15,1373,15.3,0.2,0.07,0.26,1,0.07,0.05,0.13,0.7,0.05,0.1,1.11,-0.5,1.57,0.46,0.04,29.2,6.88,0.92,1105,72.43,88.0,7.14,0.98,0.2,0.0,0.72,3.74,26,1.7,1.25,2.23,0.13,0.0,90.52,3,0.2,54.01,0.39,0.07,0.98,0.0,0.07,5.44,50.0,100.0,9,0.59,81.8,0.26,0.0,0.0,0.0,0.0,0.0,0.0,0.0,0.0,0.0,0.0,0.0,0.0,0.0,0.0,0.0,0.0,0.0
Iker Losada,Spain,23.0,2001.0,Second Striker,175.0,2025-06-30,ES1,Real Club Celta de Vigo S. A. D.,1800000.0,25,5,14,92,32,33,86,95,86,60,0,18,0,0,82,0,82,0,23,https://img.a.transfermarkt.technology/portrait/header/632741-1569337955.jpg?lm=1,22,7,694,7.7,0.13,0.0,0.13,1,0.13,-0.08,0.0,1.6,0.21,0.08,2.33,-0.6,1.04,0.39,0.12,51.13,4.02,5.06,203,26.33,75.21,2.33,1.43,0.39,0.0,0.39,1.17,13,1.69,0.52,1.3,0.0,0.0,44.35,4,0.52,24.38,1.95,1.04,0.52,0.0,0.0,3.5,43.08,36.65,5,0.65,34.62,0.26,0.0,0.0,0.0,0.0,0.0,0.0,0.0,0.0,0.0,0.0,0.0,0.0,0.0,0.0,0.0,0.0,0.0
Jon Ander Olasagasti,Spain,24.0,2000.0,Central Midfield,176.0,2027-06-30,ES1,Real Sociedad de Fútbol S.A.D.,2500000.0,42,37,51,43,43,9,37,71,94,56,55,51,0,0,88,0,17,0,31,https://img.a.transfermarkt.technology/portrait/header/625660-1695238891.jpg?lm=1,22,7,857,9.5,0.11,0.11,0.21,1,0.11,0.01,0.0,0.9,0.09,0.08,1.16,0.2,1.37,0.21,0.08,15.4,3.99,4.31,314,32.98,77.1,3.57,0.84,0.0,0.0,0.53,1.05,21,2.21,1.58,1.05,0.0,0.11,53.77,3,0.32,27.09,1.16,0.42,1.58,0.0,0.0,4.41,44.4,23.1,12,1.26,35.3,0.21,0.0,0.0,0.0,0.0,0.0,0.0,0.0,0.0,0.0,0.0,0.0,0.0,0.0,0.0,0.0,0.0,0.0
Tosin Adarabioyo,England,27.0,1997.0,Centre-Back,197.0,2028-06-30,GB1,Chelsea Football Club,20000000.0,44,62,68,57,46,68,57,16,98,61,0,73,0,0,94,0,70,0,62,https://img.a.transfermarkt.technology/portrait/header/258878-1646903871.jpg?lm=1,22,15,1409,15.7,0.06,0.06,0.13,1,0.06,0.01,0.0,0.9,0.06,0.01,0.32,0.8,0.83,0.13,0.08,15.4,2.68,0.06,1080,68.99,91.2,3.96,0.06,0.0,0.0,0.19,0.0,17,1.09,0.7,5.11,0.0,0.0,84.95,4,0.26,49.63,0.26,0.0,0.51,0.0,0.0,2.62,66.7,66.7,41,2.62,59.4,0.26,0.0,0.0,0.0,0.0,0.0,0.0,0.0,0.0,0.0,0.0,0.0,0.0,0.0,0.0,0.0,0.0,0.0
Kévin Danois,France,20.0,2004.0,Central Midfield,183.0,2028-06-30,FR1,Association de la Jeunesse auxerroise,4000000.0,52,50,3,70,75,92,47,75,63,89,36,45,0,0,95,0,57,0,41,https://img.a.transfermarkt.technology/portrait/header/743496-1672330479.jpg?lm=1,22,16,1460,16.2,0.0,0.0,0.0,0,0.0,-0.09,0.0,1.5,0.09,0.14,1.17,-2.2,1.05,0.18,0.0,17.6,5.86,3.08,585,36.06,81.5,3.82,0.68,0.12,0.0,0.68,0.86,49,3.02,1.23,1.23,0.0,0.06,56.22,21,1.29,35.14,1.54,1.48,1.36,0.0,0.0,6.29,43.5,51.2,14,0.86,43.8,0.06,0.0,0.0,0.0,0.0,0.0,0.0,0.0,0.0,0.0,0.0,0.0,0.0,0.0,0.0,0.0,0.0,0.0
Kevin Danso,Austria,26.0,1998.0,Centre-Back,190.0,2025-06-30,GB1,Tottenham Hotspur Football Club,25000000.0,60,57,32,50,85,33,79,66,26,37,0,83,0,0,30,0,65,0,80,https://img.a.transfermarkt.technology/portrait/header/263236-1691217955.png?lm=1,22,21,1922,21.4,0.0,0.0,0.0,0,0.0,-0.04,0.0,0.9,0.04,0.05,0.94,-1.1,0.8,0.23,0.0,33.74,3.32,0.09,1137,53.24,86.02,3.75,0.28,0.05,0.0,0.14,0.05,26,1.22,1.22,6.23,0.09,0.0,75.86,3,0.14,43.64,0.94,0.42,1.69,0.0,0.05,4.03,69.48,50.03,62,2.9,65.25,0.14,0.0,0.0,0.0,0.0,0.0,0.0,0.0,0.0,0.0,0.0,0.0,0.0,0.0,0.0,0.0,0.0,0.0
Vladimír Coufal,Czech Republic,32.0,1992.0,Right-Back,174.0,2025-06-30,GB1,West Ham United Football Club,7000000.0,23,28,28,32,33,14,51,13,32,4,0,94,0,0,24,0,39,0,93,https://img.a.transfermarkt.technology/portrait/header/157672-1667897675.jpg?lm=1,22,11,1067,11.9,0.0,0.0,0.0,0,0.0,-0.03,0.0,0.3,0.03,0.06,2.19,-0.7,0.59,0.17,0.0,28.6,3.29,2.78,470,39.64,78.5,3.71,1.1,0.67,0.0,0.0,2.36,22,1.86,0.67,3.29,0.08,0.0,62.16,4,0.34,25.14,1.1,0.67,1.86,0.0,0.0,3.29,45.5,28.6,24,2.02,61.5,0.42,0.0,0.0,0.0,0.0,0.0,0.0,0.0,0.0,0.0,0.0,0.0,0.0,0.0,0.0,0.0,0.0,0.0
Noah Weißhaupt,Germany,23.0,2001.0,Left Winger,181.0,2025-06-30,L1,Fußball-Club St. Pauli von 1910,5000000.0,25,22,10,33,28,22,45,9,24,90,97,82,0,0,26,0,7,0,78,https://img.a.transfermarkt.technology/portrait/header/392163-1658413281.jpg?lm=1,22,13,1240,13.8,0.07,0.0,0.07,1,0.07,-0.08,0.0,2.1,0.15,0.13,3.63,-1.8,1.38,0.29,0.06,22.2,2.83,7.55,263,19.09,63.95,1.52,1.23,0.87,0.0,0.36,5.81,6,0.44,0.15,0.65,0.07,0.65,41.23,14,1.02,25.77,2.9,0.8,0.8,0.0,0.0,3.92,37.5,33.54,15,1.09,44.1,0.0,0.0,0.0,0.0,0.0,0.0,0.0,0.0,0.0,0.0,0.0,0.0,0.0,0.0,0.0,0.0,0.0,0.0
Salih Özcan,Türkiye,27.0,1998.0,Defensive Midfield,183.0,2026-06-30,L1,Borussia Dortmund,5000000.0,54,31,2,59,88,83,63,83,90,87,0,93,0,0,92,0,24,0,93,https://img.a.transfermarkt.technology/portrait/header/244940-1709561120.jpg?lm=1,22,6,744,8.2,0.0,0.0,0.0,0,0.0,-0.05,0.0,0.4,0.05,0.15,1.21,-1.2,0.73,0.0,0.0,0.0,6.41,1.09,358,43.31,76.82,5.32,1.33,0.12,0.0,0.24,1.33,13,1.57,2.18,1.81,0.0,0.0,67.62,6,0.73,30.85,1.09,0.24,1.94,0.0,0.0,7.26,48.6,77.8,20,2.42,62.8,0.0,0.0,0.0,0.0,0.0,0.0,0.0,0.0,0.0,0.0,0.0,0.0,0.0,0.0,0.0,0.0,0.0,0.0
Gonçalo Ramos,Portugal,23.0,2001.0,Centre-Forward,185.0,2028-06-30,FR1,Paris Saint-Germain Football Club,45000000.0,71,96,79,63,87,1,18,38,93,93,68,65,0,0,95,0,90,0,80,https://img.a.transfermarkt.technology/portrait/header/550550-1681906158.jpg?lm=1,22,12,1066,11.8,0.84,0.25,1.1,8,0.68,-0.3,0.17,11.3,0.95,0.19,0.93,0.8,4.39,2.45,0.15,55.8,2.03,5.32,193,16.29,80.1,0.76,0.76,0.0,0.0,0.0,0.08,11,0.93,0.0,0.42,0.0,0.17,29.8,1,0.08,13.09,1.35,0.93,0.68,0.08,0.0,1.52,50.0,9.1,20,1.69,57.1,0.08,0.0,0.0,0.0,0.0,0.0,0.0,0.0,0.0,0.0,0.0,0.0,0.0,0.0,0.0,0.0,0.0,0.0
Neal Maupay,France,28.0,1996.0,Centre-Forward,171.0,2025-06-30,FR1,Olympique de Marseille,10000000.0,38,38,45,90,89,38,37,49,43,6,0,20,0,0,32,0,97,0,27,https://img.a.transfermarkt.technology/portrait/header/217115-1700737951.jpg?lm=1,22,13,1042,11.6,0.35,0.35,0.69,4,0.35,-0.01,0.0,4.1,0.35,0.19,1.04,1.8,1.64,0.86,0.21,52.6,3.2,7.0,250,21.59,84.2,1.3,1.04,0.0,0.0,0.0,0.09,9,0.78,0.17,0.0,0.0,0.0,33.34,6,0.52,17.36,2.94,1.73,0.86,0.0,0.0,1.81,50.0,42.9,8,0.69,36.4,0.26,0.09,0.0,0.0,0.0,0.0,0.0,0.0,0.0,0.0,0.0,0.0,0.0,0.0,0.0,0.0,0.0,0.0
Haris Tabakovic,Bosnia-Herzegovina,30.0,1994.0,Centre-Forward,194.0,2027-06-30,L1,Turn- und Sportgemeinschaft 1899 Hoffenheim Fußball-Spielbetriebs,3000000.0,32,40,36,12,59,25,20,2,73,77,0,94,0,0,75,0,14,0,92,https://img.a.transfermarkt.technology/portrait/header/203123-1720778399.jpg?lm=1,22,6,821,9.1,0.33,0.11,0.44,3,0.33,-0.03,0.0,3.3,0.36,0.13,0.44,-0.2,3.29,1.1,0.1,33.3,0.77,4.93,134,14.69,62.9,0.88,0.22,0.11,0.0,0.0,0.44,3,0.33,0.11,1.75,0.0,0.0,36.61,4,0.44,18.09,2.74,1.1,1.64,0.0,0.0,1.43,0.0,33.3,45,4.93,54.9,0.0,0.0,0.0,0.0,0.0,0.0,0.0,0.0,0.0,0.0,0.0,0.0,0.0,0.0,0.0,0.0,0.0,0.0
David Raum,Germany,27.0,1998.0,Left-Back,181.0,2027-06-30,L1,RasenBallsport Leipzig,25000000.0,42,37,66,67,100,44,50,21,6,35,0,26,0,0,5,0,48,0,25,https://img.a.transfermarkt.technology/portrait/header/318204-1713945422.jpg?lm=1,22,21,1783,19.8,0.05,0.25,0.3,1,0.05,0.03,0.0,0.5,0.03,0.33,1.82,-1.5,0.45,0.2,0.11,44.4,3.58,6.41,841,42.45,69.4,2.78,1.06,0.66,0.0,0.25,9.49,38,1.92,0.45,2.37,0.2,0.0,70.11,11,0.56,29.93,0.81,0.45,1.16,0.0,0.0,4.64,57.1,39.3,13,0.66,39.4,0.25,0.0,0.0,0.0,0.0,0.0,0.0,0.0,0.0,0.0,0.0,0.0,0.0,0.0,0.0,0.0,0.0,0.0
Fikayo Tomori,England,27.0,1997.0,Centre-Back,185.0,2027-06-30,IT1,Associazione Calcio Milan,20000000.0,48,5,20,70,82,75,50,76,35,40,0,21,0,0,37,0,92,0,15,https://img.a.transfermarkt.technology/portrait/header/303254-1684856117.jpg?lm=1,22,19,1593,17.7,0.0,0.06,0.06,0,0.0,-0.01,0.0,0.1,0.01,0.04,0.45,0.3,0.11,0.0,0.0,0.0,3.56,0.17,1019,57.57,92.4,3.28,0.34,0.17,0.0,0.23,0.34,40,2.26,1.13,3.45,0.11,0.0,71.19,2,0.11,40.73,0.51,0.11,0.56,0.0,0.0,3.39,68.0,100.0,28,1.58,48.3,0.23,0.06,0.0,0.0,0.0,0.0,0.0,0.0,0.0,0.0,0.0,0.0,0.0,0.0,0.0,0.0,0.0,0.0
Tomás Conechny,Argentina,27.0,1998.0,Left Winger,176.0,2028-06-30,ES1,Deportivo Alavés S.A.D.,2000000.0,27,49,15,18,2,28,16,57,69,0,0,97,0,0,43,0,2,0,97,https://img.a.transfermarkt.technology/portrait/header/401571-1739448726.JPG?lm=1,22,9,847,9.4,0.11,0.0,0.11,1,0.11,-0.15,0.0,2.4,0.26,0.03,1.49,-0.3,2.34,1.06,0.05,45.5,2.44,6.48,210,22.31,63.8,1.49,1.17,0.85,0.0,0.0,3.29,15,1.59,0.64,1.06,0.0,0.0,48.56,6,0.64,26.46,3.29,0.96,2.98,0.0,0.0,4.78,33.3,46.2,23,2.44,53.5,0.85,0.0,0.0,0.0,0.0,0.0,0.0,0.0,0.0,0.0,0.0,0.0,0.0,0.0,0.0,0.0,0.0,0.0
Bertuğ Yıldırım,Türkiye,22.0,2002.0,Centre-Forward,191.0,2025-06-30,ES1,Getafe Club de Fútbol S.A.D. Team Dubai,2500000.0,15,10,8,3,37,45,5,25,56,7,90,95,0,0,37,0,3,0,95,https://img.a.transfermarkt.technology/portrait/header/672803-1681998915.png?lm=1,22,14,1083,12.0,0.08,0.0,0.08,1,0.08,-0.12,0.0,2.5,0.21,0.1,0.66,-1.2,1.58,0.58,0.05,36.8,1.16,3.99,101,8.39,54.3,0.75,0.75,0.25,0.0,0.0,0.58,10,0.83,0.08,1.33,0.0,0.33,26.84,7,0.58,11.05,3.32,1.25,2.74,0.08,0.0,1.99,28.6,43.8,73,6.07,53.7,0.58,0.0,0.0,0.0,0.0,0.0,0.0,0.0,0.0,0.0,0.0,0.0,0.0,0.0,0.0,0.0,0.0,0.0
Diego Conde,Spain,26.0,1998.0,Goalkeeper,188.0,2029-06-30,ES1,Villarreal Club de Fútbol S.A.D.,10000000.0,21,0,0,42,92,0,14,87,43,34,0,14,14,15,54,16,12,22,41,https://img.a.transfermarkt.technology/portrait/header/341713-1669364743.jpg?lm=1,22,22,1962,21.8,0.0,0.05,0.05,0,0.0,0.0,0.0,0.0,0.0,0.01,0.0,0.8,0.0,0.0,0.0,0.0,0.0,0.0,518,23.76,80.9,0.32,0.05,0.0,11.9,0.0,0.0,2,0.09,0.05,0.41,0.09,0.0,31.93,0,0.0,17.98,0.05,0.0,0.0,0.0,0.0,1.38,50.0,0.0,1,0.05,100.0,0.09,0.0,1.51,4.31,2.84,1.22,-5.5,-0.25,0.05,0.0,5.09,0.83,68.1,9.1,28.2,22.7,5.6,0.73
Andreas Hanche-Olsen,Norway,28.0,1997.0,Centre-Back,185.0,2026-06-30,L1,1. Fußball- und Sportverein Mainz 05,6000000.0,41,58,70,19,61,68,7,56,19,6,0,93,0,0,8,0,16,0,84,https://img.a.transfermarkt.technology/portrait/header/370683-1692000124.jpg?lm=1,22,12,1284,14.3,0.07,0.07,0.14,1,0.07,0.01,0.0,0.8,0.06,0.02,0.14,0.7,0.84,0.14,0.08,16.7,2.38,0.35,530,37.15,82.6,1.82,0.0,0.0,0.0,0.14,0.07,21,1.47,0.84,5.96,0.14,0.0,56.92,1,0.07,27.62,0.56,0.21,1.4,0.0,0.07,3.08,75.0,100.0,49,3.43,63.6,0.28,0.07,0.0,0.0,0.0,0.0,0.0,0.0,0.0,0.0,0.0,0.0,0.0,0.0,0.0,0.0,0.0,0.0
Marcos André,Brazil,28.0,1996.0,Centre-Forward,185.0,2029-06-30,ES1,Real Valladolid Club de Fútbol S.A.D.,1200000.0,14,9,5,14,20,82,19,50,42,33,19,82,0,0,63,0,18,0,82,https://img.a.transfermarkt.technology/portrait/header/481084-1601535152.jpg?lm=1,22,14,1188,13.2,0.08,0.15,0.23,1,0.08,-0.13,0.0,2.7,0.2,0.06,0.83,1.2,1.67,0.15,0.05,9.1,1.21,2.95,138,10.45,65.7,0.98,0.23,0.0,0.0,0.45,0.08,10,0.76,0.23,0.76,0.0,0.08,28.18,17,1.29,14.77,3.03,1.74,0.91,0.0,0.0,3.33,38.5,41.5,47,3.56,51.6,0.38,0.0,0.0,0.0,0.0,0.0,0.0,0.0,0.0,0.0,0.0,0.0,0.0,0.0,0.0,0.0,0.0,0.0
Arnaud Nordin,France,26.0,1998.0,Right Winger,170.0,2028-06-30,L1,1. Fußball- und Sportverein Mainz 05,6000000.0,38,39,46,24,18,66,52,75,67,53,29,73,0,0,73,0,20,0,63,https://img.a.transfermarkt.technology/portrait/header/324811-1702663034.JPG?lm=1,22,14,1246,13.9,0.29,0.07,0.36,3,0.22,-0.01,0.07,2.5,0.18,0.1,3.9,-0.4,1.95,0.79,0.12,42.3,1.73,9.1,266,19.21,70.02,0.58,0.87,0.43,0.0,0.07,3.18,26,1.88,0.36,0.65,0.0,0.14,40.96,24,1.73,25.79,3.03,1.23,1.01,0.0,0.0,3.76,56.06,44.05,13,0.94,37.65,0.14,0.0,0.0,0.0,0.0,0.0,0.0,0.0,0.0,0.0,0.0,0.0,0.0,0.0,0.0,0.0,0.0,0.0
Felix Agu,Germany,25.0,1999.0,Left-Back,180.0,2027-06-30,L1,Sportverein Werder Bremen von 1899,6000000.0,48,78,93,27,50,20,39,28,64,94,73,55,0,0,98,0,42,0,38,https://img.a.transfermarkt.technology/portrait/header/393512-1722887707.jpg?lm=1,22,21,1751,19.5,0.15,0.0,0.15,3,0.15,0.08,0.0,1.4,0.07,0.09,1.7,-1.8,0.46,0.21,0.33,44.4,2.21,5.4,655,33.67,79.7,1.85,1.13,0.62,0.0,0.15,2.52,30,1.54,1.08,2.47,0.0,0.1,53.71,9,0.46,28.01,1.7,0.62,0.57,0.0,0.0,3.44,52.2,25.7,21,1.08,41.2,0.05,0.0,0.0,0.0,0.0,0.0,0.0,0.0,0.0,0.0,0.0,0.0,0.0,0.0,0.0,0.0,0.0,0.0
Lloyd Kelly,England,26.0,1998.0,Centre-Back,189.0,2025-06-30,IT1,Juventus Football Club,18000000.0,46,51,7,78,83,46,58,39,4,46,0,80,0,0,8,0,29,0,71,https://img.a.transfermarkt.technology/portrait/header/480116-1739281396.jpg?lm=1,22,15,1316,14.7,0.0,0.07,0.07,0,0.0,-0.05,0.0,0.8,0.05,0.04,0.68,0.4,0.68,0.07,0.0,14.3,3.08,2.12,704,48.15,82.52,4.1,0.21,0.07,0.0,0.14,1.03,21,1.44,0.21,4.99,0.21,0.0,69.07,2,0.14,37.75,0.82,0.34,1.3,0.0,0.0,5.06,84.76,66.7,42,2.87,61.29,0.21,0.0,0.0,0.0,0.0,0.0,0.0,0.0,0.0,0.0,0.0,0.0,0.0,0.0,0.0,0.0,0.0,0.0
Suat Serdar,Germany,28.0,1997.0,Central Midfield,184.0,2028-06-30,IT1,Verona Hellas Football Club,5000000.0,41,69,65,13,36,90,31,21,75,9,91,59,0,0,60,0,10,0,58,https://img.a.transfermarkt.technology/portrait/header/261905-1744314720.jpg?lm=1,22,16,1376,15.3,0.13,0.07,0.2,2,0.13,0.01,0.0,1.9,0.12,0.07,1.18,0.0,1.96,0.52,0.07,26.7,3.66,2.29,357,23.35,74.8,3.07,0.33,0.07,0.0,0.33,0.59,35,2.29,0.52,1.37,0.0,0.26,43.17,19,1.24,24.27,1.57,0.98,2.16,0.0,0.0,4.84,38.5,51.4,14,0.92,50.0,0.26,0.07,0.0,0.0,0.0,0.0,0.0,0.0,0.0,0.0,0.0,0.0,0.0,0.0,0.0,0.0,0.0,0.0
Isco,Spain,33.0,1992.0,Attacking Midfield,176.0,2027-06-30,ES1,Real Betis Balompié S.A.D.,6000000.0,65,69,67,100,93,69,88,19,60,33,51,58,0,0,72,0,95,0,55,https://img.a.transfermarkt.technology/portrait/header/85288-1699613327.jpg?lm=1,22,17,1547,17.2,0.52,0.47,0.99,4,0.23,0.02,0.29,3.9,0.23,0.26,2.21,3.6,2.21,0.52,0.11,23.7,8.84,6.52,957,55.68,81.6,6.98,1.8,0.29,0.0,1.57,5.35,20,1.16,0.64,0.41,0.0,0.17,80.34,27,1.57,51.95,3.14,1.57,1.34,0.0,0.0,4.13,25.0,45.8,13,0.76,38.2,0.29,0.0,0.0,0.0,0.0,0.0,0.0,0.0,0.0,0.0,0.0,0.0,0.0,0.0,0.0,0.0,0.0,0.0
Conor Chaplin,England,28.0,1997.0,Second Striker,168.0,2026-06-30,GB1,Ipswich Town Football Club,8000000.0,22,3,11,77,31,39,57,91,100,51,0,3,0,0,71,0,69,0,5,https://img.a.transfermarkt.technology/portrait/header/349503-1612349000.jpg?lm=1,22,10,857,9.5,0.11,0.11,0.21,1,0.11,-0.05,0.0,1.5,0.16,0.07,1.37,0.3,1.68,0.32,0.06,18.8,3.05,2.42,233,24.47,73.5,2.21,0.74,0.21,0.0,0.11,0.95,15,1.58,0.42,0.32,0.0,0.0,40.75,4,0.42,18.8,1.26,0.53,1.16,0.0,0.0,2.84,42.9,50.0,3,0.32,25.0,0.21,0.0,0.0,0.0,0.0,0.0,0.0,0.0,0.0,0.0,0.0,0.0,0.0,0.0,0.0,0.0,0.0,0.0
Youssouf Sabaly,Senegal,32.0,1993.0,Right-Back,173.0,2026-06-30,ES1,Real Betis Balompié S.A.D.,2000000.0,44,11,17,66,25,38,50,80,66,85,0,21,0,0,93,0,76,0,23,https://img.a.transfermarkt.technology/portrait/header/135492-1532700291.jpg?lm=1,22,20,1581,17.6,0.0,0.06,0.06,0,0.0,-0.01,0.0,0.2,0.01,0.05,1.42,0.2,0.28,0.0,0.0,0.0,3.53,3.59,862,49.07,86.7,2.79,0.4,0.28,0.0,0.17,1.76,40,2.28,0.74,2.28,0.0,0.0,66.6,8,0.46,35.29,1.54,0.68,1.02,0.0,0.0,4.95,75.0,40.0,9,0.51,40.9,0.06,0.0,0.0,0.0,0.0,0.0,0.0,0.0,0.0,0.0,0.0,0.0,0.0,0.0,0.0,0.0,0.0,0.0
Becir Omeragic,Switzerland,23.0,2002.0,Centre-Back,187.0,2028-06-30,FR1,Montpellier Hérault Sport Club,5000000.0,43,22,44,39,34,95,69,45,90,95,0,4,0,0,97,0,76,0,3,https://img.a.transfermarkt.technology/portrait/header/507344-1702665167.JPG?lm=1,22,21,1799,20.0,0.0,0.0,0.0,0,0.0,-0.02,0.0,0.3,0.02,0.01,1.05,-0.1,0.35,0.15,0.0,42.9,2.55,0.15,832,41.62,92.1,2.2,0.25,0.1,0.0,0.1,0.35,32,1.6,0.65,3.9,0.0,0.0,54.23,11,0.55,30.47,0.3,0.2,0.65,0.0,0.0,3.75,76.2,78.6,20,1.0,37.0,0.05,0.0,0.0,0.0,0.0,0.0,0.0,0.0,0.0,0.0,0.0,0.0,0.0,0.0,0.0,0.0,0.0,0.0
Adrià Altimira,Spain,24.0,2001.0,Right-Back,170.0,2025-06-30,ES1,Club Deportivo Leganés S.A.D.,1500000.0,28,22,37,12,10,35,7,53,19,10,98,25,0,0,8,0,26,0,23,https://img.a.transfermarkt.technology/portrait/header/466807-1704789678.jpg?lm=1,22,19,1630,18.1,0.0,0.0,0.0,0,0.0,-0.02,0.0,0.3,0.02,0.03,1.27,-0.5,0.39,0.11,0.0,28.6,2.32,3.81,483,26.67,78.5,1.88,0.55,0.11,0.0,0.17,1.55,41,2.26,0.83,2.98,0.11,0.28,45.61,10,0.55,20.43,1.55,0.39,1.49,0.0,0.06,3.92,60.0,32.3,12,0.66,38.7,0.33,0.0,0.0,0.0,0.0,0.0,0.0,0.0,0.0,0.0,0.0,0.0,0.0,0.0,0.0,0.0,0.0,0.0
Albert Sambi Lokonga,Belgium,25.0,1999.0,Central Midfield,183.0,2025-06-30,ES1,Sevilla Fútbol Club S.A.D.,9000000.0,43,28,22,72,33,12,55,74,6,56,0,93,0,0,6,0,84,0,97,https://img.a.transfermarkt.technology/portrait/header/381967-1678466372.jpg?lm=1,22,16,1471,16.3,0.0,0.12,0.12,0,0.0,-0.06,0.0,0.9,0.06,0.06,1.47,1.0,0.8,0.31,0.0,38.5,5.69,1.22,799,48.89,89.4,4.96,0.49,0.0,0.0,0.61,0.12,22,1.35,0.55,1.47,0.18,0.0,62.28,4,0.24,32.61,1.16,0.8,1.35,0.0,0.0,4.22,71.4,40.0,28,1.71,66.7,0.24,0.0,0.0,0.0,0.0,0.0,0.0,0.0,0.0,0.0,0.0,0.0,0.0,0.0,0.0,0.0,0.0,0.0
Christian Mawissa,France,20.0,2005.0,Centre-Back,184.0,2029-06-30,FR1,Association sportive de Monaco Football Club,12000000.0,55,6,49,48,10,87,72,86,31,47,85,51,0,0,44,0,36,0,58,https://img.a.transfermarkt.technology/portrait/header/1005240-1708555606.jpg?lm=1,22,17,1501,16.7,0.0,0.0,0.0,0,0.0,-0.01,0.0,0.1,0.01,0.0,0.78,0.0,0.06,0.06,0.0,100.0,2.64,0.6,827,49.59,87.5,3.06,0.0,0.0,0.0,0.0,0.18,42,2.52,1.56,2.88,0.06,0.06,68.23,10,0.6,43.05,1.08,0.66,1.14,0.0,0.06,4.2,59.1,35.7,31,1.86,63.3,0.18,0.0,0.0,0.0,0.0,0.0,0.0,0.0,0.0,0.0,0.0,0.0,0.0,0.0,0.0,0.0,0.0,0.0
Marvin Friedrich,Germany,29.0,1995.0,Centre-Back,193.0,2026-06-30,L1,Borussia Verein für Leibesübungen 1900 Mönchengladbach,3500000.0,44,36,27,57,88,83,82,6,85,99,0,86,0,0,100,0,80,0,81,https://img.a.transfermarkt.technology/portrait/header/196231-1662966392.jpg?lm=1,22,9,989,11.0,0.0,0.09,0.09,0,0.0,-0.04,0.0,0.4,0.04,0.05,1.0,0.4,0.64,0.18,0.0,28.6,3.28,0.27,624,56.78,88.4,2.09,0.09,0.0,0.0,0.0,0.0,15,1.37,0.46,5.19,0.0,0.0,74.8,2,0.18,45.68,0.46,0.27,0.46,0.0,0.0,3.82,56.3,100.0,34,3.09,64.2,0.0,0.0,0.0,0.0,0.0,0.0,0.0,0.0,0.0,0.0,0.0,0.0,0.0,0.0,0.0,0.0,0.0,0.0
Álex Jiménez,Spain,20.0,2005.0,Right-Back,177.0,2028-06-30,IT1,Associazione Calcio Milan,10000000.0,40,66,9,35,53,99,94,16,52,9,96,27,0,0,72,0,50,0,28,https://img.a.transfermarkt.technology/portrait/header/741257-1730123049.jpg?lm=1,22,14,1266,14.1,0.0,0.07,0.07,0,0.0,-0.06,0.0,0.8,0.06,0.09,3.91,-0.3,1.07,0.36,0.0,33.3,2.63,5.12,452,32.13,80.1,2.35,0.85,0.36,0.0,0.21,2.63,24,1.71,1.07,1.64,0.0,0.21,51.82,26,1.85,30.07,1.92,0.92,0.85,0.0,0.0,4.91,40.7,55.3,9,0.64,40.9,0.43,0.0,0.0,0.0,0.0,0.0,0.0,0.0,0.0,0.0,0.0,0.0,0.0,0.0,0.0,0.0,0.0,0.0
Malick Thiaw,Germany,23.0,2001.0,Centre-Back,194.0,2027-06-30,IT1,Associazione Calcio Milan,20000000.0,42,34,8,79,14,56,67,13,70,70,0,72,0,0,77,0,86,0,72,https://img.a.transfermarkt.technology/portrait/header/521964-1682063635.jpg?lm=1,22,19,1806,20.1,0.0,0.0,0.0,0,0.0,-0.03,0.0,0.6,0.03,0.0,0.6,-0.1,0.35,0.0,0.0,0.0,4.44,0.05,1181,58.85,93.1,4.34,0.05,0.0,0.0,0.3,0.15,24,1.2,0.75,3.79,0.05,0.0,71.36,3,0.15,45.1,0.4,0.1,1.2,0.0,0.0,3.24,60.0,75.0,49,2.44,64.5,0.1,0.0,0.0,0.0,0.0,0.0,0.0,0.0,0.0,0.0,0.0,0.0,0.0,0.0,0.0,0.0,0.0,0.0
Juma Bah,Sierra Leone,19.0,2006.0,Centre-Back,195.0,2025-06-30,FR1,Racing Club de Lens,4000000.0,51,25,44,7,19,91,12,87,52,72,0,94,0,0,74,0,30,0,97,https://img.a.transfermarkt.technology/portrait/header/1121298-1732218272.jpg?lm=1,22,18,1550,17.2,0.0,0.0,0.0,0,0.0,-0.02,0.0,0.4,0.02,0.01,0.17,-0.2,0.29,0.12,0.0,41.65,1.28,0.12,683,39.66,87.46,1.28,0.0,0.0,0.0,0.12,0.0,26,1.51,1.68,6.21,0.06,0.0,58.24,6,0.35,30.77,0.41,0.46,0.75,0.0,0.0,4.18,67.02,87.5,54,3.14,74.25,0.17,0.0,0.0,0.0,0.0,0.0,0.0,0.0,0.0,0.0,0.0,0.0,0.0,0.0,0.0,0.0,0.0,0.0
Marquinhos,Brazil,31.0,1994.0,Centre-Back,183.0,2028-06-30,FR1,Paris Saint-Germain Football Club,40000000.0,61,66,89,99,81,57,97,43,97,59,0,46,0,0,83,0,99,0,61,https://img.a.transfermarkt.technology/portrait/header/181767-1672303747.jpg?lm=1,22,19,1725,19.2,0.1,0.0,0.1,2,0.1,0.05,0.0,1.1,0.06,0.04,1.51,-0.8,0.42,0.16,0.25,37.5,7.88,0.21,1736,90.57,94.9,9.6,0.21,0.05,0.0,0.68,0.16,30,1.57,0.57,3.34,0.0,0.0,103.83,3,0.16,69.65,0.21,0.05,0.94,0.0,0.05,5.37,75.8,75.0,32,1.67,65.3,0.16,0.0,0.0,0.0,0.0,0.0,0.0,0.0,0.0,0.0,0.0,0.0,0.0,0.0,0.0,0.0,0.0,0.0
Ethan Pinnock,Jamaica,31.0,1993.0,Centre-Back,194.0,2027-06-30,GB1,Brentford Football Club,8000000.0,46,65,87,21,91,21,10,34,12,91,83,80,0,0,9,0,57,0,69,https://img.a.transfermarkt.technology/portrait/header/442248-1719836196.jpg?lm=1,22,21,1913,21.3,0.09,0.0,0.09,2,0.09,0.04,0.0,1.1,0.05,0.06,0.14,-1.2,0.47,0.28,0.2,60.0,1.93,0.42,924,43.47,85.6,2.26,0.19,0.05,0.0,0.0,0.42,35,1.65,1.13,6.68,0.19,0.05,63.42,3,0.14,29.78,0.09,0.19,0.38,0.0,0.05,2.35,54.2,33.3,63,2.96,59.4,0.09,0.0,0.0,0.0,0.0,0.0,0.0,0.0,0.0,0.0,0.0,0.0,0.0,0.0,0.0,0.0,0.0,0.0
Haris Belkebla,Algeria,31.0,1994.0,Central Midfield,177.0,2026-06-30,FR1,Angers Sporting Club de l'Ouest,2000000.0,32,0,15,21,18,24,6,99,55,96,0,9,0,0,57,0,62,0,10,https://img.a.transfermarkt.technology/portrait/header/138055-1617877225.jpg?lm=1,22,21,1792,19.9,0.0,0.05,0.05,0,0.0,-0.01,0.0,0.1,0.01,0.05,0.4,0.1,0.15,0.0,0.0,0.0,3.47,0.75,727,36.51,87.6,3.42,0.15,0.0,0.0,0.15,0.15,56,2.81,1.76,2.31,0.05,0.0,53.44,9,0.45,28.02,1.36,0.5,0.9,0.0,0.0,4.52,57.8,40.9,8,0.4,27.6,0.05,0.0,0.0,0.0,0.0,0.0,0.0,0.0,0.0,0.0,0.0,0.0,0.0,0.0,0.0,0.0,0.0,0.0
Joseph Okumu,Kenya,28.0,1997.0,Centre-Back,190.0,2028-06-30,FR1,Stade de Reims,7000000.0,58,60,63,82,40,98,72,77,31,14,0,51,0,0,10,0,28,0,60,https://img.a.transfermarkt.technology/portrait/header/453376-1723832031.png?lm=1,22,20,1695,18.8,0.05,0.0,0.05,1,0.05,0.0,0.0,1.0,0.05,0.01,0.96,-0.1,0.64,0.11,0.08,16.7,6.16,0.05,883,46.88,81.5,6.42,0.21,0.05,0.0,0.8,0.27,30,1.59,1.33,7.27,0.11,0.0,71.58,14,0.74,37.7,0.64,0.11,0.8,0.0,0.11,4.99,62.5,77.8,35,1.86,63.6,0.27,0.05,0.0,0.0,0.0,0.0,0.0,0.0,0.0,0.0,0.0,0.0,0.0,0.0,0.0,0.0,0.0,0.0
Mathias Honsak,Austria,28.0,1996.0,Left Winger,188.0,2027-06-30,L1,1. Fußballclub Heidenheim 1846,1500000.0,45,55,76,19,26,20,35,79,78,66,34,93,0,0,79,0,26,0,92,https://img.a.transfermarkt.technology/portrait/header/283497-1721852632.jpg?lm=1,22,12,1181,13.1,0.38,0.08,0.46,5,0.38,0.13,0.0,3.3,0.25,0.12,2.82,-0.6,2.21,0.76,0.17,34.5,2.21,4.42,324,24.69,70.1,1.68,0.91,0.69,0.0,0.0,3.81,15,1.14,0.76,2.36,0.0,0.15,49.23,9,0.69,25.76,2.9,0.91,1.07,0.0,0.0,4.19,43.5,39.1,22,1.68,51.2,0.08,0.0,0.0,0.0,0.0,0.0,0.0,0.0,0.0,0.0,0.0,0.0,0.0,0.0,0.0,0.0,0.0,0.0
Sheraldo Becker,Suriname,30.0,1995.0,Left Winger,180.0,2026-06-30,ES1,Real Sociedad de Fútbol S.A.D.,4000000.0,30,36,33,27,50,6,47,0,98,21,19,47,0,0,50,0,8,0,39,https://img.a.transfermarkt.technology/portrait/header/188888-1692707512.jpg?lm=1,22,11,995,11.1,0.18,0.09,0.27,2,0.18,0.0,0.0,2.0,0.18,0.18,4.61,-1.0,1.99,1.18,0.09,59.1,2.08,9.95,200,18.09,63.9,0.54,1.54,0.45,0.0,0.09,5.79,3,0.27,0.09,0.9,0.0,0.09,34.73,4,0.36,21.89,1.54,0.36,0.72,0.0,0.0,2.71,0.0,36.4,7,0.63,30.4,0.09,0.09,0.0,0.0,0.0,0.0,0.0,0.0,0.0,0.0,0.0,0.0,0.0,0.0,0.0,0.0,0.0,0.0
Jakub Kaminski,Poland,22.0,2002.0,Left Winger,179.0,2027-06-30,L1,Verein für Leibesübungen Wolfsburg,6000000.0,19,2,5,41,78,13,36,89,25,57,46,38,0,0,21,0,40,0,29,https://img.a.transfermarkt.technology/portrait/header/407098-1724770940.jpg?lm=1,22,12,1130,12.6,0.0,0.16,0.16,0,0.0,-0.07,0.0,0.9,0.07,0.26,3.27,-1.3,1.19,0.24,0.0,20.0,3.19,5.5,328,26.12,70.4,1.59,1.04,0.32,0.0,0.16,3.98,17,1.35,1.04,1.83,0.08,0.08,48.03,8,0.64,23.97,1.59,0.88,0.8,0.08,0.0,4.14,40.9,36.4,7,0.56,26.9,0.16,0.0,0.0,0.0,0.0,0.0,0.0,0.0,0.0,0.0,0.0,0.0,0.0,0.0,0.0,0.0,0.0,0.0
Alessandro Vogliacco,Italy,26.0,1998.0,Centre-Back,186.0,2025-06-30,IT1,Parma Calcio 1913,2000000.0,39,77,90,40,39,66,53,32,93,17,0,37,0,0,75,0,37,0,39,https://img.a.transfermarkt.technology/portrait/header/330208-1613547642.jpg?lm=1,22,18,1487,16.5,0.12,0.0,0.12,2,0.12,0.04,0.0,1.4,0.08,0.01,0.67,-0.1,0.36,0.18,0.33,60.0,2.84,0.12,703,42.55,86.45,3.69,0.3,0.18,0.0,0.48,0.79,20,1.21,0.73,3.45,0.0,0.0,57.98,1,0.06,34.98,0.36,0.06,1.33,0.0,0.06,2.66,77.47,100.0,28,1.69,57.17,0.3,0.0,0.0,0.0,0.0,0.0,0.0,0.0,0.0,0.0,0.0,0.0,0.0,0.0,0.0,0.0,0.0,0.0
Stanley Nsoki,France,26.0,1999.0,Centre-Back,184.0,2027-06-30,L1,Turn- und Sportgemeinschaft 1899 Hoffenheim Fußball-Spielbetriebs,2500000.0,46,8,43,58,69,97,56,74,3,31,0,35,0,0,7,0,52,0,46,https://img.a.transfermarkt.technology/portrait/header/371141-1691269161.jpg?lm=1,22,16,1308,14.5,0.0,0.0,0.0,0,0.0,-0.01,0.0,0.1,0.01,0.03,0.69,-0.4,0.21,0.07,0.0,33.3,3.58,0.41,719,49.47,85.8,3.44,0.48,0.07,0.0,0.28,0.07,22,1.51,1.79,3.99,0.21,0.0,69.15,11,0.76,36.4,1.1,0.34,0.83,0.0,0.0,5.44,52.2,68.8,22,1.51,61.1,0.21,0.07,0.0,0.0,0.0,0.0,0.0,0.0,0.0,0.0,0.0,0.0,0.0,0.0,0.0,0.0,0.0,0.0
Matías Fernández-Pardo,Spain,20.0,2005.0,Centre-Forward,188.0,2029-06-30,FR1,Lille Olympique Sporting Club,10000000.0,37,21,46,80,92,93,96,73,85,26,46,0,0,0,52,0,78,0,0,https://img.a.transfermarkt.technology/portrait/header/724129-1690099031.jpg?lm=1,22,12,1065,11.8,0.34,0.17,0.51,4,0.34,0.09,0.0,2.9,0.25,0.24,3.89,-0.8,1.94,1.01,0.17,52.2,2.2,7.18,224,18.93,73.0,0.85,0.93,0.0,0.0,0.17,2.54,12,1.01,0.25,0.51,0.0,0.08,36.25,20,1.69,24.08,1.94,1.1,1.52,0.08,0.0,2.96,50.0,40.0,0,0.0,0.0,0.34,0.0,0.0,0.0,0.0,0.0,0.0,0.0,0.0,0.0,0.0,0.0,0.0,0.0,0.0,0.0,0.0,0.0
Valentin Mihăilă,Romania,25.0,2000.0,Left Winger,180.0,2027-06-30,IT1,Parma Calcio 1913,3000000.0,26,37,2,38,16,15,8,62,80,20,47,68,0,0,29,0,44,0,52,https://img.a.transfermarkt.technology/portrait/header/535469-1718261714.jpg?lm=1,21,16,1288,14.3,0.0,0.21,0.21,0,0.0,-0.17,0.0,2.4,0.17,0.08,1.75,1.8,2.17,0.77,0.0,35.5,2.86,5.03,325,22.71,75.4,1.96,1.19,0.21,0.0,0.28,2.31,29,2.03,0.56,0.42,0.0,0.21,40.67,10,0.7,23.2,2.03,1.4,1.19,0.0,0.07,2.73,40.9,37.0,13,0.91,32.5,0.14,0.0,0.0,0.0,0.0,0.0,0.0,0.0,0.0,0.0,0.0,0.0,0.0,0.0,0.0,0.0,0.0,0.0
Issa Diop,France,28.0,1997.0,Centre-Back,194.0,2027-06-30,GB1,Fulham Football Club,16000000.0,31,32,39,17,28,25,36,38,23,84,0,30,0,0,36,0,35,0,46,https://img.a.transfermarkt.technology/portrait/header/272622-1660565295.jpg?lm=1,21,15,1339,14.9,0.0,0.0,0.0,0,0.0,-0.03,0.0,0.5,0.03,0.01,0.4,-0.1,0.34,0.13,0.0,40.0,1.68,0.2,663,44.56,87.5,2.89,0.07,0.0,0.0,0.07,0.07,26,1.75,0.6,4.84,0.13,0.0,60.69,1,0.07,35.83,0.6,0.13,0.67,0.0,0.0,3.02,72.2,50.0,20,1.34,62.5,0.13,0.0,0.0,0.0,0.0,0.0,0.0,0.0,0.0,0.0,0.0,0.0,0.0,0.0,0.0,0.0,0.0,0.0
Nayef Aguerd,Morocco,29.0,1996.0,Centre-Back,190.0,2025-06-30,ES1,Real Sociedad de Fútbol S.A.D.,25000000.0,55,96,0,76,36,52,92,27,90,52,0,88,0,0,84,0,52,0,84,https://img.a.transfermarkt.technology/portrait/header/361914-1659355782.jpg?lm=1,21,21,1760,19.6,0.0,0.0,0.0,0,0.0,-0.12,0.0,2.4,0.12,0.01,1.33,-0.1,0.77,0.26,0.0,33.3,3.84,0.05,1213,62.03,87.3,4.45,0.15,0.05,0.0,1.74,0.1,30,1.53,0.66,4.65,0.0,0.0,81.51,5,0.26,52.11,0.36,0.15,0.56,0.0,0.05,3.73,66.7,50.0,61,3.12,65.6,0.26,0.0,0.0,0.0,0.0,0.0,0.0,0.0,0.0,0.0,0.0,0.0,0.0,0.0,0.0,0.0,0.0,0.0
Saïdou Sow,Guinea,22.0,2002.0,Centre-Back,187.0,2025-06-30,FR1,Football Club de Nantes,6000000.0,32,52,66,14,73,62,20,39,17,51,0,16,0,0,5,0,49,0,11,https://img.a.transfermarkt.technology/portrait/header/807128-1732575624.png?lm=1,21,20,1817,20.2,0.05,0.05,0.1,1,0.05,0.0,0.0,0.9,0.04,0.03,0.1,0.4,0.45,0.15,0.11,35.0,1.54,0.1,909,45.02,87.96,1.63,0.1,0.0,0.0,0.05,0.0,26,1.29,1.39,4.11,0.15,0.0,61.72,5,0.25,37.3,0.3,0.25,0.69,0.0,0.15,3.37,56.54,63.36,29,1.44,47.25,0.15,0.0,0.0,0.0,0.0,0.0,0.0,0.0,0.0,0.0,0.0,0.0,0.0,0.0,0.0,0.0,0.0,0.0
Eric Dier,England,31.0,1994.0,Centre-Back,191.0,2025-06-30,L1,FC Bayern München,8000000.0,63,70,90,88,47,42,85,54,61,87,0,82,0,0,75,0,92,0,58,https://img.a.transfermarkt.technology/portrait/header/175722-1665608595.jpg?lm=1,21,16,1463,16.3,0.12,0.06,0.18,2,0.12,0.06,0.0,1.1,0.07,0.01,0.74,0.9,0.55,0.31,0.22,55.6,4.49,0.06,1324,81.45,93.8,8.18,0.31,0.0,0.0,0.43,0.12,19,1.17,1.23,4.74,0.06,0.0,97.87,2,0.12,58.07,0.43,0.12,0.98,0.0,0.0,4.92,65.0,66.7,52,3.2,54.7,0.06,0.0,0.0,0.0,0.0,0.0,0.0,0.0,0.0,0.0,0.0,0.0,0.0,0.0,0.0,0.0,0.0,0.0
Takuma Asano,Japan,30.0,1994.0,Right Winger,173.0,2026-06-30,ES1,Real Club Deportivo Mallorca S.A.D.,2500000.0,29,47,28,5,4,1,5,66,86,98,37,16,0,0,98,0,10,0,9,https://img.a.transfermarkt.technology/portrait/header/245744-1657284052.jpg?lm=1,21,13,1054,11.7,0.17,0.09,0.26,2,0.17,-0.06,0.0,2.7,0.23,0.06,2.39,0.3,2.39,0.68,0.07,28.6,1.71,6.49,148,12.64,67.6,0.68,0.26,0.17,0.0,0.26,1.71,13,1.11,0.51,0.77,0.0,0.17,30.4,6,0.51,17.68,2.31,1.02,0.43,0.0,0.0,3.59,54.5,24.0,5,0.43,16.1,0.0,0.0,0.0,0.0,0.0,0.0,0.0,0.0,0.0,0.0,0.0,0.0,0.0,0.0,0.0,0.0,0.0,0.0
Brajan Gruda,Germany,20.0,2004.0,Right Winger,178.0,2028-06-30,GB1,Brighton and Hove Albion Football Club,25000000.0,28,16,20,57,91,66,37,63,4,88,28,42,0,0,6,0,68,0,50,https://img.a.transfermarkt.technology/portrait/header/700106-1699001685.jpg?lm=1,21,8,687,7.6,0.13,0.52,0.66,1,0.13,-0.03,0.0,1.2,0.16,0.28,2.88,1.9,1.44,0.66,0.09,45.5,3.41,7.47,186,24.37,74.4,1.57,1.57,0.13,0.0,0.26,3.8,16,2.1,0.26,0.66,0.13,0.13,44.67,13,1.7,26.07,1.83,2.75,0.92,0.0,0.0,3.41,50.0,44.8,3,0.39,37.5,0.0,0.0,0.0,0.0,0.0,0.0,0.0,0.0,0.0,0.0,0.0,0.0,0.0,0.0,0.0,0.0,0.0,0.0
Joël Veltman,Netherlands,33.0,1992.0,Right-Back,184.0,2025-06-30,GB1,Brighton and Hove Albion Football Club,7000000.0,43,31,16,58,11,8,43,62,86,19,78,67,0,0,57,0,55,0,64,https://img.a.transfermarkt.technology/portrait/header/111195-1700650522.jpg?lm=1,21,19,1697,18.9,0.0,0.0,0.0,0,0.0,-0.03,0.0,0.5,0.03,0.03,1.7,-0.5,0.32,0.05,0.0,16.7,4.51,1.8,746,39.56,80.2,3.5,0.48,0.27,0.0,0.16,1.27,43,2.28,1.01,3.5,0.0,0.11,60.14,4,0.21,29.06,1.01,0.37,1.43,0.0,0.05,3.61,59.6,26.7,21,1.11,53.8,0.27,0.0,0.0,0.0,0.0,0.0,0.0,0.0,0.0,0.0,0.0,0.0,0.0,0.0,0.0,0.0,0.0,0.0
Soungoutou Magassa,France,21.0,2003.0,Defensive Midfield,190.0,2029-06-30,FR1,Association sportive de Monaco Football Club,12000000.0,47,35,35,66,74,98,31,99,29,1,0,35,0,0,23,0,56,0,18,https://img.a.transfermarkt.technology/portrait/header/745181-1666691600.jpg?lm=1,21,12,1025,11.4,0.0,0.09,0.09,0,0.0,-0.04,0.0,0.5,0.04,0.08,0.53,0.1,0.7,0.26,0.0,37.5,5.53,0.97,540,47.41,84.6,5.88,0.88,0.18,0.0,0.61,0.61,47,4.13,1.84,1.67,0.09,0.0,68.58,15,1.32,33.89,1.05,1.14,2.46,0.0,0.0,7.9,54.3,65.2,13,1.14,38.2,0.44,0.09,0.0,0.0,0.0,0.0,0.0,0.0,0.0,0.0,0.0,0.0,0.0,0.0,0.0,0.0,0.0,0.0
Kirian Rodríguez,Spain,29.0,1996.0,Attacking Midfield,178.0,2028-06-30,ES1,Unión Deportiva Las Palmas S.A.D.,12000000.0,26,12,6,78,22,46,41,71,98,90,23,61,0,0,96,0,89,0,66,https://img.a.transfermarkt.technology/portrait/header/566574-1737366030.jpg?lm=1,21,21,1758,19.5,0.0,0.15,0.15,0,0.0,-0.08,0.0,1.6,0.08,0.08,1.28,1.5,1.08,0.41,0.0,38.1,6.55,2.0,1026,52.53,85.2,5.43,0.72,0.05,0.0,0.2,0.92,33,1.69,0.51,1.08,0.0,0.1,69.47,11,0.56,39.06,1.02,0.72,0.46,0.0,0.0,5.12,51.2,68.8,13,0.67,43.3,0.1,0.0,0.0,0.0,0.0,0.0,0.0,0.0,0.0,0.0,0.0,0.0,0.0,0.0,0.0,0.0,0.0,0.0
Aleksandar Pavlovic,Germany,21.0,2004.0,Defensive Midfield,188.0,2029-06-30,L1,FC Bayern München,50000000.0,48,38,71,95,6,65,88,31,98,90,0,36,0,0,97,0,95,0,41,https://img.a.transfermarkt.technology/portrait/header/792380-1727098078.jpg?lm=1,21,18,1451,16.1,0.06,0.0,0.06,1,0.06,0.02,0.0,0.6,0.04,0.01,0.93,-0.2,0.56,0.25,0.11,44.4,7.94,2.05,1437,89.13,93.3,10.48,0.81,0.06,0.0,0.37,0.31,38,2.36,0.31,0.87,0.0,0.0,102.22,5,0.31,64.2,0.81,0.12,1.05,0.0,0.0,4.47,68.8,100.0,12,0.74,54.5,0.12,0.0,0.0,0.0,0.0,0.0,0.0,0.0,0.0,0.0,0.0,0.0,0.0,0.0,0.0,0.0,0.0,0.0
Henri Koudossou,Germany,25.0,1999.0,Right-Back,180.0,2026-06-30,L1,Fußball-Club Augsburg 1907,1500000.0,44,6,17,39,58,81,58,88,77,80,0,59,0,0,92,0,45,0,59,https://img.a.transfermarkt.technology/portrait/header/515624-1722850046.jpg?lm=1,21,4,748,8.3,0.0,0.0,0.0,0,0.0,-0.01,0.0,0.1,0.01,0.1,2.29,-0.8,0.24,0.0,0.0,0.0,2.77,5.78,283,34.05,78.8,1.2,1.44,0.72,0.0,0.0,2.89,18,2.17,1.8,4.45,0.0,0.0,56.43,8,0.96,26.47,1.68,0.24,0.84,0.0,0.0,4.69,57.9,47.1,8,0.96,53.3,0.12,0.0,0.0,0.0,0.0,0.0,0.0,0.0,0.0,0.0,0.0,0.0,0.0,0.0,0.0,0.0,0.0,0.0
Yeray Álvarez,Spain,30.0,1995.0,Centre-Back,182.0,2026-06-30,ES1,Athletic Club Bilbao,7500000.0,64,33,66,77,36,74,75,86,55,66,0,62,0,0,79,0,40,0,45,https://img.a.transfermarkt.technology/portrait/header/255488-1709675129.png?lm=1,21,20,1781,19.8,0.05,0.0,0.05,1,0.05,0.03,0.0,0.5,0.03,0.01,0.96,-0.2,0.45,0.1,0.11,22.2,5.31,0.0,994,50.23,84.1,4.04,0.15,0.1,0.0,0.81,0.15,25,1.26,1.72,6.52,0.05,0.0,72.01,6,0.3,40.02,0.56,0.35,0.76,0.0,0.0,4.19,68.2,66.7,49,2.48,53.8,0.2,0.0,0.0,0.0,0.0,0.0,0.0,0.0,0.0,0.0,0.0,0.0,0.0,0.0,0.0,0.0,0.0,0.0
Gaetano Castrovilli,Italy,28.0,1997.0,Central Midfield,187.0,2025-06-30,IT1,Associazione Calcio Monza,3500000.0,24,10,4,50,68,55,64,23,64,93,0,2,0,0,96,0,40,0,2,https://img.a.transfermarkt.technology/portrait/header/303116-1730126731.jpg?lm=1,21,8,744,8.2,0.0,0.0,0.0,0,0.0,-0.05,0.0,0.4,0.05,0.13,1.81,-1.1,0.97,0.0,0.0,0.0,4.11,4.11,254,30.73,80.46,2.3,0.6,0.0,0.0,0.36,1.69,17,2.06,0.6,1.21,0.0,0.0,48.87,6,0.73,29.64,1.33,1.57,1.45,0.0,0.0,4.23,40.4,46.25,1,0.12,14.3,0.0,0.0,0.0,0.0,0.0,0.0,0.0,0.0,0.0,0.0,0.0,0.0,0.0,0.0,0.0,0.0,0.0,0.0
Anthony Losilla,France,39.0,1986.0,Defensive Midfield,185.0,2025-06-30,L1,Verein für Leibesübungen Bochum 1848 Fußballgemeinschaft,500000.0,32,3,14,3,27,3,1,58,43,86,67,87,0,0,49,0,7,0,81,https://img.a.transfermarkt.technology/portrait/header/111266-1657283817.jpg?lm=1,21,13,1137,12.6,0.0,0.0,0.0,0,0.0,-0.01,0.0,0.1,0.01,0.03,0.24,-0.4,0.4,0.0,0.0,0.0,3.56,0.87,321,25.41,76.6,1.82,0.71,0.24,0.0,0.08,0.32,30,2.37,1.42,2.14,0.08,0.08,43.3,1,0.08,17.65,0.79,0.55,1.42,0.0,0.0,3.56,51.5,20.0,29,2.3,55.8,0.08,0.0,0.0,0.0,0.0,0.0,0.0,0.0,0.0,0.0,0.0,0.0,0.0,0.0,0.0,0.0,0.0,0.0
Mathys Tel,France,20.0,2005.0,Centre-Forward,183.0,2025-06-30,GB1,Tottenham Hotspur Football Club,40000000.0,29,19,8,85,90,91,92,67,1,53,89,28,0,0,1,0,82,0,55,https://img.a.transfermarkt.technology/portrait/header/801734-1700040486.jpg?lm=1,21,13,1167,12.9,0.15,0.15,0.31,1,0.08,-0.13,0.08,2.9,0.22,0.21,2.62,-0.7,2.47,0.85,0.03,34.65,2.31,8.17,293,22.6,74.99,1.31,1.39,0.39,0.0,0.15,3.01,18,1.39,0.23,0.69,0.15,0.31,43.88,21,1.62,28.84,2.47,1.62,1.47,0.08,0.0,3.62,34.22,35.29,5,0.39,49.12,0.15,0.0,0.0,0.0,0.0,0.0,0.0,0.0,0.0,0.0,0.0,0.0,0.0,0.0,0.0,0.0,0.0,0.0
Matt O'Riley,Denmark,24.0,2000.0,Central Midfield,189.0,2029-06-30,GB1,Brighton and Hove Albion Football Club,22000000.0,45,80,49,49,93,70,71,12,27,79,83,22,0,0,26,0,32,0,26,https://img.a.transfermarkt.technology/portrait/header/406634-1661800636.jpg?lm=1,21,11,938,10.4,0.19,0.19,0.38,1,0.1,-0.08,0.1,2.0,0.19,0.22,2.11,-0.3,2.01,0.58,0.05,28.6,3.65,4.99,316,30.32,76.5,2.88,0.77,0.1,0.0,0.19,4.89,16,1.54,1.25,0.86,0.1,0.1,50.37,8,0.77,26.39,1.82,0.38,1.54,0.1,0.0,2.78,30.8,61.5,5,0.48,38.5,0.1,0.0,0.0,0.0,0.0,0.0,0.0,0.0,0.0,0.0,0.0,0.0,0.0,0.0,0.0,0.0,0.0,0.0
Yan Couto,Brazil,22.0,2002.0,Right-Back,168.0,2025-06-30,L1,Borussia Dortmund,20000000.0,46,29,35,98,57,90,99,63,3,2,0,1,0,0,3,0,83,0,1,https://img.a.transfermarkt.technology/portrait/header/627228-1723922216.jpg?lm=1,21,8,895,9.9,0.0,0.0,0.0,0,0.0,-0.03,0.0,0.3,0.03,0.09,4.63,-0.9,0.6,0.2,0.0,33.3,6.84,8.35,586,58.93,81.1,5.13,2.61,1.01,0.0,0.4,5.33,24,2.41,1.01,3.22,0.2,0.0,85.37,13,1.31,48.57,1.41,0.7,1.21,0.0,0.0,5.53,56.0,39.4,1,0.1,12.5,0.5,0.0,0.0,0.0,0.0,0.0,0.0,0.0,0.0,0.0,0.0,0.0,0.0,0.0,0.0,0.0,0.0,0.0
Fernando Calero,Spain,29.0,1995.0,Centre-Back,184.0,2026-06-30,ES1,Reial Club Deportiu Espanyol de Barcelona S.A.D.,1500000.0,37,28,78,23,13,0,5,99,24,80,0,12,0,0,35,0,19,0,7,https://img.a.transfermarkt.technology/portrait/header/357884-1447238696.jpg?lm=1,21,6,715,7.9,0.13,0.0,0.13,1,0.13,0.09,0.0,0.3,0.04,0.0,0.0,0.0,0.25,0.13,0.5,50.0,2.14,0.25,325,40.91,85.3,2.14,0.13,0.13,0.0,0.5,0.25,18,2.27,2.01,6.29,0.13,0.0,62.69,0,0.0,29.71,0.76,0.0,0.76,0.0,0.0,3.27,66.7,0.0,12,1.51,41.4,0.13,0.0,0.0,0.0,0.0,0.0,0.0,0.0,0.0,0.0,0.0,0.0,0.0,0.0,0.0,0.0,0.0,0.0
Emil Holm,Sweden,25.0,2000.0,Right-Back,191.0,2028-06-30,IT1,Bologna Football Club 1909,8000000.0,53,52,70,64,37,60,78,70,13,35,89,98,0,0,38,0,33,0,95,https://img.a.transfermarkt.technology/portrait/header/496745-1688450376.jpg?lm=1,21,12,1137,12.6,0.08,0.08,0.16,1,0.08,0.03,0.0,0.6,0.05,0.06,2.3,0.3,0.79,0.24,0.1,30.0,3.88,3.4,560,44.33,76.2,3.72,1.11,0.63,0.0,0.87,3.17,34,2.69,0.79,4.04,0.08,0.08,71.95,10,0.79,34.99,2.06,1.11,1.27,0.08,0.0,3.72,64.5,40.0,31,2.45,60.8,0.24,0.0,0.0,0.0,0.0,0.0,0.0,0.0,0.0,0.0,0.0,0.0,0.0,0.0,0.0,0.0,0.0,0.0
Bence Dárdai,Hungary,19.0,2006.0,Attacking Midfield,189.0,,L1,Verein für Leibesübungen Wolfsburg,9000000.0,15,2,14,10,10,4,3,83,41,97,80,55,0,0,34,0,42,0,59,https://img.a.transfermarkt.technology/portrait/header/789252-1695045596.jpg?lm=1,21,16,1304,14.5,0.07,0.07,0.14,1,0.07,0.0,0.0,1.0,0.07,0.07,0.35,0.0,0.76,0.07,0.09,9.1,2.69,1.66,357,24.64,80.2,2.42,0.62,0.14,0.0,0.07,0.69,24,1.66,0.83,1.93,0.07,0.21,41.07,3,0.21,19.81,1.24,0.76,0.62,0.07,0.0,3.59,53.3,25.0,10,0.69,40.0,0.0,0.0,0.0,0.0,0.0,0.0,0.0,0.0,0.0,0.0,0.0,0.0,0.0,0.0,0.0,0.0,0.0,0.0
M'Bala Nzola,Angola,28.0,1996.0,Centre-Forward,185.0,2025-06-30,FR1,Racing Club de Lens,8000000.0,59,83,55,51,28,61,60,38,24,10,15,73,0,0,34,0,64,0,77,https://img.a.transfermarkt.technology/portrait/header/354814-1664974000.jpg?lm=1,21,16,1460,16.2,0.37,0.06,0.43,6,0.37,-0.16,0.0,8.6,0.53,0.08,1.6,-0.3,2.9,1.11,0.13,38.3,1.36,7.27,227,13.99,75.2,0.43,0.55,0.0,0.0,0.06,0.06,5,0.31,0.31,0.43,0.0,0.06,30.21,14,0.86,17.51,3.82,2.9,1.85,0.0,0.0,2.22,33.3,36.8,38,2.34,51.4,0.18,0.06,0.0,0.0,0.0,0.0,0.0,0.0,0.0,0.0,0.0,0.0,0.0,0.0,0.0,0.0,0.0,0.0
Denis Suárez,Spain,31.0,1994.0,Attacking Midfield,176.0,2026-06-30,ES1,Villarreal Club de Fútbol S.A.D.,1300000.0,30,14,24,62,78,88,89,53,84,100,0,1,0,0,100,0,67,0,1,https://img.a.transfermarkt.technology/portrait/header/165007-1687272769.jpg?lm=1,21,7,608,6.8,0.15,0.15,0.3,1,0.15,0.01,0.0,0.9,0.13,0.22,4.0,-0.5,1.48,0.44,0.1,30.0,5.18,3.55,229,33.9,78.4,3.11,1.18,0.44,0.0,0.74,3.7,12,1.78,0.44,0.44,0.0,0.0,53.14,10,1.48,28.87,1.92,1.18,0.15,0.0,0.0,3.55,40.0,62.5,1,0.15,14.3,0.0,0.0,0.0,0.0,0.0,0.0,0.0,0.0,0.0,0.0,0.0,0.0,0.0,0.0,0.0,0.0,0.0,0.0
Derek Cornelius,Canada,27.0,1997.0,Centre-Back,187.0,2028-06-30,FR1,Olympique de Marseille,5000000.0,55,58,3,91,37,0,87,62,88,0,0,66,0,0,45,0,90,0,81,https://img.a.transfermarkt.technology/portrait/header/328609-1618857970.jpg?lm=1,21,17,1420,15.8,0.0,0.0,0.0,0,0.0,-0.06,0.0,0.9,0.06,0.01,0.63,-0.1,0.57,0.06,0.0,11.1,4.31,0.7,1267,80.3,93.4,5.89,0.0,0.0,0.0,0.06,0.25,24,1.52,0.89,3.23,0.0,0.0,94.63,0,0.0,64.14,0.51,0.13,1.58,0.0,0.06,4.25,77.3,0.0,32,2.03,71.1,0.57,0.13,0.0,0.0,0.0,0.0,0.0,0.0,0.0,0.0,0.0,0.0,0.0,0.0,0.0,0.0,0.0,0.0
James Garner,England,24.0,2001.0,Defensive Midfield,182.0,2026-06-30,GB1,Everton Football Club,20000000.0,42,46,32,18,71,30,34,65,88,63,0,22,0,0,91,0,8,0,22,https://img.a.transfermarkt.technology/portrait/header/505219-1662067244.jpg?lm=1,21,17,1594,17.7,0.0,0.06,0.06,0,0.0,-0.04,0.0,0.7,0.04,0.08,0.79,-0.4,0.68,0.23,0.0,33.3,2.82,1.69,611,34.5,76.1,3.39,0.4,0.23,0.0,0.11,3.22,47,2.65,1.24,2.09,0.0,0.0,55.16,7,0.4,26.93,0.9,0.51,1.13,0.0,0.0,4.12,57.5,36.8,11,0.62,45.8,0.28,0.0,0.0,0.0,0.0,0.0,0.0,0.0,0.0,0.0,0.0,0.0,0.0,0.0,0.0,0.0,0.0,0.0
Abakar Sylla,Cote d'Ivoire,22.0,2002.0,Centre-Back,188.0,2028-06-30,FR1,Racing Club de Strasbourg Alsace,12000000.0,45,32,74,34,24,54,19,97,82,10,0,44,0,0,83,0,45,0,42,https://img.a.transfermarkt.technology/portrait/header/962555-1732575720.png?lm=1,21,10,950,10.6,0.09,0.0,0.09,1,0.09,0.06,0.0,0.4,0.04,0.01,0.0,-0.1,0.47,0.09,0.2,20.0,1.99,0.28,583,55.23,88.6,1.99,0.09,0.0,0.0,0.09,0.09,27,2.56,1.04,5.97,0.0,0.0,74.94,3,0.28,40.26,0.47,0.38,1.61,0.0,0.0,3.69,88.2,50.0,20,1.89,57.1,0.19,0.09,0.0,0.0,0.0,0.0,0.0,0.0,0.0,0.0,0.0,0.0,0.0,0.0,0.0,0.0,0.0,0.0
Tommaso Pobega,Italy,25.0,1999.0,Central Midfield,188.0,2025-06-30,IT1,Bologna Football Club 1909,10000000.0,55,72,67,18,65,11,15,98,95,0,88,60,0,0,34,0,40,0,51,https://img.a.transfermarkt.technology/portrait/header/392538-1661767249.jpg?lm=1,21,13,1178,13.1,0.15,0.15,0.31,2,0.15,-0.01,0.0,2.0,0.15,0.11,0.92,0.6,1.83,0.61,0.08,33.3,3.21,1.76,384,29.34,82.1,3.9,0.38,0.23,0.0,0.31,0.61,33,2.52,1.07,1.22,0.0,0.15,46.45,3,0.23,22.39,0.99,0.46,2.52,0.08,0.0,3.44,73.3,37.5,14,1.07,46.7,0.46,0.15,0.0,0.0,0.0,0.0,0.0,0.0,0.0,0.0,0.0,0.0,0.0,0.0,0.0,0.0,0.0,0.0
Ismaël Koné,Canada,22.0,2002.0,Central Midfield,188.0,2025-06-30,FR1,Stade Rennais Football Club,10000000.0,51,19,80,55,86,72,74,90,16,68,55,57,0,0,11,0,77,0,85,https://img.a.transfermarkt.technology/portrait/header/921655-1646130817.jpg?lm=1,21,7,829,9.2,0.22,0.11,0.33,2,0.22,0.16,0.0,0.5,0.05,0.18,1.95,-0.7,1.09,0.33,0.2,50.0,4.34,2.82,332,36.04,85.59,3.04,0.43,0.0,0.0,0.54,0.54,17,1.85,0.87,0.76,0.11,0.11,52.11,8,0.87,32.79,1.52,1.19,1.3,0.0,0.11,3.58,73.09,51.25,4,0.43,64.3,0.11,0.0,0.0,0.0,0.0,0.0,0.0,0.0,0.0,0.0,0.0,0.0,0.0,0.0,0.0,0.0,0.0,0.0
Leny Yoro,France,19.0,2005.0,Centre-Back,190.0,2029-06-30,GB1,Manchester United Football Club,55000000.0,53,46,12,73,38,34,93,85,88,29,0,13,0,0,91,0,86,0,14,https://img.a.transfermarkt.technology/portrait/header/923831-1701768506.jpg?lm=1,21,12,1165,12.9,0.0,0.0,0.0,0,0.0,-0.05,0.0,0.7,0.05,0.01,1.47,-0.1,0.39,0.08,0.0,20.0,4.02,0.31,708,54.7,92.4,3.4,0.39,0.08,0.0,0.08,0.08,29,2.24,1.39,3.32,0.0,0.0,69.06,2,0.15,47.43,0.23,0.31,0.7,0.0,0.0,3.55,68.4,50.0,16,1.24,50.0,0.39,0.0,0.0,0.0,0.0,0.0,0.0,0.0,0.0,0.0,0.0,0.0,0.0,0.0,0.0,0.0,0.0,0.0
Dwight McNeil,England,25.0,1999.0,Attacking Midfield,183.0,2027-06-30,GB1,Everton Football Club,25000000.0,37,9,70,57,99,79,57,30,17,94,36,2,0,0,33,0,54,0,2,https://img.a.transfermarkt.technology/portrait/header/584769-1700651579.jpg?lm=1,21,15,1371,15.2,0.26,0.39,0.66,4,0.26,0.19,0.0,1.1,0.07,0.33,2.49,1.0,1.64,0.66,0.16,40.0,4.53,5.25,461,30.26,74.5,2.63,2.36,0.66,0.0,0.33,6.89,13,0.85,0.39,0.13,0.07,0.13,49.1,24,1.58,29.08,1.71,2.17,0.39,0.0,0.0,4.99,42.9,53.3,3,0.2,15.0,0.07,0.0,0.0,0.0,0.0,0.0,0.0,0.0,0.0,0.0,0.0,0.0,0.0,0.0,0.0,0.0,0.0,0.0
El Chadaille Bitshiabu,France,20.0,2005.0,Centre-Back,196.0,2028-06-30,L1,RasenBallsport Leipzig,12000000.0,43,25,47,82,69,50,41,58,12,44,0,37,0,0,18,0,59,0,35,https://img.a.transfermarkt.technology/portrait/header/787912-1672304780.jpg?lm=1,21,13,1130,12.6,0.0,0.0,0.0,0,0.0,-0.02,0.0,0.3,0.02,0.03,0.32,-0.4,0.4,0.24,0.0,60.0,5.5,0.16,731,58.22,84.4,5.5,0.32,0.0,0.0,0.32,0.32,27,2.15,1.04,7.73,0.16,0.0,84.27,2,0.16,41.1,0.88,0.08,0.64,0.0,0.0,4.38,52.6,66.7,22,1.75,55.0,0.16,0.08,0.0,0.0,0.0,0.0,0.0,0.0,0.0,0.0,0.0,0.0,0.0,0.0,0.0,0.0,0.0,0.0
Florian Grillitsch,Austria,29.0,1995.0,Defensive Midfield,187.0,2025-06-30,ES1,Real Valladolid Club de Fútbol S.A.D.,3000000.0,41,20,43,76,62,96,55,22,39,92,88,28,0,0,60,0,59,0,20,https://img.a.transfermarkt.technology/portrait/header/195736-1691269821.jpg?lm=1,21,15,1224,13.6,0.0,0.0,0.0,0,0.0,-0.02,0.0,0.3,0.02,0.07,0.96,-0.9,0.66,0.22,0.0,50.03,6.03,0.81,650,47.79,84.91,5.0,0.66,0.15,0.0,1.1,0.74,26,1.91,0.88,1.69,0.07,0.15,65.15,16,1.18,36.4,0.74,1.1,0.74,0.0,0.0,5.37,52.7,63.42,12,0.88,41.72,0.15,0.0,0.0,0.0,0.0,0.0,0.0,0.0,0.0,0.0,0.0,0.0,0.0,0.0,0.0,0.0,0.0,0.0
Elye Wahi,France,22.0,2003.0,Centre-Forward,181.0,2030-06-30,L1,Eintracht Frankfurt Fußball AG,25000000.0,45,86,18,53,19,78,54,1,45,26,0,6,0,0,48,0,64,0,3,https://img.a.transfermarkt.technology/portrait/header/659542-1736944991.jpg?lm=1,21,8,770,8.6,0.35,0.12,0.47,2,0.23,-0.5,0.12,6.5,0.76,0.06,1.52,0.5,2.92,1.29,0.08,50.1,1.4,7.01,115,13.44,75.78,1.05,0.35,0.12,0.0,0.12,0.82,0,0.0,0.12,0.12,0.0,0.0,26.53,8,0.94,17.06,2.57,1.87,2.22,0.0,0.0,1.87,0.0,61.25,6,0.7,22.33,0.23,0.0,0.0,0.0,0.0,0.0,0.0,0.0,0.0,0.0,0.0,0.0,0.0,0.0,0.0,0.0,0.0,0.0
Samuele Birindelli,Italy,25.0,1999.0,Right-Back,176.0,2026-06-30,IT1,Associazione Calcio Monza,3000000.0,41,94,93,22,51,38,69,4,11,78,56,4,0,0,22,0,22,0,4,https://img.a.transfermarkt.technology/portrait/header/461019-1613547152.jpg?lm=1,21,18,1468,16.3,0.18,0.0,0.18,3,0.18,0.06,0.0,2.1,0.13,0.09,2.45,-1.4,0.98,0.61,0.19,62.5,2.15,6.13,470,28.81,75.7,1.47,1.29,0.67,0.0,0.06,3.92,22,1.35,0.61,2.08,0.12,0.06,46.41,5,0.31,28.02,1.72,0.8,0.98,0.0,0.0,2.88,42.9,50.0,5,0.31,25.0,0.12,0.0,0.0,0.0,0.0,0.0,0.0,0.0,0.0,0.0,0.0,0.0,0.0,0.0,0.0,0.0,0.0,0.0
Fabian Rieder,Switzerland,23.0,2002.0,Right Winger,179.0,2025-06-30,L1,Verein für Bewegungsspiele Stuttgart 1893,7000000.0,29,20,17,57,68,41,25,78,12,49,90,24,0,0,13,0,41,0,21,https://img.a.transfermarkt.technology/portrait/header/507341-1723707005.jpg?lm=1,21,8,867,9.6,0.1,0.31,0.42,1,0.1,-0.04,0.0,1.4,0.15,0.21,2.08,1.0,2.08,0.73,0.05,35.0,3.94,6.33,281,29.17,70.6,2.7,1.14,0.21,0.0,0.0,4.05,17,1.76,1.04,0.73,0.1,0.31,51.07,9,0.93,26.26,2.18,1.35,1.45,0.1,0.0,4.67,30.4,47.4,4,0.42,23.5,0.1,0.0,0.0,0.0,0.0,0.0,0.0,0.0,0.0,0.0,0.0,0.0,0.0,0.0,0.0,0.0,0.0,0.0
Unai Simón,Spain,27.0,1997.0,Goalkeeper,190.0,2029-06-30,ES1,Athletic Club Bilbao,28000000.0,68,0,0,9,43,0,21,63,4,69,0,70,99,87,14,61,54,80,75,https://img.a.transfermarkt.technology/portrait/header/262396-1709674901.png?lm=1,21,21,1890,21.0,0.0,0.0,0.0,0,0.0,0.0,0.0,0.0,0.0,0.0,0.0,0.0,0.0,0.0,0.0,0.0,0.0,0.0,455,21.67,69.6,0.57,0.0,0.0,15.5,0.0,0.0,0,0.0,0.05,0.67,0.19,0.0,33.52,0,0.0,18.9,0.05,0.05,0.0,0.0,0.0,1.57,0.0,0.0,6,0.29,100.0,0.0,0.0,0.67,2.95,2.24,0.78,2.3,0.11,0.0,0.05,4.33,0.9,79.0,47.6,34.4,36.2,7.6,1.33
Hee-chan Hwang,"Korea, South",29.0,1996.0,Centre-Forward,177.0,2028-06-30,GB1,Wolverhampton Wanderers Football Club,17000000.0,14,0,35,69,1,5,77,56,79,98,0,4,0,0,96,0,77,0,5,https://img.a.transfermarkt.technology/portrait/header/292246-1708341416.jpg?lm=1,21,5,661,7.3,0.27,0.0,0.27,2,0.27,0.16,0.0,0.8,0.11,0.01,2.04,-0.1,0.68,0.41,0.4,60.0,1.63,5.72,166,22.6,81.4,0.95,0.54,0.27,0.0,0.0,1.09,6,0.82,0.27,1.5,0.0,0.0,36.9,2,0.27,21.65,1.91,1.36,0.82,0.0,0.0,3.81,33.3,14.3,3,0.41,25.0,0.0,0.0,0.0,0.0,0.0,0.0,0.0,0.0,0.0,0.0,0.0,0.0,0.0,0.0,0.0,0.0,0.0,0.0
Valentín Barco,Argentina,20.0,2004.0,Left-Back,170.0,2025-06-30,FR1,Racing Club de Strasbourg Alsace,8000000.0,61,58,4,78,73,57,67,95,27,54,56,23,0,0,29,0,74,0,39,https://img.a.transfermarkt.technology/portrait/header/849410-1683292377.jpg?lm=1,21,17,1445,16.1,0.0,0.12,0.12,0,0.0,-0.05,0.0,0.8,0.05,0.13,1.49,-0.1,1.06,0.06,0.0,10.0,4.8,4.24,783,48.77,81.11,4.11,0.75,0.12,0.0,0.37,3.43,51,3.18,0.93,2.06,0.06,0.06,72.5,12,0.75,39.67,1.74,0.87,1.49,0.0,0.06,5.92,75.27,39.52,7,0.44,50.0,0.12,0.0,0.0,0.0,0.0,0.0,0.0,0.0,0.0,0.0,0.0,0.0,0.0,0.0,0.0,0.0,0.0,0.0
Stefan Lainer,Austria,32.0,1992.0,Right-Back,175.0,2026-06-30,L1,Borussia Verein für Leibesübungen 1900 Mönchengladbach,1800000.0,52,29,75,35,69,57,88,99,76,34,0,20,0,0,76,0,43,0,17,https://img.a.transfermarkt.technology/portrait/header/85791-1627997478.jpg?lm=1,21,6,757,8.4,0.12,0.0,0.12,1,0.12,0.08,0.0,0.3,0.04,0.12,2.97,-1.0,0.48,0.12,0.25,25.0,2.97,3.8,356,42.32,77.4,2.5,0.83,0.71,0.0,0.0,3.45,22,2.62,1.43,3.57,0.0,0.0,67.17,5,0.59,34.24,0.83,0.83,1.31,0.0,0.0,2.85,85.7,50.0,5,0.59,35.7,0.24,0.0,0.0,0.0,0.0,0.0,0.0,0.0,0.0,0.0,0.0,0.0,0.0,0.0,0.0,0.0,0.0,0.0
Adrián Bernabé,Spain,24.0,2001.0,Central Midfield,174.0,2027-06-30,IT1,Parma Calcio 1913,15000000.0,44,47,40,81,38,72,89,19,50,98,90,28,0,0,54,0,64,0,47,https://img.a.transfermarkt.technology/portrait/header/466802-1714503707.jpg?lm=1,21,18,1453,16.1,0.06,0.06,0.12,1,0.06,-0.02,0.0,1.3,0.08,0.07,2.29,-0.1,1.67,0.31,0.04,18.5,7.12,1.24,823,50.98,83.6,6.38,1.05,0.25,0.0,0.87,1.8,29,1.8,0.43,1.61,0.06,0.25,70.61,15,0.93,45.71,0.74,0.87,0.56,0.0,0.0,4.46,43.8,45.5,4,0.25,50.0,0.06,0.0,0.0,0.0,0.0,0.0,0.0,0.0,0.0,0.0,0.0,0.0,0.0,0.0,0.0,0.0,0.0,0.0
Álex Muñoz,Spain,30.0,1994.0,Left-Back,187.0,2026-06-30,ES1,Unión Deportiva Las Palmas S.A.D.,1200000.0,42,65,95,29,12,4,8,55,99,25,84,83,0,0,53,0,36,0,74,https://img.a.transfermarkt.technology/portrait/header/243760-1737365855.jpg?lm=1,21,18,1415,15.7,0.19,0.0,0.19,3,0.19,0.13,0.0,0.9,0.06,0.03,0.95,-0.5,0.57,0.32,0.33,55.6,2.86,3.37,618,39.31,79.7,2.16,0.57,0.51,0.0,0.13,1.72,39,2.48,1.02,4.39,0.0,0.13,61.95,2,0.13,25.31,0.64,0.06,1.91,0.0,0.06,2.23,55.3,22.2,24,1.53,53.3,0.19,0.0,0.0,0.0,0.0,0.0,0.0,0.0,0.0,0.0,0.0,0.0,0.0,0.0,0.0,0.0,0.0,0.0
Jaden Philogene,England,23.0,2002.0,Left Winger,181.0,2029-06-30,GB1,Ipswich Town Football Club,18000000.0,29,49,33,9,3,12,14,100,1,1,51,77,0,0,0,0,30,0,92,https://img.a.transfermarkt.technology/portrait/header/665390-1737014900.jpg?lm=1,21,7,806,9.0,0.22,0.0,0.22,2,0.22,-0.06,0.0,2.5,0.28,0.06,2.23,-0.5,2.12,0.56,0.11,41.7,1.56,5.92,158,17.64,72.82,0.89,0.78,0.33,0.0,0.11,1.9,25,2.79,1.45,1.23,0.22,0.22,40.76,9,1.0,22.56,2.01,1.45,2.23,0.0,0.0,4.91,59.2,27.31,5,0.56,62.5,0.56,0.11,0.0,0.0,0.0,0.0,0.0,0.0,0.0,0.0,0.0,0.0,0.0,0.0,0.0,0.0,0.0,0.0
Jérémie Boga,Cote d'Ivoire,28.0,1997.0,Left Winger,172.0,2027-06-30,FR1,Olympique Gymnaste Club Nice Côte d'Azur,12000000.0,41,44,14,64,73,71,80,33,17,100,78,41,0,0,20,0,89,0,60,https://img.a.transfermarkt.technology/portrait/header/216569-1739972645.jpg?lm=1,21,12,1054,11.7,0.09,0.17,0.26,1,0.09,-0.11,0.0,2.3,0.2,0.24,5.46,-0.8,2.56,1.37,0.03,53.3,3.33,6.4,329,28.09,82.7,0.94,1.54,0.34,0.0,0.17,1.79,10,0.85,0.26,0.17,0.09,0.34,45.17,25,2.13,28.86,1.54,1.45,0.09,0.0,0.0,3.76,50.0,39.1,3,0.26,42.9,0.0,0.0,0.0,0.0,0.0,0.0,0.0,0.0,0.0,0.0,0.0,0.0,0.0,0.0,0.0,0.0,0.0,0.0
Adam Obert,Slovakia,22.0,2002.0,Centre-Back,188.0,2029-06-30,IT1,Cagliari Calcio,3000000.0,56,68,72,69,75,64,54,96,2,11,92,47,0,0,14,0,7,0,36,https://img.a.transfermarkt.technology/portrait/header/568333-1695033793.jpg?lm=1,21,13,1077,12.0,0.08,0.08,0.17,1,0.08,0.01,0.0,0.9,0.08,0.03,1.0,0.6,0.75,0.17,0.11,22.2,4.18,1.59,413,34.51,76.9,3.01,0.33,0.08,0.0,0.25,0.92,31,2.59,1.92,4.01,0.17,0.08,59.33,5,0.42,24.9,2.17,0.58,1.84,0.0,0.0,4.93,59.3,35.7,25,2.09,53.2,0.33,0.0,0.0,0.0,0.0,0.0,0.0,0.0,0.0,0.0,0.0,0.0,0.0,0.0,0.0,0.0,0.0,0.0
Lars Ritzka,Germany,27.0,1998.0,Left-Back,185.0,,L1,Fußball-Club St. Pauli von 1910,900000.0,41,39,73,3,5,0,0,96,93,81,73,15,0,0,91,0,3,0,5,https://img.a.transfermarkt.technology/portrait/header/333903-1723631434.jpeg?lm=1,21,11,922,10.2,0.1,0.0,0.1,1,0.1,0.06,0.0,0.4,0.04,0.02,0.78,-0.2,0.78,0.1,0.13,12.5,2.05,3.32,304,29.67,71.5,2.44,0.49,0.2,0.0,0.1,1.85,49,4.78,1.07,4.0,0.0,0.1,55.35,0,0.0,15.72,0.59,0.39,0.98,0.0,0.0,3.42,61.0,0.0,7,0.68,24.1,0.1,0.0,0.0,0.0,0.0,0.0,0.0,0.0,0.0,0.0,0.0,0.0,0.0,0.0,0.0,0.0,0.0,0.0
Bernardo,Brazil,30.0,1995.0,Centre-Back,186.0,2025-06-30,L1,Verein für Leibesübungen Bochum 1848 Fußballgemeinschaft,5500000.0,65,43,25,61,79,41,50,92,6,40,0,99,0,0,9,0,5,0,99,https://img.a.transfermarkt.technology/portrait/header/364258-1691250245.jpg?lm=1,21,19,1782,19.8,0.0,0.0,0.0,0,0.0,-0.04,0.0,0.7,0.04,0.04,0.71,-0.7,0.4,0.1,0.0,25.0,5.05,0.71,730,36.87,73.7,5.0,0.56,0.05,0.0,0.1,0.71,46,2.32,1.31,5.2,0.2,0.0,63.08,3,0.15,31.82,0.56,0.4,1.21,0.0,0.0,4.19,73.0,60.0,90,4.55,67.7,0.25,0.0,0.0,0.0,0.0,0.0,0.0,0.0,0.0,0.0,0.0,0.0,0.0,0.0,0.0,0.0,0.0,0.0
Malang Sarr,France,26.0,1999.0,Centre-Back,183.0,2026-06-30,FR1,Racing Club de Lens,5000000.0,42,19,31,62,50,32,41,58,10,68,0,43,0,0,1,0,71,0,86,https://img.a.transfermarkt.technology/portrait/header/344596-1606395203.png?lm=1,21,15,1385,15.4,0.0,0.0,0.0,0,0.0,-0.02,0.0,0.3,0.02,0.02,0.26,-0.3,0.39,0.06,0.0,16.7,3.51,0.06,854,55.49,89.4,4.03,0.13,0.0,0.0,0.52,0.06,21,1.36,1.43,4.09,0.19,0.0,71.81,2,0.13,43.21,0.26,0.26,0.84,0.0,0.19,4.48,59.3,50.0,18,1.17,78.3,0.0,0.0,0.0,0.0,0.0,0.0,0.0,0.0,0.0,0.0,0.0,0.0,0.0,0.0,0.0,0.0,0.0,0.0
Beñat Turrientes,Spain,23.0,2002.0,Central Midfield,181.0,2030-06-30,ES1,Real Sociedad de Fútbol S.A.D.,16000000.0,19,19,10,62,4,91,61,1,19,30,0,36,0,0,21,0,71,0,27,https://img.a.transfermarkt.technology/portrait/header/634431-1702416501.jpg?lm=1,21,11,942,10.5,0.0,0.0,0.0,0,0.0,-0.06,0.0,0.6,0.06,0.02,1.72,-0.2,0.67,0.1,0.0,14.3,4.01,2.68,405,38.69,89.6,3.82,0.19,0.1,0.0,0.57,1.82,15,1.43,0.48,1.34,0.1,0.0,53.6,13,1.24,30.29,1.91,1.05,1.24,0.0,0.0,4.3,26.7,54.2,10,0.96,35.7,0.38,0.0,0.0,0.0,0.0,0.0,0.0,0.0,0.0,0.0,0.0,0.0,0.0,0.0,0.0,0.0,0.0,0.0
Jesús Rodríguez,Spain,19.0,2005.0,Left Winger,185.0,2029-06-30,ES1,Real Betis Balompié S.A.D.,10000000.0,36,36,30,36,0,76,70,25,55,73,98,18,0,0,77,0,31,0,23,https://img.a.transfermarkt.technology/portrait/header/1190411-1739792761.jpg?lm=1,21,15,1111,12.3,0.16,0.0,0.16,2,0.16,-0.02,0.0,2.3,0.19,0.02,4.29,-0.2,1.86,0.65,0.09,34.8,2.84,8.02,241,19.52,72.8,1.22,1.54,0.16,0.0,0.0,1.46,16,1.3,0.49,0.24,0.0,0.57,43.1,30,2.43,29.24,3.08,1.62,1.38,0.08,0.0,4.7,27.8,35.7,3,0.24,27.3,0.0,0.0,0.0,0.0,0.0,0.0,0.0,0.0,0.0,0.0,0.0,0.0,0.0,0.0,0.0,0.0,0.0,0.0
Patrick Ciurria,Italy,30.0,1995.0,Right Midfield,178.0,2026-06-30,IT1,Associazione Calcio Monza,3000000.0,26,39,39,14,68,29,7,18,61,61,0,11,0,0,86,0,25,0,7,https://img.a.transfermarkt.technology/portrait/header/255838-1695030937.jpg?lm=1,21,12,1111,12.3,0.08,0.08,0.16,1,0.08,0.02,0.0,0.8,0.06,0.19,1.54,-1.3,0.89,0.16,0.09,18.2,2.19,4.21,313,25.36,72.3,1.54,0.65,0.41,0.0,0.16,4.94,22,1.78,0.49,1.78,0.0,0.0,43.91,5,0.41,24.79,1.46,1.13,1.38,0.0,0.0,2.59,36.4,41.7,5,0.41,25.0,0.08,0.0,0.0,0.0,0.0,0.0,0.0,0.0,0.0,0.0,0.0,0.0,0.0,0.0,0.0,0.0,0.0,0.0
Patrick Drewes,Germany,32.0,1993.0,Goalkeeper,194.0,2026-06-30,L1,Verein für Leibesübungen Bochum 1848 Fußballgemeinschaft,800000.0,22,0,0,20,27,0,57,24,76,20,0,31,13,14,48,93,79,84,24,https://img.a.transfermarkt.technology/portrait/header/94192-1721851751.jpg?lm=1,21,21,1890,21.0,0.0,0.0,0.0,0,0.0,0.0,0.0,0.0,0.0,0.0,0.0,0.0,0.0,0.0,0.0,0.0,0.0,0.0,565,26.9,65.7,0.33,0.0,0.0,15.8,0.0,0.0,0,0.0,0.0,0.52,0.05,0.0,43.48,0,0.0,22.81,0.0,0.0,0.05,0.0,0.05,1.71,0.0,0.0,3,0.14,100.0,0.1,0.0,2.19,4.71,2.43,2.01,-3.7,-0.18,0.0,0.1,3.1,0.57,56.6,9.5,37.6,50.1,4.2,1.57
Ola Solbakken,Norway,26.0,1998.0,Right Winger,189.0,2025-06-30,IT1,Empoli Football Club S.r.l.,2500000.0,11,2,7,14,2,36,4,32,93,33,0,73,0,0,66,0,23,0,54,https://img.a.transfermarkt.technology/portrait/header/431811-1673251136.jpg?lm=1,21,8,760,8.4,0.0,0.0,0.0,0,0.0,-0.09,0.0,0.8,0.09,0.05,2.13,-0.4,0.47,0.36,0.0,75.0,2.37,3.79,141,16.7,70.9,1.66,0.59,0.12,0.0,0.59,0.83,7,0.83,0.24,0.95,0.0,0.0,31.03,7,0.83,17.64,1.78,0.95,0.95,0.0,0.0,2.25,50.0,46.7,9,1.07,32.1,0.24,0.0,0.0,0.0,0.0,0.0,0.0,0.0,0.0,0.0,0.0,0.0,0.0,0.0,0.0,0.0,0.0,0.0
Kiliann Sildillia,France,23.0,2002.0,Right-Back,186.0,2026-06-30,L1,Sport-Club Freiburg,10000000.0,41,50,92,29,45,82,23,57,80,29,0,96,0,0,42,0,16,0,83,https://img.a.transfermarkt.technology/portrait/header/548348-1691998588.jpg?lm=1,21,8,801,8.9,0.22,0.0,0.22,2,0.22,0.17,0.0,0.5,0.06,0.08,1.24,-0.7,0.79,0.22,0.29,28.6,3.26,3.82,336,37.75,73.2,2.25,0.67,0.45,0.0,0.11,2.13,17,1.91,1.24,4.27,0.0,0.0,64.72,6,0.67,28.43,0.9,0.67,1.12,0.0,0.11,3.71,53.8,66.7,21,2.36,48.8,0.22,0.0,0.0,0.0,0.0,0.0,0.0,0.0,0.0,0.0,0.0,0.0,0.0,0.0,0.0,0.0,0.0,0.0
Aihen Muñoz,Spain,27.0,1997.0,Left-Back,175.0,2027-06-30,ES1,Real Sociedad de Fútbol S.A.D.,5000000.0,27,17,10,16,4,67,59,39,93,5,0,91,0,0,45,0,5,0,86,https://img.a.transfermarkt.technology/portrait/header/517842-1699007158.jpg?lm=1,21,13,1098,12.2,0.0,0.0,0.0,0,0.0,-0.02,0.0,0.2,0.02,0.02,2.13,-0.3,0.49,0.0,0.0,0.0,3.11,2.3,448,36.72,71.0,3.11,0.25,0.16,0.0,0.08,2.87,24,1.97,1.15,3.85,0.0,0.0,62.54,7,0.57,29.18,0.82,0.25,1.23,0.0,0.08,3.52,50.0,58.3,23,1.89,57.5,0.41,0.0,0.0,0.0,0.0,0.0,0.0,0.0,0.0,0.0,0.0,0.0,0.0,0.0,0.0,0.0,0.0,0.0
Thórir Jóhann Helgason,Iceland,24.0,2000.0,Central Midfield,187.0,2026-06-30,IT1,Unione Sportiva Lecce,2500000.0,35,45,11,12,60,53,36,19,6,99,87,75,0,0,11,0,0,0,65,https://img.a.transfermarkt.technology/portrait/header/488996-1725530709.jpg?lm=1,21,13,1156,12.8,0.0,0.31,0.31,0,0.0,-0.09,0.0,1.2,0.09,0.09,1.56,2.9,1.25,0.39,0.0,31.3,2.96,4.52,254,19.78,64.5,1.79,1.01,0.31,0.0,0.23,5.53,10,0.78,0.47,0.93,0.16,0.23,38.23,8,0.62,17.91,2.02,0.78,0.78,0.0,0.0,3.58,53.8,57.1,17,1.32,50.0,0.0,0.0,0.0,0.0,0.0,0.0,0.0,0.0,0.0,0.0,0.0,0.0,0.0,0.0,0.0,0.0,0.0,0.0
Matías Vecino,Uruguay,33.0,1991.0,Central Midfield,187.0,2025-06-30,IT1,Società Sportiva Lazio S.p.A.,2500000.0,41,83,74,14,96,43,3,1,88,1,0,98,0,0,64,0,56,0,92,https://img.a.transfermarkt.technology/portrait/header/143812-1695026891.jpg?lm=1,20,7,877,9.7,0.21,0.31,0.51,2,0.21,-0.02,0.0,2.2,0.23,0.25,0.41,0.6,1.64,0.41,0.13,25.0,2.98,1.44,322,33.04,81.1,3.28,0.31,0.0,0.0,0.41,0.21,13,1.33,0.51,1.54,0.0,0.0,48.75,1,0.1,23.71,0.62,1.03,2.05,0.0,0.0,2.98,22.2,100.0,30,3.08,51.7,0.72,0.0,0.0,0.0,0.0,0.0,0.0,0.0,0.0,0.0,0.0,0.0,0.0,0.0,0.0,0.0,0.0,0.0
Marin Pongračić,Croatia,27.0,1997.0,Centre-Back,193.0,2029-06-30,IT1,Associazione Calcio Fiorentina,10000000.0,28,10,46,36,29,94,42,23,16,12,0,50,0,0,21,0,53,0,72,https://img.a.transfermarkt.technology/portrait/header/282144-1657202331.jpg?lm=1,20,14,1367,15.2,0.0,0.0,0.0,0,0.0,-0.01,0.0,0.2,0.01,0.01,0.46,-0.2,0.13,0.07,0.0,50.0,2.24,0.33,691,45.49,89.2,2.83,0.2,0.0,0.0,0.33,0.07,18,1.19,0.79,4.54,0.13,0.0,60.7,9,0.59,36.87,0.66,0.46,1.71,0.0,0.0,4.81,63.6,64.3,25,1.65,69.4,0.2,0.07,0.0,0.0,0.0,0.0,0.0,0.0,0.0,0.0,0.0,0.0,0.0,0.0,0.0,0.0,0.0,0.0
Sammie Szmodics,Ireland,29.0,1995.0,Attacking Midfield,168.0,2028-06-30,GB1,Ipswich Town Football Club,12000000.0,40,73,71,5,0,6,6,28,74,28,0,42,0,0,19,0,12,0,40,https://img.a.transfermarkt.technology/portrait/header/292139-1708002780.jpg?lm=1,20,13,992,11.0,0.36,0.0,0.36,4,0.36,0.05,0.0,3.4,0.31,0.02,1.45,-0.2,1.91,1.09,0.19,57.1,1.72,4.26,149,13.52,73.8,1.0,0.36,0.09,0.0,0.0,1.36,16,1.45,0.54,1.27,0.0,0.0,28.94,4,0.36,16.24,2.18,1.54,0.82,0.0,0.09,3.81,26.9,33.3,6,0.54,35.3,0.18,0.0,0.0,0.0,0.0,0.0,0.0,0.0,0.0,0.0,0.0,0.0,0.0,0.0,0.0,0.0,0.0,0.0
Adam Wharton,England,20.0,2004.0,Defensive Midfield,182.0,2029-06-30,GB1,Crystal Palace Football Club,35000000.0,42,33,39,63,96,3,48,39,75,91,0,10,0,0,99,0,35,0,8,https://img.a.transfermarkt.technology/portrait/header/744149-1716297290.jpg?lm=1,20,16,1318,14.6,0.0,0.14,0.14,0,0.0,-0.03,0.0,0.4,0.03,0.2,0.96,-1.0,0.89,0.34,0.0,38.5,7.31,0.75,548,37.42,75.6,5.33,1.23,0.34,0.0,0.07,2.66,34,2.32,1.37,1.84,0.0,0.0,59.48,2,0.14,29.36,1.16,0.89,0.82,0.0,0.0,6.97,38.6,20.0,7,0.48,30.4,0.14,0.0,0.0,0.0,0.0,0.0,0.0,0.0,0.0,0.0,0.0,0.0,0.0,0.0,0.0,0.0,0.0,0.0
Can Uzun,Türkiye,19.0,2005.0,Attacking Midfield,186.0,2029-06-30,L1,Eintracht Frankfurt Fußball AG,18000000.0,57,84,82,70,57,68,38,41,63,66,36,78,0,0,86,0,69,0,95,https://img.a.transfermarkt.technology/portrait/header/816585-1724772468.jpg?lm=1,20,6,675,7.5,0.53,0.13,0.67,4,0.53,0.13,0.0,3.0,0.4,0.15,1.47,-0.1,3.6,1.47,0.15,40.7,5.6,6.0,239,31.87,79.9,3.33,2.4,0.53,0.0,0.13,2.4,10,1.33,0.13,0.4,0.0,0.13,52.67,11,1.47,35.33,2.53,1.87,1.07,0.0,0.0,4.13,50.0,50.0,5,0.67,62.5,0.13,0.0,0.0,0.0,0.0,0.0,0.0,0.0,0.0,0.0,0.0,0.0,0.0,0.0,0.0,0.0,0.0,0.0
Adrien Tamèze,France,31.0,1994.0,Defensive Midfield,182.0,2026-06-30,IT1,Torino Calcio,3500000.0,34,50,31,55,81,37,96,0,19,16,0,74,0,0,5,0,59,0,64,https://img.a.transfermarkt.technology/portrait/header/157507-1663672063.jpg?lm=1,20,9,649,7.2,0.0,0.0,0.0,0,0.0,-0.06,0.0,0.4,0.06,0.11,2.22,-0.8,0.97,0.42,0.0,42.9,3.19,2.91,259,35.92,86.0,1.39,0.83,0.14,0.0,0.0,1.25,5,0.69,1.39,1.11,0.14,0.0,51.03,4,0.55,29.68,1.39,0.42,1.11,0.0,0.14,3.47,10.0,26.7,11,1.53,57.9,0.42,0.0,0.0,0.0,0.0,0.0,0.0,0.0,0.0,0.0,0.0,0.0,0.0,0.0,0.0,0.0,0.0,0.0
Renato Veiga,Portugal,21.0,2003.0,Centre-Back,190.0,2025-06-30,IT1,Juventus Football Club,18000000.0,52,77,12,49,46,74,66,61,98,39,0,67,0,0,91,0,47,0,77,https://img.a.transfermarkt.technology/portrait/header/805714-1676275963.jpg?lm=1,20,13,1274,14.1,0.0,0.07,0.07,0,0.0,-0.08,0.0,1.1,0.08,0.01,0.92,0.9,1.06,0.42,0.0,40.3,3.32,0.21,618,43.66,87.41,2.9,0.21,0.0,0.0,0.28,0.0,26,1.84,1.41,5.86,0.0,0.0,63.16,4,0.28,33.41,0.21,0.0,1.06,0.0,0.0,3.32,53.57,70.0,30,2.12,68.99,0.28,0.0,0.0,0.0,0.0,0.0,0.0,0.0,0.0,0.0,0.0,0.0,0.0,0.0,0.0,0.0,0.0,0.0
Rui Modesto,Angola,25.0,1999.0,Right Midfield,181.0,2029-06-30,IT1,Udinese Calcio,1800000.0,40,32,21,43,36,21,36,96,82,36,0,89,0,0,75,0,36,0,79,https://img.a.transfermarkt.technology/portrait/header/671799-1718958112.jpg?lm=1,20,4,608,6.8,0.0,0.15,0.15,0,0.0,-0.07,0.0,0.5,0.07,0.12,2.37,0.2,0.44,0.3,0.0,66.7,3.26,6.37,231,34.19,74.5,2.22,0.89,0.74,0.0,0.15,3.85,16,2.37,1.18,1.92,0.0,0.0,57.43,3,0.44,24.57,1.33,0.44,1.48,0.0,0.0,3.85,77.8,37.5,10,1.48,41.7,0.15,0.0,0.0,0.0,0.0,0.0,0.0,0.0,0.0,0.0,0.0,0.0,0.0,0.0,0.0,0.0,0.0,0.0
André Gomes,Portugal,31.0,1993.0,Central Midfield,190.0,2026-06-30,FR1,Lille Olympique Sporting Club,8000000.0,28,12,20,90,21,49,71,9,7,52,0,54,0,0,12,0,89,0,70,https://img.a.transfermarkt.technology/portrait/header/221025-1666691237.jpg?lm=1,20,16,1276,14.2,0.0,0.0,0.0,0,0.0,-0.04,0.0,0.5,0.04,0.05,1.27,-0.7,0.78,0.21,0.0,27.3,7.12,1.97,861,60.73,89.4,6.77,1.06,0.07,0.0,0.78,0.78,27,1.9,0.42,0.78,0.14,0.0,76.6,10,0.71,44.58,1.76,1.34,1.69,0.0,0.0,6.49,35.5,41.7,9,0.63,56.3,0.21,0.0,0.0,0.0,0.0,0.0,0.0,0.0,0.0,0.0,0.0,0.0,0.0,0.0,0.0,0.0,0.0,0.0
Mattias Svanberg,Sweden,26.0,1999.0,Central Midfield,185.0,2027-06-30,L1,Verein für Leibesübungen Wolfsburg,12000000.0,50,93,83,3,70,50,4,42,85,46,95,36,0,0,88,0,2,0,30,https://img.a.transfermarkt.technology/portrait/header/342405-1689866072.jpg?lm=1,20,14,1219,13.5,0.22,0.07,0.3,3,0.22,-0.04,0.0,3.6,0.27,0.13,0.81,-0.7,1.55,0.52,0.14,33.3,2.66,2.88,259,19.12,68.7,2.66,0.3,0.07,0.0,0.0,2.58,20,1.48,1.11,1.92,0.0,0.3,38.39,10,0.74,17.35,1.4,0.74,1.18,0.0,0.0,3.54,47.4,40.0,12,0.89,37.5,0.3,0.0,0.0,0.0,0.0,0.0,0.0,0.0,0.0,0.0,0.0,0.0,0.0,0.0,0.0,0.0,0.0,0.0
Jake O'Brien,Ireland,24.0,2001.0,Right-Back,197.0,2028-06-30,GB1,Everton Football Club,15000000.0,30,56,86,14,10,18,1,25,99,34,0,97,0,0,79,0,36,0,93,https://img.a.transfermarkt.technology/portrait/header/711544-1662362868.jpg?lm=1,20,17,1571,17.5,0.11,0.0,0.11,2,0.11,0.07,0.0,0.8,0.05,0.03,0.4,-0.6,0.34,0.17,0.33,50.0,2.86,1.43,574,32.88,79.6,2.35,0.46,0.29,0.0,0.11,1.03,26,1.49,0.23,5.33,0.0,0.0,51.33,4,0.23,22.29,0.29,0.29,0.74,0.0,0.0,2.98,66.7,40.0,41,2.35,57.7,0.29,0.0,0.0,0.0,0.0,0.0,0.0,0.0,0.0,0.0,0.0,0.0,0.0,0.0,0.0,0.0,0.0,0.0
Dayot Upamecano,France,26.0,1998.0,Centre-Back,186.0,2026-06-30,L1,FC Bayern München,50000000.0,73,72,88,98,71,34,95,79,68,33,0,81,0,0,73,0,99,0,67,https://img.a.transfermarkt.technology/portrait/header/344695-1701245272.jpg?lm=1,20,20,1759,19.5,0.1,0.0,0.1,2,0.1,0.04,0.0,1.2,0.06,0.03,0.87,-0.5,0.67,0.31,0.15,46.2,7.01,0.2,1805,92.35,93.9,10.08,0.15,0.05,0.0,0.1,0.31,36,1.84,1.74,2.3,0.05,0.0,107.5,3,0.15,73.68,0.31,0.2,1.02,0.0,0.0,5.88,55.2,50.0,59,3.02,58.4,0.31,0.0,0.0,0.0,0.0,0.0,0.0,0.0,0.0,0.0,0.0,0.0,0.0,0.0,0.0,0.0,0.0,0.0
Romain Faivre,France,26.0,1998.0,Right Midfield,180.0,2025-06-30,FR1,Stade brestois 29,7000000.0,50,82,79,64,75,93,57,29,14,57,100,54,0,0,14,0,89,0,50,https://img.a.transfermarkt.technology/portrait/header/555076-1672831296.jpg?lm=1,20,10,899,10.0,0.3,0.2,0.5,2,0.2,0.04,0.1,1.8,0.18,0.19,2.4,0.1,1.8,0.9,0.11,50.0,4.4,4.91,311,31.13,82.1,3.4,0.8,0.1,0.0,0.0,2.6,13,1.3,0.4,0.3,0.1,0.4,47.95,17,1.7,31.03,1.3,0.7,0.6,0.0,0.0,4.2,50.0,40.5,7,0.7,41.2,0.2,0.0,0.0,0.0,0.0,0.0,0.0,0.0,0.0,0.0,0.0,0.0,0.0,0.0,0.0,0.0,0.0,0.0
Christopher Wooh,Cameroon,23.0,2001.0,Centre-Back,191.0,2026-06-30,FR1,Stade Rennais Football Club,7000000.0,62,77,12,52,30,83,65,84,80,3,100,80,0,0,59,0,48,0,88,https://img.a.transfermarkt.technology/portrait/header/572326-1725959929.jpg?lm=1,20,17,1456,16.2,0.0,0.0,0.0,0,0.0,-0.08,0.0,1.3,0.08,0.01,0.87,-0.1,0.62,0.25,0.0,40.0,3.65,0.12,749,46.3,87.1,3.15,0.12,0.0,0.0,0.12,0.0,36,2.23,1.42,3.89,0.0,0.19,63.54,7,0.43,34.49,0.74,0.25,2.04,0.0,0.06,3.28,66.7,58.3,42,2.6,70.0,0.37,0.06,0.0,0.0,0.0,0.0,0.0,0.0,0.0,0.0,0.0,0.0,0.0,0.0,0.0,0.0,0.0,0.0
Andoni Gorosabel,Spain,28.0,1996.0,Right-Back,174.0,2028-06-30,ES1,Athletic Club Bilbao,5000000.0,44,20,47,48,68,47,11,84,69,19,0,60,0,0,73,0,70,0,43,https://img.a.transfermarkt.technology/portrait/header/289255-1739190147.jpeg?lm=1,20,17,1485,16.5,0.0,0.12,0.12,0,0.0,-0.02,0.0,0.3,0.02,0.11,1.03,0.2,0.12,0.06,0.0,50.0,3.09,3.58,736,44.61,83.3,3.45,0.97,0.61,0.0,0.0,2.48,47,2.85,1.09,3.76,0.0,0.0,65.7,7,0.42,26.18,1.09,0.85,1.45,0.0,0.0,3.39,66.7,50.0,20,1.21,41.7,0.3,0.0,0.0,0.0,0.0,0.0,0.0,0.0,0.0,0.0,0.0,0.0,0.0,0.0,0.0,0.0,0.0,0.0
Danilo D'Ambrosio,Italy,36.0,1988.0,Centre-Back,180.0,2025-06-30,IT1,Associazione Calcio Monza,800000.0,42,44,39,66,76,21,65,72,10,18,0,9,0,0,14,0,54,0,6,https://img.a.transfermarkt.technology/portrait/header/55769-1595925735.jpg?lm=1,20,12,1095,12.2,0.0,0.08,0.08,0,0.0,-0.04,0.0,0.5,0.04,0.03,0.82,0.6,0.74,0.33,0.0,44.4,2.79,1.32,566,46.52,86.8,2.14,0.49,0.16,0.0,0.16,0.74,28,2.3,1.23,2.96,0.16,0.0,63.78,2,0.16,36.41,1.23,0.08,1.48,0.0,0.0,3.78,60.9,28.6,16,1.32,41.0,0.16,0.08,0.0,0.0,0.0,0.0,0.0,0.0,0.0,0.0,0.0,0.0,0.0,0.0,0.0,0.0,0.0,0.0
Alex Scott,England,21.0,2003.0,Central Midfield,178.0,2028-06-30,GB1,Association Football Club Bournemouth,20000000.0,47,38,18,77,57,34,62,83,59,20,97,54,0,0,76,0,67,0,57,https://img.a.transfermarkt.technology/portrait/header/855256-1656922605.jpg?lm=1,20,8,755,8.4,0.0,0.0,0.0,0,0.0,-0.08,0.0,0.7,0.08,0.11,1.79,-0.9,1.79,0.72,0.0,40.0,6.2,3.93,286,34.09,83.6,4.89,0.6,0.12,0.0,0.48,0.83,27,3.22,1.19,1.79,0.0,0.36,57.7,6,0.72,29.44,2.62,0.95,2.03,0.0,0.0,6.2,45.2,23.1,7,0.83,50.0,0.36,0.0,0.0,0.0,0.0,0.0,0.0,0.0,0.0,0.0,0.0,0.0,0.0,0.0,0.0,0.0,0.0,0.0
Dennis Geiger,Germany,26.0,1998.0,Central Midfield,173.0,2027-06-30,L1,Turn- und Sportgemeinschaft 1899 Hoffenheim Fußball-Spielbetriebs,3000000.0,31,4,21,57,28,36,53,89,20,2,59,11,0,0,4,0,68,0,13,https://img.a.transfermarkt.technology/portrait/header/251309-1723921207.jpg?lm=1,20,7,734,8.2,0.0,0.0,0.0,0,0.0,-0.02,0.0,0.2,0.02,0.06,1.47,-0.5,0.61,0.12,0.0,20.0,4.54,2.57,316,38.75,87.3,3.92,1.1,0.12,0.0,0.0,0.61,24,2.94,0.86,0.74,0.12,0.12,54.07,4,0.49,31.76,1.1,0.98,3.19,0.0,0.12,4.29,63.2,50.0,2,0.25,33.3,0.49,0.0,0.0,0.0,0.0,0.0,0.0,0.0,0.0,0.0,0.0,0.0,0.0,0.0,0.0,0.0,0.0,0.0
Mattia Felici,Italy,24.0,2001.0,Left Winger,182.0,2027-06-30,IT1,Cagliari Calcio,3000000.0,14,2,7,14,22,49,46,63,13,14,22,65,0,0,2,0,15,0,65,https://img.a.transfermarkt.technology/portrait/header/600041-1730125232.jpg?lm=1,20,9,925,10.3,0.0,0.29,0.29,0,0.0,-0.06,0.0,0.6,0.06,0.1,3.79,2.0,0.97,0.58,0.0,60.0,1.85,7.3,188,18.29,67.9,1.17,0.29,0.0,0.0,0.19,2.43,17,1.65,0.68,0.68,0.1,0.1,41.06,19,1.85,25.2,2.53,0.97,1.75,0.0,0.1,4.96,36.4,33.3,7,0.68,41.2,0.1,0.0,0.0,0.0,0.0,0.0,0.0,0.0,0.0,0.0,0.0,0.0,0.0,0.0,0.0,0.0,0.0,0.0
Khalil Fayad,Morocco,20.0,2004.0,Central Midfield,172.0,2027-06-30,FR1,Montpellier Hérault Sport Club,4000000.0,45,52,1,60,8,95,77,79,25,15,77,68,0,0,23,0,37,0,81,https://img.a.transfermarkt.technology/portrait/header/782630-1702663427.JPG?lm=1,20,10,1028,11.4,0.0,0.0,0.0,0,0.0,-0.11,0.0,1.3,0.11,0.03,2.19,-0.3,1.49,0.26,0.0,17.6,4.38,3.68,426,37.3,82.9,3.06,0.44,0.18,0.0,0.35,1.75,31,2.71,0.88,1.31,0.09,0.18,58.04,17,1.49,29.77,1.58,1.14,1.84,0.0,0.0,6.48,53.6,44.7,9,0.79,60.0,0.44,0.0,0.0,0.0,0.0,0.0,0.0,0.0,0.0,0.0,0.0,0.0,0.0,0.0,0.0,0.0,0.0,0.0
Mert Kömür,Germany,19.0,2005.0,Attacking Midfield,183.0,2027-06-30,L1,Fußball-Club Augsburg 1907,5000000.0,28,20,51,11,70,87,48,1,2,67,41,84,0,0,5,0,18,0,70,https://img.a.transfermarkt.technology/portrait/header/777005-1723534018.jpg?lm=1,20,5,654,7.3,0.28,0.14,0.41,2,0.28,0.12,0.0,1.1,0.15,0.21,2.48,-0.5,1.79,0.96,0.15,53.8,1.51,6.33,159,21.88,71.9,0.41,0.28,0.14,0.0,0.0,3.58,3,0.41,0.41,0.96,0.14,0.14,43.07,12,1.65,25.46,3.03,3.17,0.96,0.0,0.0,4.4,0.0,54.5,11,1.51,37.9,0.14,0.0,0.0,0.0,0.0,0.0,0.0,0.0,0.0,0.0,0.0,0.0,0.0,0.0,0.0,0.0,0.0,0.0
Jacopo Fazzini,Italy,22.0,2003.0,Central Midfield,178.0,2027-06-30,IT1,Empoli Football Club S.r.l.,8000000.0,53,89,90,22,9,96,63,48,38,35,99,63,0,0,68,0,3,0,45,https://img.a.transfermarkt.technology/portrait/header/691482-1673249779.jpg?lm=1,20,16,1383,15.4,0.26,0.07,0.33,4,0.26,0.05,0.0,3.2,0.21,0.03,2.08,0.5,1.69,0.59,0.15,34.6,3.19,5.66,306,19.91,71.5,1.76,0.59,0.0,0.0,0.0,2.08,32,2.08,0.39,1.56,0.0,0.46,41.58,23,1.5,23.49,2.47,2.15,1.5,0.0,0.0,4.49,56.5,48.9,19,1.24,43.2,0.07,0.07,0.0,0.0,0.0,0.0,0.0,0.0,0.0,0.0,0.0,0.0,0.0,0.0,0.0,0.0,0.0,0.0
Rafa Mir,Spain,27.0,1997.0,Centre-Forward,191.0,2025-06-30,ES1,Valencia Club de Fútbol S. A. D.,800000.0,26,35,7,55,44,5,45,91,91,17,0,35,0,0,45,0,59,0,32,https://img.a.transfermarkt.technology/portrait/header/361254-1720020544.jpg?lm=1,20,5,753,8.4,0.12,0.24,0.36,1,0.12,-0.24,0.0,3.0,0.36,0.08,1.2,1.3,3.23,0.84,0.04,25.9,2.39,3.35,144,17.21,72.0,1.79,0.48,0.24,0.0,0.12,0.84,12,1.43,0.6,1.08,0.0,0.0,35.14,2,0.24,17.33,1.43,0.96,1.55,0.0,0.0,2.15,33.3,14.3,12,1.43,36.4,0.48,0.0,0.0,0.0,0.0,0.0,0.0,0.0,0.0,0.0,0.0,0.0,0.0,0.0,0.0,0.0,0.0,0.0
Pasquale Mazzocchi,Italy,29.0,1995.0,Right-Back,183.0,2027-06-30,IT1,Società Sportiva Calcio Napoli,3000000.0,30,29,26,38,22,94,69,22,42,12,84,24,0,0,71,0,45,0,22,https://img.a.transfermarkt.technology/portrait/header/250153-1725529479.jpg?lm=1,20,7,702,7.8,0.0,0.0,0.0,0,0.0,-0.04,0.0,0.3,0.04,0.05,2.56,-0.4,0.38,0.13,0.0,33.3,2.95,5.51,244,31.28,80.3,0.77,1.03,0.38,0.0,0.0,1.67,15,1.92,0.64,3.21,0.0,0.13,49.36,10,1.28,26.41,1.67,1.41,1.15,0.0,0.0,3.97,53.3,58.8,5,0.64,38.5,0.38,0.0,0.0,0.0,0.0,0.0,0.0,0.0,0.0,0.0,0.0,0.0,0.0,0.0,0.0,0.0,0.0,0.0
Ibrahim Sissoko,Mali,29.0,1995.0,Centre-Forward,192.0,2026-06-30,FR1,Association sportive de Saint-Étienne Loire,2000000.0,29,36,20,24,26,12,53,65,40,16,93,66,0,0,39,0,22,0,49,https://img.a.transfermarkt.technology/portrait/header/484888-1727721906.jpg?lm=1,20,8,819,9.1,0.33,0.11,0.44,2,0.22,-0.14,0.11,3.5,0.38,0.07,1.54,0.4,2.31,0.44,0.1,19.0,1.32,3.96,118,12.97,66.3,0.99,0.11,0.0,0.0,0.22,0.33,11,1.21,0.22,1.43,0.0,0.44,32.64,3,0.33,16.37,3.74,1.43,4.07,0.0,0.0,2.53,40.0,27.3,26,2.86,38.2,0.11,0.0,0.0,0.0,0.0,0.0,0.0,0.0,0.0,0.0,0.0,0.0,0.0,0.0,0.0,0.0,0.0,0.0
Fisayo Dele-Bashiru,Nigeria,24.0,2001.0,Attacking Midfield,186.0,2028-06-30,IT1,Società Sportiva Lazio S.p.A.,8000000.0,24,11,64,38,19,78,35,16,81,95,0,10,0,0,98,0,85,0,9,https://img.a.transfermarkt.technology/portrait/header/530742-1683029896.jpg?lm=1,20,12,947,10.5,0.29,0.1,0.38,3,0.29,0.18,0.0,1.1,0.1,0.08,2.19,0.2,1.52,0.48,0.19,31.3,2.47,5.42,315,29.94,87.7,2.19,0.38,0.1,0.0,0.0,0.67,10,0.95,0.38,0.48,0.0,0.0,41.44,14,1.33,24.42,1.52,1.62,0.76,0.0,0.0,4.56,33.3,63.6,3,0.29,18.8,0.0,0.0,0.0,0.0,0.0,0.0,0.0,0.0,0.0,0.0,0.0,0.0,0.0,0.0,0.0,0.0,0.0,0.0
Senny Mayulu,France,19.0,2006.0,Central Midfield,183.0,2027-06-30,FR1,Paris Saint-Germain Football Club,10000000.0,60,94,72,87,95,97,95,69,36,60,85,0,0,0,86,0,94,0,0,https://img.a.transfermarkt.technology/portrait/header/903693-1716562599.jpg?lm=1,20,8,808,9.0,0.22,0.22,0.45,2,0.22,-0.1,0.0,2.9,0.32,0.23,3.23,-0.1,2.78,0.89,0.08,32.0,5.12,6.24,404,45.0,87.8,3.56,1.56,0.11,0.0,0.45,1.0,25,2.78,0.56,1.34,0.0,0.22,65.94,15,1.67,37.98,2.34,2.34,2.23,0.0,0.0,3.56,57.1,45.5,1,0.11,9.1,0.11,0.0,0.0,0.0,0.0,0.0,0.0,0.0,0.0,0.0,0.0,0.0,0.0,0.0,0.0,0.0,0.0,0.0
Fredrik Jensen,Finland,27.0,1997.0,Attacking Midfield,183.0,2025-06-30,L1,Fußball-Club Augsburg 1907,3500000.0,17,1,0,17,13,42,30,85,85,99,72,45,0,0,99,0,6,0,35,https://img.a.transfermarkt.technology/portrait/header/249157-1722850499.jpg?lm=1,20,9,763,8.5,0.0,0.0,0.0,0,0.0,-0.08,0.0,0.7,0.08,0.08,1.89,-0.7,1.3,0.0,0.0,0.0,2.36,6.84,157,18.52,69.5,0.94,0.83,0.35,0.0,0.12,2.36,7,0.83,0.47,2.01,0.0,0.24,37.51,7,0.83,22.41,1.89,1.18,0.59,0.0,0.0,1.77,80.0,53.8,6,0.71,31.6,0.0,0.0,0.0,0.0,0.0,0.0,0.0,0.0,0.0,0.0,0.0,0.0,0.0,0.0,0.0,0.0,0.0,0.0
Alessio Zerbin,Italy,26.0,1999.0,Left Winger,182.0,2025-06-30,IT1,Venezia Football Club,4000000.0,22,15,13,28,25,29,29,100,29,13,39,65,0,0,23,0,13,0,71,https://img.a.transfermarkt.technology/portrait/header/433584-1641998849.jpg?lm=1,20,17,1520,16.9,0.06,0.06,0.12,1,0.06,-0.05,0.0,1.9,0.11,0.12,3.14,-1.1,0.95,0.36,0.06,37.5,3.2,4.2,400,23.68,65.4,1.54,1.24,0.59,0.0,0.24,4.38,53,3.14,0.89,1.48,0.06,0.18,51.39,21,1.24,22.68,2.19,1.12,2.13,0.0,0.0,4.09,57.47,33.3,10,0.59,45.5,0.24,0.0,0.0,0.0,0.0,0.0,0.0,0.0,0.0,0.0,0.0,0.0,0.0,0.0,0.0,0.0,0.0,0.0
Jesper Karlsson,Sweden,26.0,1998.0,Left Winger,179.0,2025-06-30,IT1,Unione Sportiva Lecce,4500000.0,19,19,20,28,13,58,13,0,77,5,0,23,0,0,15,0,27,0,24,https://img.a.transfermarkt.technology/portrait/header/367992-1739281929.jpg?lm=1,20,9,793,8.8,0.23,0.0,0.23,1,0.11,-0.02,0.11,1.4,0.16,0.09,1.93,-0.8,1.7,0.68,0.07,40.7,2.04,7.15,181,20.54,71.39,1.02,1.25,0.57,0.0,0.23,3.63,4,0.45,0.0,0.79,0.0,0.0,37.45,8,0.91,23.61,1.82,1.7,1.13,0.0,0.11,2.27,18.75,58.35,3,0.34,26.97,0.34,0.0,0.0,0.0,0.0,0.0,0.0,0.0,0.0,0.0,0.0,0.0,0.0,0.0,0.0,0.0,0.0,0.0
Lisandro Martínez,Argentina,27.0,1998.0,Centre-Back,175.0,2027-06-30,GB1,Manchester United Football Club,45000000.0,64,76,88,92,94,86,90,80,74,21,0,8,0,0,71,0,95,0,18,https://img.a.transfermarkt.technology/portrait/header/480762-1680681507.jpg?lm=1,20,20,1751,19.5,0.1,0.05,0.15,2,0.1,0.04,0.0,1.3,0.07,0.06,1.18,-0.1,0.87,0.31,0.12,35.3,6.01,0.36,1200,61.68,89.4,4.68,0.93,0.1,0.0,0.15,0.46,40,2.06,1.64,2.93,0.05,0.0,78.33,6,0.31,52.27,0.05,0.15,1.13,0.0,0.0,4.16,58.3,85.7,16,0.82,55.2,0.36,0.0,0.0,0.0,0.0,0.0,0.0,0.0,0.0,0.0,0.0,0.0,0.0,0.0,0.0,0.0,0.0,0.0
Nicolas Höfler,Germany,35.0,1990.0,Defensive Midfield,181.0,,L1,Sport-Club Freiburg,700000.0,39,9,9,17,4,79,1,97,22,41,78,99,0,0,33,0,46,0,98,https://img.a.transfermarkt.technology/portrait/header/55099-1658412737.jpg?lm=1,20,7,794,8.8,0.0,0.0,0.0,0,0.0,-0.02,0.0,0.2,0.02,0.01,0.11,-0.1,0.45,0.0,0.0,0.0,3.4,0.34,325,36.84,86.4,3.51,0.45,0.0,0.0,0.0,0.11,33,3.74,1.59,3.17,0.11,0.11,54.63,4,0.45,22.56,1.13,1.13,1.36,0.0,0.0,3.06,64.5,100.0,28,3.17,65.1,0.34,0.0,0.0,0.0,0.0,0.0,0.0,0.0,0.0,0.0,0.0,0.0,0.0,0.0,0.0,0.0,0.0,0.0
Jack Grealish,England,29.0,1995.0,Left Winger,180.0,2027-06-30,GB1,Manchester City Football Club,35000000.0,27,14,18,98,65,63,100,24,6,20,27,4,0,0,6,0,99,0,4,https://img.a.transfermarkt.technology/portrait/header/203460-1676499047.jpg?lm=1,20,7,721,8.0,0.12,0.12,0.25,1,0.12,-0.01,0.0,1.1,0.14,0.22,8.61,-0.8,1.87,0.62,0.07,33.3,6.49,14.73,382,47.68,87.6,2.87,2.0,0.0,0.0,0.0,2.5,9,1.12,0.25,0.75,0.12,0.12,65.03,13,1.62,46.93,1.25,2.0,0.62,0.0,0.0,3.25,40.0,44.8,1,0.12,12.5,0.37,0.0,0.0,0.0,0.0,0.0,0.0,0.0,0.0,0.0,0.0,0.0,0.0,0.0,0.0,0.0,0.0,0.0
Allan Nyom,Cameroon,37.0,1988.0,Right-Back,189.0,2025-06-30,ES1,Getafe Club de Fútbol S.A.D. Team Dubai,400000.0,37,52,73,4,20,39,1,78,72,2,95,31,0,0,33,0,30,0,17,https://img.a.transfermarkt.technology/portrait/header/111508-1541162382.jpg?lm=1,20,10,887,9.9,0.1,0.2,0.3,1,0.1,0.05,0.0,0.5,0.05,0.03,0.51,1.7,0.91,0.41,0.11,44.4,2.23,2.13,280,28.41,79.5,2.33,0.51,0.41,0.0,0.0,1.52,18,1.83,0.41,2.33,0.0,0.2,44.95,4,0.41,20.9,1.62,0.41,1.83,0.0,0.1,3.25,88.2,44.4,8,0.81,33.3,0.41,0.0,0.0,0.0,0.0,0.0,0.0,0.0,0.0,0.0,0.0,0.0,0.0,0.0,0.0,0.0,0.0,0.0
Ignace Van der Brempt,Belgium,23.0,2002.0,Right-Back,187.0,2028-06-30,IT1,Calcio Como,4000000.0,49,42,34,28,20,79,35,94,65,37,96,74,0,0,76,0,48,0,70,https://img.a.transfermarkt.technology/portrait/header/490423-1692996873.png?lm=1,20,14,1257,14.0,0.0,0.07,0.07,0,0.0,-0.04,0.0,0.5,0.04,0.04,1.36,0.5,0.5,0.21,0.0,42.9,3.01,2.43,551,39.45,81.1,2.29,0.43,0.21,0.0,0.14,1.43,40,2.86,1.22,2.43,0.0,0.21,60.21,13,0.93,30.93,1.5,0.72,1.5,0.0,0.0,4.22,72.7,46.4,18,1.29,54.5,0.21,0.0,0.0,0.0,0.0,0.0,0.0,0.0,0.0,0.0,0.0,0.0,0.0,0.0,0.0,0.0,0.0,0.0
Marcus Coco,Guadeloupe,28.0,1996.0,Right-Back,184.0,2025-06-30,FR1,Football Club de Nantes,1500000.0,30,5,17,37,66,12,19,55,81,0,0,87,0,0,27,0,57,0,81,https://img.a.transfermarkt.technology/portrait/header/353365-1704213736.jpg?lm=1,20,10,951,10.6,0.0,0.09,0.09,0,0.0,-0.01,0.0,0.1,0.01,0.11,1.14,-0.2,0.19,0.0,0.0,0.0,3.22,3.79,384,36.34,79.5,2.93,0.95,0.57,0.0,0.0,2.65,27,2.56,1.04,4.35,0.0,0.0,57.54,3,0.28,28.11,1.04,0.57,2.84,0.0,0.0,3.97,51.6,30.0,17,1.61,56.7,0.28,0.19,0.0,0.0,0.0,0.0,0.0,0.0,0.0,0.0,0.0,0.0,0.0,0.0,0.0,0.0,0.0,0.0
Arthur,Brazil,22.0,2003.0,Right-Back,174.0,2028-06-30,L1,Bayer 04 Leverkusen Fußball,7000000.0,24,5,17,50,28,25,44,29,63,24,0,65,0,0,34,0,36,0,50,https://img.a.transfermarkt.technology/portrait/header/977464-1689709842.jpg?lm=1,20,7,752,8.4,0.0,0.12,0.12,0,0.0,-0.01,0.0,0.1,0.01,0.05,1.8,0.6,0.12,0.0,0.0,0.0,2.99,6.34,306,36.62,78.9,2.39,0.84,0.12,0.0,0.0,1.91,14,1.68,1.08,3.47,0.0,0.0,60.8,5,0.6,28.96,1.56,0.72,2.39,0.0,0.12,3.71,50.0,20.8,10,1.2,45.5,0.12,0.0,0.0,0.0,0.0,0.0,0.0,0.0,0.0,0.0,0.0,0.0,0.0,0.0,0.0,0.0,0.0,0.0
Pierre Lees-Melou,France,32.0,1993.0,Defensive Midfield,185.0,2027-06-30,FR1,Stade brestois 29,7000000.0,55,80,86,90,92,73,84,21,78,23,94,7,0,0,82,0,82,0,10,https://img.a.transfermarkt.technology/portrait/header/377393-1710182831.jpg?lm=1,20,17,1526,17.0,0.12,0.12,0.24,2,0.12,0.04,0.0,1.3,0.08,0.17,1.36,-0.8,1.3,0.47,0.09,36.4,6.19,2.12,902,53.2,85.3,6.49,0.77,0.24,0.0,1.24,1.3,48,2.83,0.71,1.36,0.0,0.18,72.42,12,0.71,41.11,1.47,0.47,1.89,0.0,0.0,7.37,46.3,57.1,4,0.24,36.4,0.41,0.0,0.0,0.0,0.0,0.0,0.0,0.0,0.0,0.0,0.0,0.0,0.0,0.0,0.0,0.0,0.0,0.0
Timothée Pembélé,France,22.0,2002.0,Right-Back,183.0,2025-06-30,FR1,Le Havre Athletic Club,2500000.0,51,82,69,45,2,93,64,62,57,49,91,39,0,0,84,0,49,0,32,https://img.a.transfermarkt.technology/portrait/header/538998-1602848514.jpg?lm=1,20,12,1113,12.4,0.08,0.0,0.08,1,0.08,-0.02,0.0,1.3,0.11,0.01,2.18,-0.1,0.65,0.24,0.13,37.5,3.48,3.56,424,34.29,81.5,2.02,0.57,0.24,0.0,0.16,2.26,30,2.43,0.89,3.4,0.0,0.16,54.99,15,1.21,29.76,1.54,0.97,0.73,0.0,0.0,3.72,60.9,51.7,10,0.81,41.7,0.24,0.0,0.0,0.0,0.0,0.0,0.0,0.0,0.0,0.0,0.0,0.0,0.0,0.0,0.0,0.0,0.0,0.0
Albert Grønbaek,Denmark,24.0,2001.0,Central Midfield,181.0,2025-06-30,GB1,Southampton Football Club,12000000.0,40,70,74,11,49,69,69,6,32,91,79,43,0,0,98,0,0,0,54,https://img.a.transfermarkt.technology/portrait/header/503866-1729079861.jpg?lm=1,20,11,956,10.6,0.19,0.09,0.28,2,0.19,0.04,0.0,1.6,0.15,0.09,2.26,0.0,2.26,0.85,0.08,40.9,2.92,5.74,168,15.82,63.53,1.04,1.22,0.0,0.0,0.09,2.73,25,2.35,0.38,0.66,0.0,0.19,39.92,11,1.04,22.22,3.58,1.79,0.94,0.0,0.0,2.82,34.79,29.7,6,0.56,51.13,0.09,0.0,0.0,0.0,0.0,0.0,0.0,0.0,0.0,0.0,0.0,0.0,0.0,0.0,0.0,0.0,0.0,0.0
Gabriel Osho,Nigeria,26.0,1998.0,Centre-Back,185.0,2025-06-30,FR1,Association de la Jeunesse auxerroise,3000000.0,32,59,67,25,25,52,40,15,90,81,0,25,0,0,94,0,49,0,56,https://img.a.transfermarkt.technology/portrait/header/364409-1684493913.jpg?lm=1,20,20,1654,18.4,0.05,0.0,0.05,1,0.05,0.0,0.0,1.0,0.05,0.01,0.65,-0.1,0.38,0.16,0.14,42.9,2.34,0.11,669,36.4,88.8,2.67,0.0,0.0,0.0,0.33,0.16,23,1.25,0.65,4.73,0.0,0.0,51.37,4,0.22,29.33,0.38,0.16,0.6,0.0,0.0,2.83,65.0,57.1,19,1.03,67.9,0.05,0.05,0.0,0.0,0.0,0.0,0.0,0.0,0.0,0.0,0.0,0.0,0.0,0.0,0.0,0.0,0.0,0.0
Orel Mangala,Belgium,27.0,1998.0,Defensive Midfield,178.0,2025-06-30,GB1,Everton Football Club,20000000.0,40,77,70,27,32,88,10,53,42,71,64,14,0,0,52,0,63,0,16,https://img.a.transfermarkt.technology/portrait/header/289592-1657181518.jpg?lm=1,20,15,1328,14.7,0.07,0.0,0.07,1,0.07,-0.01,0.0,1.2,0.08,0.04,0.47,-0.6,1.15,0.41,0.06,37.5,2.78,1.49,466,31.58,89.29,3.73,0.54,0.07,0.0,0.07,0.47,17,1.15,1.42,1.69,0.07,0.07,44.93,14,0.95,21.96,0.81,0.81,1.63,0.0,0.0,3.73,58.82,58.3,6,0.41,42.9,0.14,0.0,0.0,0.0,0.0,0.0,0.0,0.0,0.0,0.0,0.0,0.0,0.0,0.0,0.0,0.0,0.0,0.0
Lautaro Valenti,Argentina,26.0,1999.0,Centre-Back,188.0,2027-06-30,IT1,Parma Calcio 1913,1500000.0,22,13,71,8,25,24,15,34,65,6,0,19,0,0,55,0,16,0,23,https://img.a.transfermarkt.technology/portrait/header/625202-1725530168.jpg?lm=1,20,18,1556,17.3,0.06,0.0,0.06,1,0.06,0.05,0.0,0.2,0.01,0.01,0.17,-0.2,0.4,0.12,0.14,28.6,1.62,0.17,701,40.55,84.5,1.5,0.17,0.06,0.0,0.06,0.12,17,0.98,0.75,5.44,0.06,0.0,58.42,1,0.06,32.1,0.52,0.0,1.39,0.0,0.0,2.78,77.8,50.0,24,1.39,53.3,0.35,0.06,0.0,0.0,0.0,0.0,0.0,0.0,0.0,0.0,0.0,0.0,0.0,0.0,0.0,0.0,0.0,0.0
Amine Adli,Morocco,25.0,2000.0,Left Winger,180.0,2028-06-30,L1,Bayer 04 Leverkusen Fußball,22000000.0,45,59,32,72,10,70,71,18,92,8,100,97,0,0,51,0,39,0,93,https://img.a.transfermarkt.technology/portrait/header/532776-1689710574.jpg?lm=1,20,6,766,8.5,0.23,0.0,0.23,2,0.23,-0.08,0.0,2.7,0.32,0.08,4.35,-0.7,2.35,0.82,0.1,35.0,2.82,11.75,267,31.37,74.2,1.06,1.76,0.47,0.0,0.23,3.88,15,1.76,0.0,0.47,0.0,0.47,54.99,15,1.76,29.14,2.35,0.7,1.76,0.23,0.0,3.52,36.4,46.9,21,2.47,44.7,0.35,0.0,0.0,0.0,0.0,0.0,0.0,0.0,0.0,0.0,0.0,0.0,0.0,0.0,0.0,0.0,0.0,0.0
Mattia Bani,Italy,31.0,1993.0,Centre-Back,188.0,2026-06-30,IT1,Genoa Cricket and Football Club,2000000.0,32,71,14,17,22,25,29,48,34,82,0,14,0,0,41,0,32,0,12,https://img.a.transfermarkt.technology/portrait/header/176139-1595917932.jpg?lm=1,20,19,1507,16.7,0.0,0.0,0.0,0,0.0,-0.07,0.0,1.2,0.07,0.01,0.36,-0.2,0.48,0.18,0.0,37.5,1.49,0.18,768,45.87,87.4,1.07,0.12,0.06,0.0,0.18,0.24,19,1.13,1.31,5.08,0.12,0.0,62.59,2,0.12,33.32,0.24,0.18,0.42,0.0,0.0,3.58,63.6,40.0,22,1.31,48.9,0.18,0.0,0.0,0.0,0.0,0.0,0.0,0.0,0.0,0.0,0.0,0.0,0.0,0.0,0.0,0.0,0.0,0.0
Oscar Højlund,Denmark,20.0,2005.0,Central Midfield,187.0,2029-06-30,L1,Eintracht Frankfurt Fußball AG,7500000.0,43,43,53,69,73,88,80,53,9,92,0,25,0,0,20,0,90,0,13,https://img.a.transfermarkt.technology/portrait/header/846310-1724771793.jpg?lm=1,20,7,722,8.0,0.12,0.0,0.12,1,0.12,0.0,0.0,1.0,0.12,0.14,2.12,-1.1,0.75,0.25,0.17,33.3,6.11,1.12,359,44.75,88.0,3.74,0.5,0.0,0.0,0.25,0.12,21,2.62,0.62,1.37,0.12,0.0,61.95,8,1.0,36.27,2.24,1.37,1.5,0.0,0.0,4.99,50.0,72.7,7,0.87,29.2,0.0,0.0,0.0,0.0,0.0,0.0,0.0,0.0,0.0,0.0,0.0,0.0,0.0,0.0,0.0,0.0,0.0,0.0
Ulisses Garcia,Switzerland,29.0,1996.0,Left-Back,182.0,2028-06-30,FR1,Olympique de Marseille,4000000.0,52,87,88,93,80,53,81,0,57,62,97,92,0,0,87,0,89,0,97,https://img.a.transfermarkt.technology/portrait/header/192616-1700236348.jpg?lm=1,20,10,930,10.3,0.19,0.19,0.39,2,0.19,0.05,0.0,1.5,0.15,0.14,2.23,0.6,0.77,0.19,0.25,25.0,5.13,8.42,535,51.77,84.7,3.87,0.97,0.48,0.0,0.19,3.39,14,1.35,0.77,1.74,0.0,0.19,68.9,7,0.68,37.35,1.45,1.06,0.77,0.1,0.0,4.65,28.6,38.9,17,1.65,73.9,0.19,0.0,0.0,0.0,0.0,0.0,0.0,0.0,0.0,0.0,0.0,0.0,0.0,0.0,0.0,0.0,0.0,0.0
Michael Folorunsho,Italy,27.0,1998.0,Central Midfield,190.0,2025-06-30,IT1,Associazione Calcio Fiorentina,7000000.0,35,60,1,16,40,87,51,37,10,2,62,98,0,0,10,0,3,0,94,https://img.a.transfermarkt.technology/portrait/header/377042-1722173196.jpg?lm=1,20,6,685,7.6,0.0,0.0,0.0,0,0.0,-0.16,0.0,1.2,0.16,0.08,1.71,-0.6,1.31,0.39,0.0,33.3,2.76,4.6,188,24.7,70.64,1.71,0.79,0.26,0.0,0.0,2.76,22,2.89,0.66,1.45,0.13,0.13,48.35,9,1.18,25.75,1.84,1.18,2.23,0.0,0.0,4.07,41.36,50.0,18,2.36,58.27,0.66,0.0,0.0,0.0,0.0,0.0,0.0,0.0,0.0,0.0,0.0,0.0,0.0,0.0,0.0,0.0,0.0,0.0
Michael Gregoritsch,Austria,31.0,1994.0,Centre-Forward,193.0,,L1,Sport-Club Freiburg,4000000.0,18,13,28,52,21,59,17,18,81,43,0,88,0,0,69,0,22,0,81,https://img.a.transfermarkt.technology/portrait/header/120205-1658413549.jpg?lm=1,20,5,639,7.1,0.28,0.14,0.42,2,0.28,0.03,0.0,1.8,0.25,0.06,0.85,0.6,2.25,0.85,0.13,37.5,2.68,5.07,100,14.08,63.3,1.27,0.56,0.0,0.0,0.0,0.14,4,0.56,0.14,1.41,0.0,0.0,30.99,4,0.56,13.24,1.97,1.27,0.99,0.0,0.0,2.54,20.0,57.1,31,4.37,47.7,0.28,0.0,0.0,0.0,0.0,0.0,0.0,0.0,0.0,0.0,0.0,0.0,0.0,0.0,0.0,0.0,0.0,0.0
Jean Butez,France,29.0,1995.0,Goalkeeper,189.0,2028-06-30,IT1,Calcio Como,3000000.0,51,0,0,83,70,0,92,47,63,55,0,75,78,55,55,41,66,97,96,https://img.a.transfermarkt.technology/portrait/header/290537-1704961364.jpg?lm=1,19,18,1666,18.5,0.0,0.0,0.0,0,0.0,0.0,0.0,0.0,0.0,0.0,0.0,0.0,0.0,0.0,0.0,0.0,0.05,0.0,588,31.76,78.2,1.08,0.05,0.0,18.2,0.0,0.0,0,0.0,0.0,0.97,0.05,0.0,43.16,0,0.0,28.85,0.05,0.0,0.05,0.0,0.05,2.32,0.0,0.0,6,0.32,100.0,0.0,0.0,1.08,3.67,2.59,1.09,0.1,0.0,0.0,0.0,4.97,1.19,73.5,27.8,32.0,30.2,11.6,2.76
Reinildo Mandava,Mozambique,31.0,1994.0,Left-Back,180.0,2025-06-30,ES1,Club Atlético de Madrid S.A.D.,8000000.0,33,7,49,39,1,12,60,69,89,3,0,49,0,0,35,0,59,0,36,https://img.a.transfermarkt.technology/portrait/header/240692-1666818500.jpg?lm=1,19,10,941,10.5,0.0,0.0,0.0,0,0.0,-0.01,0.0,0.1,0.01,0.01,1.34,-0.1,0.1,0.1,0.0,100.0,3.25,1.43,515,49.26,84.2,2.3,0.19,0.0,0.0,0.1,0.77,18,1.72,1.53,3.35,0.0,0.0,68.58,4,0.38,40.27,0.77,0.38,1.82,0.0,0.1,4.97,55.6,22.2,10,0.96,41.7,0.38,0.0,0.0,0.0,0.0,0.0,0.0,0.0,0.0,0.0,0.0,0.0,0.0,0.0,0.0,0.0,0.0,0.0
Jesús Vázquez,Spain,22.0,2003.0,Left-Back,182.0,2026-06-30,ES1,Valencia Club de Fútbol S. A. D.,3000000.0,31,10,38,15,28,92,79,43,67,18,0,66,0,0,71,0,23,0,54,https://img.a.transfermarkt.technology/portrait/header/623024-1644238446.jpg?lm=1,19,10,919,10.2,0.0,0.0,0.0,0,0.0,-0.01,0.0,0.1,0.01,0.06,3.13,-0.6,0.49,0.1,0.0,20.0,2.06,4.7,345,33.79,77.2,1.76,0.29,0.2,0.0,0.0,2.25,23,2.25,0.98,2.94,0.0,0.0,57.39,14,1.37,24.48,1.37,0.78,1.66,0.0,0.0,4.11,52.6,38.9,12,1.18,48.0,0.29,0.0,0.0,0.0,0.0,0.0,0.0,0.0,0.0,0.0,0.0,0.0,0.0,0.0,0.0,0.0,0.0,0.0
Duje Caleta-Car,Croatia,28.0,1996.0,Centre-Back,193.0,2027-06-30,FR1,Olympique Lyonnais,8000000.0,34,93,63,40,25,24,29,14,38,7,0,78,0,0,30,0,68,0,93,https://img.a.transfermarkt.technology/portrait/header/238266-1662069879.jpg?lm=1,19,17,1584,17.6,0.06,0.0,0.06,1,0.06,-0.06,0.0,2.1,0.12,0.01,0.23,-0.1,0.62,0.06,0.09,9.1,2.61,0.0,896,50.91,91.0,2.84,0.0,0.0,0.0,0.17,0.06,20,1.14,0.97,5.51,0.11,0.0,66.93,1,0.06,38.18,0.4,0.11,1.53,0.0,0.0,3.69,52.6,50.0,39,2.22,76.5,0.45,0.0,0.0,0.0,0.0,0.0,0.0,0.0,0.0,0.0,0.0,0.0,0.0,0.0,0.0,0.0,0.0,0.0
Eduardo Camavinga,France,22.0,2002.0,Central Midfield,182.0,2029-06-30,ES1,Real Madrid Club de Fútbol,70000000.0,54,8,49,73,39,89,87,99,92,50,90,85,0,0,60,0,78,0,77,https://img.a.transfermarkt.technology/portrait/header/640428-1668500874.jpg?lm=1,19,11,1102,12.2,0.08,0.16,0.25,1,0.08,0.05,0.0,0.4,0.03,0.07,2.12,1.2,0.65,0.16,0.13,25.0,4.98,2.53,700,57.17,88.3,4.98,0.41,0.0,0.0,0.33,0.16,42,3.43,1.47,1.88,0.0,0.25,78.16,15,1.23,46.14,0.57,0.9,1.72,0.0,0.08,7.35,57.6,48.4,20,1.63,52.6,0.16,0.0,0.0,0.0,0.0,0.0,0.0,0.0,0.0,0.0,0.0,0.0,0.0,0.0,0.0,0.0,0.0,0.0
Akor Adams,Nigeria,25.0,2000.0,Centre-Forward,190.0,2029-06-30,ES1,Sevilla Fútbol Club S.A.D.,7500000.0,34,44,29,8,20,61,5,63,13,57,76,73,0,0,10,0,12,0,72,https://img.a.transfermarkt.technology/portrait/header/607034-1702663135.JPG?lm=1,19,14,1209,13.4,0.22,0.07,0.3,3,0.22,-0.13,0.0,4.7,0.35,0.07,0.82,0.0,2.08,0.97,0.11,46.49,0.82,3.72,132,9.83,64.34,0.82,0.07,0.0,0.0,0.15,0.37,4,0.3,0.07,0.45,0.07,0.15,21.22,8,0.6,9.75,1.34,1.04,1.34,0.15,0.0,2.08,75.0,56.25,34,2.53,48.54,0.15,0.0,0.0,0.0,0.0,0.0,0.0,0.0,0.0,0.0,0.0,0.0,0.0,0.0,0.0,0.0,0.0,0.0
Riccardo Calafiori,Italy,23.0,2002.0,Left-Back,188.0,2029-06-30,GB1,Arsenal Football Club,40000000.0,49,73,89,74,15,88,53,58,82,10,0,94,0,0,69,0,79,0,92,https://img.a.transfermarkt.technology/portrait/header/502821-1727382174.jpg?lm=1,19,11,983,10.9,0.18,0.09,0.27,2,0.18,0.1,0.0,0.9,0.08,0.03,2.01,0.7,0.92,0.55,0.2,60.0,4.94,2.66,470,43.03,85.6,3.75,0.82,0.09,0.0,0.18,1.01,27,2.47,0.82,2.29,0.0,0.0,59.79,9,0.82,28.2,1.1,0.46,1.46,0.0,0.0,3.2,62.1,69.2,22,2.01,61.1,0.37,0.0,0.0,0.0,0.0,0.0,0.0,0.0,0.0,0.0,0.0,0.0,0.0,0.0,0.0,0.0,0.0,0.0
Coba da Costa,Spain,22.0,2002.0,Left Winger,,2026-06-30,ES1,Getafe Club de Fútbol S.A.D. Team Dubai,3000000.0,21,12,16,5,29,46,45,93,56,18,19,93,0,0,58,0,4,0,91,https://img.a.transfermarkt.technology/portrait/header/1033005-1732139109.JPG?lm=1,19,12,1006,11.2,0.09,0.09,0.18,1,0.09,-0.01,0.0,1.1,0.1,0.13,4.12,-0.4,2.06,0.72,0.04,34.8,1.43,7.43,195,17.45,64.4,1.25,0.89,0.63,0.0,0.0,3.67,29,2.59,0.72,0.89,0.0,0.09,45.09,19,1.7,23.35,2.33,2.06,0.89,0.0,0.0,3.13,50.0,33.9,19,1.7,50.0,0.36,0.0,0.0,0.0,0.0,0.0,0.0,0.0,0.0,0.0,0.0,0.0,0.0,0.0,0.0,0.0,0.0,0.0
Abner,Brazil,24.0,2000.0,Left-Back,181.0,2029-06-30,FR1,Olympique Lyonnais,9000000.0,51,49,71,88,54,52,84,45,75,79,0,26,0,0,89,0,84,0,30,https://img.a.transfermarkt.technology/portrait/header/646402-1727464001.jpg?lm=1,19,12,1090,12.1,0.08,0.08,0.17,1,0.08,0.03,0.0,0.6,0.05,0.09,2.56,-0.1,0.58,0.25,0.14,42.9,5.45,4.54,568,46.9,84.1,3.72,0.91,0.17,0.0,0.41,2.56,29,2.39,0.41,3.39,0.0,0.0,65.31,6,0.5,35.17,1.16,0.66,1.32,0.0,0.0,3.72,65.6,50.0,7,0.58,43.8,0.08,0.0,0.0,0.0,0.0,0.0,0.0,0.0,0.0,0.0,0.0,0.0,0.0,0.0,0.0,0.0,0.0,0.0
Joaquín Correa,Argentina,30.0,1994.0,Second Striker,188.0,2025-06-30,IT1,Football Club Internazionale Milano S.p.A.,3000000.0,37,14,25,96,95,73,97,36,99,32,33,8,0,0,60,0,100,0,7,https://img.a.transfermarkt.technology/portrait/header/227081-1724826843.jpg?lm=1,19,6,731,8.1,0.25,0.25,0.49,2,0.25,-0.01,0.0,2.1,0.26,0.25,2.71,0.0,1.72,0.74,0.14,42.9,5.17,5.54,310,38.17,85.9,2.95,1.48,0.12,0.0,0.0,0.98,11,1.35,0.0,0.74,0.0,0.12,53.93,6,0.74,36.32,1.6,0.62,0.98,0.0,0.0,3.82,30.8,60.0,6,0.74,25.0,0.37,0.0,0.0,0.0,0.0,0.0,0.0,0.0,0.0,0.0,0.0,0.0,0.0,0.0,0.0,0.0,0.0,0.0
Rubén Vargas,Switzerland,26.0,1998.0,Left Winger,179.0,2029-06-30,ES1,Sevilla Fútbol Club S.A.D.,7000000.0,35,49,29,49,33,57,50,29,9,18,39,80,0,0,14,0,42,0,83,https://img.a.transfermarkt.technology/portrait/header/345886-1722850174.jpg?lm=1,19,12,976,10.9,0.18,0.09,0.28,2,0.18,-0.06,0.0,2.7,0.25,0.14,3.5,-0.5,2.4,0.55,0.08,26.35,2.49,8.02,284,26.19,74.06,1.66,1.29,0.55,0.0,0.09,4.52,9,0.83,0.46,1.01,0.09,0.18,49.89,18,1.66,27.2,3.87,1.2,1.48,0.0,0.0,4.15,34.72,40.93,10,0.92,48.91,0.28,0.0,0.0,0.0,0.0,0.0,0.0,0.0,0.0,0.0,0.0,0.0,0.0,0.0,0.0,0.0,0.0,0.0
Jordy Makengo,France,23.0,2001.0,Left-Back,191.0,,L1,Sport-Club Freiburg,3000000.0,22,0,28,9,7,30,10,51,73,83,0,30,0,0,94,0,23,0,34,https://img.a.transfermarkt.technology/portrait/header/815078-1691998545.jpg?lm=1,19,7,745,8.3,0.0,0.0,0.0,0,0.0,0.0,0.0,0.0,0.0,0.02,1.09,-0.2,0.0,0.0,0.0,0.0,1.81,4.23,242,29.23,79.1,1.45,0.6,0.6,0.0,0.0,3.02,16,1.93,0.85,3.5,0.0,0.0,47.48,4,0.48,24.52,1.33,0.6,0.6,0.0,0.0,3.14,62.5,33.3,5,0.6,45.5,0.12,0.0,0.0,0.0,0.0,0.0,0.0,0.0,0.0,0.0,0.0,0.0,0.0,0.0,0.0,0.0,0.0,0.0
Merlin Röhl,Germany,22.0,2002.0,Attacking Midfield,192.0,,L1,Sport-Club Freiburg,12000000.0,19,4,3,12,53,30,23,90,39,34,61,72,0,0,69,0,28,0,39,https://img.a.transfermarkt.technology/portrait/header/608832-1726649794.jpg?lm=1,19,11,965,10.7,0.0,0.09,0.09,0,0.0,-0.07,0.0,0.8,0.07,0.16,1.87,-0.7,1.12,0.28,0.0,25.0,2.05,5.6,190,17.72,76.0,1.59,0.37,0.28,0.0,0.0,1.12,16,1.49,0.56,0.19,0.0,0.19,37.59,12,1.12,20.24,4.2,2.05,1.96,0.0,0.0,4.57,81.8,30.0,14,1.31,29.2,0.19,0.0,0.0,0.0,0.0,0.0,0.0,0.0,0.0,0.0,0.0,0.0,0.0,0.0,0.0,0.0,0.0,0.0
Nathan Ngoumou,Cameroon,25.0,2000.0,Right Winger,185.0,2027-06-30,L1,Borussia Verein für Leibesübungen 1900 Mönchengladbach,4000000.0,37,42,37,30,32,20,33,79,94,93,65,73,0,0,94,0,37,0,57,https://img.a.transfermarkt.technology/portrait/header/629588-1662966435.jpg?lm=1,19,9,828,9.2,0.22,0.11,0.33,2,0.22,0.01,0.0,1.9,0.21,0.14,3.26,-0.3,2.61,1.41,0.08,54.2,1.74,9.24,195,21.2,73.6,1.2,0.98,0.33,0.0,0.0,2.39,17,1.85,0.43,1.74,0.0,0.11,41.96,9,0.98,23.37,1.3,1.2,0.76,0.11,0.0,2.28,54.5,33.3,9,0.98,34.6,0.0,0.0,0.0,0.0,0.0,0.0,0.0,0.0,0.0,0.0,0.0,0.0,0.0,0.0,0.0,0.0,0.0,0.0
Juan Berrocal,Spain,26.0,1999.0,Centre-Back,187.0,2027-06-30,ES1,Getafe Club de Fútbol S.A.D. Team Dubai,1800000.0,32,26,8,1,9,0,0,63,98,1,0,75,0,0,43,0,1,0,72,https://img.a.transfermarkt.technology/portrait/header/461843-1626938167.jpg?lm=1,19,11,1063,11.8,0.0,0.0,0.0,0,0.0,-0.03,0.0,0.4,0.03,0.0,0.08,0.0,0.34,0.0,0.0,0.0,2.12,0.08,287,24.3,76.1,1.78,0.17,0.0,0.0,0.25,0.0,14,1.19,1.27,5.0,0.0,0.0,42.16,0,0.0,16.59,0.25,0.0,1.44,0.0,0.08,2.96,71.4,0.0,30,2.54,63.8,0.68,0.08,0.0,0.0,0.0,0.0,0.0,0.0,0.0,0.0,0.0,0.0,0.0,0.0,0.0,0.0,0.0,0.0
Oumar Solet,France,25.0,2000.0,Centre-Back,192.0,2027-06-30,IT1,Udinese Calcio,14000000.0,50,55,67,65,97,100,82,63,1,48,0,10,0,0,6,0,88,0,12,https://img.a.transfermarkt.technology/portrait/header/463665-1739281800.jpg?lm=1,19,19,1672,18.6,0.05,0.11,0.16,1,0.05,0.01,0.0,0.8,0.04,0.07,1.08,0.7,0.65,0.38,0.08,58.3,3.5,0.32,982,52.86,88.5,2.91,0.48,0.11,0.0,0.43,0.48,33,1.78,0.92,4.2,0.22,0.0,71.32,25,1.35,43.39,0.92,0.59,0.92,0.0,0.0,4.95,70.0,80.6,20,1.08,50.0,0.16,0.05,0.0,0.0,0.0,0.0,0.0,0.0,0.0,0.0,0.0,0.0,0.0,0.0,0.0,0.0,0.0,0.0
Álex Sola,Spain,25.0,1999.0,Right Winger,178.0,2027-06-30,ES1,Getafe Club de Fútbol S.A.D. Team Dubai,3000000.0,13,5,2,3,4,50,14,61,5,6,61,90,0,0,12,0,4,0,78,https://img.a.transfermarkt.technology/portrait/header/434990-1680536108.jpg?lm=1,19,13,1029,11.4,0.0,0.09,0.09,0,0.0,-0.09,0.0,1.0,0.09,0.06,2.1,0.3,1.31,0.17,0.0,13.3,2.01,5.34,155,13.56,64.0,1.05,0.17,0.09,0.0,0.17,1.57,21,1.84,0.61,0.96,0.09,0.26,39.01,21,1.84,23.18,4.72,1.84,2.1,0.0,0.0,4.11,36.0,34.4,18,1.57,39.1,0.35,0.0,0.0,0.0,0.0,0.0,0.0,0.0,0.0,0.0,0.0,0.0,0.0,0.0,0.0,0.0,0.0,0.0
Caleb Okoli,Italy,23.0,2001.0,Centre-Back,191.0,2029-06-30,GB1,Leicester City Football Club,12000000.0,35,44,73,30,5,0,29,71,3,23,0,36,0,0,5,0,26,0,28,https://img.a.transfermarkt.technology/portrait/header/461833-1652094910.jpg?lm=1,19,12,1125,12.5,0.08,0.0,0.08,1,0.08,0.03,0.0,0.6,0.05,0.0,0.24,0.0,0.32,0.16,0.25,50.0,2.56,0.16,559,44.72,86.3,1.68,0.08,0.0,0.0,0.24,0.08,25,2.0,1.2,6.32,0.24,0.0,64.48,0,0.0,37.44,0.8,0.16,1.28,0.0,0.0,3.52,61.1,0.0,23,1.84,52.3,0.32,0.0,0.0,0.0,0.0,0.0,0.0,0.0,0.0,0.0,0.0,0.0,0.0,0.0,0.0,0.0,0.0,0.0
Juanma Herzog,Spain,22.0,2003.0,Centre-Back,186.0,2025-06-30,ES1,Unión Deportiva Las Palmas S.A.D.,1500000.0,31,62,5,12,1,0,3,19,99,97,0,85,0,0,99,0,22,0,79,https://img.a.transfermarkt.technology/portrait/header/1146029-1737365772.jpg?lm=1,19,15,1315,14.6,0.0,0.0,0.0,0,0.0,-0.06,0.0,0.9,0.06,0.0,0.0,0.0,0.82,0.14,0.0,16.7,1.85,0.07,559,38.26,86.4,1.16,0.0,0.0,0.0,0.21,0.0,12,0.82,1.23,5.89,0.0,0.0,55.57,0,0.0,25.73,0.14,0.0,0.41,0.0,0.0,2.81,56.3,0.0,44,3.01,63.8,0.07,0.0,0.0,0.0,0.0,0.0,0.0,0.0,0.0,0.0,0.0,0.0,0.0,0.0,0.0,0.0,0.0,0.0
Abdukodir Khusanov,Uzbekistan,21.0,2004.0,Centre-Back,186.0,2029-06-30,GB1,Manchester City Football Club,35000000.0,53,17,48,74,52,66,24,81,61,25,0,62,0,0,38,0,76,0,74,https://img.a.transfermarkt.technology/portrait/header/763079-1740493347.jpg?lm=1,19,17,1478,16.4,0.0,0.0,0.0,0,0.0,-0.01,0.0,0.2,0.01,0.02,0.18,-0.4,0.43,0.24,0.0,66.7,4.14,0.49,843,51.33,89.38,3.78,0.24,0.06,0.0,0.24,0.37,20,1.22,1.77,5.24,0.06,0.0,68.69,1,0.06,37.33,0.43,0.12,0.97,0.0,0.06,4.69,64.38,100.0,33,2.01,67.53,0.18,0.06,0.0,0.0,0.0,0.0,0.0,0.0,0.0,0.0,0.0,0.0,0.0,0.0,0.0,0.0,0.0,0.0
Myron Boadu,Netherlands,24.0,2001.0,Centre-Forward,181.0,2025-06-30,L1,Verein für Leibesübungen Bochum 1848 Fußballgemeinschaft,7000000.0,60,77,82,41,43,74,29,6,67,64,71,55,0,0,79,0,47,0,65,https://img.a.transfermarkt.technology/portrait/header/412932-1666692057.jpg?lm=1,19,11,1042,11.6,0.78,0.09,0.86,8,0.69,0.11,0.09,6.9,0.6,0.1,1.04,-0.1,2.33,1.12,0.3,48.1,1.55,6.05,139,12.01,71.3,0.6,0.43,0.09,0.0,0.0,0.26,2,0.17,0.09,0.35,0.0,0.26,24.79,11,0.95,15.46,2.59,1.3,0.95,0.0,0.0,1.73,20.0,47.8,19,1.64,48.7,0.17,0.0,0.0,0.0,0.0,0.0,0.0,0.0,0.0,0.0,0.0,0.0,0.0,0.0,0.0,0.0,0.0,0.0
Abdoulaye Bamba,Cote d'Ivoire,35.0,1990.0,Centre-Back,182.0,2025-06-30,FR1,Angers Sporting Club de l'Ouest,350000.0,32,4,20,4,50,77,3,61,92,87,0,2,0,0,96,0,42,0,4,https://img.a.transfermarkt.technology/portrait/header/62351-1588852339.jpg?lm=1,19,16,1510,16.8,0.0,0.0,0.0,0,0.0,-0.01,0.0,0.1,0.01,0.02,0.06,-0.3,0.06,0.0,0.0,0.0,0.95,0.18,518,30.87,88.5,1.13,0.24,0.18,0.0,0.06,0.3,22,1.31,1.13,4.71,0.0,0.0,44.28,2,0.12,24.32,0.18,0.24,0.6,0.0,0.0,2.8,73.7,100.0,11,0.66,39.3,0.12,0.0,0.0,0.0,0.0,0.0,0.0,0.0,0.0,0.0,0.0,0.0,0.0,0.0,0.0,0.0,0.0,0.0
Edu Expósito,Spain,28.0,1996.0,Central Midfield,178.0,2027-06-30,ES1,Reial Club Deportiu Espanyol de Barcelona S.A.D.,1500000.0,44,43,13,46,98,93,72,47,3,55,91,60,0,0,9,0,9,0,60,https://img.a.transfermarkt.technology/portrait/header/506248-1544776296.jpg?lm=1,19,12,1045,11.6,0.0,0.17,0.17,0,0.0,-0.09,0.0,1.0,0.09,0.28,1.98,-1.2,1.55,0.52,0.0,33.3,5.51,3.53,318,27.39,65.6,3.1,1.21,0.34,0.0,0.43,5.68,23,1.98,1.29,1.81,0.17,0.26,54.26,15,1.29,29.28,2.5,1.55,1.21,0.0,0.0,5.43,39.1,53.6,11,0.95,50.0,0.26,0.0,0.0,0.0,0.0,0.0,0.0,0.0,0.0,0.0,0.0,0.0,0.0,0.0,0.0,0.0,0.0,0.0
Alexander Bernhardsson,Sweden,26.0,1998.0,Right Winger,185.0,2027-06-30,L1,Kieler Sportvereinigung Holstein von 1900,1500000.0,52,67,91,4,17,53,3,91,73,25,38,84,0,0,57,0,1,0,69,https://img.a.transfermarkt.technology/portrait/header/633454-1721850751.jpg?lm=1,19,15,1263,14.0,0.5,0.14,0.64,7,0.5,0.21,0.0,4.1,0.29,0.09,1.78,0.7,1.92,1.0,0.26,51.9,2.35,5.13,193,13.75,60.5,1.14,0.71,0.29,0.0,0.29,2.42,29,2.07,0.36,1.78,0.0,0.07,37.05,22,1.57,18.81,2.57,1.28,1.5,0.07,0.0,3.21,64.5,41.5,19,1.35,35.8,0.21,0.0,0.0,0.0,0.0,0.0,0.0,0.0,0.0,0.0,0.0,0.0,0.0,0.0,0.0,0.0,0.0,0.0
Carlos Domínguez,Spain,24.0,2001.0,Centre-Back,187.0,2026-06-30,ES1,Real Club Celta de Vigo S. A. D.,2500000.0,56,14,40,85,34,49,90,69,54,93,0,63,0,0,66,0,70,0,70,https://img.a.transfermarkt.technology/portrait/header/636093-1629886975.jpg?lm=1,19,13,1181,13.1,0.0,0.0,0.0,0,0.0,-0.02,0.0,0.2,0.02,0.01,1.14,-0.1,0.23,0.08,0.0,33.3,5.03,0.3,856,65.23,88.5,4.88,0.0,0.0,0.0,0.46,0.0,23,1.75,0.99,6.1,0.08,0.0,85.05,2,0.15,52.05,0.38,0.0,0.61,0.0,0.0,3.43,71.4,66.7,28,2.13,65.1,0.08,0.0,0.0,0.0,0.0,0.0,0.0,0.0,0.0,0.0,0.0,0.0,0.0,0.0,0.0,0.0,0.0,0.0
Edimilson Fernandes,Switzerland,29.0,1996.0,Defensive Midfield,187.0,2025-06-30,FR1,Stade brestois 29,3500000.0,39,26,25,18,50,41,31,54,34,93,93,53,0,0,29,0,41,0,53,https://img.a.transfermarkt.technology/portrait/header/247555-1628596987.jpg?lm=1,19,12,1105,12.3,0.0,0.08,0.08,0,0.0,-0.03,0.0,0.4,0.03,0.05,0.57,0.4,0.81,0.16,0.0,20.0,3.26,0.24,486,39.58,85.0,3.26,0.24,0.0,0.0,0.41,0.57,9,0.73,1.63,3.1,0.08,0.16,55.71,3,0.24,32.5,1.38,0.73,0.57,0.0,0.08,5.62,53.8,75.0,15,1.22,55.6,0.08,0.0,0.0,0.0,0.0,0.0,0.0,0.0,0.0,0.0,0.0,0.0,0.0,0.0,0.0,0.0,0.0,0.0
Roberto Fernández,Spain,22.0,2002.0,Centre-Forward,186.0,2025-06-30,ES1,Reial Club Deportiu Espanyol de Barcelona S.A.D.,4000000.0,26,17,59,11,9,48,7,4,66,64,77,49,0,0,69,0,37,0,43,https://img.a.transfermarkt.technology/portrait/header/720518-1732827310.jpg?lm=1,19,18,1497,16.6,0.36,0.0,0.36,6,0.36,0.14,0.0,3.6,0.22,0.04,0.42,-0.6,1.26,0.54,0.29,42.9,1.02,3.01,187,11.24,72.2,0.54,0.42,0.0,0.0,0.0,0.12,4,0.24,0.18,1.56,0.0,0.24,26.21,11,0.66,13.65,3.31,0.96,1.68,0.06,0.0,1.98,0.0,40.7,34,2.04,38.6,0.06,0.0,0.0,0.0,0.0,0.0,0.0,0.0,0.0,0.0,0.0,0.0,0.0,0.0,0.0,0.0,0.0,0.0
Junior Mwanga,France,22.0,2003.0,Defensive Midfield,184.0,2025-06-30,FR1,Le Havre Athletic Club,6000000.0,45,78,69,40,65,56,63,50,9,39,0,47,0,0,15,0,50,0,65,https://img.a.transfermarkt.technology/portrait/header/1011200-1732575482.png?lm=1,19,13,1248,13.9,0.07,0.14,0.22,1,0.07,-0.02,0.0,1.3,0.09,0.07,1.23,1.0,1.15,0.22,0.06,18.8,3.75,1.23,499,35.99,84.41,3.46,0.29,0.14,0.0,0.36,1.51,43,3.1,0.72,1.44,0.14,0.0,52.79,9,0.65,29.86,1.01,1.51,1.8,0.0,0.0,5.55,56.99,41.47,11,0.79,64.25,0.07,0.07,0.0,0.0,0.0,0.0,0.0,0.0,0.0,0.0,0.0,0.0,0.0,0.0,0.0,0.0,0.0,0.0
Chimy Ávila,Argentina,31.0,1994.0,Centre-Forward,172.0,2027-06-30,ES1,Real Betis Balompié S.A.D.,2500000.0,25,10,29,82,59,55,73,71,74,0,96,29,0,0,22,0,55,0,41,https://img.a.transfermarkt.technology/portrait/header/167721-1708949836.jpg?lm=1,19,6,677,7.5,0.27,0.0,0.27,2,0.27,0.07,0.0,1.5,0.2,0.13,1.6,-1.0,2.66,1.33,0.1,50.0,2.39,6.38,166,22.07,69.7,0.13,1.46,0.8,0.0,0.27,3.86,8,1.06,0.27,1.06,0.0,0.53,42.94,5,0.66,23.0,3.06,0.93,1.73,0.0,0.0,3.72,40.0,45.5,6,0.8,42.9,0.66,0.13,0.0,0.0,0.0,0.0,0.0,0.0,0.0,0.0,0.0,0.0,0.0,0.0,0.0,0.0,0.0,0.0
Juan Foyth,Argentina,27.0,1998.0,Right-Back,187.0,2026-06-30,ES1,Villarreal Club de Fútbol S.A.D.,10000000.0,48,95,58,57,5,25,25,80,12,43,0,98,0,0,7,0,75,0,94,https://img.a.transfermarkt.technology/portrait/header/480763-1662668281.jpg?lm=1,19,17,1517,16.9,0.06,0.0,0.06,1,0.06,-0.08,0.0,2.4,0.14,0.02,0.77,-0.3,1.01,0.3,0.06,29.4,3.86,0.65,838,49.72,87.0,3.14,0.47,0.12,0.0,0.36,0.24,25,1.48,1.13,7.06,0.18,0.0,70.6,4,0.24,36.01,0.65,0.12,0.95,0.0,0.0,3.62,68.8,44.4,41,2.43,59.4,0.24,0.0,0.0,0.0,0.0,0.0,0.0,0.0,0.0,0.0,0.0,0.0,0.0,0.0,0.0,0.0,0.0,0.0
Philipp Köhn,Switzerland,27.0,1998.0,Goalkeeper,190.0,2028-06-30,FR1,Association sportive de Monaco Football Club,4000000.0,37,0,0,31,7,0,19,37,45,51,0,36,75,37,49,22,9,66,69,https://img.a.transfermarkt.technology/portrait/header/251322-1661531623.png?lm=1,19,19,1710,19.0,0.0,0.0,0.0,0,0.0,0.0,0.0,0.0,0.0,0.0,0.0,0.0,0.0,0.0,0.0,0.0,0.0,0.0,414,21.79,75.8,0.11,0.0,0.0,14.8,0.05,0.0,0,0.0,0.0,0.58,0.11,0.0,30.53,0,0.0,18.58,0.0,0.0,0.0,0.0,0.0,1.95,0.0,0.0,3,0.16,100.0,0.05,0.0,1.0,3.32,2.32,0.91,-1.8,-0.1,0.0,0.0,3.68,0.84,71.4,42.1,29.9,25.7,7.1,1.05
Moritz Nicolas,Germany,27.0,1997.0,Goalkeeper,193.0,2029-06-30,L1,Borussia Verein für Leibesübungen 1900 Mönchengladbach,5000000.0,84,0,0,84,20,0,97,60,76,69,0,78,79,96,78,18,28,22,58,https://img.a.transfermarkt.technology/portrait/header/284270-1722945496.jpg?lm=1,19,19,1639,18.2,0.0,0.0,0.0,0,0.0,0.0,0.0,0.0,0.0,0.0,0.0,0.0,0.0,0.0,0.0,0.0,0.0,0.0,669,36.74,84.3,0.22,0.0,0.0,12.0,0.05,0.0,0,0.0,0.05,0.44,0.05,0.0,46.02,0,0.0,31.57,0.0,0.0,0.0,0.0,0.0,1.26,0.0,0.0,7,0.38,87.5,0.0,0.0,1.37,5.05,3.79,1.64,6.9,0.38,0.0,0.0,4.83,0.99,78.3,21.1,28.2,23.3,5.6,0.77
Aleksandr Golovin,Russia,28.0,1996.0,Attacking Midfield,178.0,2029-06-30,FR1,Association sportive de Monaco Football Club,25000000.0,50,41,56,90,67,90,84,90,78,49,16,60,0,0,75,0,73,0,60,https://img.a.transfermarkt.technology/portrait/header/263918-1614091807.jpg?lm=1,19,13,1153,12.8,0.23,0.0,0.23,3,0.23,0.05,0.0,2.3,0.18,0.19,3.04,-2.4,1.87,0.7,0.13,37.5,8.74,5.62,523,40.82,77.1,6.01,2.42,0.23,0.0,0.31,1.8,38,2.97,0.94,0.55,0.0,0.08,65.57,22,1.72,39.34,2.11,1.41,1.95,0.0,0.0,7.88,43.6,59.5,9,0.7,40.9,0.08,0.0,0.0,0.0,0.0,0.0,0.0,0.0,0.0,0.0,0.0,0.0,0.0,0.0,0.0,0.0,0.0,0.0
Marco Komenda,Germany,28.0,1996.0,Centre-Back,184.0,2026-06-30,L1,Kieler Sportvereinigung Holstein von 1900,800000.0,35,5,20,60,92,68,59,28,98,54,0,3,0,0,93,0,21,0,1,https://img.a.transfermarkt.technology/portrait/header/335631-1657791801.jpg?lm=1,19,17,1307,14.5,0.0,0.0,0.0,0,0.0,-0.01,0.0,0.1,0.01,0.06,0.9,-0.8,0.21,0.0,0.0,0.0,3.65,1.1,592,40.77,78.8,4.54,0.62,0.34,0.0,0.14,1.1,26,1.79,0.41,4.68,0.0,0.0,62.32,1,0.07,30.3,0.21,0.0,1.1,0.0,0.0,2.55,73.3,100.0,15,1.03,32.6,0.21,0.0,0.0,0.0,0.0,0.0,0.0,0.0,0.0,0.0,0.0,0.0,0.0,0.0,0.0,0.0,0.0,0.0
Borna Sosa,Croatia,27.0,1998.0,Left Midfield,187.0,2025-06-30,IT1,Torino Calcio,6000000.0,36,7,11,54,7,11,11,86,100,82,0,79,0,0,32,0,57,0,75,https://img.a.transfermarkt.technology/portrait/header/293194-1716241200.jpg?lm=1,19,14,1181,13.1,0.0,0.0,0.0,0,0.0,-0.02,0.0,0.3,0.02,0.05,0.99,-0.7,0.3,0.08,0.0,25.0,3.89,3.73,546,41.61,79.6,3.28,1.68,0.91,0.0,0.3,3.89,26,1.98,1.07,2.51,0.0,0.0,59.52,3,0.23,31.78,0.69,0.08,0.91,0.0,0.08,4.04,64.0,42.9,16,1.22,45.7,0.0,0.0,0.0,0.0,0.0,0.0,0.0,0.0,0.0,0.0,0.0,0.0,0.0,0.0,0.0,0.0,0.0,0.0
Stefan Posch,Austria,28.0,1997.0,Centre-Back,190.0,2025-06-30,IT1,Atalanta Bergamasca Calcio S.p.a.,10000000.0,61,37,46,95,93,46,87,93,42,41,92,24,0,0,89,0,41,0,34,https://img.a.transfermarkt.technology/portrait/header/223974-1725531246.jpg?lm=1,19,11,1101,12.2,0.0,0.0,0.0,0,0.0,-0.04,0.0,0.5,0.04,0.06,1.31,-0.7,0.41,0.16,0.0,66.7,4.82,3.27,601,49.13,80.21,4.99,1.06,0.57,0.0,0.33,1.88,44,3.6,0.74,2.86,0.0,0.08,73.65,4,0.33,40.63,0.98,1.39,2.21,0.0,0.0,5.31,71.82,32.98,17,1.39,56.75,0.08,0.0,0.0,0.0,0.0,0.0,0.0,0.0,0.0,0.0,0.0,0.0,0.0,0.0,0.0,0.0,0.0,0.0
Ruben Loftus-Cheek,England,29.0,1996.0,Central Midfield,191.0,2027-06-30,IT1,Associazione Calcio Milan,16000000.0,42,23,14,61,81,76,80,24,82,35,91,89,0,0,79,0,92,0,93,https://img.a.transfermarkt.technology/portrait/header/202886-1692879593.jpg?lm=1,19,10,1037,11.5,0.0,0.0,0.0,0,0.0,-0.06,0.0,0.7,0.06,0.16,2.34,-1.9,0.78,0.17,0.0,22.2,4.43,2.78,435,37.75,89.7,3.47,0.61,0.17,0.0,0.17,0.61,19,1.65,0.26,1.74,0.0,0.26,51.47,11,0.95,31.42,1.74,0.61,2.0,0.0,0.0,4.17,50.0,47.8,18,1.56,62.1,0.26,0.0,0.0,0.0,0.0,0.0,0.0,0.0,0.0,0.0,0.0,0.0,0.0,0.0,0.0,0.0,0.0,0.0
Ivan Ilić,Serbia,24.0,2001.0,Central Midfield,186.0,2027-06-30,IT1,Torino Calcio,18000000.0,34,39,51,67,62,37,87,0,72,32,94,6,0,0,86,0,53,0,4,https://img.a.transfermarkt.technology/portrait/header/470794-1716239802.jpg?lm=1,19,9,920,10.2,0.1,0.0,0.1,1,0.1,0.01,0.0,0.9,0.09,0.11,2.35,-1.1,1.08,0.39,0.09,36.4,4.4,4.01,451,44.12,83.4,3.82,1.57,0.29,0.0,0.29,2.64,5,0.49,0.49,0.98,0.0,0.29,60.55,6,0.59,40.3,1.86,0.88,1.08,0.0,0.0,2.74,25.0,40.0,4,0.39,22.2,0.39,0.0,0.0,0.0,0.0,0.0,0.0,0.0,0.0,0.0,0.0,0.0,0.0,0.0,0.0,0.0,0.0,0.0
Finn Dahmen,Germany,27.0,1998.0,Goalkeeper,186.0,2026-06-30,L1,Fußball-Club Augsburg 1907,6000000.0,89,0,0,91,45,0,74,77,90,69,0,65,98,98,92,67,82,71,13,https://img.a.transfermarkt.technology/portrait/header/251299-1722849607.jpg?lm=1,19,19,1710,19.0,0.0,0.0,0.0,0,0.0,0.0,0.0,0.0,0.0,0.0,0.0,0.0,0.0,0.0,0.0,0.0,0.16,0.0,528,27.79,69.4,0.58,0.0,0.0,14.7,0.05,0.0,1,0.05,0.0,0.47,0.0,0.0,42.68,0,0.0,25.21,0.0,0.0,0.0,0.0,0.0,1.74,50.0,0.0,5,0.26,100.0,0.0,0.0,1.0,4.32,3.42,1.27,7.2,0.38,0.0,0.0,2.68,0.47,79.3,47.4,34.9,38.6,2.7,1.37
Moritz Jenz,Germany,26.0,1999.0,Centre-Back,190.0,2025-06-30,L1,1. Fußball- und Sportverein Mainz 05,6000000.0,57,84,5,21,49,23,5,98,41,35,0,98,0,0,37,0,26,0,92,https://img.a.transfermarkt.technology/portrait/header/460245-1689865901.jpg?lm=1,19,18,1600,17.8,0.0,0.0,0.0,0,0.0,-0.09,0.0,1.6,0.09,0.02,0.06,-0.3,0.56,0.22,0.0,40.0,2.64,0.17,712,40.05,84.3,2.08,0.11,0.0,0.0,0.06,0.0,36,2.02,1.69,7.2,0.11,0.0,61.76,2,0.11,28.69,0.39,0.0,1.52,0.0,0.0,4.11,76.2,40.0,73,4.11,64.0,0.22,0.0,0.0,0.0,0.0,0.0,0.0,0.0,0.0,0.0,0.0,0.0,0.0,0.0,0.0,0.0,0.0,0.0
Gaby Jean,France,25.0,2000.0,Centre-Back,191.0,2027-06-30,IT1,Unione Sportiva Lecce,2000000.0,30,6,49,31,27,45,37,3,57,88,0,77,0,0,54,0,21,0,73,https://img.a.transfermarkt.technology/portrait/header/805886-1692033275.png?lm=1,19,16,1388,15.4,0.0,0.0,0.0,0,0.0,-0.01,0.0,0.1,0.01,0.01,0.52,-0.1,0.06,0.06,0.0,100.0,2.72,0.19,727,47.14,84.3,2.14,0.06,0.06,0.0,0.26,0.06,14,0.91,0.58,4.6,0.06,0.0,64.32,2,0.13,32.42,0.32,0.32,0.97,0.0,0.06,3.57,54.5,66.7,41,2.66,63.1,0.0,0.0,0.0,0.0,0.0,0.0,0.0,0.0,0.0,0.0,0.0,0.0,0.0,0.0,0.0,0.0,0.0,0.0
Alphonso Davies,Canada,24.0,2000.0,Left-Back,183.0,2030-06-30,L1,FC Bayern München,50000000.0,67,73,62,99,57,97,100,55,7,98,81,32,0,0,30,0,99,0,47,https://img.a.transfermarkt.technology/portrait/header/424204-1711745534.jpg?lm=1,19,17,1560,17.3,0.06,0.12,0.17,1,0.06,-0.01,0.0,1.2,0.07,0.09,4.67,0.4,0.98,0.17,0.06,17.6,6.92,8.08,1141,65.83,89.7,5.48,0.92,0.12,0.0,0.06,1.27,30,1.73,0.75,1.27,0.12,0.12,84.4,31,1.79,51.63,1.9,1.1,0.46,0.0,0.0,6.63,65.4,45.6,9,0.52,52.9,0.0,0.0,0.0,0.0,0.0,0.0,0.0,0.0,0.0,0.0,0.0,0.0,0.0,0.0,0.0,0.0,0.0,0.0
Reece James,England,25.0,1999.0,Right-Back,180.0,2028-06-30,GB1,Chelsea Football Club,30000000.0,32,39,71,82,36,48,32,5,0,87,0,95,0,0,1,0,80,0,98,https://img.a.transfermarkt.technology/portrait/header/472423-1683900849.jpg?lm=1,19,12,1063,11.8,0.08,0.08,0.17,1,0.08,0.05,0.0,0.4,0.03,0.06,0.59,0.3,0.93,0.25,0.09,27.3,5.42,1.02,716,60.62,83.9,6.77,0.42,0.08,0.0,0.17,3.64,10,0.85,1.1,1.95,0.34,0.0,80.43,7,0.59,40.72,0.59,0.76,0.68,0.0,0.0,5.59,33.3,41.2,23,1.95,71.9,0.08,0.0,0.0,0.0,0.0,0.0,0.0,0.0,0.0,0.0,0.0,0.0,0.0,0.0,0.0,0.0,0.0,0.0
Willy Kambwala,France,20.0,2004.0,Centre-Back,192.0,2029-06-30,ES1,Villarreal Club de Fútbol S.A.D.,4000000.0,28,19,35,6,19,95,10,60,39,68,0,12,0,0,57,0,34,0,10,https://img.a.transfermarkt.technology/portrait/header/780630-1743688107.jpg?lm=1,19,12,1117,12.4,0.0,0.0,0.0,0,0.0,-0.02,0.0,0.3,0.02,0.01,0.16,-0.1,0.32,0.08,0.0,25.0,1.29,0.0,519,41.82,87.7,0.73,0.08,0.0,0.0,0.16,0.0,17,1.37,0.81,4.51,0.08,0.0,56.64,5,0.4,29.41,0.64,0.4,0.4,0.0,0.0,2.42,83.3,100.0,16,1.29,47.1,0.08,0.08,0.0,0.0,0.0,0.0,0.0,0.0,0.0,0.0,0.0,0.0,0.0,0.0,0.0,0.0,0.0,0.0
Kalvin Phillips,England,29.0,1995.0,Defensive Midfield,179.0,2025-06-30,GB1,Ipswich Town Football Club,15000000.0,16,25,22,12,5,29,5,39,7,3,0,6,0,0,8,0,11,0,5,https://img.a.transfermarkt.technology/portrait/header/351749-1661978510.jpg?lm=1,19,14,1237,13.7,0.0,0.0,0.0,0,0.0,-0.03,0.0,0.4,0.03,0.01,0.29,-0.2,0.8,0.15,0.0,18.2,3.71,0.29,436,31.72,79.1,3.57,0.44,0.07,0.0,0.44,1.46,35,2.55,1.38,2.69,0.15,0.0,53.77,5,0.36,22.55,1.82,0.73,2.04,0.0,0.0,4.95,38.5,41.7,7,0.51,24.1,0.44,0.07,0.0,0.0,0.0,0.0,0.0,0.0,0.0,0.0,0.0,0.0,0.0,0.0,0.0,0.0,0.0,0.0
Victor Boniface,Nigeria,24.0,2000.0,Centre-Forward,190.0,2028-06-30,L1,Bayer 04 Leverkusen Fußball,45000000.0,63,85,81,55,45,84,75,59,25,54,0,82,0,0,72,0,47,0,88,https://img.a.transfermarkt.technology/portrait/header/656681-1727378262.jpg?lm=1,19,12,1008,11.2,0.71,0.09,0.8,8,0.71,0.02,0.0,7.1,0.63,0.1,2.32,-0.1,4.46,1.52,0.16,34.0,2.05,5.45,172,15.36,70.2,0.89,0.71,0.18,0.0,0.18,0.54,5,0.45,0.0,0.45,0.0,0.0,35.71,15,1.34,18.48,3.84,2.59,1.25,0.0,0.0,2.5,75.0,42.9,32,2.86,59.3,0.18,0.0,0.0,0.0,0.0,0.0,0.0,0.0,0.0,0.0,0.0,0.0,0.0,0.0,0.0,0.0,0.0,0.0
Issiaga Sylla,Guinea,31.0,1994.0,Left-Back,180.0,2025-06-30,FR1,Montpellier Hérault Sport Club,2000000.0,43,89,65,56,26,78,68,23,31,65,0,89,0,0,41,0,39,0,81,https://img.a.transfermarkt.technology/portrait/header/220878-1702665492.JPG?lm=1,19,15,1156,12.8,0.08,0.0,0.08,1,0.08,-0.06,0.0,1.8,0.14,0.05,2.57,-0.6,0.86,0.16,0.09,18.2,4.13,3.58,435,33.87,77.3,3.5,1.25,0.78,0.0,0.23,2.8,25,1.95,0.78,2.65,0.08,0.0,53.17,9,0.7,26.08,1.25,0.62,1.01,0.0,0.0,3.97,51.7,60.0,22,1.71,55.0,0.16,0.0,0.0,0.0,0.0,0.0,0.0,0.0,0.0,0.0,0.0,0.0,0.0,0.0,0.0,0.0,0.0,0.0
Conor Bradley,Northern Ireland,21.0,2003.0,Right-Back,181.0,2027-06-30,GB1,Liverpool Football Club,25000000.0,46,70,1,73,89,86,98,17,68,2,81,79,0,0,65,0,85,0,82,https://img.a.transfermarkt.technology/portrait/header/624258-1708933100.jpg?lm=1,19,7,754,8.4,0.0,0.24,0.24,0,0.0,-0.08,0.0,0.7,0.08,0.17,4.18,0.6,1.19,0.36,0.0,30.0,3.94,4.66,456,54.43,83.8,3.1,0.36,0.12,0.0,0.24,0.84,14,1.67,0.48,3.7,0.0,0.12,79.14,10,1.19,44.16,1.55,0.6,1.43,0.0,0.0,6.09,50.0,40.0,11,1.31,61.1,0.48,0.0,0.0,0.0,0.0,0.0,0.0,0.0,0.0,0.0,0.0,0.0,0.0,0.0,0.0,0.0,0.0,0.0
Max Geschwill,Germany,23.0,2001.0,Centre-Back,185.0,,L1,Kieler Sportvereinigung Holstein von 1900,1500000.0,52,60,71,53,95,27,21,98,56,72,0,5,0,0,68,0,6,0,5,https://img.a.transfermarkt.technology/portrait/header/471890-1691615892.jpg?lm=1,19,13,1282,14.2,0.07,0.14,0.21,1,0.07,0.01,0.0,0.9,0.06,0.06,0.42,1.2,0.63,0.14,0.11,22.2,4.07,1.12,496,34.82,74.3,2.81,0.49,0.14,0.0,0.14,0.7,26,1.83,2.11,3.72,0.07,0.0,58.06,2,0.14,26.61,0.35,0.14,0.91,0.0,0.0,3.72,73.7,40.0,14,0.98,40.0,0.14,0.0,0.0,0.0,0.0,0.0,0.0,0.0,0.0,0.0,0.0,0.0,0.0,0.0,0.0,0.0,0.0,0.0
Adrián,Spain,38.0,1987.0,Goalkeeper,190.0,2026-06-30,ES1,Real Betis Balompié S.A.D.,500000.0,23,0,0,38,19,0,36,27,13,13,0,10,46,27,16,31,34,20,20,https://img.a.transfermarkt.technology/portrait/header/71271-1687166366.jpg?lm=1,19,19,1710,19.0,0.0,0.0,0.0,0,0.0,0.0,0.0,0.0,0.0,0.0,0.0,0.0,0.0,0.0,0.0,0.0,0.0,0.0,474,24.95,76.6,0.21,0.0,0.0,11.7,0.0,0.0,0,0.0,0.0,0.74,0.16,0.0,34.63,0,0.0,20.53,0.05,0.0,0.0,0.0,0.0,1.05,0.0,0.0,2,0.11,66.7,0.16,0.0,1.42,4.0,2.58,1.37,-1.0,-0.05,0.0,0.0,4.79,0.74,65.8,15.8,31.2,28.0,5.4,0.84
Pol Lirola,Spain,27.0,1997.0,Right-Back,183.0,2026-06-30,FR1,Olympique de Marseille,4000000.0,30,61,74,51,60,10,48,2,85,11,0,17,0,0,53,0,64,0,16,https://img.a.transfermarkt.technology/portrait/header/298975-1673514557.jpg?lm=1,19,5,680,7.6,0.13,0.26,0.4,1,0.13,0.05,0.0,0.6,0.08,0.09,1.59,1.3,0.79,0.13,0.17,16.7,2.78,5.29,330,43.68,83.1,1.99,0.53,0.13,0.0,0.0,1.85,13,1.72,0.53,1.59,0.0,0.0,60.88,1,0.13,32.82,0.79,0.53,1.19,0.0,0.0,3.84,38.5,33.3,4,0.53,36.4,0.13,0.13,0.0,0.0,0.0,0.0,0.0,0.0,0.0,0.0,0.0,0.0,0.0,0.0,0.0,0.0,0.0,0.0
Franck Honorat,France,28.0,1996.0,Right Winger,180.0,2028-06-30,L1,Borussia Verein für Leibesübungen 1900 Mönchengladbach,12000000.0,50,68,57,47,93,19,41,18,37,97,0,59,0,0,31,0,34,0,66,https://img.a.transfermarkt.technology/portrait/header/229006-1691248904.jpg?lm=1,19,18,1439,16.0,0.25,0.44,0.69,4,0.25,-0.03,0.0,4.5,0.28,0.33,3.94,1.7,1.94,0.56,0.13,29.0,2.81,7.76,409,25.58,67.5,1.5,1.63,1.06,0.0,0.06,7.82,17,1.06,0.31,1.75,0.06,0.0,47.66,12,0.75,23.33,1.38,0.75,0.44,0.0,0.0,4.5,25.0,37.5,9,0.56,42.9,0.0,0.0,0.0,0.0,0.0,0.0,0.0,0.0,0.0,0.0,0.0,0.0,0.0,0.0,0.0,0.0,0.0,0.0
Crysencio Summerville,Netherlands,23.0,2001.0,Left Winger,174.0,2029-06-30,GB1,West Ham United Football Club,22000000.0,28,22,17,35,56,37,36,13,63,32,95,36,0,0,65,0,61,0,35,https://img.a.transfermarkt.technology/portrait/header/474701-1701683744.jpg?lm=1,19,7,786,8.7,0.11,0.11,0.23,1,0.11,-0.07,0.0,1.6,0.18,0.19,3.32,-0.7,1.6,0.46,0.07,28.6,2.06,8.13,194,22.21,76.4,1.49,1.37,0.57,0.0,0.0,2.4,13,1.49,0.0,0.8,0.0,0.57,42.6,13,1.49,23.7,2.29,1.83,1.03,0.0,0.0,4.35,33.3,33.3,4,0.46,30.8,0.23,0.0,0.0,0.0,0.0,0.0,0.0,0.0,0.0,0.0,0.0,0.0,0.0,0.0,0.0,0.0,0.0,0.0
Jack Stephens,England,31.0,1994.0,Centre-Back,185.0,2025-06-30,GB1,Southampton Football Club,2000000.0,33,39,71,72,34,0,74,31,27,15,0,1,0,0,10,0,84,0,1,https://img.a.transfermarkt.technology/portrait/header/163744-1720190433.jpg?lm=1,19,17,1389,15.4,0.06,0.0,0.06,1,0.06,0.03,0.0,0.6,0.04,0.01,0.91,-0.2,0.26,0.13,0.25,50.0,4.08,0.13,879,56.95,92.0,3.3,0.32,0.0,0.0,0.13,0.06,34,2.2,0.84,3.43,0.13,0.0,71.08,0,0.0,40.89,0.19,0.19,0.84,0.0,0.06,2.85,56.7,0.0,6,0.39,37.5,0.13,0.13,0.0,0.0,0.0,0.0,0.0,0.0,0.0,0.0,0.0,0.0,0.0,0.0,0.0,0.0,0.0,0.0
Benedikt Pichler,Austria,27.0,1997.0,Centre-Forward,188.0,2027-06-30,L1,Kieler Sportvereinigung Holstein von 1900,2000000.0,26,18,11,55,67,69,71,54,63,56,64,93,0,0,66,0,25,0,93,https://img.a.transfermarkt.technology/portrait/header/331362-1657792864.jpg?lm=1,18,7,785,8.7,0.11,0.23,0.34,1,0.11,-0.15,0.0,2.3,0.26,0.13,2.06,0.9,2.29,1.03,0.05,45.0,2.18,6.65,134,15.36,63.2,1.26,0.8,0.23,0.0,0.0,1.26,5,0.57,0.23,1.26,0.0,0.23,35.54,8,0.92,17.43,2.64,1.38,1.61,0.0,0.0,1.72,50.0,44.4,41,4.7,56.9,0.11,0.0,0.0,0.0,0.0,0.0,0.0,0.0,0.0,0.0,0.0,0.0,0.0,0.0,0.0,0.0,0.0,0.0
Konstantinos Tsimikas,Greece,29.0,1996.0,Left-Back,179.0,2027-06-30,GB1,Liverpool Football Club,20000000.0,60,38,39,98,96,46,75,82,89,48,78,20,0,0,81,0,99,0,20,https://img.a.transfermarkt.technology/portrait/header/338070-1682088468.jpg?lm=1,18,9,837,9.3,0.0,0.11,0.11,0,0.0,-0.04,0.0,0.4,0.04,0.23,1.83,-1.1,0.43,0.22,0.0,50.0,8.17,4.62,550,59.14,84.1,4.52,1.29,0.43,0.0,0.11,6.88,31,3.33,1.18,2.15,0.0,0.11,79.68,5,0.54,39.57,0.65,0.43,0.97,0.0,0.0,3.33,60.9,41.7,5,0.54,38.5,0.22,0.0,0.0,0.0,0.0,0.0,0.0,0.0,0.0,0.0,0.0,0.0,0.0,0.0,0.0,0.0,0.0,0.0
Kasey McAteer,Ireland,23.0,2001.0,Right Winger,177.0,2028-06-30,GB1,Leicester City Football Club,900000.0,17,8,20,15,8,2,16,90,71,9,47,88,0,0,51,0,27,0,80,https://img.a.transfermarkt.technology/portrait/header/621193-1731659829.jpg?lm=1,18,9,852,9.5,0.11,0.11,0.21,1,0.11,0.0,0.0,1.0,0.11,0.07,2.11,0.3,1.37,0.74,0.08,53.8,1.48,7.5,183,19.33,72.6,1.37,0.63,0.21,0.0,0.0,2.22,23,2.43,0.53,1.58,0.0,0.21,40.04,6,0.63,23.77,2.11,1.69,1.9,0.0,0.0,4.75,48.3,24.0,13,1.37,43.3,0.32,0.0,0.0,0.0,0.0,0.0,0.0,0.0,0.0,0.0,0.0,0.0,0.0,0.0,0.0,0.0,0.0,0.0
Urko González de Zárate,Spain,24.0,2001.0,Defensive Midfield,189.0,2025-06-30,ES1,Reial Club Deportiu Espanyol de Barcelona S.A.D.,1500000.0,37,23,41,3,41,27,44,48,40,69,58,61,0,0,36,0,10,0,58,https://img.a.transfermarkt.technology/portrait/header/625651-1694171507.jpg?lm=1,18,17,1419,15.8,0.0,0.13,0.13,0,0.0,-0.03,0.0,0.5,0.03,0.04,1.14,1.3,0.25,0.13,0.0,50.0,4.0,0.51,345,21.88,76.96,2.35,0.32,0.0,0.0,0.13,0.25,46,2.92,0.51,2.47,0.06,0.06,39.96,6,0.38,20.17,1.21,0.89,1.01,0.0,0.06,4.5,63.6,35.3,20,1.27,57.1,0.19,0.0,0.0,0.0,0.0,0.0,0.0,0.0,0.0,0.0,0.0,0.0,0.0,0.0,0.0,0.0,0.0,0.0
Luca Marianucci,Italy,20.0,2004.0,Centre-Back,186.0,,IT1,Empoli Football Club S.r.l.,5000000.0,47,47,17,10,50,80,55,86,44,66,0,48,0,0,55,0,3,0,20,https://img.a.transfermarkt.technology/portrait/header/814446-1721740329.jpg?lm=1,18,12,1069,11.9,0.0,0.0,0.0,0,0.0,-0.05,0.0,0.6,0.05,0.02,1.01,-0.2,0.67,0.17,0.0,25.0,2.36,0.25,354,29.8,76.8,2.44,0.17,0.08,0.0,0.76,0.59,28,2.36,1.6,5.3,0.08,0.0,51.27,5,0.42,25.17,0.59,0.25,0.93,0.0,0.0,3.62,57.9,50.0,28,2.36,45.9,0.0,0.08,0.0,0.0,0.0,0.0,0.0,0.0,0.0,0.0,0.0,0.0,0.0,0.0,0.0,0.0,0.0,0.0
Cristian Romero,Argentina,27.0,1998.0,Centre-Back,185.0,2027-06-30,GB1,Tottenham Hotspur Football Club,55000000.0,69,91,67,81,80,14,85,90,19,62,0,74,0,0,32,0,87,0,65,https://img.a.transfermarkt.technology/portrait/header/355915-1665609429.jpg?lm=1,18,18,1416,15.7,0.06,0.0,0.06,1,0.06,-0.04,0.0,1.6,0.1,0.04,0.76,-0.6,1.02,0.51,0.06,50.0,4.51,0.19,1094,69.53,89.5,6.93,0.51,0.06,0.0,0.13,0.19,35,2.22,1.33,3.62,0.13,0.0,87.52,1,0.06,56.95,0.64,0.32,0.89,0.0,0.0,5.72,70.0,25.0,41,2.61,60.3,0.19,0.0,0.0,0.0,0.0,0.0,0.0,0.0,0.0,0.0,0.0,0.0,0.0,0.0,0.0,0.0,0.0,0.0
Nicolò Cambiaghi,Italy,24.0,2000.0,Left Winger,173.0,2029-06-30,IT1,Bologna Football Club 1909,7000000.0,33,9,21,68,90,61,94,68,69,77,99,29,0,0,80,0,59,0,27,https://img.a.transfermarkt.technology/portrait/header/459151-1695031545.jpg?lm=1,18,4,620,6.9,0.15,0.44,0.58,1,0.15,0.03,0.0,0.8,0.12,0.28,6.53,1.1,2.03,0.58,0.07,28.6,3.63,9.15,177,25.69,72.2,1.31,1.6,0.87,0.0,0.0,6.82,16,2.32,0.29,0.29,0.0,0.58,48.48,11,1.6,34.98,2.32,1.6,1.31,0.15,0.0,4.21,50.0,44.0,3,0.44,27.3,0.0,0.0,0.0,0.0,0.0,0.0,0.0,0.0,0.0,0.0,0.0,0.0,0.0,0.0,0.0,0.0,0.0,0.0
Davide Calabria,Italy,28.0,1996.0,Right-Back,176.0,2025-06-30,IT1,Bologna Football Club 1909,7500000.0,41,31,3,93,78,48,67,33,34,32,68,68,0,0,31,0,92,0,73,https://img.a.transfermarkt.technology/portrait/header/262523-1684856316.jpg?lm=1,18,11,948,10.5,0.0,0.09,0.09,0,0.0,-0.04,0.0,0.4,0.04,0.14,1.42,-0.5,0.47,0.0,0.0,0.0,6.08,4.84,547,51.93,83.91,4.65,1.23,0.76,0.0,0.19,3.13,22,2.09,1.04,2.85,0.09,0.09,71.01,3,0.28,40.82,1.04,0.38,0.95,0.0,0.0,4.37,48.7,60.0,11,1.04,59.09,0.28,0.0,0.0,0.0,0.0,0.0,0.0,0.0,0.0,0.0,0.0,0.0,0.0,0.0,0.0,0.0,0.0,0.0
Jannik Vestergaard,Denmark,32.0,1992.0,Centre-Back,199.0,2027-06-30,GB1,Leicester City Football Club,3000000.0,31,9,48,37,24,89,37,29,72,41,0,37,0,0,70,0,63,0,41,https://img.a.transfermarkt.technology/portrait/header/99331-1701083132.jpg?lm=1,18,16,1391,15.5,0.0,0.0,0.0,0,0.0,-0.01,0.0,0.1,0.01,0.01,0.19,-0.1,0.19,0.13,0.0,66.7,2.07,0.13,870,56.29,90.7,2.2,0.06,0.0,0.0,0.13,0.0,22,1.42,1.04,4.79,0.06,0.0,70.65,4,0.26,43.48,0.13,0.0,0.78,0.0,0.0,2.98,60.0,100.0,26,1.68,57.8,0.32,0.0,0.0,0.0,0.0,0.0,0.0,0.0,0.0,0.0,0.0,0.0,0.0,0.0,0.0,0.0,0.0,0.0
Ricardo Rodríguez,Switzerland,32.0,1992.0,Left-Back,182.0,2026-06-30,ES1,Real Betis Balompié S.A.D.,2500000.0,37,13,38,63,14,44,33,48,99,97,0,93,0,0,98,0,62,0,92,https://img.a.transfermarkt.technology/portrait/header/86784-1718216908.jpg?lm=1,18,15,1274,14.2,0.0,0.07,0.07,0,0.0,-0.01,0.0,0.2,0.01,0.03,1.34,0.6,0.35,0.07,0.0,20.0,4.45,2.26,610,43.09,82.0,3.53,0.57,0.35,0.0,0.21,1.06,28,1.98,0.57,3.6,0.0,0.0,61.18,4,0.28,30.66,0.28,0.21,0.85,0.0,0.0,3.89,65.4,57.1,27,1.91,61.4,0.0,0.0,0.0,0.0,0.0,0.0,0.0,0.0,0.0,0.0,0.0,0.0,0.0,0.0,0.0,0.0,0.0,0.0
Will Smallbone,Ireland,25.0,2000.0,Central Midfield,183.0,2026-06-30,GB1,Southampton Football Club,7000000.0,21,24,55,32,48,52,10,6,1,59,0,26,0,0,1,0,15,0,31,https://img.a.transfermarkt.technology/portrait/header/444211-1740298247.jpg?lm=1,18,6,690,7.7,0.13,0.0,0.13,1,0.13,0.05,0.0,0.6,0.08,0.09,0.65,-0.7,0.91,0.13,0.14,14.3,3.52,3.26,270,35.22,75.8,1.7,0.52,0.39,0.0,0.26,4.7,19,2.48,0.26,1.7,0.26,0.0,55.96,4,0.52,25.17,1.57,0.78,1.43,0.0,0.13,3.0,31.8,66.7,4,0.52,40.0,0.13,0.0,0.0,0.0,0.0,0.0,0.0,0.0,0.0,0.0,0.0,0.0,0.0,0.0,0.0,0.0,0.0,0.0
Jorge Herrando,Spain,24.0,2001.0,Centre-Back,192.0,2027-06-30,ES1,Club Atlético Osasuna,4000000.0,28,76,69,25,4,68,35,11,30,22,0,64,0,0,14,0,20,0,82,https://img.a.transfermarkt.technology/portrait/header/555500-1732219992.jpg?lm=1,18,15,1366,15.2,0.07,0.0,0.07,1,0.07,-0.01,0.0,1.2,0.08,0.0,0.46,0.0,0.79,0.2,0.08,25.0,2.5,0.07,625,41.18,85.4,1.91,0.0,0.0,0.0,0.4,0.13,17,1.12,0.79,4.28,0.13,0.0,57.39,1,0.07,33.27,0.26,0.07,1.65,0.0,0.07,2.37,60.0,100.0,29,1.91,72.5,0.2,0.0,0.0,0.0,0.0,0.0,0.0,0.0,0.0,0.0,0.0,0.0,0.0,0.0,0.0,0.0,0.0,0.0
Kevin Vogt,Germany,33.0,1991.0,Centre-Back,194.0,,L1,1. Fußballclub Union Berlin,2000000.0,26,0,47,71,17,81,60,10,58,18,0,8,0,0,35,0,58,0,14,https://img.a.transfermarkt.technology/portrait/header/84435-1726350948.jpg?lm=1,18,16,1367,15.2,0.07,0.0,0.07,0,0.0,0.01,0.07,0.0,0.0,0.0,0.72,0.0,0.0,0.0,0.0,0.0,4.61,0.13,790,52.01,88.1,4.67,0.53,0.0,0.0,0.2,0.0,12,0.79,0.59,4.94,0.07,0.0,67.81,4,0.26,36.87,0.33,0.13,0.66,0.0,0.07,5.93,61.5,80.0,14,0.92,51.9,0.4,0.0,0.0,0.0,0.0,0.0,0.0,0.0,0.0,0.0,0.0,0.0,0.0,0.0,0.0,0.0,0.0,0.0
Hamza Rafia,Tunisia,26.0,1999.0,Central Midfield,181.0,2026-06-30,IT1,Unione Sportiva Lecce,1700000.0,29,12,17,40,68,65,32,59,15,19,48,11,0,0,24,0,25,0,10,https://img.a.transfermarkt.technology/portrait/header/418571-1725530321.jpg?lm=1,18,14,1058,11.8,0.0,0.0,0.0,0,0.0,-0.04,0.0,0.5,0.04,0.12,1.11,-1.4,0.85,0.17,0.0,20.0,4.34,2.72,409,34.79,77.6,4.0,1.28,0.51,0.0,0.09,3.83,44,3.74,0.34,1.53,0.09,0.09,55.38,10,0.85,26.97,1.79,1.7,2.21,0.0,0.0,5.27,46.9,45.5,5,0.43,27.8,0.34,0.0,0.0,0.0,0.0,0.0,0.0,0.0,0.0,0.0,0.0,0.0,0.0,0.0,0.0,0.0,0.0,0.0
Mathis Amougou,France,19.0,2006.0,Central Midfield,177.0,2033-06-30,GB1,Chelsea Football Club,10000000.0,25,14,13,16,10,23,18,71,64,79,0,4,0,0,96,0,15,0,4,https://img.a.transfermarkt.technology/portrait/header/1010854-1727721658.jpg?lm=1,18,9,867,9.6,0.0,0.0,0.0,0,0.0,-0.05,0.0,0.5,0.05,0.04,0.83,-0.4,0.73,0.1,0.0,14.3,3.84,1.76,239,24.81,77.77,2.6,0.42,0.0,0.0,0.1,0.1,21,2.18,1.25,0.42,0.0,0.0,43.18,5,0.52,25.85,2.28,0.93,0.62,0.0,0.0,4.05,52.6,31.3,3,0.31,20.0,0.21,0.0,0.0,0.0,0.0,0.0,0.0,0.0,0.0,0.0,0.0,0.0,0.0,0.0,0.0,0.0,0.0,0.0
Jaydee Canvot,France,18.0,2006.0,Centre-Back,188.0,2029-06-30,FR1,Toulouse Football Club,2500000.0,41,16,32,39,92,95,50,55,34,52,92,17,0,0,58,0,73,0,26,https://img.a.transfermarkt.technology/portrait/header/1006411-1741897197.jpg?lm=1,18,12,1106,12.3,0.0,0.0,0.0,0,0.0,-0.02,0.0,0.2,0.02,0.06,0.73,-0.7,0.41,0.08,0.0,20.0,3.34,0.0,462,37.59,86.2,3.42,0.49,0.16,0.0,0.41,0.49,23,1.87,0.9,4.39,0.08,0.08,54.2,7,0.57,31.25,0.49,0.65,1.46,0.0,0.0,4.07,66.7,70.0,16,1.3,55.2,0.16,0.0,0.0,0.0,0.0,0.0,0.0,0.0,0.0,0.0,0.0,0.0,0.0,0.0,0.0,0.0,0.0,0.0
José Luis Palomino,Argentina,35.0,1990.0,Centre-Back,188.0,2025-06-30,IT1,Cagliari Calcio,700000.0,44,34,75,33,12,0,23,97,95,34,0,23,0,0,72,0,33,0,34,https://img.a.transfermarkt.technology/portrait/header/125020-1663582906.jpg?lm=1,18,10,1081,12.0,0.08,0.0,0.08,1,0.08,0.04,0.0,0.5,0.04,0.0,0.33,0.0,0.17,0.08,0.5,50.0,2.91,0.08,508,42.29,86.7,2.66,0.17,0.0,0.0,0.25,0.0,27,2.25,1.83,3.83,0.0,0.0,58.86,0,0.0,31.97,0.25,0.08,0.92,0.0,0.08,4.16,71.4,0.0,16,1.33,57.1,0.25,0.0,0.0,0.0,0.0,0.0,0.0,0.0,0.0,0.0,0.0,0.0,0.0,0.0,0.0,0.0,0.0,0.0
Elias Saad,Tunisia,25.0,1999.0,Left Winger,185.0,,L1,Fußball-Club St. Pauli von 1910,4000000.0,41,54,53,39,16,35,52,61,17,39,91,53,0,0,59,0,46,0,34,https://img.a.transfermarkt.technology/portrait/header/526466-1723632619.jpeg?lm=1,18,10,900,10.0,0.3,0.2,0.5,3,0.3,0.02,0.0,2.8,0.28,0.08,2.9,1.2,2.6,0.8,0.12,30.8,2.7,7.6,182,18.2,76.2,1.7,1.4,0.3,0.0,0.1,1.4,20,2.0,0.3,0.1,0.0,0.5,42.7,16,1.6,30.1,5.7,3.6,1.7,0.0,0.0,4.3,50.0,29.6,8,0.8,26.7,0.1,0.0,0.0,0.0,0.0,0.0,0.0,0.0,0.0,0.0,0.0,0.0,0.0,0.0,0.0,0.0,0.0,0.0
Nathan Zézé,France,19.0,2005.0,Centre-Back,190.0,2028-06-30,FR1,Football Club de Nantes,12000000.0,45,21,40,27,12,61,17,92,61,24,85,30,0,0,67,0,25,0,25,https://img.a.transfermarkt.technology/portrait/header/923832-1703065128.jpg?lm=1,18,17,1512,16.8,0.0,0.0,0.0,0,0.0,-0.02,0.0,0.3,0.02,0.0,0.12,0.0,0.36,0.12,0.0,33.3,2.74,0.0,737,43.87,85.8,2.8,0.12,0.0,0.0,0.24,0.06,38,2.26,1.37,7.14,0.06,0.06,64.46,3,0.18,35.71,0.54,0.06,1.01,0.0,0.0,3.75,69.7,75.0,28,1.67,52.8,0.36,0.0,0.0,0.0,0.0,0.0,0.0,0.0,0.0,0.0,0.0,0.0,0.0,0.0,0.0,0.0,0.0,0.0
Flavius Daniliuc,Austria,24.0,2001.0,Centre-Back,188.0,2025-06-30,IT1,Verona Hellas Football Club,4000000.0,35,9,43,45,35,76,37,33,79,94,93,25,0,0,96,0,21,0,21,https://img.a.transfermarkt.technology/portrait/header/322655-1727704012.jpg?lm=1,18,9,1004,11.2,0.0,0.0,0.0,0,0.0,-0.01,0.0,0.1,0.01,0.01,0.72,-0.1,0.27,0.09,0.0,33.3,3.41,0.72,375,33.62,83.5,2.51,0.27,0.09,0.0,0.0,0.54,26,2.33,0.63,2.42,0.0,0.09,48.23,4,0.36,25.55,0.63,0.36,1.08,0.0,0.0,3.94,62.5,57.1,18,1.61,51.4,0.0,0.0,0.0,0.0,0.0,0.0,0.0,0.0,0.0,0.0,0.0,0.0,0.0,0.0,0.0,0.0,0.0,0.0
Woyo Coulibaly,France,26.0,1999.0,Right-Back,182.0,2029-06-30,GB1,Leicester City Football Club,2000000.0,43,8,47,42,42,55,89,53,58,22,89,39,0,0,64,0,78,0,45,https://img.a.transfermarkt.technology/portrait/header/592975-1725530223.jpg?lm=1,18,13,1193,13.2,0.0,0.08,0.08,0,0.0,-0.01,0.0,0.1,0.01,0.07,3.02,0.1,0.38,0.08,0.0,50.0,3.32,1.89,562,42.4,86.49,3.55,0.3,0.0,0.0,0.15,0.38,19,1.43,0.98,1.96,0.0,0.08,58.99,8,0.6,34.1,1.74,0.83,1.06,0.08,0.0,5.58,62.71,47.1,9,0.68,50.0,0.15,0.08,0.0,0.0,0.0,0.0,0.0,0.0,0.0,0.0,0.0,0.0,0.0,0.0,0.0,0.0,0.0,0.0
Chuki,Spain,21.0,2004.0,Attacking Midfield,,2025-06-30,ES1,Real Valladolid Club de Fútbol S.A.D.,1000000.0,37,59,45,2,47,13,0,6,95,88,75,8,0,0,97,0,8,0,5,https://img.a.transfermarkt.technology/portrait/header/926763-1700777200.jpg?lm=1,18,9,728,8.1,0.25,0.0,0.25,2,0.25,-0.02,0.0,2.2,0.27,0.15,0.74,-1.2,1.98,0.87,0.13,43.8,1.85,3.34,112,13.85,68.7,1.24,0.62,0.37,0.0,0.12,2.97,8,0.99,0.0,0.49,0.0,0.25,28.68,4,0.49,13.23,1.73,0.62,0.37,0.0,0.0,2.47,22.2,44.4,2,0.25,16.7,0.12,0.0,0.0,0.0,0.0,0.0,0.0,0.0,0.0,0.0,0.0,0.0,0.0,0.0,0.0,0.0,0.0,0.0
Anthony Lopes,Portugal,34.0,1990.0,Goalkeeper,184.0,2025-06-30,FR1,Football Club de Nantes,1500000.0,39,0,0,10,21,0,16,99,51,10,0,10,22,46,34,76,51,8,22,https://img.a.transfermarkt.technology/portrait/header/60561-1640775949.jpg?lm=1,18,18,1563,17.4,0.0,0.0,0.0,0,0.0,0.0,0.0,0.0,0.0,0.0,0.0,0.0,0.0,0.0,0.0,0.0,0.0,0.0,356,20.5,65.1,0.23,0.0,0.0,11.0,0.12,0.0,1,0.06,0.06,0.4,0.06,0.0,34.38,0,0.0,18.43,0.06,0.0,0.06,0.0,0.06,0.63,100.0,0.0,2,0.12,66.7,0.12,0.0,1.5,4.09,2.65,1.47,0.6,0.03,0.06,0.0,3.22,0.92,69.0,16.7,35.8,40.4,5.2,0.46
Darwin Machís,Venezuela,32.0,1993.0,Left Winger,171.0,2026-06-30,ES1,Real Valladolid Club de Fútbol S.A.D.,1000000.0,14,9,1,32,12,4,23,48,100,96,29,90,0,0,97,0,0,0,98,https://img.a.transfermarkt.technology/portrait/header/211251-1719836851.jpg?lm=1,18,7,639,7.1,0.0,0.14,0.14,0,0.0,-0.13,0.0,0.9,0.13,0.07,2.39,0.5,1.97,0.28,0.0,14.3,2.68,6.06,160,22.54,59.7,2.39,0.7,0.56,0.0,0.56,9.58,5,0.7,0.7,1.83,0.0,0.14,47.04,5,0.7,24.37,0.7,0.56,0.56,0.0,0.0,4.79,33.3,25.0,6,0.85,75.0,0.0,0.0,0.0,0.0,0.0,0.0,0.0,0.0,0.0,0.0,0.0,0.0,0.0,0.0,0.0,0.0,0.0,0.0
Nathan Broadhead,Wales,27.0,1998.0,Left Winger,178.0,2026-06-30,GB1,Ipswich Town Football Club,5000000.0,30,35,44,19,12,89,18,27,57,73,0,2,0,0,90,0,58,0,2,https://img.a.transfermarkt.technology/portrait/header/344009-1629189855.jpg?lm=1,18,7,702,7.8,0.26,0.0,0.26,2,0.26,0.04,0.0,1.7,0.22,0.09,2.56,-0.7,1.67,1.03,0.15,61.5,1.79,4.23,178,22.82,78.1,1.54,0.77,0.0,0.0,0.13,1.15,9,1.15,0.51,0.64,0.0,0.0,40.64,17,2.18,22.44,2.44,1.92,0.51,0.0,0.0,4.1,30.0,50.0,1,0.13,9.1,0.13,0.0,0.0,0.0,0.0,0.0,0.0,0.0,0.0,0.0,0.0,0.0,0.0,0.0,0.0,0.0,0.0,0.0
Cameron Burgess,Australia,29.0,1995.0,Centre-Back,194.0,2025-06-30,GB1,Ipswich Town Football Club,2500000.0,43,66,6,13,77,0,4,57,15,99,0,78,0,0,20,0,12,0,79,https://img.a.transfermarkt.technology/portrait/header/255788-1664180001.jpg?lm=1,18,16,1541,17.1,0.0,0.12,0.12,0,0.0,-0.06,0.0,1.1,0.06,0.03,0.12,1.5,0.58,0.12,0.0,20.0,2.45,0.23,626,36.56,80.9,2.74,0.23,0.0,0.0,0.06,0.0,17,0.99,0.82,7.48,0.18,0.0,57.35,0,0.0,25.11,0.18,0.0,0.35,0.0,0.0,2.57,81.8,0.0,44,2.57,66.7,0.0,0.0,0.0,0.0,0.0,0.0,0.0,0.0,0.0,0.0,0.0,0.0,0.0,0.0,0.0,0.0,0.0,0.0
David Torres,Spain,22.0,2003.0,Centre-Back,182.0,2026-06-30,ES1,Real Valladolid Club de Fútbol S.A.D.,1400000.0,19,17,40,17,10,24,43,6,94,38,0,14,0,0,92,0,10,0,12,https://img.a.transfermarkt.technology/portrait/header/857832-1702391225.jpg?lm=1,18,15,1387,15.4,0.0,0.0,0.0,0,0.0,-0.02,0.0,0.3,0.02,0.0,0.71,0.0,0.19,0.06,0.0,33.3,2.4,0.19,589,38.22,82.5,1.75,0.06,0.06,0.0,0.19,0.19,13,0.84,0.65,4.8,0.0,0.0,54.9,1,0.06,29.26,0.13,0.19,0.84,0.0,0.0,1.75,63.6,50.0,20,1.3,48.8,0.32,0.0,0.0,0.0,0.0,0.0,0.0,0.0,0.0,0.0,0.0,0.0,0.0,0.0,0.0,0.0,0.0,0.0
Lorenzo De Silvestri,Italy,37.0,1988.0,Right-Back,187.0,2025-06-30,IT1,Bologna Football Club 1909,400000.0,28,67,70,47,13,3,3,6,98,77,0,53,0,0,86,0,42,0,40,https://img.a.transfermarkt.technology/portrait/header/33571-1595929290.jpg?lm=1,18,13,1060,11.8,0.08,0.0,0.08,1,0.08,0.02,0.0,0.8,0.07,0.03,0.34,-0.3,0.76,0.34,0.11,44.4,3.91,2.55,446,37.87,79.1,3.4,0.51,0.42,0.0,0.17,1.95,11,0.93,0.85,2.72,0.0,0.0,55.78,1,0.08,26.58,0.59,0.17,1.44,0.0,0.0,2.21,43.8,20.0,12,1.02,42.9,0.08,0.0,0.0,0.0,0.0,0.0,0.0,0.0,0.0,0.0,0.0,0.0,0.0,0.0,0.0,0.0,0.0,0.0
Arthur Desmas,France,31.0,1994.0,Goalkeeper,196.0,2025-06-30,FR1,Le Havre Athletic Club,1500000.0,36,0,0,41,34,0,8,4,42,12,0,26,19,40,38,34,41,16,25,https://img.a.transfermarkt.technology/portrait/header/379869-1625740346.jpg?lm=1,18,18,1620,18.0,0.0,0.0,0.0,0,0.0,0.0,0.0,0.0,0.0,0.0,0.0,0.0,0.0,0.0,0.0,0.0,0.0,0.0,411,22.83,78.7,0.39,0.0,0.0,11.9,0.06,0.0,0,0.0,0.0,0.5,0.06,0.0,31.17,0,0.0,16.44,0.11,0.0,0.06,0.0,0.06,0.67,0.0,0.0,2,0.11,100.0,0.11,0.0,2.11,5.17,3.0,2.15,0.7,0.04,0.0,0.06,4.0,0.67,61.3,16.7,30.9,28.5,4.3,0.39
Wes Burns,Wales,30.0,1994.0,Right Winger,173.0,2026-06-30,GB1,Ipswich Town Football Club,2500000.0,13,0,4,0,41,23,31,82,2,83,43,53,0,0,2,0,1,0,35,https://img.a.transfermarkt.technology/portrait/header/255731-1664179868.jpg?lm=1,18,12,926,10.3,0.0,0.1,0.1,0,0.0,-0.05,0.0,0.5,0.05,0.16,3.69,-0.6,0.68,0.1,0.0,14.3,0.78,6.32,153,14.87,60.5,0.78,0.78,0.68,0.0,0.1,4.47,13,1.26,0.97,1.26,0.19,0.19,34.02,9,0.87,20.99,1.65,1.26,0.39,0.0,0.0,4.86,40.0,37.5,8,0.78,27.6,0.1,0.0,0.0,0.0,0.0,0.0,0.0,0.0,0.0,0.0,0.0,0.0,0.0,0.0,0.0,0.0,0.0,0.0
Adama Boiro,Spain,22.0,2002.0,Left-Back,183.0,2029-06-30,ES1,Athletic Club Bilbao,2500000.0,33,21,10,41,17,41,40,61,13,37,64,81,0,0,38,0,49,0,85,https://img.a.transfermarkt.technology/portrait/header/710671-1709677000.png?lm=1,18,13,1101,12.2,0.0,0.0,0.0,0,0.0,-0.02,0.0,0.3,0.02,0.04,2.04,-0.5,0.41,0.0,0.0,0.0,3.76,2.94,401,32.78,79.9,3.6,0.65,0.33,0.0,0.0,2.53,20,1.63,0.98,2.21,0.08,0.08,51.25,8,0.65,23.54,1.88,1.23,1.06,0.0,0.0,3.68,66.7,30.8,16,1.31,64.0,0.25,0.0,0.0,0.0,0.0,0.0,0.0,0.0,0.0,0.0,0.0,0.0,0.0,0.0,0.0,0.0,0.0,0.0
David Zec,Slovenia,25.0,2000.0,Centre-Back,190.0,2029-06-30,L1,Kieler Sportvereinigung Holstein von 1900,2500000.0,34,74,89,20,64,61,12,43,8,32,0,32,0,0,14,0,53,0,10,https://img.a.transfermarkt.technology/portrait/header/469709-1612035337.png?lm=1,18,18,1541,17.1,0.12,0.0,0.12,2,0.12,0.05,0.0,1.2,0.07,0.03,0.18,-0.5,0.64,0.29,0.18,45.5,1.99,0.12,733,42.81,87.7,1.46,0.06,0.0,0.0,0.18,0.06,23,1.34,0.99,5.43,0.18,0.0,61.27,5,0.29,30.78,0.64,0.29,1.23,0.0,0.0,4.44,65.0,55.6,35,2.04,42.7,0.29,0.0,0.0,0.0,0.0,0.0,0.0,0.0,0.0,0.0,0.0,0.0,0.0,0.0,0.0,0.0,0.0,0.0
Stefan Bell,Germany,33.0,1991.0,Centre-Back,192.0,2025-06-30,L1,1. Fußball- und Sportverein Mainz 05,800000.0,54,55,17,10,93,20,23,85,50,30,0,100,0,0,66,0,14,0,99,https://img.a.transfermarkt.technology/portrait/header/82350-1657706740.jpg?lm=1,18,15,1436,16.0,0.0,0.06,0.06,0,0.0,-0.05,0.0,0.8,0.05,0.06,0.5,0.0,0.75,0.19,0.0,25.0,2.38,0.31,565,35.41,78.6,2.26,0.0,0.0,0.0,0.13,0.0,22,1.38,1.75,6.71,0.06,0.0,59.67,2,0.13,26.01,0.81,0.25,1.5,0.0,0.0,4.07,64.3,33.3,83,5.2,69.2,0.25,0.0,0.0,0.0,0.0,0.0,0.0,0.0,0.0,0.0,0.0,0.0,0.0,0.0,0.0,0.0,0.0,0.0
Jacques Ekomié,Gabon,21.0,2003.0,Left-Back,179.0,2027-06-30,FR1,Angers Sporting Club de l'Ouest,800000.0,22,2,28,4,0,15,12,62,48,63,0,73,0,0,83,0,2,0,56,https://img.a.transfermarkt.technology/portrait/header/970279-1699019588.jpg?lm=1,18,7,697,7.7,0.0,0.0,0.0,0,0.0,0.0,0.0,0.0,0.0,0.0,1.68,0.0,0.13,0.0,0.0,0.0,2.58,3.1,183,23.63,70.4,1.29,0.39,0.0,0.0,0.13,2.97,22,2.84,0.52,1.81,0.0,0.0,46.23,4,0.52,17.43,1.16,1.55,1.42,0.0,0.0,4.26,66.7,19.0,11,1.42,45.8,0.13,0.0,0.0,0.0,0.0,0.0,0.0,0.0,0.0,0.0,0.0,0.0,0.0,0.0,0.0,0.0,0.0,0.0
Arijanet Muric,Kosovo,26.0,1998.0,Goalkeeper,198.0,2028-06-30,GB1,Ipswich Town Football Club,6000000.0,25,0,0,78,52,0,54,16,1,48,0,97,17,31,2,37,7,27,100,https://img.a.transfermarkt.technology/portrait/header/371021-1685718424.jpg?lm=1,18,18,1620,18.0,0.0,0.0,0.0,0,0.0,0.0,0.0,0.0,0.0,0.0,0.0,0.0,0.0,0.0,0.0,0.0,0.06,0.0,454,25.22,71.7,0.78,0.0,0.0,12.2,0.17,0.0,0,0.0,0.0,0.56,0.28,0.0,38.28,0,0.0,22.5,0.17,0.06,0.0,0.0,0.0,1.44,0.0,0.0,11,0.61,91.7,0.06,0.0,1.83,5.56,3.72,1.74,-1.6,-0.09,0.0,0.0,5.22,2.17,70.0,5.6,30.3,29.6,15.7,1.11
Niclas Füllkrug,Germany,32.0,1993.0,Centre-Forward,189.0,2028-06-30,GB1,West Ham United Football Club,12000000.0,26,15,39,30,91,1,18,75,89,23,0,85,0,0,45,0,44,0,74,https://img.a.transfermarkt.technology/portrait/header/75489-1709560033.jpg?lm=1,18,6,791,8.8,0.34,0.23,0.57,3,0.34,0.09,0.0,2.2,0.25,0.22,0.8,0.1,1.82,0.8,0.19,43.8,1.59,3.64,133,15.13,66.8,1.37,0.57,0.0,0.0,0.23,0.11,4,0.46,0.11,1.82,0.0,0.0,31.52,1,0.11,14.22,2.05,0.8,2.39,0.0,0.0,2.05,75.0,12.5,39,4.44,42.9,0.23,0.0,0.0,0.0,0.0,0.0,0.0,0.0,0.0,0.0,0.0,0.0,0.0,0.0,0.0,0.0,0.0,0.0
Ismaël Bennacer,Algeria,27.0,1997.0,Defensive Midfield,175.0,2025-06-30,FR1,Olympique de Marseille,15000000.0,50,14,46,99,95,99,100,63,22,19,0,29,0,0,31,0,99,0,47,https://img.a.transfermarkt.technology/portrait/header/351816-1663575089.jpg?lm=1,18,12,946,10.5,0.0,0.19,0.19,0,0.0,-0.02,0.0,0.2,0.02,0.18,2.09,0.1,0.57,0.19,0.0,66.7,9.04,1.9,934,88.86,90.6,9.99,1.62,0.29,0.0,0.57,3.23,26,2.47,1.24,0.29,0.1,0.0,106.46,16,1.52,67.36,0.95,1.62,2.28,0.0,0.0,6.37,56.62,78.45,5,0.48,58.32,0.38,0.0,0.0,0.0,0.0,0.0,0.0,0.0,0.0,0.0,0.0,0.0,0.0,0.0,0.0,0.0,0.0,0.0
Antoine Mendy,Senegal,20.0,2004.0,Right-Back,187.0,2028-06-30,FR1,Olympique Gymnaste Club Nice Côte d'Azur,3000000.0,42,58,1,44,3,47,42,83,22,36,78,91,0,0,21,0,50,0,85,https://img.a.transfermarkt.technology/portrait/header/891998-1739971137.jpg?lm=1,18,8,825,9.2,0.0,0.0,0.0,0,0.0,-0.07,0.0,0.6,0.07,0.01,1.31,-0.1,0.98,0.11,0.0,11.1,3.82,1.64,394,42.98,81.1,3.16,0.76,0.33,0.0,0.22,0.76,30,3.27,0.87,3.16,0.11,0.11,64.91,5,0.55,34.25,1.2,0.44,1.42,0.0,0.0,5.24,65.5,41.7,17,1.85,56.7,0.22,0.0,0.0,0.0,0.0,0.0,0.0,0.0,0.0,0.0,0.0,0.0,0.0,0.0,0.0,0.0,0.0,0.0
Keven Schlotterbeck,Germany,28.0,1997.0,Centre-Back,188.0,2027-06-30,L1,Fußball-Club Augsburg 1907,7000000.0,50,61,97,54,82,86,12,64,57,9,0,83,0,0,15,0,55,0,88,https://img.a.transfermarkt.technology/portrait/header/413843-1722849820.jpg?lm=1,18,15,1297,14.4,0.21,0.07,0.28,3,0.21,0.15,0.0,0.8,0.06,0.04,0.21,0.4,0.83,0.28,0.25,33.3,4.09,0.14,577,40.04,84.5,2.78,0.21,0.07,0.0,0.35,0.21,19,1.32,1.04,5.07,0.07,0.0,58.64,3,0.21,29.42,0.56,0.0,0.69,0.0,0.14,3.82,75.0,100.0,40,2.78,69.0,0.28,0.07,0.0,0.0,0.0,0.0,0.0,0.0,0.0,0.0,0.0,0.0,0.0,0.0,0.0,0.0,0.0,0.0
Odilon Kossounou,Cote d'Ivoire,24.0,2001.0,Centre-Back,191.0,2025-06-30,IT1,Atalanta Bergamasca Calcio S.p.a.,25000000.0,33,41,46,75,14,67,75,4,37,75,0,42,0,0,62,0,50,0,43,https://img.a.transfermarkt.technology/portrait/header/644771-1730183693.jpg?lm=1,18,12,1125,12.5,0.0,0.0,0.0,0,0.0,-0.04,0.0,0.5,0.04,0.0,1.04,0.0,0.48,0.32,0.0,66.7,3.68,1.12,599,47.92,88.2,4.24,0.16,0.0,0.0,0.24,0.24,16,1.28,0.96,1.92,0.08,0.0,63.12,5,0.4,36.48,0.96,0.24,1.2,0.0,0.0,4.96,42.9,41.7,23,1.84,57.5,0.08,0.0,0.0,0.0,0.0,0.0,0.0,0.0,0.0,0.0,0.0,0.0,0.0,0.0,0.0,0.0,0.0,0.0
Tanguy Ndombélé,France,28.0,1996.0,Central Midfield,181.0,2026-06-30,FR1,Olympique Gymnaste Club Nice Côte d'Azur,10000000.0,59,79,41,58,88,99,60,91,51,83,71,5,0,0,97,0,87,0,4,https://img.a.transfermarkt.technology/portrait/header/450936-1739972039.jpg?lm=1,18,12,1131,12.6,0.08,0.16,0.24,1,0.08,-0.11,0.0,2.4,0.19,0.19,1.75,-0.4,0.88,0.16,0.09,18.2,4.85,2.86,415,33.02,87.2,3.26,0.64,0.0,0.0,0.0,0.24,35,2.79,1.11,0.72,0.0,0.16,48.62,25,1.99,29.12,2.23,1.67,0.8,0.0,0.0,5.33,60.0,53.2,3,0.24,23.1,0.16,0.0,0.0,0.0,0.0,0.0,0.0,0.0,0.0,0.0,0.0,0.0,0.0,0.0,0.0,0.0,0.0,0.0
Steve Mandanda,France,40.0,1985.0,Goalkeeper,187.0,2025-06-30,FR1,Stade Rennais Football Club,700000.0,18,0,0,93,83,96,16,10,7,69,0,15,29,12,43,54,34,81,18,https://img.a.transfermarkt.technology/portrait/header/23951-1666698933.jpg?lm=1,18,17,1486,16.5,0.0,0.0,0.0,0,0.0,0.0,0.0,0.0,0.0,0.01,0.0,-0.1,0.0,0.0,0.0,0.0,0.0,0.06,353,21.38,70.7,0.48,0.0,0.0,15.7,0.0,0.0,0,0.0,0.0,0.36,0.12,0.0,31.68,2,0.12,18.47,0.12,0.06,0.0,0.0,0.0,1.57,0.0,100.0,1,0.06,100.0,0.0,0.0,1.39,3.09,1.76,1.03,-4.0,-0.24,0.0,0.06,4.0,0.42,58.8,35.3,32.7,33.6,4.0,1.27
Aaron Cresswell,England,35.0,1989.0,Left-Back,170.0,2025-06-30,GB1,West Ham United Football Club,700000.0,40,19,10,62,75,21,13,81,100,31,0,43,0,0,80,0,76,0,47,https://img.a.transfermarkt.technology/portrait/header/92571-1700670925.jpg?lm=1,18,10,824,9.2,0.0,0.0,0.0,0,0.0,-0.02,0.0,0.2,0.02,0.14,0.66,-1.3,0.55,0.0,0.0,0.0,3.93,0.44,504,55.05,82.6,5.68,0.55,0.22,0.0,0.55,3.93,11,1.2,0.87,4.04,0.0,0.0,75.04,1,0.11,31.78,0.44,0.0,0.44,0.0,0.0,3.93,81.8,50.0,7,0.76,50.0,0.33,0.0,0.0,0.0,0.0,0.0,0.0,0.0,0.0,0.0,0.0,0.0,0.0,0.0,0.0,0.0,0.0,0.0
Alejandro Francés,Spain,22.0,2002.0,Centre-Back,182.0,2029-06-30,ES1,Girona Fútbol Club S. A. D.,2500000.0,55,14,14,93,56,88,86,91,87,51,0,0,0,0,90,0,43,0,1,https://img.a.transfermarkt.technology/portrait/header/632896-1697808516.jpg?lm=1,18,13,1173,13.0,0.0,0.0,0.0,0,0.0,-0.02,0.0,0.2,0.02,0.02,1.38,-0.3,0.46,0.0,0.0,0.0,4.83,1.53,685,52.56,84.3,5.29,0.46,0.23,0.0,0.77,1.92,36,2.76,1.3,3.99,0.0,0.0,74.27,7,0.54,37.98,0.61,0.08,1.53,0.0,0.0,2.84,70.0,50.0,6,0.46,31.6,0.15,0.0,0.0,0.0,0.0,0.0,0.0,0.0,0.0,0.0,0.0,0.0,0.0,0.0,0.0,0.0,0.0,0.0
Yanis Zouaoui,France,30.0,1994.0,Left-Back,183.0,2027-06-30,FR1,Le Havre Athletic Club,800000.0,47,12,45,26,98,96,85,70,73,36,0,51,0,0,80,0,27,0,71,https://img.a.transfermarkt.technology/portrait/header/691841-1741881750.jpg?lm=1,17,9,976,10.8,0.0,0.18,0.18,0,0.0,-0.01,0.0,0.1,0.01,0.27,3.04,-0.9,0.46,0.18,0.0,40.0,2.95,3.04,408,37.62,68.6,2.12,1.29,0.83,0.0,0.09,10.14,20,1.84,0.74,3.97,0.0,0.0,66.85,13,1.2,29.42,1.66,0.37,0.74,0.0,0.0,3.78,73.3,72.2,7,0.65,63.6,0.28,0.0,0.0,0.0,0.0,0.0,0.0,0.0,0.0,0.0,0.0,0.0,0.0,0.0,0.0,0.0,0.0,0.0
Charalampos Lykogiannis,Greece,31.0,1993.0,Left-Back,191.0,2025-06-30,IT1,Bologna Football Club 1909,1500000.0,33,21,40,69,84,41,18,26,45,39,0,97,0,0,32,0,27,0,97,https://img.a.transfermarkt.technology/portrait/header/136514-1663656826.jpg?lm=1,17,12,1048,11.6,0.0,0.34,0.34,0,0.0,-0.02,0.0,0.2,0.02,0.14,0.86,2.4,0.52,0.17,0.0,33.3,4.21,3.09,504,43.28,71.4,3.69,1.12,1.03,0.0,0.94,9.1,23,1.98,0.94,3.52,0.09,0.0,69.56,4,0.34,31.6,0.6,0.26,0.86,0.0,0.0,3.01,50.0,50.0,26,2.23,66.7,0.26,0.0,0.0,0.0,0.0,0.0,0.0,0.0,0.0,0.0,0.0,0.0,0.0,0.0,0.0,0.0,0.0,0.0
Emerson Royal,Brazil,26.0,1999.0,Right-Back,183.0,2028-06-30,IT1,Associazione Calcio Milan,10000000.0,41,32,23,79,23,36,60,42,74,7,84,88,0,0,66,0,81,0,88,https://img.a.transfermarkt.technology/portrait/header/476344-1737380789.jpg?lm=1,17,16,1377,15.3,0.0,0.0,0.0,0,0.0,-0.03,0.0,0.4,0.03,0.05,1.5,-0.7,0.65,0.13,0.0,20.0,4.44,4.64,784,51.24,86.2,2.88,0.92,0.33,0.0,0.2,2.94,45,2.94,0.92,3.66,0.0,0.13,72.03,7,0.46,38.17,1.18,0.65,2.22,0.0,0.0,3.86,47.1,38.9,24,1.57,63.2,0.33,0.0,0.0,0.0,0.0,0.0,0.0,0.0,0.0,0.0,0.0,0.0,0.0,0.0,0.0,0.0,0.0,0.0
Augustine Boakye,Ghana,24.0,2000.0,Attacking Midfield,178.0,2028-06-30,FR1,Association sportive de Saint-Étienne Loire,3000000.0,43,51,69,47,27,81,62,20,50,2,75,33,0,0,62,0,29,0,27,https://img.a.transfermarkt.technology/portrait/header/579263-1727722384.jpg?lm=1,17,8,733,8.1,0.37,0.0,0.37,3,0.37,0.15,0.0,1.8,0.22,0.11,3.07,-0.9,2.95,1.11,0.13,37.5,4.3,7.37,192,23.57,75.0,1.72,1.35,0.0,0.0,0.12,0.61,7,0.86,0.74,0.49,0.0,0.25,42.85,13,1.6,23.82,2.21,3.07,2.33,0.0,0.0,3.32,27.3,54.2,5,0.61,26.3,0.61,0.0,0.0,0.0,0.0,0.0,0.0,0.0,0.0,0.0,0.0,0.0,0.0,0.0,0.0,0.0,0.0,0.0
Medon Berisha,Albania,21.0,2003.0,Central Midfield,186.0,2028-06-30,IT1,Unione Sportiva Lecce,1000000.0,38,45,7,62,47,15,66,58,2,3,90,67,0,0,1,0,26,0,69,https://img.a.transfermarkt.technology/portrait/header/583046-1662114572.jpg?lm=1,17,7,716,8.0,0.0,0.13,0.13,0,0.0,-0.09,0.0,0.7,0.09,0.08,1.63,0.4,3.02,0.75,0.0,25.0,5.28,2.14,312,39.22,78.0,5.78,0.75,0.13,0.0,0.75,3.65,12,1.51,1.38,0.63,0.25,0.25,61.09,3,0.38,35.07,1.26,0.13,2.01,0.0,0.0,4.53,50.0,33.3,8,1.01,53.3,0.63,0.0,0.0,0.0,0.0,0.0,0.0,0.0,0.0,0.0,0.0,0.0,0.0,0.0,0.0,0.0,0.0,0.0
Luiz Júnior,Brazil,24.0,2001.0,Goalkeeper,192.0,2030-06-30,ES1,Villarreal Club de Fútbol S.A.D.,5000000.0,59,0,0,25,31,0,11,39,51,27,0,75,72,67,67,48,21,28,64,https://img.a.transfermarkt.technology/portrait/header/712107-1618227160.jpg?lm=1,17,16,1458,16.2,0.0,0.0,0.0,0,0.0,0.0,0.0,0.0,0.0,0.0,0.0,0.0,0.0,0.0,0.0,0.0,0.0,0.0,359,22.16,73.1,0.37,0.0,0.0,12.2,0.06,0.0,0,0.0,0.0,0.86,0.06,0.0,33.46,0,0.0,17.53,0.06,0.0,0.0,0.0,0.0,1.11,0.0,0.0,6,0.37,85.7,0.12,0.0,1.11,4.07,2.96,1.12,0.1,0.0,0.0,0.0,5.93,0.99,78.8,31.3,31.6,31.9,6.3,1.23
Emmanuel Biumla,France,20.0,2005.0,Centre-Back,185.0,2027-06-30,FR1,Angers Sporting Club de l'Ouest,4000000.0,19,46,72,2,1,87,7,15,47,76,0,15,0,0,43,0,27,0,28,https://img.a.transfermarkt.technology/portrait/header/default.jpg?lm=1,17,15,1336,14.8,0.07,0.0,0.07,1,0.07,0.02,0.0,0.7,0.05,0.0,0.2,0.0,0.27,0.13,0.25,50.0,1.08,0.0,440,29.64,88.2,0.88,0.07,0.0,0.0,0.07,0.0,19,1.28,0.54,5.66,0.07,0.0,44.06,7,0.47,25.6,0.67,0.27,0.47,0.0,0.07,2.49,66.7,58.3,16,1.08,57.1,0.13,0.0,0.0,0.0,0.0,0.0,0.0,0.0,0.0,0.0,0.0,0.0,0.0,0.0,0.0,0.0,0.0,0.0
Ben White,England,27.0,1997.0,Right-Back,186.0,2028-06-30,GB1,Arsenal Football Club,50000000.0,36,43,14,73,64,0,42,17,88,74,0,80,0,0,90,0,79,0,86,https://img.a.transfermarkt.technology/portrait/header/335721-1683275943.jpg?lm=1,17,13,1198,13.3,0.0,0.15,0.15,0,0.0,-0.04,0.0,0.5,0.04,0.1,1.65,0.7,0.68,0.15,0.0,22.2,4.43,3.16,581,43.65,83.8,4.13,0.83,0.15,0.0,0.53,1.28,20,1.5,1.2,3.31,0.0,0.0,61.08,0,0.0,29.6,0.75,0.45,0.75,0.0,0.0,2.78,42.1,0.0,17,1.28,65.4,0.15,0.0,0.0,0.0,0.0,0.0,0.0,0.0,0.0,0.0,0.0,0.0,0.0,0.0,0.0,0.0,0.0,0.0
James Bree,England,27.0,1997.0,Right-Back,178.0,2026-06-30,GB1,Southampton Football Club,2500000.0,27,8,41,40,49,40,22,9,88,99,0,69,0,0,99,0,66,0,79,https://img.a.transfermarkt.technology/portrait/header/324223-1720190887.jpg?lm=1,17,13,1075,11.9,0.0,0.08,0.08,0,0.0,-0.01,0.0,0.1,0.01,0.08,1.09,0.1,0.33,0.08,0.0,25.0,2.85,3.6,500,41.86,83.5,2.43,0.59,0.5,0.0,0.0,2.43,19,1.59,0.75,2.43,0.0,0.0,58.1,4,0.33,30.39,0.75,0.42,0.33,0.0,0.0,5.44,40.0,50.0,12,1.0,63.2,0.0,0.0,0.0,0.0,0.0,0.0,0.0,0.0,0.0,0.0,0.0,0.0,0.0,0.0,0.0,0.0,0.0,0.0
Han-Noah Massengo,France,23.0,2001.0,Central Midfield,178.0,2025-06-30,FR1,Association de la Jeunesse auxerroise,5000000.0,30,8,27,11,7,58,39,92,8,20,76,27,0,0,8,0,36,0,29,https://img.a.transfermarkt.technology/portrait/header/536508-1700738313.jpg?lm=1,17,11,1046,11.6,0.0,0.0,0.0,0,0.0,-0.03,0.0,0.4,0.03,0.03,1.12,-0.4,0.52,0.26,0.0,50.0,2.41,1.12,375,32.27,84.7,1.98,0.26,0.17,0.0,0.43,0.77,17,1.46,1.46,0.86,0.17,0.17,47.15,10,0.86,29.68,0.95,0.95,1.46,0.0,0.0,4.9,66.7,34.5,7,0.6,38.9,0.43,0.0,0.0,0.0,0.0,0.0,0.0,0.0,0.0,0.0,0.0,0.0,0.0,0.0,0.0,0.0,0.0,0.0
Marcos Senesi,Argentina,28.0,1997.0,Centre-Back,185.0,2026-06-30,GB1,Association Football Club Bournemouth,24000000.0,55,54,1,68,59,89,81,76,77,7,0,65,0,0,85,0,5,0,42,https://img.a.transfermarkt.technology/portrait/header/469781-1738824319.jpg?lm=1,17,13,1106,12.3,0.0,0.0,0.0,0,0.0,-0.07,0.0,0.8,0.07,0.02,0.98,-0.2,0.24,0.0,0.0,0.0,5.05,0.57,559,45.49,76.3,6.43,1.06,0.24,0.0,0.16,0.9,38,3.09,1.14,4.72,0.0,0.0,72.1,6,0.49,45.0,0.57,0.49,1.79,0.0,0.0,5.78,46.7,60.0,32,2.6,52.5,0.41,0.0,0.0,0.0,0.0,0.0,0.0,0.0,0.0,0.0,0.0,0.0,0.0,0.0,0.0,0.0,0.0,0.0
Josip Juranovic,Croatia,29.0,1995.0,Right-Back,173.0,2027-06-30,L1,1. Fußballclub Union Berlin,4000000.0,24,24,40,32,78,72,19,7,14,32,0,13,0,0,9,0,5,0,25,https://img.a.transfermarkt.technology/portrait/header/362977-1691614466.jpg?lm=1,17,13,1159,12.9,0.0,0.08,0.08,0,0.0,-0.02,0.0,0.3,0.02,0.14,1.48,-0.8,0.47,0.16,0.0,33.3,4.04,3.49,379,29.43,64.5,2.64,1.71,0.93,0.0,0.23,6.06,21,1.63,0.54,3.26,0.16,0.0,55.06,11,0.85,23.84,0.93,0.23,0.62,0.0,0.0,4.81,40.0,45.8,4,0.31,44.4,0.31,0.0,0.0,0.0,0.0,0.0,0.0,0.0,0.0,0.0,0.0,0.0,0.0,0.0,0.0,0.0,0.0,0.0
Frans Krätzig,Germany,22.0,2003.0,Left Midfield,177.0,2025-06-30,L1,1. Fußballclub Heidenheim 1846,2000000.0,38,18,43,21,39,46,25,79,79,79,0,29,0,0,43,0,50,0,64,https://img.a.transfermarkt.technology/portrait/header/604320-1723707384.jpg?lm=1,17,16,1273,14.1,0.07,0.14,0.21,1,0.07,0.03,0.0,0.6,0.04,0.13,1.77,0.2,0.64,0.21,0.11,33.3,2.76,4.17,455,32.17,76.84,2.19,0.99,0.35,0.0,0.07,2.76,34,2.4,1.2,1.13,0.0,0.0,51.19,9,0.64,28.42,1.56,0.57,0.57,0.0,0.07,4.45,55.7,45.0,4,0.28,57.18,0.07,0.0,0.0,0.0,0.0,0.0,0.0,0.0,0.0,0.0,0.0,0.0,0.0,0.0,0.0,0.0,0.0,0.0
Giovanni Leoni,Italy,18.0,2006.0,Centre-Back,193.0,2029-06-30,IT1,Parma Calcio 1913,6000000.0,17,8,75,19,2,87,8,11,51,22,0,28,0,0,47,0,28,0,47,https://img.a.transfermarkt.technology/portrait/header/1086619-1742206782.jpg?lm=1,17,14,1199,13.3,0.08,0.0,0.08,1,0.08,0.07,0.0,0.1,0.01,0.0,0.0,0.0,0.15,0.08,0.5,50.0,1.58,0.38,562,42.19,87.7,1.58,0.0,0.0,0.0,0.23,0.23,14,1.05,1.13,4.73,0.08,0.0,58.1,3,0.23,33.7,0.45,0.15,0.83,0.0,0.0,2.55,50.0,100.0,17,1.28,63.0,0.23,0.08,0.0,0.0,0.0,0.0,0.0,0.0,0.0,0.0,0.0,0.0,0.0,0.0,0.0,0.0,0.0,0.0
Ben Davies,Wales,32.0,1993.0,Centre-Back,181.0,2025-06-30,GB1,Tottenham Hotspur Football Club,8000000.0,39,19,32,68,29,68,80,8,62,24,0,90,0,0,62,0,50,0,66,https://img.a.transfermarkt.technology/portrait/header/192765-1668520095.jpg?lm=1,17,14,1331,14.8,0.0,0.0,0.0,0,0.0,-0.02,0.0,0.3,0.02,0.01,0.95,-0.2,0.34,0.07,0.0,20.0,3.52,0.41,893,60.38,87.5,3.18,0.14,0.0,0.0,0.34,0.27,17,1.15,0.81,5.48,0.07,0.0,79.99,1,0.07,44.43,0.34,0.0,1.15,0.0,0.0,2.77,52.9,100.0,52,3.52,54.7,0.34,0.0,0.0,0.0,0.0,0.0,0.0,0.0,0.0,0.0,0.0,0.0,0.0,0.0,0.0,0.0,0.0,0.0
Jakub Kiwior,Poland,25.0,2000.0,Centre-Back,189.0,2028-06-30,GB1,Arsenal Football Club,22000000.0,33,15,74,67,54,57,43,30,17,89,0,5,0,0,22,0,85,0,7,https://img.a.transfermarkt.technology/portrait/header/425918-1683101307.jpg?lm=1,17,10,1122,12.5,0.08,0.0,0.08,1,0.08,0.06,0.0,0.2,0.02,0.02,0.4,-0.3,0.24,0.08,0.33,33.3,3.85,0.08,675,54.14,91.6,5.21,0.24,0.0,0.0,0.08,0.16,22,1.76,0.48,4.65,0.16,0.0,67.94,3,0.24,39.39,0.24,0.16,0.8,0.0,0.0,2.49,73.3,60.0,11,0.88,45.8,0.08,0.0,0.0,0.0,0.0,0.0,0.0,0.0,0.0,0.0,0.0,0.0,0.0,0.0,0.0,0.0,0.0,0.0
Mason Mount,England,26.0,1999.0,Attacking Midfield,181.0,2028-06-30,GB1,Manchester United Football Club,28000000.0,48,88,20,64,21,2,54,91,77,7,41,41,0,0,65,0,68,0,37,https://img.a.transfermarkt.technology/portrait/header/346483-1683291495.jpg?lm=1,17,8,622,6.9,0.14,0.0,0.14,1,0.14,-0.33,0.0,3.3,0.48,0.09,2.17,-0.6,2.89,1.3,0.05,45.0,4.77,5.93,207,29.95,81.8,2.75,1.16,0.29,0.0,0.29,1.88,15,2.17,0.58,0.58,0.0,0.14,49.05,1,0.14,30.96,2.32,1.3,2.32,0.0,0.0,2.6,75.0,10.0,4,0.58,33.3,0.43,0.0,0.0,0.0,0.0,0.0,0.0,0.0,0.0,0.0,0.0,0.0,0.0,0.0,0.0,0.0,0.0,0.0
Gerard Moreno,Spain,33.0,1992.0,Centre-Forward,180.0,2027-06-30,ES1,Villarreal Club de Fútbol S.A.D.,5000000.0,27,14,2,99,100,100,91,41,83,90,87,83,0,0,85,0,100,0,99,https://img.a.transfermarkt.technology/portrait/header/177467-1726231623.jpg?lm=1,17,6,721,8.0,0.37,0.25,0.62,0,0.0,-0.15,0.37,1.8,0.22,0.45,2.37,-1.6,2.87,1.12,0.0,39.1,6.62,7.49,235,29.33,77.0,3.74,1.87,0.25,0.0,0.25,1.25,7,0.87,0.25,1.0,0.0,0.25,50.43,18,2.25,30.33,2.12,1.12,1.25,0.12,0.0,3.12,25.0,58.1,17,2.12,81.0,0.0,0.0,0.0,0.0,0.0,0.0,0.0,0.0,0.0,0.0,0.0,0.0,0.0,0.0,0.0,0.0,0.0,0.0
Teddy Teuma,Malta,31.0,1993.0,Central Midfield,176.0,2027-06-30,FR1,Stade de Reims,4000000.0,33,26,23,85,72,11,57,28,13,80,59,15,0,0,19,0,41,0,15,https://img.a.transfermarkt.technology/portrait/header/409153-1723821029.png?lm=1,17,9,750,8.3,0.12,0.0,0.12,0,0.0,-0.05,0.12,0.6,0.07,0.13,1.08,-1.1,1.56,0.24,0.0,15.4,5.64,4.08,494,59.28,79.2,4.92,1.08,0.48,0.0,0.96,5.28,18,2.16,1.44,0.96,0.12,0.12,86.64,3,0.36,42.0,1.32,1.32,1.32,0.0,0.0,5.04,28.0,25.0,4,0.48,33.3,0.12,0.0,0.0,0.0,0.0,0.0,0.0,0.0,0.0,0.0,0.0,0.0,0.0,0.0,0.0,0.0,0.0,0.0
Michael Kayode,Italy,20.0,2004.0,Right-Back,179.0,2025-06-30,GB1,Brentford Football Club,18000000.0,46,27,3,17,94,97,44,86,55,29,87,90,0,0,75,0,38,0,96,https://img.a.transfermarkt.technology/portrait/header/823486-1725531169.jpg?lm=1,17,7,655,7.3,0.0,0.14,0.14,0,0.0,-0.04,0.0,0.3,0.04,0.21,2.06,-0.5,0.41,0.0,0.0,0.0,2.75,4.12,224,30.78,73.62,2.2,0.55,0.27,0.0,0.0,2.2,18,2.47,1.24,3.57,0.0,0.14,54.55,12,1.65,25.15,1.92,0.82,1.24,0.0,0.0,5.5,65.36,52.17,11,1.51,74.8,0.27,0.0,0.0,0.0,0.0,0.0,0.0,0.0,0.0,0.0,0.0,0.0,0.0,0.0,0.0,0.0,0.0,0.0
Brian Oliván,Spain,31.0,1994.0,Left-Back,175.0,2025-06-30,ES1,Reial Club Deportiu Espanyol de Barcelona S.A.D.,2000000.0,23,34,9,37,63,4,28,1,95,56,0,3,0,0,83,0,8,0,3,https://img.a.transfermarkt.technology/portrait/header/166677-1626938634.jpg?lm=1,17,12,1017,11.3,0.0,0.09,0.09,0,0.0,-0.04,0.0,0.4,0.04,0.1,1.86,-0.1,0.53,0.09,0.0,16.7,3.54,5.04,317,28.05,69.2,3.89,1.06,0.8,0.0,0.27,4.87,13,1.15,0.88,2.04,0.0,0.0,47.79,1,0.09,21.95,0.88,0.09,1.15,0.0,0.0,2.48,30.8,25.0,3,0.27,23.1,0.18,0.0,0.0,0.0,0.0,0.0,0.0,0.0,0.0,0.0,0.0,0.0,0.0,0.0,0.0,0.0,0.0,0.0
Bojan Miovski,North Macedonia,25.0,1999.0,Centre-Forward,189.0,2028-06-30,ES1,Girona Fútbol Club S. A. D.,3000000.0,18,16,21,7,5,26,3,32,97,87,78,33,0,0,82,0,45,0,33,https://img.a.transfermarkt.technology/portrait/header/476219-1611947628.jpeg?lm=1,17,12,869,9.7,0.21,0.1,0.31,2,0.21,-0.07,0.0,2.7,0.28,0.02,0.41,0.8,1.45,0.41,0.14,28.6,0.41,3.42,86,8.91,76.1,0.21,0.1,0.1,0.0,0.0,0.31,7,0.72,0.21,0.72,0.0,0.21,18.85,3,0.31,9.11,1.76,0.62,1.35,0.1,0.0,1.35,28.6,42.9,13,1.35,37.1,0.0,0.0,0.0,0.0,0.0,0.0,0.0,0.0,0.0,0.0,0.0,0.0,0.0,0.0,0.0,0.0,0.0,0.0
Enzo Loiodice,France,24.0,2000.0,Central Midfield,177.0,2026-06-30,ES1,Unión Deportiva Las Palmas S.A.D.,1500000.0,20,11,28,35,7,24,20,26,1,27,62,53,0,0,2,0,47,0,50,https://img.a.transfermarkt.technology/portrait/header/581781-1737366411.jpg?lm=1,17,7,684,7.6,0.0,0.0,0.0,0,0.0,-0.04,0.0,0.3,0.04,0.03,0.39,-0.2,0.92,0.53,0.0,57.1,4.08,0.39,377,49.61,85.1,3.95,0.13,0.0,0.0,0.39,1.32,17,2.24,1.32,0.92,0.26,0.13,70.0,4,0.53,36.71,1.45,1.58,1.32,0.0,0.0,3.82,30.0,30.8,7,0.92,46.7,0.39,0.0,0.0,0.0,0.0,0.0,0.0,0.0,0.0,0.0,0.0,0.0,0.0,0.0,0.0,0.0,0.0,0.0
Gabriel Jesus,Brazil,28.0,1997.0,Centre-Forward,175.0,2027-06-30,GB1,Arsenal Football Club,40000000.0,40,44,42,88,40,83,87,97,57,9,43,28,0,0,42,0,80,0,26,https://img.a.transfermarkt.technology/portrait/header/363205-1669711141.jpg?lm=1,17,6,608,6.8,0.44,0.0,0.44,3,0.44,0.0,0.0,3.0,0.44,0.1,2.22,-0.7,2.96,1.04,0.15,35.0,2.81,8.44,156,23.09,76.8,1.48,1.33,0.15,0.0,0.0,1.04,10,1.48,0.59,1.18,0.0,0.15,44.26,9,1.33,26.5,1.92,1.92,2.07,0.0,0.0,4.14,44.4,40.9,9,1.33,33.3,0.59,0.0,0.0,0.0,0.0,0.0,0.0,0.0,0.0,0.0,0.0,0.0,0.0,0.0,0.0,0.0,0.0,0.0
João Palhinha,Portugal,29.0,1995.0,Defensive Midfield,190.0,2028-06-30,L1,FC Bayern München,40000000.0,37,69,3,73,26,27,37,46,21,2,0,95,0,0,3,0,87,0,96,https://img.a.transfermarkt.technology/portrait/header/257455-1684773447.jpg?lm=1,17,6,673,7.5,0.0,0.0,0.0,0,0.0,-0.09,0.0,0.7,0.09,0.03,0.4,-0.2,1.34,0.4,0.0,30.0,4.28,0.94,510,68.2,92.4,6.29,0.27,0.0,0.0,0.4,0.27,20,2.67,0.53,1.2,0.13,0.0,84.38,2,0.27,44.13,0.8,0.94,1.74,0.0,0.13,2.27,68.8,50.0,20,2.67,64.5,0.27,0.13,0.0,0.0,0.0,0.0,0.0,0.0,0.0,0.0,0.0,0.0,0.0,0.0,0.0,0.0,0.0,0.0
Álvaro Djaló,Spain,25.0,1999.0,Left Winger,175.0,2029-06-30,ES1,Athletic Club Bilbao,8000000.0,19,6,19,12,24,64,19,10,43,7,98,84,0,0,49,0,11,0,65,https://img.a.transfermarkt.technology/portrait/header/671649-1732115086.jpg?lm=1,17,7,659,7.3,0.14,0.0,0.14,1,0.14,0.03,0.0,0.8,0.11,0.12,3.0,-0.9,2.05,0.41,0.07,20.0,1.78,8.19,85,11.61,66.4,0.82,0.82,0.55,0.0,0.55,1.91,8,1.09,0.14,0.55,0.0,0.68,31.41,14,1.91,20.62,3.96,1.78,2.59,0.0,0.0,3.82,33.3,38.9,10,1.37,34.5,0.27,0.0,0.0,0.0,0.0,0.0,0.0,0.0,0.0,0.0,0.0,0.0,0.0,0.0,0.0,0.0,0.0,0.0
Fali Candé,Guinea-Bissau,27.0,1998.0,Centre-Back,184.0,2025-06-30,IT1,Venezia Football Club,2000000.0,43,64,69,26,82,96,26,52,18,35,85,45,0,0,31,0,18,0,24,https://img.a.transfermarkt.technology/portrait/header/520530-1697463489.png?lm=1,17,17,1530,17.0,0.06,0.06,0.12,1,0.06,-0.01,0.0,1.1,0.06,0.04,0.35,0.4,0.29,0.12,0.2,40.0,2.71,0.18,760,44.71,81.0,3.41,0.18,0.06,0.0,0.41,0.41,25,1.47,0.88,5.35,0.12,0.06,66.59,9,0.53,32.59,0.71,0.47,1.41,0.0,0.0,4.65,69.6,90.0,38,2.24,48.1,0.24,0.0,0.0,0.0,0.0,0.0,0.0,0.0,0.0,0.0,0.0,0.0,0.0,0.0,0.0,0.0,0.0,0.0
Nicolò Casale,Italy,27.0,1998.0,Centre-Back,191.0,2025-06-30,IT1,Bologna Football Club 1909,7000000.0,34,37,45,47,83,89,26,16,1,41,0,91,0,0,2,0,70,0,86,https://img.a.transfermarkt.technology/portrait/header/389837-1695026993.jpg?lm=1,17,11,1035,11.5,0.0,0.09,0.09,0,0.0,-0.04,0.0,0.5,0.04,0.04,0.26,0.5,0.43,0.17,0.0,62.5,3.04,0.17,548,47.65,88.12,2.96,0.17,0.0,0.0,0.35,0.0,16,1.39,1.57,3.91,0.26,0.0,64.26,3,0.26,35.74,0.87,0.09,2.17,0.0,0.0,3.83,34.38,100.0,38,3.3,64.8,0.09,0.0,0.0,0.0,0.0,0.0,0.0,0.0,0.0,0.0,0.0,0.0,0.0,0.0,0.0,0.0,0.0,0.0
Assane Dioussé,Senegal,27.0,1997.0,Defensive Midfield,175.0,2026-06-30,FR1,Association de la Jeunesse auxerroise,800000.0,24,8,46,61,22,15,12,36,89,47,0,4,0,0,84,0,73,0,4,https://img.a.transfermarkt.technology/portrait/header/287635-1657714916.jpg?lm=1,17,7,663,7.4,0.0,0.0,0.0,0,0.0,-0.01,0.0,0.1,0.01,0.03,0.14,-0.2,0.41,0.27,0.0,66.7,4.48,0.81,320,43.44,89.6,2.85,0.0,0.0,0.0,0.95,0.14,15,2.04,1.63,2.04,0.0,0.0,58.51,2,0.27,37.47,0.81,0.54,2.44,0.0,0.0,5.57,35.7,33.3,1,0.14,25.0,0.14,0.0,0.0,0.0,0.0,0.0,0.0,0.0,0.0,0.0,0.0,0.0,0.0,0.0,0.0,0.0,0.0,0.0
Pau Navarro,Spain,20.0,2005.0,Centre-Back,185.0,2030-06-30,ES1,Villarreal Club de Fútbol S.A.D.,1000000.0,23,2,28,74,13,49,21,10,86,79,0,4,0,0,95,0,64,0,4,https://img.a.transfermarkt.technology/portrait/header/1061336-1734596703.jpg?lm=1,17,8,916,10.2,0.0,0.0,0.0,0,0.0,0.0,0.0,0.0,0.0,0.0,0.29,0.0,0.1,0.0,0.0,0.0,3.93,0.69,517,50.8,89.6,2.75,0.2,0.0,0.0,0.2,0.2,23,2.26,0.39,4.03,0.0,0.0,65.63,3,0.29,31.15,0.39,0.29,0.98,0.0,0.0,4.52,48.7,42.9,9,0.88,39.1,0.1,0.0,0.0,0.0,0.0,0.0,0.0,0.0,0.0,0.0,0.0,0.0,0.0,0.0,0.0,0.0,0.0,0.0
Damián Rodríguez,Spain,22.0,2003.0,Defensive Midfield,180.0,2028-06-30,ES1,Real Club Celta de Vigo S. A. D.,3000000.0,29,2,14,93,68,0,69,3,97,56,0,0,0,0,90,0,92,0,0,https://img.a.transfermarkt.technology/portrait/header/715628-1732612000.jpg?lm=1,17,10,927,10.3,0.0,0.0,0.0,0,0.0,-0.01,0.0,0.1,0.01,0.08,0.78,-0.8,0.39,0.0,0.0,0.0,6.89,1.17,726,70.49,89.2,8.25,0.39,0.0,0.0,0.58,2.91,14,1.36,0.68,1.26,0.0,0.0,85.05,0,0.0,51.36,0.39,0.58,1.26,0.0,0.0,4.76,37.5,0.0,0,0.0,0.0,0.29,0.0,0.0,0.0,0.0,0.0,0.0,0.0,0.0,0.0,0.0,0.0,0.0,0.0,0.0,0.0,0.0,0.0
Junior Messias,Brazil,34.0,1991.0,Right Winger,174.0,2025-06-30,IT1,Genoa Cricket and Football Club,2000000.0,22,18,14,20,10,8,38,54,78,67,88,87,0,0,83,0,6,0,69,https://img.a.transfermarkt.technology/portrait/header/449151-1663575000.jpg?lm=1,17,8,847,9.4,0.11,0.11,0.21,1,0.11,-0.15,0.0,1.4,0.15,0.07,3.4,0.3,1.81,0.53,0.06,29.4,3.4,5.21,149,15.83,63.7,2.44,0.85,0.21,0.0,0.11,2.34,13,1.38,0.64,2.13,0.0,0.43,42.18,10,1.06,24.01,3.61,0.53,0.85,0.0,0.0,4.14,30.0,22.7,14,1.49,35.0,0.11,0.0,0.0,0.0,0.0,0.0,0.0,0.0,0.0,0.0,0.0,0.0,0.0,0.0,0.0,0.0,0.0,0.0
Lucas Hernández,France,29.0,1996.0,Left-Back,184.0,2028-06-30,FR1,Paris Saint-Germain Football Club,30000000.0,36,3,28,90,3,49,74,60,7,52,0,85,0,0,5,0,95,0,90,https://img.a.transfermarkt.technology/portrait/header/281963-1667830435.jpg?lm=1,16,10,877,9.7,0.0,0.0,0.0,0,0.0,0.0,0.0,0.0,0.0,0.01,0.62,-0.1,0.31,0.0,0.0,0.0,5.13,0.41,832,85.38,91.7,5.64,0.1,0.0,0.0,0.51,0.21,24,2.46,0.72,3.8,0.21,0.0,103.03,2,0.21,55.52,0.51,0.21,0.92,0.0,0.0,4.62,60.9,66.7,13,1.33,68.4,0.21,0.0,0.0,0.0,0.0,0.0,0.0,0.0,0.0,0.0,0.0,0.0,0.0,0.0,0.0,0.0,0.0,0.0
Tim Siersleben,Germany,25.0,2000.0,Centre-Back,187.0,2026-06-30,L1,1. Fußballclub Heidenheim 1846,1500000.0,32,43,36,39,79,46,51,28,85,17,0,18,0,0,69,0,15,0,15,https://img.a.transfermarkt.technology/portrait/header/337092-1657874709.jpg?lm=1,16,14,1182,13.1,0.0,0.0,0.0,0,0.0,-0.05,0.0,0.6,0.05,0.04,0.61,-0.5,0.3,0.15,0.0,50.0,2.36,0.91,581,44.24,80.8,2.66,0.61,0.15,0.0,0.46,0.76,21,1.6,1.52,5.03,0.0,0.0,66.17,3,0.23,35.94,0.38,0.3,1.22,0.0,0.08,2.82,41.2,50.0,20,1.52,48.8,0.3,0.0,0.0,0.0,0.0,0.0,0.0,0.0,0.0,0.0,0.0,0.0,0.0,0.0,0.0,0.0,0.0,0.0
Alfonso Espino,Uruguay,33.0,1992.0,Left-Back,172.0,2026-06-30,ES1,Rayo Vallecano de Madrid S.A.D.,1500000.0,40,44,13,50,38,39,29,96,16,1,0,84,0,0,4,0,27,0,79,https://img.a.transfermarkt.technology/portrait/header/311044-1635328827.jpg?lm=1,16,9,833,9.3,0.0,0.11,0.11,0,0.0,-0.04,0.0,0.4,0.04,0.06,1.08,0.4,1.08,0.22,0.0,20.0,4.21,3.13,365,39.44,74.3,3.78,0.65,0.54,0.0,0.0,2.59,41,4.43,1.3,3.46,0.11,0.0,68.82,5,0.54,33.17,1.08,0.97,1.94,0.0,0.11,5.94,55.3,35.7,14,1.51,56.0,0.43,0.0,0.0,0.0,0.0,0.0,0.0,0.0,0.0,0.0,0.0,0.0,0.0,0.0,0.0,0.0,0.0,0.0
Erhan Masovic,Serbia,26.0,1998.0,Centre-Back,189.0,2026-06-30,L1,Verein für Leibesübungen Bochum 1848 Fußballgemeinschaft,3000000.0,32,56,75,37,98,0,6,17,84,53,0,59,0,0,92,0,67,0,53,https://img.a.transfermarkt.technology/portrait/header/343959-1657283131.jpg?lm=1,16,10,910,10.1,0.1,0.1,0.2,1,0.1,0.04,0.0,0.6,0.06,0.09,0.1,0.1,0.69,0.4,0.14,57.1,3.46,0.4,349,34.52,82.7,2.77,0.0,0.0,0.0,0.2,0.0,14,1.38,1.19,5.44,0.0,0.0,53.31,0,0.0,28.68,0.49,0.3,1.19,0.0,0.0,3.16,46.4,0.0,22,2.18,59.5,0.2,0.0,0.0,0.0,0.0,0.0,0.0,0.0,0.0,0.0,0.0,0.0,0.0,0.0,0.0,0.0,0.0,0.0
Roméo Lavia,Belgium,21.0,2004.0,Defensive Midfield,181.0,2030-06-30,GB1,Chelsea Football Club,40000000.0,38,15,5,44,72,95,20,71,35,10,0,78,0,0,7,0,90,0,92,https://img.a.transfermarkt.technology/portrait/header/628451-1683898478.jpg?lm=1,16,11,797,8.9,0.0,0.11,0.11,0,0.0,-0.03,0.0,0.3,0.03,0.08,0.34,0.3,0.23,0.0,0.0,0.0,3.5,0.79,389,43.93,91.7,5.53,0.34,0.0,0.0,0.34,0.0,22,2.48,1.81,1.13,0.11,0.0,55.78,10,1.13,33.54,0.34,0.79,1.81,0.0,0.11,4.52,47.6,62.5,12,1.36,70.6,0.45,0.0,0.0,0.0,0.0,0.0,0.0,0.0,0.0,0.0,0.0,0.0,0.0,0.0,0.0,0.0,0.0,0.0
Lewis Ferguson,Scotland,25.0,1999.0,Central Midfield,181.0,2028-06-30,IT1,Bologna Football Club 1909,24000000.0,38,4,26,68,56,40,81,43,83,76,0,82,0,0,87,0,72,0,75,https://img.a.transfermarkt.technology/portrait/header/428563-1663656344.jpg?lm=1,16,10,983,10.9,0.09,0.09,0.18,0,0.0,0.0,0.09,0.2,0.02,0.1,1.83,-0.1,0.46,0.09,0.0,20.0,4.85,2.38,569,52.1,86.5,5.22,0.73,0.0,0.0,0.37,1.65,24,2.2,0.46,0.82,0.0,0.0,68.48,5,0.46,43.12,1.19,0.92,2.47,0.0,0.0,2.56,56.3,55.6,16,1.46,53.3,0.0,0.0,0.0,0.0,0.0,0.0,0.0,0.0,0.0,0.0,0.0,0.0,0.0,0.0,0.0,0.0,0.0,0.0
Mika Biereth,Denmark,22.0,2003.0,Centre-Forward,187.0,2029-06-30,FR1,Association sportive de Monaco Football Club,25000000.0,73,91,93,47,98,0,30,45,67,86,61,36,0,0,81,0,41,0,35,https://img.a.transfermarkt.technology/portrait/header/565821-1736777758.jpg?lm=1,16,16,1228,13.6,0.95,0.15,1.1,12,0.88,0.12,0.07,9.7,0.71,0.33,1.03,-2.5,2.93,1.61,0.3,55.0,1.76,8.06,149,10.92,61.8,0.81,1.17,0.07,0.0,0.07,0.59,5,0.37,0.29,0.51,0.0,0.15,28.0,1,0.07,15.54,2.86,1.17,1.39,0.07,0.0,1.69,42.9,9.1,18,1.32,38.3,0.0,0.0,0.0,0.0,0.0,0.0,0.0,0.0,0.0,0.0,0.0,0.0,0.0,0.0,0.0,0.0,0.0,0.0
Joël Schingtienne,Belgium,22.0,2002.0,Centre-Back,188.0,2029-06-30,IT1,Venezia Football Club,3000000.0,26,0,28,18,21,81,13,63,0,65,0,0,0,0,0,0,28,0,0,https://img.a.transfermarkt.technology/portrait/header/707809-1713280148.png?lm=1,16,12,1122,12.5,0.0,0.0,0.0,0,0.0,0.0,0.0,0.0,0.0,0.01,0.4,-0.1,0.0,0.0,0.0,0.0,2.25,0.32,419,33.61,86.0,1.28,0.16,0.0,0.0,0.0,0.0,27,2.17,1.12,2.01,0.4,0.0,49.01,5,0.4,23.58,1.28,0.4,0.56,0.0,0.08,3.93,63.2,55.6,4,0.32,22.2,0.16,0.0,0.0,0.0,0.0,0.0,0.0,0.0,0.0,0.0,0.0,0.0,0.0,0.0,0.0,0.0,0.0,0.0
Julien Le Cardinal,France,27.0,1997.0,Centre-Back,184.0,2027-06-30,FR1,Stade brestois 29,1500000.0,58,33,34,38,61,68,39,96,86,53,89,50,0,0,79,0,39,0,53,https://img.a.transfermarkt.technology/portrait/header/794349-1727808054.jpg?lm=1,16,15,1378,15.3,0.0,0.07,0.07,0,0.0,-0.03,0.0,0.4,0.03,0.02,0.46,0.7,0.65,0.2,0.0,30.0,2.55,0.07,704,45.98,86.4,2.81,0.0,0.0,0.0,0.78,0.39,27,1.76,2.16,4.9,0.0,0.07,64.92,4,0.26,35.2,0.2,0.39,0.78,0.0,0.07,3.13,68.8,66.7,29,1.89,61.7,0.2,0.0,0.0,0.0,0.0,0.0,0.0,0.0,0.0,0.0,0.0,0.0,0.0,0.0,0.0,0.0,0.0,0.0
Théo Sainte-Luce,France,26.0,1998.0,Left-Back,176.0,2025-06-30,FR1,Montpellier Hérault Sport Club,800000.0,32,74,72,2,37,93,13,31,17,40,0,74,0,0,34,0,11,0,66,https://img.a.transfermarkt.technology/portrait/header/537127-1702665584.JPG?lm=1,16,11,1018,11.3,0.09,0.0,0.09,1,0.09,0.0,0.0,1.0,0.09,0.07,1.68,-0.8,0.71,0.35,0.13,50.0,1.94,2.92,257,22.72,74.1,1.24,0.71,0.44,0.0,0.0,2.03,24,2.12,1.06,2.92,0.09,0.0,43.32,12,1.06,17.59,1.77,0.71,0.71,0.0,0.0,3.36,48.5,60.0,15,1.33,51.7,0.27,0.0,0.0,0.0,0.0,0.0,0.0,0.0,0.0,0.0,0.0,0.0,0.0,0.0,0.0,0.0,0.0,0.0
Carlos Alcaraz,Argentina,22.0,2002.0,Central Midfield,176.0,2025-06-30,GB1,Everton Football Club,14000000.0,52,84,78,57,94,82,82,4,62,15,59,93,0,0,74,0,68,0,97,https://img.a.transfermarkt.technology/portrait/header/748319-1694617058.jpg?lm=1,16,7,774,8.6,0.23,0.35,0.58,2,0.23,0.02,0.0,1.8,0.21,0.2,2.67,1.3,3.14,1.4,0.08,47.11,5.58,2.56,237,27.56,81.66,2.79,2.21,0.47,0.0,0.23,1.4,11,1.28,0.7,1.16,0.0,0.12,45.93,9,1.05,25.93,1.63,1.51,1.63,0.0,0.0,4.53,30.0,50.0,15,1.74,66.03,0.47,0.0,0.0,0.0,0.0,0.0,0.0,0.0,0.0,0.0,0.0,0.0,0.0,0.0,0.0,0.0,0.0,0.0
Seko Fofana,Cote d'Ivoire,30.0,1995.0,Central Midfield,185.0,2029-06-30,FR1,Stade Rennais Football Club,12000000.0,51,78,48,94,76,92,96,3,91,49,55,78,0,0,90,0,96,0,95,https://img.a.transfermarkt.technology/portrait/header/182893-1653394911.jpg?lm=1,16,9,844,9.4,0.11,0.11,0.21,1,0.11,-0.09,0.0,1.8,0.19,0.13,3.41,-0.2,2.56,0.64,0.04,25.0,7.68,4.05,499,53.21,90.4,4.05,1.39,0.21,0.0,0.96,0.53,11,1.17,0.75,0.75,0.0,0.11,68.25,12,1.28,42.01,0.96,0.64,0.96,0.0,0.0,4.48,28.6,50.0,7,0.75,70.0,0.32,0.0,0.0,0.0,0.0,0.0,0.0,0.0,0.0,0.0,0.0,0.0,0.0,0.0,0.0,0.0,0.0,0.0
Thiago Almada,Argentina,24.0,2001.0,Attacking Midfield,171.0,2025-06-30,FR1,Olympique Lyonnais,25000000.0,41,38,16,99,90,43,98,49,0,40,48,23,0,0,1,0,100,0,31,https://img.a.transfermarkt.technology/portrait/header/576028-1709363616.jpg?lm=1,16,9,951,10.6,0.09,0.38,0.47,1,0.09,-0.09,0.0,2.0,0.19,0.25,3.6,1.4,2.18,0.47,0.04,21.7,9.18,4.73,635,60.09,84.9,5.49,1.89,0.19,0.0,0.76,4.45,14,1.32,0.66,0.57,0.28,0.09,78.64,8,0.76,53.75,1.61,0.85,0.95,0.09,0.0,5.3,33.3,57.1,1,0.09,33.3,0.28,0.0,0.0,0.0,0.0,0.0,0.0,0.0,0.0,0.0,0.0,0.0,0.0,0.0,0.0,0.0,0.0,0.0
Maroan Sannadi,Spain,24.0,2001.0,Centre-Forward,192.0,2029-06-30,ES1,Athletic Club Bilbao,5000000.0,30,42,6,62,29,94,87,24,2,54,86,50,0,0,4,0,50,0,57,https://img.a.transfermarkt.technology/portrait/header/1054934-1736857054.jpg?lm=1,16,7,754,8.4,0.12,0.12,0.24,1,0.12,-0.3,0.0,3.5,0.42,0.07,2.51,0.4,2.27,0.84,0.05,36.8,1.79,8.12,115,13.73,72.3,1.55,0.95,0.0,0.0,0.0,0.72,5,0.6,0.12,0.24,0.12,0.24,33.66,14,1.67,23.63,4.89,2.27,2.39,0.12,0.0,2.86,28.6,46.7,14,1.67,45.2,0.0,0.0,0.0,0.0,0.0,0.0,0.0,0.0,0.0,0.0,0.0,0.0,0.0,0.0,0.0,0.0,0.0,0.0
Arouna Sangante,Senegal,23.0,2002.0,Centre-Back,189.0,2026-06-30,FR1,Le Havre Athletic Club,10000000.0,52,68,98,54,35,90,69,74,2,8,0,66,0,0,3,0,46,0,59,https://img.a.transfermarkt.technology/portrait/header/768380-1738244271.jpg?lm=1,16,16,1244,13.8,0.22,0.0,0.22,3,0.22,0.14,0.0,1.0,0.07,0.01,0.8,-0.1,0.51,0.29,0.43,57.1,3.47,0.22,693,50.14,87.1,3.4,0.22,0.07,0.0,0.07,0.14,25,1.81,1.52,4.7,0.22,0.0,68.66,5,0.36,39.5,0.87,0.51,1.59,0.0,0.0,3.83,58.8,83.3,33,2.39,60.0,0.29,0.07,0.0,0.0,0.0,0.0,0.0,0.0,0.0,0.0,0.0,0.0,0.0,0.0,0.0,0.0,0.0,0.0
Falaye Sacko,Mali,30.0,1995.0,Right-Back,180.0,2026-06-30,FR1,Montpellier Hérault Sport Club,2000000.0,22,0,28,60,3,5,30,12,98,66,0,21,0,0,35,0,65,0,17,https://img.a.transfermarkt.technology/portrait/header/364857-1702665617.JPG?lm=1,16,14,1233,13.7,0.0,0.07,0.07,0,0.0,0.0,0.0,0.0,0.0,0.01,1.53,0.8,0.0,0.0,0.0,0.0,4.31,2.48,542,39.56,83.6,2.7,0.15,0.07,0.0,0.15,0.88,14,1.02,0.95,1.53,0.0,0.0,53.58,2,0.15,27.08,0.66,0.07,1.09,0.0,0.15,3.8,47.4,22.2,8,0.58,36.4,0.07,0.0,0.0,0.0,0.0,0.0,0.0,0.0,0.0,0.0,0.0,0.0,0.0,0.0,0.0,0.0,0.0,0.0
Wilson Odobert,France,20.0,2004.0,Left Winger,182.0,2029-06-30,GB1,Tottenham Hotspur Football Club,18000000.0,22,20,18,50,21,35,72,70,7,100,0,37,0,0,13,0,65,0,41,https://img.a.transfermarkt.technology/portrait/header/743498-1740605858.jpg?lm=1,16,9,850,9.4,0.11,0.0,0.11,1,0.11,-0.06,0.0,1.6,0.17,0.11,4.76,-1.0,1.38,0.42,0.08,30.8,2.86,7.09,212,22.45,77.7,1.16,1.27,0.32,0.0,0.11,2.65,14,1.48,0.42,0.53,0.11,0.0,40.13,12,1.27,27.95,2.01,1.8,0.21,0.0,0.0,3.6,57.1,36.4,4,0.42,33.3,0.0,0.0,0.0,0.0,0.0,0.0,0.0,0.0,0.0,0.0,0.0,0.0,0.0,0.0,0.0,0.0,0.0,0.0
Christian Kabasele,Belgium,34.0,1991.0,Centre-Back,187.0,2025-06-30,IT1,Udinese Calcio,1000000.0,55,90,90,50,65,70,45,72,43,50,0,79,0,0,12,0,45,0,75,https://img.a.transfermarkt.technology/portrait/header/81512-1692277533.jpg?lm=1,16,12,1161,12.9,0.16,0.0,0.16,2,0.16,0.04,0.0,1.5,0.12,0.03,0.7,-0.4,1.16,0.31,0.13,26.7,3.33,0.54,481,37.29,85.3,3.41,0.08,0.0,0.0,0.39,0.16,17,1.32,1.09,5.81,0.08,0.0,55.43,1,0.08,30.54,0.7,0.23,1.55,0.0,0.16,2.56,78.6,100.0,35,2.71,63.6,0.0,0.0,0.0,0.0,0.0,0.0,0.0,0.0,0.0,0.0,0.0,0.0,0.0,0.0,0.0,0.0,0.0,0.0
Mathieu Gorgelin,France,34.0,1990.0,Goalkeeper,187.0,2025-06-30,FR1,Le Havre Athletic Club,200000.0,44,0,0,57,16,85,31,84,24,27,0,87,23,51,39,51,63,4,76,https://img.a.transfermarkt.technology/portrait/header/60543-1704795204.jpg?lm=1,16,16,1440,16.0,0.0,0.0,0.0,0,0.0,0.0,0.0,0.0,0.0,0.0,0.0,0.0,0.0,0.0,0.0,0.0,0.0,0.0,417,26.06,77.8,0.19,0.0,0.0,10.5,0.12,0.0,2,0.12,0.0,0.5,0.12,0.0,36.0,1,0.06,20.12,0.06,0.0,0.0,0.0,0.0,1.0,66.7,100.0,7,0.44,77.8,0.12,0.0,2.06,5.12,3.12,2.14,2.2,0.14,0.0,0.0,4.69,1.31,63.4,6.3,32.4,32.9,7.8,0.5
Iñaki Peña,Spain,26.0,1999.0,Goalkeeper,184.0,2026-06-30,ES1,Futbol Club Barcelona,10000000.0,35,0,0,96,0,0,75,57,73,48,0,15,61,32,73,1,29,100,8,https://img.a.transfermarkt.technology/portrait/header/283170-1702502364.jpg?lm=1,16,15,1396,15.5,0.0,0.0,0.0,0,0.0,0.0,0.0,0.0,0.0,0.0,0.0,0.0,0.0,0.0,0.0,0.0,0.19,0.0,563,36.3,89.2,0.0,0.0,0.0,23.5,0.0,0.0,0,0.0,0.0,1.29,0.06,0.0,43.07,0,0.0,25.66,0.0,0.0,0.0,0.0,0.0,4.19,0.0,0.0,1,0.06,100.0,0.06,0.0,1.16,3.42,2.26,1.08,-1.3,-0.08,0.0,0.0,5.16,0.19,69.8,26.7,24.7,10.8,2.1,5.74
Ismaily,Brazil,35.0,1990.0,Left-Back,177.0,2025-06-30,FR1,Lille Olympique Sporting Club,1500000.0,55,67,7,90,62,66,60,96,61,8,0,62,0,0,70,0,94,0,48,https://img.a.transfermarkt.technology/portrait/header/124028-1666690981.jpg?lm=1,16,10,904,10.0,0.0,0.1,0.1,0,0.0,-0.07,0.0,0.7,0.07,0.1,1.49,0.0,1.0,0.4,0.0,40.0,5.38,5.08,552,54.96,87.3,4.48,0.9,0.4,0.0,0.0,1.59,33,3.29,1.29,4.88,0.0,0.0,77.46,8,0.8,38.23,1.29,1.0,1.29,0.0,0.0,4.58,65.4,42.1,12,1.19,44.4,0.4,0.0,0.0,0.0,0.0,0.0,0.0,0.0,0.0,0.0,0.0,0.0,0.0,0.0,0.0,0.0,0.0,0.0
Andrej Ilic,Serbia,25.0,2000.0,Centre-Forward,189.0,2025-06-30,L1,1. Fußballclub Union Berlin,2500000.0,37,47,70,14,6,2,12,15,5,68,56,91,0,0,7,0,4,0,85,https://img.a.transfermarkt.technology/portrait/header/583699-1726350811.jpg?lm=1,16,11,937,10.4,0.67,0.0,0.67,6,0.58,0.2,0.1,4.1,0.39,0.03,0.48,-0.3,2.59,1.06,0.22,40.7,1.25,5.67,110,10.57,57.6,1.54,0.0,0.0,0.0,0.1,0.29,2,0.19,0.48,0.58,0.1,0.19,29.01,1,0.1,14.5,3.07,0.86,1.34,0.0,0.0,1.54,0.0,14.3,52,4.99,48.1,0.1,0.0,0.0,0.0,0.0,0.0,0.0,0.0,0.0,0.0,0.0,0.0,0.0,0.0,0.0,0.0,0.0,0.0
Alfred Duncan,Ghana,32.0,1993.0,Central Midfield,178.0,2026-06-30,IT1,Venezia Football Club,2500000.0,29,35,11,43,56,93,34,11,69,46,0,68,0,0,82,0,43,0,71,https://img.a.transfermarkt.technology/portrait/header/184894-1663591729.jpg?lm=1,16,12,957,10.6,0.0,0.0,0.0,0,0.0,-0.08,0.0,0.8,0.08,0.1,1.03,-1.1,1.41,0.38,0.0,26.7,4.98,1.13,404,37.99,81.1,3.48,1.79,0.38,0.0,0.56,1.6,17,1.6,0.75,0.75,0.0,0.0,55.2,13,1.22,29.25,1.32,1.32,2.07,0.0,0.0,4.89,35.7,59.1,10,0.94,55.6,0.19,0.0,0.0,0.0,0.0,0.0,0.0,0.0,0.0,0.0,0.0,0.0,0.0,0.0,0.0,0.0,0.0,0.0
Yunis Abdelhamid,Morocco,37.0,1987.0,Centre-Back,190.0,2025-06-30,FR1,Association sportive de Saint-Étienne Loire,500000.0,31,14,45,15,23,43,18,54,37,52,0,45,0,0,52,0,30,0,62,https://img.a.transfermarkt.technology/portrait/header/199704-1727723225.jpg?lm=1,16,11,1033,11.5,0.0,0.0,0.0,0,0.0,-0.02,0.0,0.2,0.02,0.01,0.35,-0.1,0.17,0.09,0.0,50.0,1.92,0.26,438,38.16,86.7,2.44,0.0,0.0,0.0,0.0,0.0,17,1.48,1.22,4.97,0.09,0.0,55.85,3,0.26,28.05,0.7,0.26,1.39,0.0,0.0,3.66,62.5,42.9,19,1.66,65.5,0.17,0.0,0.0,0.0,0.0,0.0,0.0,0.0,0.0,0.0,0.0,0.0,0.0,0.0,0.0,0.0,0.0,0.0
Iñigo Lekue,Spain,32.0,1993.0,Right-Back,180.0,2025-06-30,ES1,Athletic Club Bilbao,2500000.0,27,14,10,51,29,58,33,39,4,83,0,61,0,0,4,0,48,0,88,https://img.a.transfermarkt.technology/portrait/header/255501-1709675295.png?lm=1,16,8,773,8.6,0.0,0.0,0.0,0,0.0,-0.02,0.0,0.2,0.02,0.06,1.51,-0.5,0.23,0.0,0.0,0.0,4.08,2.45,345,40.17,78.6,3.61,0.23,0.23,0.0,0.12,1.86,15,1.75,1.05,3.38,0.23,0.0,60.66,6,0.7,28.53,0.58,0.58,0.58,0.0,0.0,4.54,52.9,42.9,6,0.7,75.0,0.12,0.0,0.0,0.0,0.0,0.0,0.0,0.0,0.0,0.0,0.0,0.0,0.0,0.0,0.0,0.0,0.0,0.0
Louis Leroux,France,19.0,2006.0,Attacking Midfield,184.0,2028-06-30,FR1,Football Club de Nantes,2000000.0,27,25,47,23,46,28,10,99,15,70,28,48,0,0,12,0,71,0,61,https://img.a.transfermarkt.technology/portrait/header/1119456-1740392399.jpg?lm=1,16,8,816,9.1,0.22,0.11,0.33,2,0.22,0.06,0.0,1.5,0.17,0.14,1.21,-0.3,0.99,0.55,0.22,55.6,3.42,1.54,248,27.35,82.7,1.43,0.88,0.0,0.0,0.11,0.66,25,2.76,0.88,2.1,0.11,0.11,45.33,8,0.88,23.6,1.32,0.66,1.1,0.0,0.0,4.74,72.7,40.0,4,0.44,44.4,0.11,0.0,0.0,0.0,0.0,0.0,0.0,0.0,0.0,0.0,0.0,0.0,0.0,0.0,0.0,0.0,0.0,0.0
Suso,Spain,31.0,1993.0,Right Winger,177.0,2025-06-30,ES1,Sevilla Fútbol Club S.A.D.,2500000.0,27,7,4,97,79,77,81,51,69,11,34,23,0,0,56,0,77,0,26,https://img.a.transfermarkt.technology/portrait/header/111961-1455551677.jpg?lm=1,16,4,606,6.7,0.0,0.3,0.3,0,0.0,-0.1,0.0,0.7,0.1,0.24,2.97,0.4,2.38,0.59,0.0,25.0,6.39,10.99,285,42.33,74.0,4.6,1.93,0.59,0.0,0.59,8.76,10,1.49,0.59,0.3,0.0,0.15,68.76,14,2.08,41.14,1.34,2.23,0.89,0.0,0.0,4.6,36.4,43.8,2,0.3,28.6,0.45,0.0,0.0,0.0,0.0,0.0,0.0,0.0,0.0,0.0,0.0,0.0,0.0,0.0,0.0,0.0,0.0,0.0
Ahmed Hassan,Egypt,32.0,1993.0,Centre-Forward,191.0,2025-06-30,FR1,Le Havre Athletic Club,900000.0,29,49,20,38,18,57,1,18,6,42,0,63,0,0,5,0,71,0,70,https://img.a.transfermarkt.technology/portrait/header/184816-1669802583.png?lm=1,16,10,851,9.5,0.32,0.11,0.42,2,0.21,-0.2,0.11,4.2,0.44,0.06,0.0,0.4,2.12,0.85,0.1,40.0,1.27,2.12,132,13.96,78.1,0.85,0.21,0.0,0.0,0.85,0.0,4,0.42,0.42,0.63,0.11,0.0,24.54,6,0.63,12.06,0.63,1.27,1.48,0.0,0.0,2.54,0.0,50.0,20,2.12,48.8,0.21,0.0,0.0,0.0,0.0,0.0,0.0,0.0,0.0,0.0,0.0,0.0,0.0,0.0,0.0,0.0,0.0,0.0
Mateu Morey,Spain,25.0,2000.0,Right-Back,173.0,2025-06-30,ES1,Real Club Deportivo Mallorca S.A.D.,800000.0,41,40,15,11,15,90,62,89,2,50,81,60,0,0,2,0,19,0,67,https://img.a.transfermarkt.technology/portrait/header/388513-1661413734.jpg?lm=1,16,8,741,8.2,0.0,0.0,0.0,0,0.0,-0.05,0.0,0.4,0.05,0.04,2.06,-0.3,0.36,0.12,0.0,33.3,2.06,3.89,301,36.56,77.2,1.7,0.36,0.12,0.0,0.0,1.94,22,2.67,1.82,3.89,0.24,0.12,60.97,9,1.09,30.85,0.97,1.21,2.06,0.0,0.0,4.98,54.5,52.9,8,0.97,57.1,0.12,0.0,0.0,0.0,0.0,0.0,0.0,0.0,0.0,0.0,0.0,0.0,0.0,0.0,0.0,0.0,0.0,0.0
Marin Šverko,Croatia,27.0,1998.0,Centre-Back,187.0,2026-06-30,IT1,Venezia Football Club,1200000.0,43,18,74,25,52,88,38,87,2,44,92,19,0,0,1,0,17,0,15,https://img.a.transfermarkt.technology/portrait/header/282169-1695108109.jpg?lm=1,16,12,1117,12.4,0.08,0.0,0.08,1,0.08,0.06,0.0,0.3,0.02,0.02,0.64,-0.3,0.24,0.08,0.33,33.3,3.06,0.08,494,39.8,82.2,3.14,0.48,0.0,0.0,0.16,0.16,20,1.61,1.29,3.63,0.24,0.08,57.13,6,0.48,28.44,0.64,0.32,0.73,0.0,0.08,3.55,83.3,60.0,19,1.53,48.7,0.24,0.0,0.0,0.0,0.0,0.0,0.0,0.0,0.0,0.0,0.0,0.0,0.0,0.0,0.0,0.0,0.0,0.0
Lennard Maloney,United States,25.0,1999.0,Defensive Midfield,188.0,2028-06-30,L1,1. Fußball- und Sportverein Mainz 05,5000000.0,34,17,5,0,0,4,0,93,86,63,0,86,0,0,89,0,0,0,86,https://img.a.transfermarkt.technology/portrait/header/392710-1657874790.jpg?lm=1,16,10,786,8.7,0.0,0.0,0.0,0,0.0,-0.03,0.0,0.3,0.03,0.0,0.23,0.0,0.34,0.0,0.0,0.0,1.6,0.0,202,23.13,71.03,1.37,0.11,0.0,0.0,0.23,0.11,22,2.52,1.6,4.69,0.0,0.0,46.49,1,0.11,17.4,1.37,0.23,1.49,0.0,0.0,4.69,64.45,25.0,18,2.06,61.87,0.23,0.0,0.0,0.0,0.0,0.0,0.0,0.0,0.0,0.0,0.0,0.0,0.0,0.0,0.0,0.0,0.0,0.0
Victor Lindelöf,Sweden,30.0,1994.0,Centre-Back,187.0,2025-06-30,GB1,Manchester United Football Club,10000000.0,33,0,28,64,35,0,46,44,4,70,0,43,0,0,3,0,88,0,31,https://img.a.transfermarkt.technology/portrait/header/184573-1695244778.jpg?lm=1,16,6,704,7.8,0.0,0.0,0.0,0,0.0,0.0,0.0,0.0,0.0,0.01,0.64,-0.1,0.0,0.0,0.0,0.0,3.32,0.51,361,46.15,93.8,2.17,0.26,0.13,0.0,0.0,0.13,7,0.89,1.02,4.6,0.26,0.0,57.66,0,0.0,33.37,0.13,0.13,1.02,0.0,0.0,3.71,75.0,0.0,16,2.05,51.6,0.13,0.0,0.0,0.0,0.0,0.0,0.0,0.0,0.0,0.0,0.0,0.0,0.0,0.0,0.0,0.0,0.0,0.0
Gift Orban,Nigeria,22.0,2002.0,Centre-Forward,178.0,2029-06-30,L1,Turn- und Sportgemeinschaft 1899 Hoffenheim Fußball-Spielbetriebs,10000000.0,40,53,73,24,2,42,19,3,95,21,25,27,0,0,46,0,27,0,27,https://img.a.transfermarkt.technology/portrait/header/1018259-1701690897.jpg?lm=1,16,9,873,9.7,0.62,0.0,0.62,6,0.62,0.14,0.0,4.6,0.47,0.02,0.93,-0.2,1.55,0.72,0.4,52.94,0.93,4.85,124,12.78,70.07,0.21,0.31,0.1,0.0,0.1,0.72,3,0.31,0.0,0.31,0.0,0.1,26.49,6,0.62,13.81,2.06,0.52,2.06,0.0,0.0,2.37,16.7,37.6,11,1.13,35.45,0.31,0.0,0.0,0.0,0.0,0.0,0.0,0.0,0.0,0.0,0.0,0.0,0.0,0.0,0.0,0.0,0.0,0.0
Filip Stanković,Serbia,23.0,2002.0,Goalkeeper,187.0,2025-06-30,IT1,Venezia Football Club,6000000.0,66,0,0,37,9,0,53,20,34,43,0,77,51,89,34,36,16,11,40,https://img.a.transfermarkt.technology/portrait/header/552223-1677782675.PNG?lm=1,16,16,1367,15.2,0.0,0.0,0.0,0,0.0,0.0,0.0,0.0,0.0,0.0,0.0,0.0,0.0,0.0,0.0,0.0,0.0,0.0,372,24.49,72.5,0.13,0.0,0.0,10.8,0.07,0.0,0,0.0,0.0,0.72,0.13,0.0,37.26,0,0.0,22.45,0.0,0.0,0.0,0.0,0.0,0.99,0.0,0.0,5,0.33,100.0,0.07,0.0,1.51,5.46,3.95,1.66,3.2,0.21,0.0,0.07,3.36,0.79,77.1,0.0,31.6,29.4,4.8,0.86
Michael Svoboda,Austria,26.0,1998.0,Centre-Back,195.0,2026-06-30,IT1,Venezia Football Club,3000000.0,43,16,74,39,78,46,67,41,9,96,0,61,0,0,34,0,44,0,46,https://img.a.transfermarkt.technology/portrait/header/438961-1717659180.jpg?lm=1,16,15,1314,14.6,0.07,0.0,0.07,1,0.07,0.05,0.0,0.2,0.01,0.04,0.89,-0.6,0.27,0.27,0.25,100.0,2.95,0.34,703,48.15,84.8,3.01,0.14,0.0,0.0,0.0,0.14,26,1.78,1.51,4.52,0.14,0.0,67.4,2,0.14,34.86,0.82,0.75,0.48,0.0,0.0,4.86,42.1,66.7,35,2.4,55.6,0.07,0.0,0.0,0.0,0.0,0.0,0.0,0.0,0.0,0.0,0.0,0.0,0.0,0.0,0.0,0.0,0.0,0.0
Mattia De Sciglio,Italy,32.0,1992.0,Right-Back,183.0,2025-06-30,IT1,Empoli Football Club S.r.l.,1000000.0,40,60,75,2,4,5,0,91,26,96,81,61,0,0,28,0,19,0,88,https://img.a.transfermarkt.technology/portrait/header/88682-1663577192.jpg?lm=1,16,7,769,8.5,0.12,0.0,0.12,1,0.12,0.05,0.0,0.6,0.07,0.02,0.47,-0.2,0.59,0.35,0.2,60.0,2.11,0.82,233,27.27,77.9,1.4,0.47,0.23,0.0,0.47,0.82,18,2.11,0.94,4.1,0.12,0.12,46.11,1,0.12,18.84,0.59,0.47,0.94,0.0,0.0,3.16,82.4,25.0,6,0.7,75.0,0.0,0.0,0.0,0.0,0.0,0.0,0.0,0.0,0.0,0.0,0.0,0.0,0.0,0.0,0.0,0.0,0.0,0.0
Ruben Aguilar,France,32.0,1993.0,Right-Back,172.0,2026-06-30,FR1,Racing Club de Lens,4000000.0,61,63,69,95,82,59,90,75,72,20,0,36,0,0,74,0,82,0,27,https://img.a.transfermarkt.technology/portrait/header/203746-1614090581.jpg?lm=1,16,13,1124,12.5,0.08,0.16,0.24,1,0.08,0.02,0.0,0.8,0.06,0.15,2.56,0.1,0.88,0.24,0.09,27.3,5.93,8.09,677,54.21,80.3,3.52,1.68,0.48,0.0,0.32,3.76,34,2.72,1.04,1.84,0.0,0.0,79.75,9,0.72,41.48,1.52,0.48,1.12,0.0,0.0,6.33,61.5,42.9,10,0.8,38.5,0.32,0.0,0.0,0.0,0.0,0.0,0.0,0.0,0.0,0.0,0.0,0.0,0.0,0.0,0.0,0.0,0.0,0.0
Radu Drăgușin,Romania,23.0,2002.0,Centre-Back,191.0,2030-06-30,GB1,Tottenham Hotspur Football Club,25000000.0,30,9,37,35,67,0,60,5,1,96,0,65,0,0,2,0,39,0,58,https://img.a.transfermarkt.technology/portrait/header/568559-1704716630.jpg?lm=1,16,14,1252,13.9,0.0,0.0,0.0,0,0.0,-0.01,0.0,0.1,0.01,0.03,0.5,-0.4,0.36,0.07,0.0,20.0,2.66,0.14,716,51.47,85.2,3.74,0.14,0.07,0.0,0.22,0.07,10,0.72,1.08,3.52,0.29,0.0,69.08,0,0.0,44.78,0.58,0.14,0.43,0.0,0.0,3.45,50.0,0.0,33,2.37,60.0,0.07,0.0,0.0,0.0,0.0,0.0,0.0,0.0,0.0,0.0,0.0,0.0,0.0,0.0,0.0,0.0,0.0,0.0
Aljoscha Kemlein,Germany,20.0,2004.0,Defensive Midfield,187.0,,L1,1. Fußballclub Union Berlin,7000000.0,32,71,75,29,55,70,16,3,92,33,0,82,0,0,43,0,7,0,74,https://img.a.transfermarkt.technology/portrait/header/692737-1691614020.jpg?lm=1,15,11,922,10.2,0.1,0.0,0.1,1,0.1,0.01,0.0,0.9,0.09,0.06,0.49,-0.6,1.07,0.29,0.09,27.3,4.1,1.85,351,34.26,75.5,2.73,0.59,0.1,0.0,0.39,0.49,10,0.98,0.59,1.46,0.0,0.0,53.59,6,0.59,25.38,1.07,0.1,1.46,0.0,0.1,5.66,35.7,66.7,19,1.85,57.6,0.29,0.0,0.0,0.0,0.0,0.0,0.0,0.0,0.0,0.0,0.0,0.0,0.0,0.0,0.0,0.0,0.0,0.0
Yarek Gasiorowski,Spain,20.0,2005.0,Centre-Back,192.0,2027-06-30,ES1,Valencia Club de Fútbol S. A. D.,12000000.0,58,72,0,27,38,0,48,99,100,93,95,68,0,0,97,0,10,0,71,https://img.a.transfermarkt.technology/portrait/header/895334-1730461387.jpg?lm=1,15,9,947,10.5,0.0,0.0,0.0,0,0.0,-0.1,0.0,1.1,0.1,0.01,0.86,-0.1,0.29,0.0,0.0,0.0,3.61,0.0,387,36.78,80.3,4.09,0.29,0.1,0.0,0.1,0.29,19,1.81,2.47,5.7,0.0,0.1,58.92,0,0.0,26.23,0.1,0.0,0.48,0.0,0.0,3.8,69.2,0.0,24,2.28,64.9,0.1,0.0,0.0,0.0,0.0,0.0,0.0,0.0,0.0,0.0,0.0,0.0,0.0,0.0,0.0,0.0,0.0,0.0
Kosta Nedeljkovic,Serbia,19.0,2005.0,Right-Back,184.0,2025-06-30,L1,RasenBallsport Leipzig,8500000.0,26,48,0,47,18,20,20,31,97,69,0,0,0,0,86,0,59,0,0,https://img.a.transfermarkt.technology/portrait/header/848682-1744279498.jpg?lm=1,15,6,605,6.7,0.0,0.0,0.0,0,0.0,-0.07,0.0,0.5,0.07,0.04,1.64,-0.3,0.6,0.0,0.0,0.0,3.27,4.02,241,35.85,82.9,2.08,1.34,0.3,0.0,0.0,2.68,18,2.68,0.3,2.53,0.0,0.0,51.92,2,0.3,21.87,0.74,0.15,1.04,0.0,0.0,2.23,62.61,37.5,0,0.0,0.0,0.15,0.0,0.0,0.0,0.0,0.0,0.0,0.0,0.0,0.0,0.0,0.0,0.0,0.0,0.0,0.0,0.0,0.0
Radoslaw Majecki,Poland,25.0,1999.0,Goalkeeper,193.0,2028-06-30,FR1,Association sportive de Monaco Football Club,7000000.0,36,0,0,52,2,0,4,13,67,43,0,77,41,34,63,27,27,55,86,https://img.a.transfermarkt.technology/portrait/header/346546-1672484869.jpg?lm=1,15,15,1350,15.0,0.0,0.0,0.0,0,0.0,0.0,0.0,0.0,0.0,0.0,0.0,0.0,0.0,0.0,0.0,0.0,0.07,0.0,304,20.27,74.7,0.07,0.0,0.0,14.0,0.0,0.0,0,0.0,0.0,0.53,0.07,0.0,28.93,0,0.0,15.53,0.0,0.0,0.0,0.0,0.0,1.27,0.0,0.0,5,0.33,100.0,0.07,0.0,1.47,4.33,2.87,1.41,-0.9,-0.06,0.0,0.0,5.07,0.93,69.2,20.0,30.5,26.6,9.1,1.2
Álex Moreno,Spain,31.0,1993.0,Left-Back,179.0,2025-05-31,GB1,Nottingham Forest Football Club,11000000.0,31,19,10,17,70,56,52,38,76,53,0,3,0,0,81,0,17,0,3,https://img.a.transfermarkt.technology/portrait/header/193098-1667289023.jpg?lm=1,15,11,955,10.6,0.0,0.09,0.09,0,0.0,-0.02,0.0,0.2,0.02,0.12,2.45,-0.3,0.57,0.0,0.0,0.0,3.2,3.2,308,29.03,72.0,2.36,0.85,0.19,0.0,0.09,1.79,25,2.36,1.41,4.05,0.0,0.0,52.68,8,0.75,21.58,1.23,0.57,1.13,0.0,0.0,4.71,38.5,38.1,3,0.28,21.4,0.19,0.0,0.0,0.0,0.0,0.0,0.0,0.0,0.0,0.0,0.0,0.0,0.0,0.0,0.0,0.0,0.0,0.0
Samuel Gigot,France,31.0,1993.0,Centre-Back,187.0,2025-06-30,IT1,Società Sportiva Lazio S.p.A.,4000000.0,30,92,97,26,3,32,54,0,88,20,0,81,0,0,52,0,61,0,96,https://img.a.transfermarkt.technology/portrait/header/276896-1703066101.jpg?lm=1,15,7,683,7.6,0.26,0.0,0.26,2,0.26,0.09,0.0,1.3,0.17,0.0,0.92,0.0,0.53,0.4,0.5,75.0,1.58,0.66,287,37.82,92.0,1.71,0.0,0.0,0.0,0.0,0.0,4,0.53,1.71,4.74,0.0,0.0,51.52,1,0.13,27.01,0.53,0.13,1.05,0.0,0.13,1.98,0.0,50.0,18,2.37,78.3,0.26,0.0,0.0,0.0,0.0,0.0,0.0,0.0,0.0,0.0,0.0,0.0,0.0,0.0,0.0,0.0,0.0,0.0
Nordi Mukiele,France,27.0,1997.0,Right-Back,187.0,2025-06-30,L1,Bayer 04 Leverkusen Fußball,10000000.0,55,84,71,52,56,83,73,90,6,15,0,83,0,0,5,0,60,0,66,https://img.a.transfermarkt.technology/portrait/header/348026-1727378130.jpg?lm=1,15,10,899,10.0,0.1,0.0,0.1,1,0.1,-0.04,0.0,1.4,0.14,0.1,2.0,-1.0,0.7,0.3,0.14,42.9,3.6,2.8,488,48.85,80.4,4.4,0.4,0.2,0.0,0.1,1.3,20,2.0,1.6,3.7,0.2,0.0,72.58,9,0.9,36.34,1.0,0.3,0.6,0.0,0.0,4.61,66.7,52.9,16,1.6,48.5,0.4,0.0,0.0,0.0,0.0,0.0,0.0,0.0,0.0,0.0,0.0,0.0,0.0,0.0,0.0,0.0,0.0,0.0
Lameck Banda,Zambia,24.0,2001.0,Left Winger,169.0,2026-06-30,IT1,Unione Sportiva Lecce,6000000.0,21,21,1,18,45,43,49,16,3,35,88,9,0,0,4,0,55,0,6,https://img.a.transfermarkt.technology/portrait/header/545538-1663744937.jpg?lm=1,15,6,610,6.8,0.0,0.15,0.15,0,0.0,-0.18,0.0,1.2,0.18,0.16,3.98,-0.1,2.51,0.59,0.0,23.5,1.03,6.79,125,18.44,77.2,0.44,1.18,0.89,0.0,0.15,3.84,8,1.18,0.3,1.18,0.15,0.44,37.18,10,1.48,24.93,2.51,1.33,1.48,0.0,0.0,4.43,25.0,35.7,2,0.3,13.3,0.15,0.0,0.0,0.0,0.0,0.0,0.0,0.0,0.0,0.0,0.0,0.0,0.0,0.0,0.0,0.0,0.0,0.0
Andrei Radu,Romania,27.0,1997.0,Goalkeeper,188.0,2025-06-30,IT1,Venezia Football Club,2500000.0,66,0,0,4,56,91,68,17,81,43,0,17,70,73,90,91,80,1,57,https://img.a.transfermarkt.technology/portrait/header/303657-1699432718.jpg?lm=1,15,15,1350,15.0,0.0,0.0,0.0,0,0.0,0.0,0.0,0.0,0.0,0.0,0.0,0.0,0.0,0.0,0.0,0.0,0.0,0.0,316,21.07,57.9,0.87,0.0,0.0,9.1,0.0,0.0,0,0.0,0.0,0.6,0.0,0.0,39.13,1,0.07,24.47,0.07,0.0,0.0,0.0,0.0,1.33,0.0,100.0,1,0.07,100.0,0.07,0.0,1.2,4.33,3.13,1.27,1.0,0.07,0.0,0.0,4.07,0.87,76.9,26.7,40.2,47.6,6.0,0.2
Kacper Urbanski,Poland,20.0,2004.0,Central Midfield,183.0,2025-06-30,IT1,Associazione Calcio Monza,7000000.0,34,15,54,84,34,56,73,48,60,26,0,29,0,0,80,0,73,0,13,https://img.a.transfermarkt.technology/portrait/header/699442-1696837702.jpg?lm=1,15,7,747,8.3,0.12,0.0,0.12,1,0.12,0.07,0.0,0.4,0.05,0.07,1.81,-0.6,1.08,0.24,0.11,22.5,6.75,3.98,321,38.67,85.57,5.3,0.84,0.12,0.0,0.24,1.45,10,1.2,0.48,1.69,0.0,0.0,56.27,6,0.72,35.42,1.69,1.57,1.57,0.0,0.0,4.7,61.9,48.75,8,0.96,28.7,0.36,0.0,0.0,0.0,0.0,0.0,0.0,0.0,0.0,0.0,0.0,0.0,0.0,0.0,0.0,0.0,0.0,0.0
Mohammed Salisu,Ghana,26.0,1999.0,Centre-Back,188.0,2028-06-30,FR1,Association sportive de Monaco Football Club,15000000.0,64,65,73,86,36,0,74,98,11,69,0,87,0,0,17,0,57,0,85,https://img.a.transfermarkt.technology/portrait/header/563963-1668428508.jpg?lm=1,15,11,1023,11.4,0.09,0.0,0.09,1,0.09,0.02,0.0,0.8,0.07,0.01,0.7,-0.1,0.7,0.35,0.13,50.0,5.98,0.26,662,58.24,85.4,4.49,0.18,0.0,0.0,0.26,0.0,28,2.46,1.41,4.75,0.18,0.0,79.62,0,0.0,47.95,0.53,0.09,0.79,0.0,0.0,4.84,81.3,0.0,35,3.08,66.0,0.18,0.0,0.0,0.0,0.0,0.0,0.0,0.0,0.0,0.0,0.0,0.0,0.0,0.0,0.0,0.0,0.0,0.0
Siebe Van der Heyden,Belgium,26.0,1998.0,Centre-Back,185.0,2025-06-30,L1,Fußball-Club St. Pauli von 1910,2000000.0,47,93,73,81,43,23,66,45,7,1,0,86,0,0,0,0,9,0,81,https://img.a.transfermarkt.technology/portrait/header/400131-1642262598.jpg?lm=1,15,12,969,10.8,0.09,0.0,0.09,1,0.09,-0.07,0.0,1.7,0.16,0.01,1.02,-0.1,0.37,0.19,0.25,66.7,3.07,2.51,451,41.89,80.7,3.99,0.65,0.37,0.0,0.19,1.86,18,1.67,1.76,4.27,0.19,0.0,63.62,2,0.19,29.91,0.28,0.56,1.67,0.0,0.19,3.44,41.93,26.65,33,3.07,64.73,0.37,0.09,0.0,0.0,0.0,0.0,0.0,0.0,0.0,0.0,0.0,0.0,0.0,0.0,0.0,0.0,0.0,0.0
Álex Valle,Spain,21.0,2004.0,Left-Back,178.0,2025-06-30,IT1,Calcio Como,4500000.0,42,28,13,65,31,72,66,72,64,57,0,11,0,0,82,0,73,0,7,https://img.a.transfermarkt.technology/portrait/header/709957-1667341728.jpg?lm=1,15,12,1030,11.4,0.0,0.0,0.0,0,0.0,-0.03,0.0,0.3,0.03,0.06,1.66,-0.7,0.79,0.09,0.0,11.1,3.84,2.62,562,49.11,85.0,4.46,0.79,0.35,0.0,0.35,1.4,26,2.27,0.7,3.67,0.0,0.0,69.82,9,0.79,37.14,1.57,0.7,1.22,0.0,0.0,4.46,71.4,50.0,6,0.52,28.6,0.17,0.0,0.0,0.0,0.0,0.0,0.0,0.0,0.0,0.0,0.0,0.0,0.0,0.0,0.0,0.0,0.0,0.0
Jorginho,Italy,33.0,1991.0,Defensive Midfield,178.0,2025-06-30,GB1,Arsenal Football Club,8000000.0,26,1,14,70,48,5,88,10,2,5,97,1,0,0,4,0,67,0,1,https://img.a.transfermarkt.technology/portrait/header/102017-1682590896.jpg?lm=1,15,9,704,7.8,0.0,0.0,0.0,0,0.0,-0.01,0.0,0.1,0.01,0.05,1.53,-0.4,0.26,0.0,0.0,0.0,6.14,0.77,411,52.54,86.7,5.62,1.28,0.0,0.0,0.13,0.13,12,1.53,0.89,0.26,0.26,0.26,66.73,1,0.13,38.61,1.53,1.15,1.92,0.0,0.0,7.03,40.0,25.0,1,0.13,14.3,0.64,0.0,0.0,0.0,0.0,0.0,0.0,0.0,0.0,0.0,0.0,0.0,0.0,0.0,0.0,0.0,0.0,0.0
Juan Jesus,Brazil,33.0,1991.0,Centre-Back,185.0,2025-06-30,IT1,Società Sportiva Calcio Napoli,1500000.0,36,21,8,73,19,0,53,28,93,58,0,53,0,0,94,0,66,0,50,https://img.a.transfermarkt.technology/portrait/header/121985-1630496408.jpg?lm=1,15,12,1074,11.9,0.0,0.08,0.08,0,0.0,-0.03,0.0,0.3,0.03,0.0,0.25,1.0,0.25,0.0,0.0,0.0,4.19,0.17,764,64.02,89.6,3.35,0.17,0.0,0.0,0.0,0.0,25,2.09,0.75,3.52,0.0,0.0,79.78,0,0.0,49.36,0.34,0.08,1.17,0.0,0.0,2.51,60.0,0.0,24,2.01,60.0,0.17,0.0,0.0,0.0,0.0,0.0,0.0,0.0,0.0,0.0,0.0,0.0,0.0,0.0,0.0,0.0,0.0,0.0
Cesare Casadei,Italy,22.0,2003.0,Central Midfield,192.0,2029-06-30,IT1,Torino Calcio,15000000.0,37,53,50,9,15,64,30,22,75,72,48,100,0,0,62,0,19,0,100,https://img.a.transfermarkt.technology/portrait/header/622380-1692967622.jpg?lm=1,15,13,1017,11.3,0.09,0.09,0.18,1,0.09,-0.02,0.0,1.2,0.11,0.04,1.24,0.6,1.24,0.62,0.07,50.0,3.19,1.06,323,28.58,79.6,3.1,0.53,0.09,0.0,0.27,0.18,12,1.06,0.44,2.3,0.0,0.09,44.96,7,0.62,22.92,1.77,0.8,1.42,0.0,0.09,3.63,50.0,70.0,64,5.66,71.9,0.09,0.0,0.0,0.0,0.0,0.0,0.0,0.0,0.0,0.0,0.0,0.0,0.0,0.0,0.0,0.0,0.0,0.0
Arthur Melo,Brazil,28.0,1996.0,Defensive Midfield,172.0,2025-06-30,ES1,Girona Fútbol Club S. A. D.,5000000.0,32,12,29,91,18,78,99,20,29,67,0,0,0,0,39,0,94,0,0,https://img.a.transfermarkt.technology/portrait/header/362842-1692880101.jpg?lm=1,15,10,941,10.5,0.0,0.0,0.0,0,0.0,-0.02,0.0,0.2,0.02,0.02,2.3,-0.2,0.57,0.1,0.0,16.7,6.7,1.63,668,63.89,92.4,6.7,0.38,0.1,0.0,0.0,0.67,25,2.39,0.77,1.15,0.1,0.0,77.09,8,0.77,51.55,0.96,0.86,1.53,0.0,0.0,4.69,51.9,57.1,0,0.0,0.0,0.19,0.0,0.0,0.0,0.0,0.0,0.0,0.0,0.0,0.0,0.0,0.0,0.0,0.0,0.0,0.0,0.0,0.0
Benjamin Henrichs,Germany,28.0,1997.0,Right-Back,185.0,2028-06-30,L1,RasenBallsport Leipzig,17000000.0,42,41,3,33,76,91,11,82,83,23,0,56,0,0,74,0,34,0,71,https://img.a.transfermarkt.technology/portrait/header/202591-1715858341.jpg?lm=1,15,10,935,10.4,0.0,0.19,0.19,0,0.0,-0.05,0.0,0.4,0.04,0.13,0.87,0.6,1.06,0.1,0.0,9.1,2.79,5.29,360,34.65,75.6,3.18,0.96,0.29,0.0,0.29,1.83,32,3.08,1.44,3.18,0.0,0.0,58.33,9,0.87,27.91,0.87,0.58,1.25,0.0,0.0,5.78,51.9,69.2,8,0.77,61.5,0.29,0.0,0.0,0.0,0.0,0.0,0.0,0.0,0.0,0.0,0.0,0.0,0.0,0.0,0.0,0.0,0.0,0.0
Adam Aznou,Morocco,18.0,2006.0,Left-Back,178.0,2025-06-30,ES1,Real Valladolid Club de Fútbol S.A.D.,3000000.0,27,25,26,4,10,99,22,54,29,73,0,79,0,0,86,0,6,0,92,https://img.a.transfermarkt.technology/portrait/header/938146-1739807816.jpg?lm=1,15,10,893,9.9,0.0,0.0,0.0,0,0.0,-0.03,0.0,0.3,0.03,0.03,1.61,-0.3,0.4,0.1,0.0,25.0,2.62,2.82,258,26.0,71.66,1.81,0.4,0.2,0.0,0.0,1.31,28,2.82,1.01,3.12,0.0,0.0,53.01,19,1.91,23.28,2.82,1.21,1.41,0.0,0.0,5.74,48.8,46.3,11,1.11,73.3,0.1,0.0,0.0,0.0,0.0,0.0,0.0,0.0,0.0,0.0,0.0,0.0,0.0,0.0,0.0,0.0,0.0,0.0
Luke Woolfenden,England,26.0,1998.0,Centre-Back,193.0,2027-06-30,GB1,Ipswich Town Football Club,2000000.0,18,2,28,5,6,0,30,8,96,89,0,10,0,0,97,0,29,0,13,https://img.a.transfermarkt.technology/portrait/header/527425-1664180037.jpg?lm=1,15,12,1187,13.2,0.0,0.0,0.0,0,0.0,0.0,0.0,0.0,0.0,0.0,0.53,0.0,0.08,0.0,0.0,0.0,1.14,0.0,496,37.61,88.3,2.35,0.0,0.0,0.0,0.15,0.0,9,0.68,1.44,5.76,0.0,0.0,52.62,0,0.0,27.9,0.3,0.0,0.38,0.0,0.0,2.88,40.0,0.0,15,1.14,50.0,0.15,0.0,0.0,0.0,0.0,0.0,0.0,0.0,0.0,0.0,0.0,0.0,0.0,0.0,0.0,0.0,0.0,0.0
Goduine Koyalipou,Central African Republic,25.0,2000.0,Centre-Forward,184.0,2028-06-30,FR1,Racing Club de Lens,1800000.0,48,66,45,58,23,82,58,89,47,100,25,43,0,0,100,0,42,0,42,https://img.a.transfermarkt.technology/portrait/header/525140-1714738152.png?lm=1,15,12,885,9.8,0.41,0.0,0.41,4,0.41,-0.08,0.0,4.8,0.49,0.08,1.53,-0.8,4.27,1.42,0.1,33.3,2.03,6.92,132,13.42,69.8,0.41,0.61,0.0,0.0,0.1,0.2,3,0.31,0.1,0.81,0.0,0.1,32.34,12,1.22,17.69,2.95,1.63,0.71,0.0,0.0,1.53,100.0,48.0,16,1.63,40.0,0.0,0.0,0.0,0.0,0.0,0.0,0.0,0.0,0.0,0.0,0.0,0.0,0.0,0.0,0.0,0.0,0.0,0.0
Tariq Lamptey,Ghana,24.0,2000.0,Right-Back,163.0,2025-06-30,GB1,Brighton and Hove Albion Football Club,12000000.0,35,40,91,14,52,71,90,5,26,80,73,0,0,0,11,0,41,0,0,https://img.a.transfermarkt.technology/portrait/header/504148-1692364960.jpg?lm=1,15,10,860,9.6,0.21,0.21,0.42,2,0.21,0.17,0.0,0.4,0.04,0.08,3.35,1.2,0.63,0.21,0.33,33.3,1.47,4.71,335,35.06,81.1,1.26,0.63,0.52,0.0,0.1,2.93,17,1.78,0.73,2.41,0.1,0.1,55.99,10,1.05,30.56,1.15,0.52,1.57,0.0,0.1,4.08,36.0,32.3,1,0.1,6.7,0.0,0.0,0.0,0.0,0.0,0.0,0.0,0.0,0.0,0.0,0.0,0.0,0.0,0.0,0.0,0.0,0.0,0.0
Budu Zivzivadze,Georgia,31.0,1994.0,Centre-Forward,189.0,2029-06-30,L1,1. Fußballclub Heidenheim 1846,2500000.0,20,6,22,36,72,51,37,88,60,97,22,39,0,0,96,0,48,0,19,https://img.a.transfermarkt.technology/portrait/header/187097-1690132999.jpg?lm=1,15,10,958,10.6,0.19,0.28,0.47,2,0.19,0.03,0.0,1.7,0.16,0.14,1.03,1.5,2.07,0.85,0.09,40.9,1.88,4.04,142,13.34,69.3,0.66,0.75,0.19,0.0,0.0,0.38,17,1.6,0.28,0.66,0.0,0.09,31.19,9,0.85,17.38,2.54,1.5,0.85,0.0,0.0,3.1,50.0,30.0,23,2.16,26.7,0.0,0.0,0.0,0.0,0.0,0.0,0.0,0.0,0.0,0.0,0.0,0.0,0.0,0.0,0.0,0.0,0.0,0.0
Craig Dawson,England,35.0,1990.0,Centre-Back,188.0,2025-06-30,GB1,Wolverhampton Wanderers Football Club,2000000.0,40,40,12,32,8,14,46,59,54,74,0,57,0,0,59,0,24,0,68,https://img.a.transfermarkt.technology/portrait/header/121477-1700673087.jpg?lm=1,15,10,971,10.8,0.0,0.0,0.0,0,0.0,-0.05,0.0,0.5,0.05,0.0,0.56,0.0,0.46,0.09,0.0,20.0,1.85,0.46,484,44.86,86.6,2.04,0.09,0.0,0.0,1.02,0.0,15,1.39,0.83,4.82,0.09,0.0,62.19,1,0.09,36.15,0.19,0.0,0.56,0.0,0.0,3.24,80.0,20.0,21,1.95,65.6,0.19,0.0,0.0,0.0,0.0,0.0,0.0,0.0,0.0,0.0,0.0,0.0,0.0,0.0,0.0,0.0,0.0,0.0
Wojciech Szczesny,Poland,35.0,1990.0,Goalkeeper,195.0,2025-06-30,ES1,Futbol Club Barcelona,1000000.0,34,0,0,73,2,91,22,65,67,47,0,0,96,41,33,2,5,99,4,https://img.a.transfermarkt.technology/portrait/header/44058-1744278078.jpg?lm=1,15,15,1350,15.0,0.0,0.0,0.0,0,0.0,0.0,0.0,0.0,0.0,0.0,0.0,0.0,0.0,0.0,0.0,0.0,0.0,0.0,402,26.8,88.5,0.07,0.0,0.0,20.2,0.07,0.0,1,0.07,0.0,1.33,0.07,0.0,32.8,1,0.07,19.07,0.0,0.0,0.07,0.0,0.07,3.47,0.0,100.0,0,0.0,0.0,0.0,0.0,0.8,2.2,1.4,0.8,0.0,0.0,0.0,0.0,4.07,0.47,66.7,53.3,25.1,12.3,5.4,3.73
Nediljko Labrovic,Croatia,25.0,1999.0,Goalkeeper,196.0,2029-06-30,L1,Fußball-Club Augsburg 1907,3000000.0,17,0,0,16,67,0,35,30,67,69,0,82,6,4,72,69,66,42,52,https://img.a.transfermarkt.technology/portrait/header/610190-1722850680.jpg?lm=1,15,15,1350,15.0,0.0,0.0,0.0,0,0.0,0.0,0.0,0.0,0.0,0.0,0.0,0.0,0.0,0.0,0.0,0.0,0.0,0.0,354,23.6,70.2,0.67,0.07,0.0,13.3,0.0,0.0,0,0.0,0.0,0.8,0.07,0.0,36.4,0,0.0,20.4,0.0,0.0,0.0,0.0,0.0,0.93,0.0,0.0,6,0.4,85.7,0.0,0.0,2.13,4.93,2.8,1.73,-6.1,-0.4,0.0,0.0,4.8,0.8,60.8,13.3,35.2,38.8,5.5,1.2
Hiroki Sekine,Japan,22.0,2002.0,Right-Back,187.0,2029-06-30,FR1,Stade de Reims,800000.0,27,8,17,62,8,59,73,2,16,88,73,64,0,0,38,0,52,0,56,https://img.a.transfermarkt.technology/portrait/header/1137808-1723238645.jpg?lm=1,15,9,887,9.9,0.0,0.0,0.0,0,0.0,-0.01,0.0,0.1,0.01,0.02,2.23,-0.2,0.51,0.0,0.0,0.0,3.96,4.06,407,41.3,80.8,3.25,0.91,0.51,0.0,0.1,2.13,9,0.91,0.51,5.17,0.1,0.1,63.72,6,0.61,33.28,1.22,1.01,0.41,0.0,0.0,2.13,41.2,50.0,11,1.12,50.0,0.1,0.0,0.0,0.0,0.0,0.0,0.0,0.0,0.0,0.0,0.0,0.0,0.0,0.0,0.0,0.0,0.0,0.0
Oliver Scarles,England,19.0,2005.0,Left-Back,180.0,2028-06-30,GB1,West Ham United Football Club,4000000.0,37,7,17,52,2,12,40,92,72,78,0,49,0,0,93,0,30,0,49,https://img.a.transfermarkt.technology/portrait/header/922563-1667548640.jpg?lm=1,15,7,665,7.4,0.0,0.0,0.0,0,0.0,-0.01,0.0,0.1,0.01,0.01,1.62,-0.1,0.41,0.0,0.0,0.0,2.98,5.95,293,39.65,78.8,1.35,0.68,0.14,0.0,0.14,2.03,21,2.84,1.49,3.52,0.0,0.0,63.07,2,0.27,29.5,1.62,0.41,0.68,0.0,0.0,4.6,63.6,28.6,6,0.81,50.0,0.14,0.0,0.0,0.0,0.0,0.0,0.0,0.0,0.0,0.0,0.0,0.0,0.0,0.0,0.0,0.0,0.0,0.0
Cucho Hernández,Colombia,26.0,1999.0,Centre-Forward,176.0,2030-06-30,ES1,Real Betis Balompié S.A.D.,18000000.0,44,36,52,81,56,93,74,95,55,98,81,63,0,0,98,0,68,0,64,https://img.a.transfermarkt.technology/portrait/header/459463-1709482118.jpg?lm=1,15,14,1139,12.7,0.4,0.08,0.47,5,0.4,0.09,0.0,3.8,0.3,0.12,2.13,-0.5,3.4,0.87,0.12,25.6,2.69,6.48,223,17.62,71.9,1.58,0.79,0.08,0.0,0.4,0.95,15,1.19,0.55,0.32,0.0,0.24,36.9,17,1.34,19.75,3.63,1.11,0.79,0.08,0.0,2.21,54.5,65.4,29,2.29,45.3,0.0,0.0,0.0,0.0,0.0,0.0,0.0,0.0,0.0,0.0,0.0,0.0,0.0,0.0,0.0,0.0,0.0,0.0
Sebastiaan Bornauw,Belgium,26.0,1999.0,Centre-Back,191.0,2026-06-30,L1,Verein für Leibesübungen Wolfsburg,7000000.0,35,87,95,10,94,0,11,19,94,19,0,97,0,0,59,0,32,0,91,https://img.a.transfermarkt.technology/portrait/header/338629-1657202272.jpg?lm=1,15,8,788,8.8,0.23,0.11,0.34,2,0.23,0.09,0.0,1.2,0.14,0.06,0.34,0.5,0.91,0.34,0.25,37.5,2.4,0.11,270,30.84,81.8,2.06,0.23,0.0,0.0,0.23,0.11,9,1.03,1.37,4.11,0.0,0.0,48.88,0,0.0,23.53,0.23,0.11,1.37,0.0,0.11,3.2,50.0,0.0,36,4.11,63.2,0.23,0.0,0.0,0.0,0.0,0.0,0.0,0.0,0.0,0.0,0.0,0.0,0.0,0.0,0.0,0.0,0.0,0.0
Lautaro Giannetti,Argentina,31.0,1993.0,Centre-Back,185.0,2026-06-30,IT1,Udinese Calcio,2500000.0,42,4,77,8,23,0,1,92,49,14,0,91,0,0,17,0,11,0,94,https://img.a.transfermarkt.technology/portrait/header/225963-1730184191.jpg?lm=1,15,11,878,9.8,0.1,0.0,0.1,1,0.1,0.09,0.0,0.0,0.0,0.01,0.0,-0.1,0.21,0.21,0.5,100.0,1.95,0.31,317,32.49,82.6,1.33,0.21,0.0,0.0,0.21,0.0,22,2.26,1.54,5.02,0.1,0.0,51.15,0,0.0,21.22,0.21,0.0,0.72,0.0,0.1,2.87,70.0,0.0,30,3.08,71.4,0.41,0.0,0.0,0.0,0.0,0.0,0.0,0.0,0.0,0.0,0.0,0.0,0.0,0.0,0.0,0.0,0.0,0.0
Raúl Albiol,Spain,39.0,1985.0,Centre-Back,190.0,2025-06-30,ES1,Villarreal Club de Fútbol S.A.D.,1300000.0,21,5,20,41,6,0,32,2,55,10,0,68,0,0,12,0,49,0,75,https://img.a.transfermarkt.technology/portrait/header/15452-1664974689.jpg?lm=1,15,14,1188,13.2,0.0,0.0,0.0,0,0.0,-0.01,0.0,0.1,0.01,0.0,0.23,0.0,0.15,0.0,0.0,0.0,2.58,0.0,727,55.08,89.4,1.97,0.08,0.0,0.0,0.3,0.0,10,0.76,0.45,5.23,0.08,0.0,69.32,0,0.0,38.94,0.23,0.08,0.83,0.0,0.15,3.33,60.0,0.0,29,2.2,67.4,0.38,0.0,0.0,0.0,0.0,0.0,0.0,0.0,0.0,0.0,0.0,0.0,0.0,0.0,0.0,0.0,0.0,0.0
Niklas Süle,Germany,29.0,1995.0,Centre-Back,195.0,2026-06-30,L1,Borussia Dortmund,8000000.0,40,48,14,89,38,43,94,14,53,83,93,23,0,0,27,0,87,0,52,https://img.a.transfermarkt.technology/portrait/header/166601-1709560223.jpg?lm=1,15,12,1053,11.7,0.0,0.0,0.0,0,0.0,-0.05,0.0,0.6,0.05,0.01,1.28,-0.1,0.77,0.17,0.0,22.2,4.02,0.85,870,74.36,92.8,6.32,0.0,0.0,0.0,0.34,0.09,14,1.2,0.34,3.93,0.09,0.09,88.72,3,0.26,57.09,0.26,0.0,0.43,0.0,0.09,4.53,71.4,42.9,12,1.03,66.7,0.09,0.0,0.0,0.0,0.0,0.0,0.0,0.0,0.0,0.0,0.0,0.0,0.0,0.0,0.0,0.0,0.0,0.0
Eljif Elmas,North Macedonia,25.0,1999.0,Attacking Midfield,184.0,2025-06-30,IT1,Torino Calcio,14000000.0,31,26,73,32,2,45,76,32,4,72,51,30,0,0,3,0,41,0,44,https://img.a.transfermarkt.technology/portrait/header/400489-1709127683.jpg?lm=1,15,12,1065,11.8,0.34,0.0,0.34,4,0.34,0.2,0.0,1.6,0.14,0.03,3.55,-0.4,1.77,0.76,0.19,47.4,3.04,5.07,283,23.92,80.44,1.86,1.35,0.42,0.0,0.25,1.94,13,1.1,0.51,0.59,0.17,0.17,39.89,14,1.18,26.7,1.86,1.01,1.27,0.0,0.0,3.04,38.45,38.9,2,0.17,40.0,0.08,0.0,0.0,0.0,0.0,0.0,0.0,0.0,0.0,0.0,0.0,0.0,0.0,0.0,0.0,0.0,0.0,0.0
Robert Skov,Denmark,29.0,1996.0,Left Midfield,185.0,,L1,1. Fußballclub Union Berlin,4000000.0,48,54,61,29,100,18,54,54,54,54,64,68,0,0,79,0,14,0,71,https://img.a.transfermarkt.technology/portrait/header/270393-1726350741.jpg?lm=1,15,11,852,9.5,0.21,0.21,0.42,1,0.11,0.03,0.11,0.9,0.1,0.25,2.64,-0.4,1.69,0.53,0.06,31.3,3.8,4.75,305,32.22,65.9,1.9,1.69,0.53,0.0,0.11,6.44,15,1.58,0.85,0.95,0.0,0.11,59.58,5,0.53,27.78,2.22,0.32,1.48,0.0,0.0,4.54,50.0,29.4,9,0.95,50.0,0.11,0.0,0.0,0.0,0.0,0.0,0.0,0.0,0.0,0.0,0.0,0.0,0.0,0.0,0.0,0.0,0.0,0.0
Brooke Norton-Cuffy,England,21.0,2004.0,Right-Back,181.0,2029-06-30,IT1,Genoa Cricket and Football Club,3500000.0,30,35,32,3,9,63,20,60,48,96,0,76,0,0,97,0,12,0,52,https://img.a.transfermarkt.technology/portrait/header/728733-1736498622.jpg?lm=1,14,8,719,8.0,0.0,0.0,0.0,0,0.0,-0.04,0.0,0.3,0.04,0.03,1.5,-0.2,0.63,0.25,0.0,40.0,2.25,2.63,197,24.66,75.2,1.25,0.25,0.13,0.0,0.0,1.5,12,1.5,0.38,1.5,0.0,0.0,43.06,7,0.88,23.78,1.75,1.13,0.88,0.0,0.0,3.25,81.8,35.0,12,1.5,42.9,0.0,0.0,0.0,0.0,0.0,0.0,0.0,0.0,0.0,0.0,0.0,0.0,0.0,0.0,0.0,0.0,0.0,0.0
Ferland Mendy,France,29.0,1995.0,Left-Back,180.0,2028-06-30,ES1,Real Madrid Club de Fútbol,18000000.0,33,0,28,69,21,33,49,63,28,48,0,36,0,0,24,0,96,0,70,https://img.a.transfermarkt.technology/portrait/header/291417-1701294025.jpg?lm=1,14,12,1005,11.2,0.0,0.09,0.09,0,0.0,0.0,0.0,0.0,0.0,0.04,1.07,0.5,0.0,0.0,0.0,0.0,3.22,3.58,630,56.42,93.9,3.94,0.09,0.0,0.0,0.18,0.09,17,1.52,0.81,0.72,0.09,0.0,66.18,3,0.27,40.03,0.9,0.81,0.45,0.0,0.0,3.22,75.0,50.0,4,0.36,66.7,0.09,0.09,0.0,0.0,0.0,0.0,0.0,0.0,0.0,0.0,0.0,0.0,0.0,0.0,0.0,0.0,0.0,0.0
Toni Lato,Spain,27.0,1997.0,Left-Back,171.0,2027-06-30,ES1,Real Club Deportivo Mallorca S.A.D.,2000000.0,35,0,28,53,36,0,41,72,89,4,87,48,0,0,49,0,29,0,42,https://img.a.transfermarkt.technology/portrait/header/320271-1496906352.jpg?lm=1,14,7,621,6.9,0.0,0.0,0.0,0,0.0,0.0,0.0,0.0,0.0,0.06,2.17,-0.4,0.0,0.0,0.0,0.0,3.77,5.07,236,34.2,75.2,2.75,1.59,1.45,0.0,0.0,3.33,17,2.46,0.87,4.78,0.0,0.14,57.39,0,0.0,22.46,0.87,0.29,1.74,0.0,0.0,4.35,63.6,0.0,6,0.87,46.2,0.14,0.14,0.0,0.0,0.0,0.0,0.0,0.0,0.0,0.0,0.0,0.0,0.0,0.0,0.0,0.0,0.0,0.0
Mats Hummels,Germany,36.0,1988.0,Centre-Back,191.0,2025-06-30,IT1,Associazione Sportiva Roma,2500000.0,53,42,6,26,19,84,20,100,99,82,95,63,0,0,95,0,55,0,57,https://img.a.transfermarkt.technology/portrait/header/39728-1709560545.jpg?lm=1,14,11,915,10.2,0.0,0.0,0.0,0,0.0,-0.05,0.0,0.5,0.05,0.01,0.39,-0.1,0.79,0.1,0.0,12.5,2.56,0.1,389,38.26,89.0,1.48,0.0,0.0,0.0,0.0,0.2,30,2.95,2.56,4.23,0.0,0.1,55.08,4,0.39,27.44,0.0,0.1,0.89,0.0,0.0,4.03,61.1,66.7,23,2.26,60.5,0.1,0.0,0.0,0.0,0.0,0.0,0.0,0.0,0.0,0.0,0.0,0.0,0.0,0.0,0.0,0.0,0.0,0.0
Maxim Leitsch,Germany,27.0,1998.0,Centre-Back,189.0,2026-06-30,L1,1. Fußball- und Sportverein Mainz 05,2000000.0,45,88,76,35,66,0,22,90,13,32,0,45,0,0,27,0,7,0,9,https://img.a.transfermarkt.technology/portrait/header/334207-1676499456.jpg?lm=1,14,6,674,7.5,0.13,0.0,0.13,1,0.13,-0.03,0.0,1.2,0.16,0.03,0.53,-0.2,0.8,0.13,0.17,16.7,3.34,0.67,289,38.59,78.1,3.47,0.0,0.0,0.0,0.0,0.4,12,1.6,1.34,5.61,0.13,0.0,63.16,0,0.0,23.1,1.07,0.4,1.34,0.0,0.0,4.81,77.8,0.0,19,2.54,38.8,0.27,0.0,0.0,0.0,0.0,0.0,0.0,0.0,0.0,0.0,0.0,0.0,0.0,0.0,0.0,0.0,0.0,0.0
Chuba Akpom,England,29.0,1995.0,Centre-Forward,183.0,2025-06-30,FR1,Lille Olympique Sporting Club,8000000.0,35,51,24,15,27,45,10,24,96,79,90,78,0,0,77,0,24,0,88,https://img.a.transfermarkt.technology/portrait/header/197642-1678463529.jpg?lm=1,14,6,639,7.1,0.42,0.14,0.56,2,0.28,-0.28,0.14,3.4,0.48,0.07,0.85,0.5,2.54,1.27,0.11,50.0,0.99,5.35,67,9.44,67.7,0.14,0.56,0.0,0.0,0.0,0.14,8,1.13,0.0,0.42,0.0,0.28,23.24,4,0.56,11.27,1.69,0.7,1.55,0.14,0.0,1.55,33.3,44.4,17,2.39,60.7,0.0,0.0,0.0,0.0,0.0,0.0,0.0,0.0,0.0,0.0,0.0,0.0,0.0,0.0,0.0,0.0,0.0,0.0
Jon Pacheco,Spain,24.0,2001.0,Centre-Back,184.0,2030-06-30,ES1,Real Sociedad de Fútbol S.A.D.,7500000.0,40,5,20,31,32,29,79,79,7,12,0,42,0,0,6,0,17,0,34,https://img.a.transfermarkt.technology/portrait/header/580560-1631178086.jpg?lm=1,14,9,854,9.5,0.0,0.0,0.0,0,0.0,-0.01,0.0,0.1,0.01,0.01,1.26,-0.1,0.11,0.0,0.0,0.0,2.85,0.0,411,43.31,83.2,2.95,0.21,0.0,0.0,0.95,0.0,15,1.58,0.95,5.16,0.21,0.0,61.65,1,0.11,32.99,0.42,0.0,1.9,0.0,0.0,3.69,83.3,50.0,19,2.0,52.8,0.32,0.0,0.0,0.0,0.0,0.0,0.0,0.0,0.0,0.0,0.0,0.0,0.0,0.0,0.0,0.0,0.0,0.0
Tyrone Mings,England,32.0,1993.0,Centre-Back,196.0,2026-06-30,GB1,Aston Villa Football Club,6000000.0,49,56,3,48,53,50,54,56,55,97,92,52,0,0,69,0,60,0,41,https://img.a.transfermarkt.technology/portrait/header/253677-1593437372.jpg?lm=1,14,12,1120,12.4,0.0,0.0,0.0,0,0.0,-0.06,0.0,0.8,0.06,0.02,0.56,-0.2,0.72,0.08,0.0,11.1,3.21,0.08,596,47.89,88.2,3.86,0.4,0.0,0.0,0.24,0.08,7,0.56,0.56,4.9,0.08,0.08,63.8,2,0.16,38.89,0.24,0.08,0.32,0.0,0.0,3.05,100.0,66.7,27,2.17,55.1,0.08,0.0,0.0,0.0,0.0,0.0,0.0,0.0,0.0,0.0,0.0,0.0,0.0,0.0,0.0,0.0,0.0,0.0
Michail Antonio,Jamaica,35.0,1990.0,Centre-Forward,180.0,2025-06-30,GB1,West Ham United Football Club,1000000.0,21,12,9,54,76,62,86,41,30,67,29,51,0,0,75,0,19,0,54,https://img.a.transfermarkt.technology/portrait/header/104124-1709884222.jpg?lm=1,14,11,836,9.3,0.11,0.11,0.22,1,0.11,-0.13,0.0,2.2,0.24,0.17,3.12,-0.6,2.05,0.43,0.05,21.1,1.94,6.35,114,12.27,60.6,1.18,0.65,0.22,0.0,0.65,2.69,2,0.22,0.0,0.22,0.0,0.11,31.87,9,0.97,18.62,3.77,2.05,1.29,0.0,0.0,2.37,66.7,33.3,17,1.83,43.6,0.11,0.0,0.0,0.0,0.0,0.0,0.0,0.0,0.0,0.0,0.0,0.0,0.0,0.0,0.0,0.0,0.0,0.0
Rémy Labeau Lascary,Guadeloupe,22.0,2003.0,Centre-Forward,184.0,2028-06-30,FR1,Racing Club de Lens,2500000.0,30,23,26,69,78,95,85,86,42,4,39,34,0,0,34,0,61,0,50,https://img.a.transfermarkt.technology/portrait/header/917778-1676913774.jpg?lm=1,14,6,637,7.1,0.28,0.14,0.42,2,0.28,-0.07,0.0,2.5,0.35,0.16,2.4,-0.1,1.98,0.71,0.14,35.7,0.99,10.03,127,17.94,73.0,0.99,1.27,0.85,0.0,0.14,2.68,16,2.26,0.14,0.99,0.0,0.14,38.85,12,1.7,22.89,4.52,0.99,3.25,0.0,0.0,2.97,45.5,46.2,6,0.85,46.2,0.71,0.0,0.0,0.0,0.0,0.0,0.0,0.0,0.0,0.0,0.0,0.0,0.0,0.0,0.0,0.0,0.0,0.0
David Jurásek,Czech Republic,24.0,2000.0,Left-Back,183.0,2025-06-30,L1,Turn- und Sportgemeinschaft 1899 Hoffenheim Fußball-Spielbetriebs,7000000.0,37,18,45,60,77,17,82,7,79,100,90,33,0,0,100,0,11,0,58,https://img.a.transfermarkt.technology/portrait/header/500054-1701333965.jpg?lm=1,14,6,619,6.9,0.0,0.15,0.15,0,0.0,-0.01,0.0,0.1,0.01,0.13,2.47,0.1,0.73,0.29,0.0,40.0,3.2,6.11,307,44.64,69.9,3.2,1.6,1.31,0.0,0.29,8.0,6,0.87,0.87,2.47,0.0,0.15,72.55,3,0.44,34.6,0.87,0.73,0.15,0.0,0.0,5.82,40.0,25.0,3,0.44,60.0,0.0,0.0,0.0,0.0,0.0,0.0,0.0,0.0,0.0,0.0,0.0,0.0,0.0,0.0,0.0,0.0,0.0,0.0
Saël Kumbedi,France,20.0,2005.0,Right-Back,175.0,2027-06-30,FR1,Olympique Lyonnais,6000000.0,43,26,43,71,12,69,68,73,22,40,68,5,0,0,30,0,71,0,5,https://img.a.transfermarkt.technology/portrait/header/951579-1672831110.jpg?lm=1,14,12,951,10.6,0.0,0.0,0.0,0,0.0,-0.03,0.0,0.3,0.03,0.03,2.18,-0.3,0.38,0.19,0.0,50.0,3.5,6.72,436,41.26,85.7,1.8,1.32,0.19,0.0,0.0,1.32,28,2.65,0.76,3.03,0.09,0.09,59.53,9,0.85,30.66,0.95,1.04,1.61,0.0,0.0,3.03,70.0,40.9,3,0.28,30.0,0.19,0.0,0.0,0.0,0.0,0.0,0.0,0.0,0.0,0.0,0.0,0.0,0.0,0.0,0.0,0.0,0.0,0.0
Tom Krauß,Germany,23.0,2001.0,Central Midfield,182.0,2025-06-30,L1,Verein für Leibesübungen Bochum 1848 Fußballgemeinschaft,4000000.0,42,9,19,72,27,81,57,77,30,75,98,55,0,0,36,0,42,0,63,https://img.a.transfermarkt.technology/portrait/header/405687-1738138216.jpg?lm=1,14,13,1077,12.0,0.0,0.0,0.0,0,0.0,-0.03,0.0,0.4,0.03,0.06,1.34,-0.7,0.92,0.17,0.0,18.2,7.02,1.67,492,41.11,80.0,6.35,0.75,0.0,0.0,0.25,0.84,35,2.92,0.92,1.59,0.08,0.42,64.18,12,1.0,35.93,1.92,0.58,1.17,0.0,0.0,6.52,50.0,52.2,9,0.75,52.9,0.17,0.0,0.0,0.0,0.0,0.0,0.0,0.0,0.0,0.0,0.0,0.0,0.0,0.0,0.0,0.0,0.0,0.0
Michael Keane,England,32.0,1993.0,Centre-Back,188.0,2025-06-30,GB1,Everton Football Club,6000000.0,23,52,99,4,20,0,1,24,15,19,0,57,0,0,16,0,8,0,46,https://img.a.transfermarkt.technology/portrait/header/118534-1687967021.jpg?lm=1,14,11,1049,11.7,0.26,0.0,0.26,3,0.26,0.21,0.0,0.6,0.05,0.01,0.09,-0.1,0.86,0.34,0.3,40.0,1.2,0.26,311,26.68,82.7,1.8,0.0,0.0,0.0,1.03,0.09,13,1.12,1.29,5.58,0.17,0.0,43.76,0,0.0,19.48,0.17,0.17,0.77,0.0,0.0,2.23,53.3,0.0,26,2.23,56.5,0.43,0.0,0.0,0.0,0.0,0.0,0.0,0.0,0.0,0.0,0.0,0.0,0.0,0.0,0.0,0.0,0.0,0.0
Julen Agirrezabala,Spain,24.0,2000.0,Goalkeeper,187.0,2027-06-30,ES1,Athletic Club Bilbao,15000000.0,59,0,0,7,2,0,12,7,81,0,0,87,100,83,10,65,36,60,99,https://img.a.transfermarkt.technology/portrait/header/625014-1709674945.png?lm=1,14,14,1206,13.4,0.0,0.0,0.0,0,0.0,0.0,0.0,0.0,0.0,0.0,0.0,0.0,0.0,0.0,0.0,0.0,0.0,0.0,281,20.97,68.4,0.07,0.0,0.0,14.2,0.0,0.0,0,0.0,0.0,0.3,0.0,0.0,32.61,0,0.0,17.69,0.07,0.0,0.22,0.0,0.15,1.57,0.0,0.0,5,0.37,100.0,0.07,0.07,0.67,2.54,1.79,0.78,1.5,0.11,0.0,0.07,3.81,1.49,76.5,35.7,33.9,37.5,14.0,1.27
Michel Aebischer,Switzerland,28.0,1997.0,Central Midfield,183.0,2027-06-30,IT1,Bologna Football Club 1909,10000000.0,35,19,25,59,21,25,43,93,91,37,0,23,0,0,81,0,66,0,21,https://img.a.transfermarkt.technology/portrait/header/237658-1669289063.jpg?lm=1,14,9,724,8.0,0.0,0.0,0.0,0,0.0,-0.05,0.0,0.4,0.05,0.05,0.99,-0.4,1.24,0.62,0.0,50.0,4.1,2.11,366,45.5,87.4,5.1,0.62,0.25,0.0,0.62,1.74,18,2.24,0.87,0.75,0.0,0.0,60.29,3,0.37,36.17,0.62,0.87,1.99,0.0,0.0,4.35,71.4,50.0,5,0.62,35.7,0.25,0.0,0.0,0.0,0.0,0.0,0.0,0.0,0.0,0.0,0.0,0.0,0.0,0.0,0.0,0.0,0.0,0.0
César Azpilicueta,Spain,35.0,1989.0,Centre-Back,178.0,2025-06-30,ES1,Club Atlético de Madrid S.A.D.,1800000.0,48,20,76,99,39,28,89,59,83,84,0,17,0,0,95,0,72,0,16,https://img.a.transfermarkt.technology/portrait/header/57500-1668169250.jpg?lm=1,14,10,875,9.7,0.1,0.0,0.1,1,0.1,0.08,0.0,0.2,0.02,0.01,1.34,-0.1,0.51,0.21,0.2,40.0,6.79,2.06,581,59.76,86.6,4.73,0.41,0.1,0.0,0.31,0.51,25,2.57,0.51,3.29,0.0,0.0,78.07,1,0.1,44.43,0.82,0.1,0.82,0.0,0.0,2.88,73.9,50.0,14,1.44,50.0,0.1,0.0,0.0,0.0,0.0,0.0,0.0,0.0,0.0,0.0,0.0,0.0,0.0,0.0,0.0,0.0,0.0,0.0
Luca Caldirola,Italy,34.0,1991.0,Centre-Back,186.0,2025-06-30,IT1,Associazione Calcio Monza,800000.0,25,27,44,48,26,72,65,18,46,4,0,15,0,0,32,0,62,0,15,https://img.a.transfermarkt.technology/portrait/header/88680-1712508051.jpg?lm=1,14,10,876,9.7,0.0,0.0,0.0,0,0.0,-0.03,0.0,0.3,0.03,0.01,0.51,-0.1,0.41,0.21,0.0,50.0,2.26,0.41,556,57.12,90.4,2.57,0.1,0.0,0.0,0.0,0.1,11,1.13,1.13,4.42,0.1,0.0,71.82,1,0.1,47.36,0.21,0.1,1.85,0.0,0.0,1.95,57.1,100.0,13,1.34,50.0,0.51,0.0,0.0,0.0,0.0,0.0,0.0,0.0,0.0,0.0,0.0,0.0,0.0,0.0,0.0,0.0,0.0,0.0
Wesley Fofana,France,24.0,2000.0,Centre-Back,185.0,2029-06-30,GB1,Chelsea Football Club,27000000.0,32,25,8,47,66,92,91,5,8,3,0,66,0,0,15,0,74,0,77,https://img.a.transfermarkt.technology/portrait/header/475411-1683899212.jpg?lm=1,14,14,1172,13.0,0.0,0.0,0.0,0,0.0,-0.03,0.0,0.4,0.03,0.03,1.46,-0.4,0.23,0.0,0.0,0.0,2.46,0.31,724,55.6,90.2,4.15,0.08,0.0,0.0,0.0,0.08,13,1.0,1.08,4.22,0.15,0.0,71.65,8,0.61,42.77,1.23,0.38,1.84,0.0,0.0,4.15,42.9,53.3,27,2.07,69.2,0.54,0.0,0.0,0.0,0.0,0.0,0.0,0.0,0.0,0.0,0.0,0.0,0.0,0.0,0.0,0.0,0.0,0.0
Mathew Ryan,Australia,33.0,1992.0,Goalkeeper,184.0,2025-06-30,FR1,Racing Club de Lens,2500000.0,69,0,0,19,11,0,25,89,12,69,0,70,84,90,35,44,43,16,95,https://img.a.transfermarkt.technology/portrait/header/128969-1668505563.jpg?lm=1,14,14,1260,14.0,0.0,0.0,0.0,0,0.0,0.0,0.0,0.0,0.0,0.0,0.0,0.0,0.0,0.0,0.0,0.0,0.0,0.0,305,21.79,74.8,0.14,0.0,0.0,11.6,0.0,0.0,1,0.07,0.07,0.14,0.14,0.0,31.36,0,0.0,19.5,0.0,0.07,0.0,0.0,0.0,0.79,50.0,0.0,4,0.29,100.0,0.0,0.0,1.21,4.43,3.14,1.39,2.5,0.18,0.0,0.07,5.64,1.43,75.8,42.9,32.3,31.3,11.4,0.71
Josip Stanisic,Croatia,25.0,2000.0,Right-Back,187.0,2029-06-30,L1,FC Bayern München,28000000.0,40,23,6,100,85,76,93,13,23,100,0,75,0,0,43,0,100,0,83,https://img.a.transfermarkt.technology/portrait/header/483046-1716966862.jpg?lm=1,14,9,876,9.7,0.0,0.21,0.21,0,0.0,-0.03,0.0,0.3,0.03,0.15,2.05,0.5,0.21,0.0,0.0,0.0,7.81,3.08,716,73.56,91.6,7.91,1.23,0.21,0.0,1.23,1.13,13,1.34,0.62,2.98,0.1,0.0,90.0,5,0.51,54.76,1.13,0.62,0.21,0.0,0.0,6.58,46.7,71.4,11,1.13,64.7,0.0,0.0,0.0,0.0,0.0,0.0,0.0,0.0,0.0,0.0,0.0,0.0,0.0,0.0,0.0,0.0,0.0,0.0
Luke Thomas,England,23.0,2001.0,Left-Back,181.0,2026-06-30,GB1,Leicester City Football Club,6000000.0,29,27,6,18,16,23,7,77,43,23,0,64,0,0,15,0,33,0,62,https://img.a.transfermarkt.technology/portrait/header/505194-1687975540.jpg?lm=1,14,13,1110,12.3,0.0,0.0,0.0,0,0.0,-0.03,0.0,0.4,0.03,0.04,0.41,-0.5,0.41,0.0,0.0,0.0,3.0,1.3,493,39.97,78.4,2.59,0.41,0.16,0.0,0.0,2.35,31,2.51,1.7,3.97,0.08,0.0,62.92,3,0.24,30.08,0.97,0.24,1.3,0.0,0.08,3.41,51.2,42.9,13,1.05,54.2,0.24,0.0,0.0,0.0,0.0,0.0,0.0,0.0,0.0,0.0,0.0,0.0,0.0,0.0,0.0,0.0,0.0,0.0
Axel Witsel,Belgium,36.0,1989.0,Centre-Back,186.0,2025-06-30,ES1,Club Atlético de Madrid S.A.D.,2500000.0,50,3,28,37,89,29,36,86,28,93,96,66,0,0,50,0,84,0,56,https://img.a.transfermarkt.technology/portrait/header/35047-1665067807.jpg?lm=1,14,9,852,9.5,0.0,0.11,0.11,0,0.0,0.0,0.0,0.0,0.0,0.05,0.21,0.5,0.11,0.0,0.0,0.0,2.22,0.11,494,52.18,90.6,1.8,0.0,0.0,0.0,0.21,0.0,16,1.69,1.16,3.59,0.11,0.11,68.13,1,0.11,42.78,0.95,0.0,0.42,0.0,0.0,3.38,85.7,50.0,23,2.43,59.0,0.11,0.0,0.0,0.0,0.0,0.0,0.0,0.0,0.0,0.0,0.0,0.0,0.0,0.0,0.0,0.0,0.0,0.0
Djaoui Cissé,France,21.0,2004.0,Central Midfield,188.0,2029-06-30,FR1,Stade Rennais Football Club,5000000.0,38,14,50,77,4,90,53,91,33,25,44,6,0,0,30,0,75,0,5,https://img.a.transfermarkt.technology/portrait/header/931160-1740392570.jpg?lm=1,14,14,1121,12.5,0.08,0.0,0.08,1,0.08,0.05,0.0,0.4,0.03,0.02,1.28,-0.2,1.2,0.56,0.07,46.7,6.74,1.12,547,43.92,87.5,5.3,0.88,0.0,0.0,1.12,0.24,33,2.65,1.04,0.88,0.08,0.08,60.62,13,1.04,35.89,1.12,1.04,2.01,0.0,0.0,6.26,61.5,72.2,4,0.32,23.5,0.32,0.0,0.0,0.0,0.0,0.0,0.0,0.0,0.0,0.0,0.0,0.0,0.0,0.0,0.0,0.0,0.0,0.0
Angel Gomes,England,24.0,2000.0,Attacking Midfield,166.0,2025-06-30,FR1,Lille Olympique Sporting Club,20000000.0,29,8,23,73,86,24,37,4,99,82,89,62,0,0,95,0,87,0,72,https://img.a.transfermarkt.technology/portrait/header/392770-1666690396.jpg?lm=1,14,10,736,8.2,0.12,0.12,0.24,1,0.12,-0.09,0.0,0.9,0.11,0.26,1.83,-1.1,0.98,0.24,0.13,25.0,5.99,5.75,295,36.07,81.0,3.91,1.71,0.37,0.0,0.24,1.22,10,1.22,0.0,0.24,0.0,0.24,50.14,5,0.61,30.45,1.35,0.37,0.49,0.12,0.0,2.45,16.7,50.0,5,0.61,45.5,0.12,0.0,0.0,0.0,0.0,0.0,0.0,0.0,0.0,0.0,0.0,0.0,0.0,0.0,0.0,0.0,0.0,0.0
Nahuel Estévez,Argentina,29.0,1995.0,Defensive Midfield,181.0,2026-06-30,IT1,Parma Calcio 1913,3500000.0,25,7,35,13,80,75,7,5,97,35,0,93,0,0,87,0,12,0,99,https://img.a.transfermarkt.technology/portrait/header/552472-1739284138.jpg?lm=1,14,7,657,7.3,0.0,0.0,0.0,0,0.0,-0.01,0.0,0.1,0.01,0.11,0.41,-0.8,0.68,0.14,0.0,20.0,4.11,0.55,237,32.47,75.7,3.56,0.14,0.0,0.0,0.14,2.19,16,2.19,0.41,3.56,0.0,0.0,51.92,3,0.41,20.27,0.41,0.55,1.23,0.0,0.0,3.84,40.0,100.0,14,1.92,82.4,0.41,0.0,0.0,0.0,0.0,0.0,0.0,0.0,0.0,0.0,0.0,0.0,0.0,0.0,0.0,0.0,0.0,0.0
Nicolás Valentini,Argentina,24.0,2001.0,Centre-Back,187.0,2025-06-30,IT1,Verona Hellas Football Club,4500000.0,49,20,14,5,91,82,7,90,89,2,0,99,0,0,48,0,0,0,100,https://img.a.transfermarkt.technology/portrait/header/860992-1711028718.jpg?lm=1,14,13,1129,12.5,0.0,0.0,0.0,0,0.0,-0.02,0.0,0.3,0.02,0.06,0.32,-0.8,0.64,0.0,0.0,0.0,3.35,0.08,316,25.19,67.5,4.15,0.16,0.0,0.0,0.64,0.4,35,2.79,1.2,7.73,0.0,0.0,52.13,2,0.16,21.36,0.4,0.16,1.75,0.0,0.08,3.43,63.3,100.0,50,3.99,79.4,0.4,0.08,0.0,0.0,0.0,0.0,0.0,0.0,0.0,0.0,0.0,0.0,0.0,0.0,0.0,0.0,0.0,0.0
Santiago Gimenez,Mexico,24.0,2001.0,Centre-Forward,183.0,2029-06-30,IT1,Associazione Calcio Milan,37000000.0,49,64,66,27,63,64,47,80,91,2,0,27,0,0,25,0,79,0,35,https://img.a.transfermarkt.technology/portrait/header/552955-1739903736.jpg?lm=1,14,7,669,7.4,0.67,0.27,0.94,5,0.67,0.03,0.0,4.0,0.54,0.12,1.75,1.1,2.96,1.21,0.23,40.9,0.81,5.11,79,10.63,80.6,0.67,0.27,0.13,0.0,0.0,0.27,5,0.67,0.13,1.75,0.0,0.0,25.43,7,0.94,13.59,2.96,0.27,1.48,0.0,0.0,1.88,75.0,36.8,7,0.94,38.9,0.4,0.13,0.0,0.0,0.0,0.0,0.0,0.0,0.0,0.0,0.0,0.0,0.0,0.0,0.0,0.0,0.0,0.0
Jean-Daniel Akpa Akpro,Cote d'Ivoire,32.0,1992.0,Central Midfield,180.0,2025-06-30,IT1,Associazione Calcio Monza,500000.0,29,6,27,3,3,77,68,68,29,17,48,49,0,0,22,0,14,0,40,https://img.a.transfermarkt.technology/portrait/header/170481-1739282767.jpg?lm=1,14,12,966,10.7,0.0,0.0,0.0,0,0.0,-0.03,0.0,0.3,0.03,0.02,1.96,-0.2,0.37,0.19,0.0,50.0,1.77,2.05,275,25.62,79.5,1.77,0.19,0.09,0.0,0.09,0.56,30,2.8,1.21,1.49,0.09,0.09,47.05,12,1.12,28.51,2.24,0.19,2.24,0.0,0.0,5.03,42.9,31.6,11,1.02,42.3,0.37,0.0,0.0,0.0,0.0,0.0,0.0,0.0,0.0,0.0,0.0,0.0,0.0,0.0,0.0,0.0,0.0,0.0
Milos Veljkovic,Serbia,29.0,1995.0,Centre-Back,188.0,2025-06-30,L1,Sportverein Werder Bremen von 1899,3000000.0,35,41,36,86,63,0,70,0,51,83,0,52,0,0,26,0,69,0,45,https://img.a.transfermarkt.technology/portrait/header/202228-1694527030.jpg?lm=1,14,11,1029,11.4,0.0,0.09,0.09,0,0.0,-0.05,0.0,0.6,0.05,0.02,0.79,0.8,0.17,0.09,0.0,50.0,5.6,0.17,562,49.15,86.7,4.37,0.35,0.26,0.0,1.05,0.79,10,0.87,0.17,4.11,0.09,0.0,64.55,0,0.0,40.23,0.17,0.17,0.44,0.0,0.09,2.8,46.7,0.0,24,2.1,57.1,0.09,0.0,0.0,0.0,0.0,0.0,0.0,0.0,0.0,0.0,0.0,0.0,0.0,0.0,0.0,0.0,0.0,0.0
Georgios Masouras,Greece,31.0,1994.0,Left Winger,184.0,2025-06-30,L1,Verein für Leibesübungen Bochum 1848 Fußballgemeinschaft,3200000.0,36,72,27,11,14,7,6,42,20,65,19,96,0,0,17,0,20,0,89,https://img.a.transfermarkt.technology/portrait/header/329517-1718287090.jpg?lm=1,14,12,1055,11.7,0.17,0.09,0.26,2,0.17,-0.16,0.0,3.9,0.33,0.09,2.22,-0.1,2.56,1.28,0.07,50.0,1.62,7.0,200,17.06,70.4,0.94,0.6,0.34,0.0,0.09,2.22,18,1.54,0.34,0.26,0.09,0.09,34.38,5,0.43,18.77,2.39,0.51,1.02,0.0,0.0,3.75,43.8,35.7,26,2.22,41.9,0.09,0.0,0.0,0.0,0.0,0.0,0.0,0.0,0.0,0.0,0.0,0.0,0.0,0.0,0.0,0.0,0.0,0.0
Stefan Bajcetic,Spain,20.0,2004.0,Defensive Midfield,185.0,2025-06-30,ES1,Unión Deportiva Las Palmas S.A.D.,9000000.0,33,22,76,4,10,87,25,52,25,14,95,75,0,0,12,0,1,0,62,https://img.a.transfermarkt.technology/portrait/header/864799-1661441233.jpg?lm=1,14,12,969,10.8,0.09,0.0,0.09,1,0.09,0.07,0.0,0.3,0.03,0.02,0.74,-0.2,0.46,0.19,0.2,40.0,3.62,0.84,300,27.86,71.8,2.6,0.74,0.0,0.0,0.84,0.37,29,2.69,1.39,2.41,0.09,0.19,52.94,11,1.02,22.11,1.95,0.56,1.95,0.0,0.09,5.67,42.9,45.8,17,1.58,56.7,0.37,0.0,0.0,0.0,0.0,0.0,0.0,0.0,0.0,0.0,0.0,0.0,0.0,0.0,0.0,0.0,0.0,0.0
Simone Scuffet,Italy,28.0,1996.0,Goalkeeper,193.0,2025-06-30,IT1,Società Sportiva Calcio Napoli,2000000.0,22,0,0,15,31,0,7,28,30,69,0,55,25,22,35,77,69,13,12,https://img.a.transfermarkt.technology/portrait/header/238993-1692963456.jpg?lm=1,14,14,1260,14.0,0.0,0.0,0.0,0,0.0,0.0,0.0,0.0,0.0,0.0,0.0,0.0,0.0,0.0,0.0,0.0,0.0,0.0,321,22.93,71.3,0.36,0.0,0.0,11.46,0.0,0.0,0,0.0,0.0,0.71,0.14,0.0,34.86,0,0.0,16.29,0.0,0.0,0.0,0.0,0.0,1.21,0.0,0.0,4,0.29,81.25,0.0,0.0,1.71,4.29,2.57,1.57,-2.0,-0.14,0.0,0.0,3.93,0.5,68.49,7.15,35.06,40.84,3.23,0.5
Adam Webster,England,30.0,1995.0,Centre-Back,190.0,2026-06-30,GB1,Brighton and Hove Albion Football Club,12000000.0,51,25,27,92,86,18,79,47,8,68,0,85,0,0,3,0,92,0,97,https://img.a.transfermarkt.technology/portrait/header/212847-1681737411.jpg?lm=1,14,11,887,9.9,0.0,0.0,0.0,0,0.0,-0.03,0.0,0.3,0.03,0.05,0.81,-0.5,0.51,0.1,0.0,20.0,6.39,0.2,633,64.23,88.0,6.49,0.2,0.0,0.0,0.3,0.2,11,1.12,2.03,4.16,0.2,0.0,83.51,1,0.1,48.09,0.51,0.1,0.71,0.0,0.1,3.55,42.9,33.3,24,2.44,80.0,0.1,0.0,0.0,0.0,0.0,0.0,0.0,0.0,0.0,0.0,0.0,0.0,0.0,0.0,0.0,0.0,0.0,0.0
Lukasz Fabianski,Poland,40.0,1985.0,Goalkeeper,190.0,2025-06-30,GB1,West Ham United Football Club,700000.0,54,0,0,19,34,99,51,1,58,1,0,34,42,78,4,81,59,39,14,https://img.a.transfermarkt.technology/portrait/header/29692-1685709486.jpg?lm=1,14,13,1160,12.9,0.0,0.0,0.0,0,0.0,0.0,0.0,0.0,0.0,0.0,0.0,0.0,0.0,0.0,0.0,0.0,0.0,0.0,333,25.84,67.3,0.39,0.0,0.0,13.4,0.0,0.0,0,0.0,0.0,0.39,0.08,0.0,41.2,3,0.23,22.03,0.0,0.0,0.16,0.0,0.16,0.39,0.0,100.0,3,0.23,75.0,0.16,0.0,1.63,5.51,3.88,1.75,1.6,0.12,0.0,0.0,4.42,0.7,74.6,15.4,35.5,41.9,4.1,0.93
Aridane Hernández,Spain,36.0,1989.0,Centre-Back,188.0,2025-06-30,ES1,Rayo Vallecano de Madrid S.A.D.,400000.0,37,68,2,43,2,52,10,38,13,95,0,96,0,0,19,0,44,0,92,https://img.a.transfermarkt.technology/portrait/header/82503-1484149571.jpg?lm=1,14,11,1025,11.4,0.0,0.0,0.0,0,0.0,-0.08,0.0,0.9,0.08,0.0,0.18,0.0,0.7,0.18,0.0,25.0,3.34,0.0,463,40.65,87.9,1.58,0.0,0.0,0.0,0.44,0.0,13,1.14,0.53,8.69,0.18,0.0,59.71,3,0.26,28.8,0.35,0.09,0.44,0.0,0.0,4.21,75.0,50.0,40,3.51,67.8,0.09,0.0,0.0,0.0,0.0,0.0,0.0,0.0,0.0,0.0,0.0,0.0,0.0,0.0,0.0,0.0,0.0,0.0
Marc Roca,Spain,28.0,1996.0,Defensive Midfield,184.0,2029-06-30,ES1,Real Betis Balompié S.A.D.,8000000.0,46,82,90,76,82,60,68,54,6,31,0,8,0,0,7,0,75,0,7,https://img.a.transfermarkt.technology/portrait/header/336869-1719579269.jpg?lm=1,14,11,906,10.1,0.2,0.2,0.4,2,0.2,0.09,0.0,1.1,0.11,0.1,1.09,1.0,1.19,0.4,0.17,33.3,5.86,1.29,465,46.19,86.4,5.07,0.6,0.2,0.0,0.4,0.99,20,1.99,1.39,1.39,0.2,0.0,62.78,4,0.4,38.25,0.89,0.7,1.59,0.0,0.0,5.07,52.9,80.0,5,0.5,27.8,0.4,0.0,0.0,0.0,0.0,0.0,0.0,0.0,0.0,0.0,0.0,0.0,0.0,0.0,0.0,0.0,0.0,0.0
Mory Gbane,Cote d'Ivoire,24.0,2000.0,Defensive Midfield,188.0,2029-06-30,FR1,Stade de Reims,4000000.0,39,12,42,20,49,52,8,64,52,85,67,65,0,0,51,0,41,0,73,https://img.a.transfermarkt.technology/portrait/header/717585-1710239409.png?lm=1,13,13,1125,12.5,0.0,0.08,0.08,0,0.0,-0.02,0.0,0.2,0.02,0.05,0.24,0.4,0.32,0.16,0.0,50.0,2.8,0.72,447,35.76,85.3,2.96,0.16,0.0,0.0,0.64,0.16,20,1.6,1.44,7.2,0.08,0.08,55.52,5,0.4,29.04,0.64,0.32,0.96,0.0,0.0,3.92,54.2,71.4,15,1.2,62.5,0.16,0.0,0.0,0.0,0.0,0.0,0.0,0.0,0.0,0.0,0.0,0.0,0.0,0.0,0.0,0.0,0.0,0.0
Mouctar Diakhaby,Guinea,28.0,1996.0,Centre-Back,192.0,2027-06-30,ES1,Valencia Club de Fútbol S. A. D.,2000000.0,51,98,96,17,7,54,44,75,81,100,0,83,0,0,100,0,12,0,97,https://img.a.transfermarkt.technology/portrait/header/346289-1709636432.jpg?lm=1,13,7,653,7.3,0.28,0.0,0.28,2,0.28,0.07,0.0,1.5,0.21,0.0,0.69,0.0,1.52,0.55,0.18,36.4,1.93,0.28,282,38.87,83.9,0.96,0.28,0.0,0.0,0.41,0.14,8,1.1,1.52,7.72,0.0,0.0,60.64,2,0.28,30.6,0.69,0.28,0.28,0.0,0.0,3.17,66.7,50.0,18,2.48,78.3,0.0,0.0,0.0,0.0,0.0,0.0,0.0,0.0,0.0,0.0,0.0,0.0,0.0,0.0,0.0,0.0,0.0,0.0
Stefan Ortega,Germany,32.0,1992.0,Goalkeeper,185.0,2026-06-30,GB1,Manchester City Football Club,9000000.0,26,0,0,80,40,0,82,31,58,15,0,36,37,34,20,14,1,57,28,https://img.a.transfermarkt.technology/portrait/header/85941-1668065114.jpg?lm=1,13,12,1100,12.2,0.0,0.0,0.0,0,0.0,0.0,0.0,0.0,0.0,0.0,0.0,0.0,0.0,0.0,0.0,0.0,0.0,0.0,373,30.52,81.3,0.49,0.0,0.0,14.3,0.16,0.0,0,0.0,0.0,0.9,0.08,0.0,40.25,0,0.0,26.43,0.0,0.0,0.08,0.0,0.08,0.65,0.0,0.0,2,0.16,100.0,0.08,0.0,1.47,4.09,2.7,1.33,-0.7,-0.06,0.0,0.0,4.5,0.49,68.0,25.0,26.7,21.5,4.5,0.98
Ibrahima Wadji,Senegal,29.0,1995.0,Centre-Forward,175.0,2025-06-30,FR1,Association sportive de Saint-Étienne Loire,800000.0,24,11,9,97,98,59,100,70,80,99,0,0,0,0,99,0,88,0,0,https://img.a.transfermarkt.technology/portrait/header/364232-1727721772.jpg?lm=1,13,9,735,8.2,0.12,0.37,0.49,1,0.12,-0.12,0.0,2.0,0.24,0.26,5.02,0.9,2.08,0.49,0.06,23.5,3.92,13.35,258,31.59,72.1,2.57,2.33,0.37,0.0,0.24,5.27,9,1.1,0.37,0.24,0.0,0.0,54.73,8,0.98,35.02,1.84,1.35,0.73,0.0,0.0,3.92,30.0,27.6,0,0.0,0.0,0.0,0.0,0.0,0.0,0.0,0.0,0.0,0.0,0.0,0.0,0.0,0.0,0.0,0.0,0.0,0.0,0.0,0.0
Axel Disasi,France,27.0,1998.0,Centre-Back,191.0,2025-06-30,GB1,Aston Villa Football Club,25000000.0,35,33,77,67,86,99,93,5,24,50,0,31,0,0,43,0,83,0,47,https://img.a.transfermarkt.technology/portrait/header/386047-1727785671.jpg?lm=1,13,9,854,9.4,0.11,0.0,0.11,1,0.11,0.06,0.0,0.4,0.04,0.05,1.69,-0.5,0.42,0.11,0.25,50.0,3.37,0.74,509,53.64,88.89,3.58,0.53,0.0,0.0,0.11,0.11,15,1.58,0.74,3.06,0.11,0.0,69.24,10,1.05,42.47,0.42,0.53,0.53,0.0,0.0,3.16,48.31,64.0,13,1.37,62.6,0.32,0.0,0.0,0.0,0.0,0.0,0.0,0.0,0.0,0.0,0.0,0.0,0.0,0.0,0.0,0.0,0.0,0.0
Jailson,Brazil,29.0,1995.0,Defensive Midfield,187.0,2025-06-30,ES1,Real Club Celta de Vigo S. A. D.,1500000.0,50,10,44,82,1,61,94,95,24,73,0,91,0,0,27,0,81,0,77,https://img.a.transfermarkt.technology/portrait/header/366948-1567081021.JPG?lm=1,13,6,614,6.8,0.0,0.0,0.0,0,0.0,-0.01,0.0,0.1,0.01,0.0,1.47,0.0,0.59,0.29,0.0,50.0,6.3,0.44,435,63.76,90.4,4.84,0.0,0.0,0.0,0.29,0.15,13,1.91,1.32,4.1,0.15,0.0,80.77,3,0.44,54.09,0.15,0.73,0.59,0.0,0.0,4.69,81.8,75.0,18,2.64,51.4,0.29,0.0,0.0,0.0,0.0,0.0,0.0,0.0,0.0,0.0,0.0,0.0,0.0,0.0,0.0,0.0,0.0,0.0
Luck Zogbé,Cote d'Ivoire,20.0,2005.0,Right-Back,178.0,2027-06-30,FR1,Stade brestois 29,3000000.0,35,37,8,16,2,22,6,100,10,25,98,93,0,0,13,0,17,0,98,https://img.a.transfermarkt.technology/portrait/header/1144999-1725882803.jpg?lm=1,13,7,638,7.1,0.0,0.0,0.0,0,0.0,-0.04,0.0,0.3,0.04,0.01,0.56,-0.1,1.13,0.14,0.0,12.5,2.68,2.68,253,35.69,77.1,1.69,0.28,0.28,0.0,0.0,1.97,32,4.51,1.97,3.1,0.14,0.28,61.5,4,0.56,27.65,1.27,0.71,1.27,0.0,0.0,7.19,69.2,21.1,12,1.69,75.0,0.28,0.0,0.0,0.0,0.0,0.0,0.0,0.0,0.0,0.0,0.0,0.0,0.0,0.0,0.0,0.0,0.0,0.0
Tamás Nikitscher,Hungary,25.0,1999.0,Central Midfield,193.0,2028-06-30,ES1,Real Valladolid Club de Fútbol S.A.D.,1000000.0,27,1,28,5,0,57,1,83,29,47,0,90,0,0,21,0,63,0,93,https://img.a.transfermarkt.technology/portrait/header/633056-1732087351.jpg?lm=1,13,9,858,9.5,0.0,0.0,0.0,0,0.0,-0.01,0.0,0.1,0.01,0.0,0.21,0.0,0.21,0.1,0.0,50.0,1.36,0.73,284,29.79,91.3,1.36,0.1,0.0,0.0,0.1,0.1,17,1.78,1.15,1.68,0.1,0.0,42.06,5,0.52,19.83,0.63,0.94,1.89,0.0,0.0,3.57,61.5,71.4,15,1.57,62.5,0.21,0.0,0.0,0.0,0.0,0.0,0.0,0.0,0.0,0.0,0.0,0.0,0.0,0.0,0.0,0.0,0.0,0.0
Alex Palmer,England,28.0,1996.0,Goalkeeper,191.0,2028-06-30,GB1,Ipswich Town Football Club,1200000.0,23,0,0,63,49,0,7,46,57,9,0,88,3,10,84,63,64,19,84,https://img.a.transfermarkt.technology/portrait/header/245625-1632908899.jpg?lm=1,13,13,1170,13.0,0.0,0.0,0.0,0,0.0,0.0,0.0,0.0,0.0,0.0,0.0,0.0,0.0,0.0,0.0,0.0,0.08,0.0,299,23.0,70.7,0.62,0.0,0.0,11.5,0.0,0.0,0,0.0,0.0,0.92,0.0,0.0,36.15,0,0.0,16.15,0.15,0.0,0.08,0.0,0.0,1.31,0.0,0.0,5,0.38,100.0,0.15,0.0,2.31,5.46,3.31,1.93,-2.9,-0.22,0.0,0.0,4.23,1.54,59.2,0.0,33.9,36.8,8.0,1.0
Micky van de Ven,Netherlands,24.0,2001.0,Centre-Back,193.0,2029-06-30,GB1,Tottenham Hotspur Football Club,55000000.0,39,45,26,79,100,66,82,14,36,31,93,26,0,0,51,0,99,0,19,https://img.a.transfermarkt.technology/portrait/header/557459-1744313600.jpg?lm=1,13,12,1015,11.3,0.0,0.18,0.18,0,0.0,-0.05,0.0,0.6,0.05,0.11,0.71,0.8,0.53,0.18,0.0,33.3,4.52,0.09,728,64.55,91.0,4.43,0.09,0.0,0.0,0.09,0.0,10,0.89,0.89,3.46,0.09,0.09,79.18,4,0.35,54.98,0.44,0.44,0.89,0.0,0.0,5.59,57.1,50.0,19,1.68,50.0,0.35,0.0,0.0,0.0,0.0,0.0,0.0,0.0,0.0,0.0,0.0,0.0,0.0,0.0,0.0,0.0,0.0,0.0
Timo Horn,Germany,32.0,1993.0,Goalkeeper,192.0,2026-06-30,L1,Verein für Leibesübungen Bochum 1848 Fußballgemeinschaft,800000.0,12,0,0,33,78,0,49,43,13,17,0,56,8,9,22,97,99,72,16,https://img.a.transfermarkt.technology/portrait/header/84938-1657109580.jpg?lm=1,13,13,1170,13.0,0.0,0.0,0.0,0,0.0,0.0,0.0,0.0,0.0,0.0,0.0,0.0,0.0,0.0,0.0,0.0,0.08,0.0,284,21.85,56.9,1.85,0.08,0.0,14.8,0.0,0.0,0,0.0,0.0,0.69,0.15,0.0,41.15,0,0.0,21.92,0.08,0.0,0.0,0.0,0.0,1.92,0.0,0.0,3,0.23,100.0,0.15,0.0,1.69,4.15,2.46,1.42,-3.5,-0.27,0.08,0.0,2.23,0.46,59.3,23.1,43.6,60.8,3.3,1.38
Sergi Roberto,Spain,33.0,1992.0,Central Midfield,178.0,2026-06-30,IT1,Calcio Como,2000000.0,40,29,3,72,50,13,70,96,79,5,0,47,0,0,17,0,87,0,43,https://img.a.transfermarkt.technology/portrait/header/85370-1662585931.jpg?lm=1,13,8,696,7.7,0.0,0.13,0.13,0,0.0,-0.09,0.0,0.7,0.09,0.09,1.29,0.3,0.78,0.13,0.0,16.7,4.66,2.46,457,59.09,90.3,3.62,0.78,0.0,0.0,0.0,0.78,14,1.81,1.16,1.81,0.0,0.0,75.26,3,0.39,43.97,1.81,0.65,0.91,0.0,0.26,6.21,71.4,30.0,7,0.91,43.8,0.52,0.0,0.0,0.0,0.0,0.0,0.0,0.0,0.0,0.0,0.0,0.0,0.0,0.0,0.0,0.0,0.0,0.0
Bazoumana Touré,Cote d'Ivoire,19.0,2006.0,Left Winger,,2029-06-30,L1,Turn- und Sportgemeinschaft 1899 Hoffenheim Fußball-Spielbetriebs,9000000.0,31,31,0,24,90,83,51,26,41,24,34,91,0,0,56,0,24,0,83,https://img.a.transfermarkt.technology/portrait/header/1067904-1723542492.png?lm=1,13,7,609,6.8,0.0,0.44,0.44,0,0.0,-0.21,0.0,1.4,0.21,0.28,3.55,1.1,2.81,0.74,0.0,26.3,2.07,8.28,125,18.47,66.8,1.33,1.63,0.74,0.0,0.3,3.55,12,1.77,0.44,0.3,0.0,0.15,43.0,12,1.77,27.04,5.32,1.18,1.92,0.0,0.0,3.99,25.0,54.5,12,1.77,41.4,0.15,0.0,0.0,0.0,0.0,0.0,0.0,0.0,0.0,0.0,0.0,0.0,0.0,0.0,0.0,0.0,0.0,0.0
Mateo Pellegrino,Argentina,24.0,2001.0,Centre-Forward,192.0,2029-06-30,IT1,Parma Calcio 1913,3500000.0,31,41,38,22,48,22,39,14,33,15,33,95,0,0,40,0,5,0,92,https://img.a.transfermarkt.technology/portrait/header/856530-1724877495.jpg?lm=1,13,8,737,8.2,0.37,0.12,0.49,3,0.37,-0.04,0.0,3.3,0.4,0.1,0.73,0.2,2.69,1.1,0.14,40.9,1.83,4.52,88,10.75,54.0,1.34,0.73,0.12,0.0,0.24,0.49,3,0.37,0.12,0.73,0.0,0.12,31.87,3,0.37,20.03,3.54,1.95,3.3,0.0,0.0,2.44,25.0,37.5,48,5.86,52.2,0.24,0.0,0.0,0.0,0.0,0.0,0.0,0.0,0.0,0.0,0.0,0.0,0.0,0.0,0.0,0.0,0.0,0.0
Alan Matturro,Uruguay,20.0,2004.0,Centre-Back,189.0,2026-06-30,IT1,Genoa Cricket and Football Club,8000000.0,22,22,48,6,52,68,62,1,82,38,0,24,0,0,66,0,3,0,17,https://img.a.transfermarkt.technology/portrait/header/861981-1692967519.jpg?lm=1,13,9,900,10.0,0.0,0.0,0.0,0,0.0,-0.02,0.0,0.2,0.02,0.02,1.2,-0.2,0.4,0.3,0.0,75.0,1.5,0.9,280,28.0,78.0,1.0,0.4,0.2,0.0,0.1,0.8,11,1.1,1.4,3.8,0.0,0.0,45.8,3,0.3,21.8,0.6,0.3,1.0,0.0,0.1,2.6,21.4,60.0,16,1.6,50.0,0.2,0.0,0.0,0.0,0.0,0.0,0.0,0.0,0.0,0.0,0.0,0.0,0.0,0.0,0.0,0.0,0.0,0.0
Folarin Balogun,United States,23.0,2001.0,Centre-Forward,178.0,2028-06-30,FR1,Association sportive de Monaco Football Club,20000000.0,52,81,56,59,54,23,88,2,27,95,43,2,0,0,91,0,36,0,1,https://img.a.transfermarkt.technology/portrait/header/503770-1672838317.jpg?lm=1,13,7,615,6.8,0.59,0.0,0.59,4,0.59,-0.12,0.0,4.8,0.7,0.13,3.07,-0.9,4.54,1.46,0.13,32.3,1.32,10.68,85,12.44,68.0,0.73,0.15,0.0,0.0,0.0,0.73,1,0.15,0.15,0.0,0.0,0.15,32.2,4,0.59,20.93,4.83,1.9,1.02,0.0,0.0,2.2,0.0,22.2,4,0.59,16.7,0.0,0.0,0.0,0.0,0.0,0.0,0.0,0.0,0.0,0.0,0.0,0.0,0.0,0.0,0.0,0.0,0.0,0.0
Jon Martín,Spain,19.0,2006.0,Centre-Back,187.0,2030-06-30,ES1,Real Sociedad de Fútbol S.A.D.,2000000.0,35,50,3,43,62,0,39,22,38,24,0,100,0,0,38,0,50,0,100,https://img.a.transfermarkt.technology/portrait/header/1018938-1732794896.png?lm=1,13,6,904,10.0,0.0,0.1,0.1,0,0.0,-0.06,0.0,0.6,0.06,0.02,0.4,0.8,0.9,0.1,0.0,11.1,3.38,0.0,468,46.59,86.8,1.89,0.2,0.0,0.0,0.1,0.0,11,1.1,0.7,7.96,0.1,0.0,67.4,0,0.0,37.33,0.8,0.0,1.99,0.0,0.0,2.19,66.7,0.0,53,5.28,85.5,0.2,0.0,0.0,0.0,0.0,0.0,0.0,0.0,0.0,0.0,0.0,0.0,0.0,0.0,0.0,0.0,0.0,0.0
Igor,Brazil,27.0,1998.0,Centre-Back,188.0,2027-06-30,GB1,Brighton and Hove Albion Football Club,22000000.0,29,2,28,81,52,94,81,1,56,29,93,8,0,0,51,0,89,0,22,https://img.a.transfermarkt.technology/portrait/header/380350-1700737326.jpg?lm=1,13,10,961,10.7,0.0,0.0,0.0,0,0.0,0.0,0.0,0.0,0.0,0.02,0.84,-0.2,0.09,0.0,0.0,0.0,4.5,0.09,670,62.75,91.9,3.65,0.19,0.09,0.0,0.37,0.37,5,0.47,0.37,3.65,0.09,0.09,76.33,5,0.47,49.54,0.09,0.0,0.84,0.0,0.0,3.93,45.5,83.3,8,0.75,57.1,0.37,0.0,0.0,0.0,0.0,0.0,0.0,0.0,0.0,0.0,0.0,0.0,0.0,0.0,0.0,0.0,0.0,0.0
Dinko Horkas,Croatia,26.0,1999.0,Goalkeeper,189.0,2028-06-30,ES1,Unión Deportiva Las Palmas S.A.D.,1200000.0,44,0,0,96,60,93,90,32,58,15,0,0,43,61,20,47,81,81,7,https://img.a.transfermarkt.technology/portrait/header/357770-1690574730.png?lm=1,13,11,1085,12.1,0.0,0.0,0.0,0,0.0,0.0,0.0,0.0,0.0,0.0,0.0,0.0,0.0,0.0,0.0,0.0,0.17,0.0,397,32.93,75.6,1.0,0.0,0.0,15.6,0.25,0.0,0,0.0,0.0,0.75,0.08,0.0,46.45,1,0.08,28.2,0.0,0.0,0.08,0.0,0.08,1.16,0.0,100.0,0,0.0,0.0,0.08,0.0,1.58,4.48,2.9,1.61,1.4,0.11,0.0,0.08,4.4,0.75,66.7,9.1,32.5,31.8,6.1,1.33
Finn Becker,Germany,24.0,2000.0,Central Midfield,177.0,2026-06-30,L1,Turn- und Sportgemeinschaft 1899 Hoffenheim Fußball-Spielbetriebs,2000000.0,28,3,28,60,19,60,16,18,79,91,62,87,0,0,99,0,46,0,99,https://img.a.transfermarkt.technology/portrait/header/334999-1657200994.jpg?lm=1,13,7,670,7.4,0.0,0.13,0.13,0,0.0,-0.01,0.0,0.1,0.01,0.04,0.4,0.7,0.54,0.27,0.0,50.0,6.04,0.94,316,42.45,82.5,5.1,0.94,0.13,0.0,0.13,1.07,11,1.48,1.34,2.69,0.0,0.13,61.93,6,0.81,34.39,1.21,1.07,0.67,0.0,0.0,6.72,25.0,42.9,7,0.94,77.8,0.13,0.0,0.0,0.0,0.0,0.0,0.0,0.0,0.0,0.0,0.0,0.0,0.0,0.0,0.0,0.0,0.0,0.0
Răzvan Sava,Romania,22.0,2002.0,Goalkeeper,197.0,2029-06-30,IT1,Udinese Calcio,2500000.0,44,0,0,13,40,0,47,9,10,15,0,0,43,65,6,51,15,69,1,https://img.a.transfermarkt.technology/portrait/header/568617-1730124399.jpg?lm=1,12,12,1080,12.0,0.0,0.0,0.0,0,0.0,0.0,0.0,0.0,0.0,0.0,0.0,0.0,0.0,0.0,0.0,0.0,0.0,0.0,277,23.08,70.1,0.5,0.0,0.0,14.8,0.0,0.0,0,0.0,0.0,0.5,0.17,0.0,35.25,0,0.0,21.83,0.08,0.0,0.08,0.0,0.08,1.08,0.0,0.0,0,0.0,0.0,0.08,0.0,1.33,4.25,3.08,1.21,0.5,0.04,0.0,0.0,2.17,0.33,74.5,33.3,32.2,33.2,2.0,1.08
Alban Lafont,France,26.0,1999.0,Goalkeeper,196.0,2027-06-30,FR1,Football Club de Nantes,4000000.0,36,0,0,17,54,0,22,97,58,40,0,93,31,37,59,56,60,5,83,https://img.a.transfermarkt.technology/portrait/header/357117-1704212970.jpg?lm=1,12,12,1080,12.0,0.0,0.0,0.0,0,0.0,0.0,0.0,0.0,0.0,0.0,0.0,0.0,0.0,0.0,0.0,0.0,0.0,0.0,256,21.33,69.8,0.83,0.0,0.0,10.6,0.08,0.0,1,0.08,0.0,0.67,0.08,0.0,34.0,0,0.0,19.0,0.0,0.0,0.0,0.0,0.0,0.92,100.0,0.0,5,0.42,100.0,0.08,0.0,1.58,4.08,2.67,1.4,-0.2,-0.02,0.0,0.0,4.67,1.33,67.3,16.7,34.9,34.0,8.0,0.5
Mohamed Abdelmonem,Egypt,26.0,1999.0,Centre-Back,183.0,2028-06-30,FR1,Olympique Gymnaste Club Nice Côte d'Azur,4000000.0,53,0,28,89,14,16,52,89,29,57,0,89,0,0,41,0,80,0,79,https://img.a.transfermarkt.technology/portrait/header/566025-1739971401.jpg?lm=1,12,10,855,9.5,0.0,0.0,0.0,0,0.0,0.0,0.0,0.0,0.0,0.0,0.63,0.0,0.0,0.0,0.0,0.0,5.47,0.53,471,49.58,90.4,4.32,0.11,0.0,0.0,0.74,0.21,21,2.21,1.58,5.89,0.11,0.0,66.84,1,0.11,36.0,0.42,0.32,0.95,0.0,0.0,5.26,59.1,25.0,31,3.26,62.0,0.21,0.0,0.0,0.0,0.0,0.0,0.0,0.0,0.0,0.0,0.0,0.0,0.0,0.0,0.0,0.0,0.0,0.0
Anrie Chase,Japan,21.0,2004.0,Centre-Back,188.0,,L1,Verein für Bewegungsspiele Stuttgart 1893,4000000.0,40,10,20,73,16,39,68,47,89,34,0,54,0,0,56,0,75,0,48,https://img.a.transfermarkt.technology/portrait/header/948537-1723636639.jpg?lm=1,12,7,734,8.2,0.0,0.0,0.0,0,0.0,-0.01,0.0,0.1,0.01,0.0,0.74,0.0,0.61,0.0,0.0,0.0,3.43,0.25,497,60.94,91.9,3.43,0.25,0.12,0.0,0.61,0.37,10,1.23,1.1,4.29,0.0,0.0,76.27,2,0.25,40.95,0.49,0.12,1.47,0.0,0.12,2.57,71.4,40.0,17,2.08,58.6,0.12,0.0,0.0,0.0,0.0,0.0,0.0,0.0,0.0,0.0,0.0,0.0,0.0,0.0,0.0,0.0,0.0,0.0
Isaak Touré,France,22.0,2003.0,Centre-Back,206.0,2025-06-30,IT1,Udinese Calcio,8000000.0,33,40,77,69,17,92,74,46,25,1,0,10,0,0,10,0,72,0,27,https://img.a.transfermarkt.technology/portrait/header/708678-1645641626.jpg?lm=1,12,11,733,8.1,0.12,0.0,0.12,1,0.12,0.07,0.0,0.4,0.05,0.0,0.74,0.0,0.49,0.25,0.25,50.0,3.19,0.37,474,58.2,91.7,4.17,0.49,0.12,0.0,0.25,0.74,7,0.86,1.11,2.09,0.12,0.0,71.83,5,0.61,46.41,0.86,0.0,1.84,0.0,0.0,2.82,80.0,50.0,7,0.86,58.3,0.25,0.25,0.0,0.0,0.0,0.0,0.0,0.0,0.0,0.0,0.0,0.0,0.0,0.0,0.0,0.0,0.0,0.0
Yvann Maçon,France,26.0,1998.0,Right-Back,176.0,2025-06-30,FR1,Association sportive de Saint-Étienne Loire,2000000.0,26,34,23,72,7,85,81,8,21,0,0,3,0,0,12,0,25,0,2,https://img.a.transfermarkt.technology/portrait/header/580747-1727722966.jpg?lm=1,12,10,790,8.8,0.0,0.0,0.0,0,0.0,-0.03,0.0,0.3,0.03,0.02,2.85,-0.2,1.14,0.23,0.0,20.0,5.24,4.56,301,34.29,73.8,3.42,0.8,0.0,0.0,0.11,2.62,19,2.16,0.23,1.14,0.11,0.0,56.16,9,1.03,29.16,1.25,0.46,2.96,0.0,0.0,4.78,47.6,47.4,3,0.34,20.0,0.46,0.0,0.0,0.0,0.0,0.0,0.0,0.0,0.0,0.0,0.0,0.0,0.0,0.0,0.0,0.0,0.0,0.0
Éder Militão,Brazil,27.0,1998.0,Centre-Back,186.0,2028-06-30,ES1,Real Madrid Club de Fútbol,40000000.0,51,55,75,84,90,90,77,46,83,34,0,57,0,0,89,0,89,0,64,https://img.a.transfermarkt.technology/portrait/header/401530-1719653438.jpg?lm=1,12,11,938,10.4,0.1,0.1,0.19,1,0.1,0.04,0.0,0.6,0.06,0.05,0.67,0.5,0.96,0.29,0.1,30.0,4.41,0.1,636,61.02,89.3,5.37,0.29,0.0,0.0,1.44,0.19,19,1.82,1.15,3.36,0.0,0.0,78.58,5,0.48,51.14,0.58,0.29,1.73,0.0,0.0,4.22,58.3,62.5,21,2.01,63.6,0.19,0.0,0.0,0.0,0.0,0.0,0.0,0.0,0.0,0.0,0.0,0.0,0.0,0.0,0.0,0.0,0.0,0.0
Edon Zhegrova,Kosovo,26.0,1999.0,Right Winger,180.0,2026-06-30,FR1,Lille Olympique Sporting Club,25000000.0,45,42,67,80,59,75,70,7,47,70,39,65,0,0,83,0,76,0,87,https://img.a.transfermarkt.technology/portrait/header/496857-1642174107.jpg?lm=1,12,12,978,10.9,0.37,0.09,0.46,4,0.37,0.16,0.0,2.3,0.21,0.2,3.4,-1.2,2.12,0.83,0.17,39.1,4.97,7.45,316,29.08,76.0,1.56,2.39,0.28,0.0,0.09,5.34,5,0.46,0.37,0.09,0.0,0.18,48.22,23,2.12,33.13,2.12,2.67,0.92,0.0,0.0,3.87,28.6,41.8,3,0.28,60.0,0.09,0.0,0.0,0.0,0.0,0.0,0.0,0.0,0.0,0.0,0.0,0.0,0.0,0.0,0.0,0.0,0.0,0.0
Leonidas Stergiou,Switzerland,23.0,2002.0,Right-Back,181.0,2028-06-30,L1,Verein für Bewegungsspiele Stuttgart 1893,5000000.0,59,79,73,64,64,65,40,99,90,58,0,28,0,0,66,0,72,0,29,https://img.a.transfermarkt.technology/portrait/header/507345-1723707260.jpg?lm=1,12,11,852,9.5,0.11,0.21,0.32,1,0.11,-0.01,0.0,1.1,0.12,0.1,1.16,1.1,0.32,0.11,0.33,33.3,4.12,3.38,440,46.48,82.4,3.17,0.11,0.0,0.0,0.0,1.37,24,2.54,1.48,4.12,0.0,0.0,67.82,4,0.42,35.81,0.63,0.42,0.63,0.0,0.0,3.7,84.2,66.7,6,0.63,42.9,0.0,0.11,0.0,0.0,0.0,0.0,0.0,0.0,0.0,0.0,0.0,0.0,0.0,0.0,0.0,0.0,0.0,0.0
Edoardo Bove,Italy,23.0,2002.0,Central Midfield,181.0,2025-06-30,IT1,Associazione Calcio Fiorentina,5000000.0,40,20,52,29,85,54,40,49,74,31,99,58,0,0,81,0,51,0,43,https://img.a.transfermarkt.technology/portrait/header/562049-1725532201.jpg?lm=1,12,11,851,9.5,0.11,0.21,0.32,1,0.11,0.04,0.0,0.6,0.06,0.16,1.27,0.5,0.74,0.21,0.14,28.6,3.91,2.54,282,29.82,82.0,1.9,0.42,0.0,0.0,0.32,0.21,24,2.54,0.63,0.85,0.0,0.32,46.22,7,0.74,26.55,1.37,1.16,1.69,0.11,0.0,4.76,50.0,43.8,11,1.16,42.3,0.32,0.0,0.0,0.0,0.0,0.0,0.0,0.0,0.0,0.0,0.0,0.0,0.0,0.0,0.0,0.0,0.0,0.0
Daniel Svensson,Sweden,23.0,2002.0,Left-Back,183.0,2025-06-30,L1,Borussia Dortmund,5500000.0,47,70,74,83,83,3,42,37,80,98,0,19,0,0,99,0,70,0,10,https://img.a.transfermarkt.technology/portrait/header/579287-1739179044.jpg?lm=1,12,8,781,8.7,0.12,0.35,0.46,1,0.12,0.02,0.0,0.8,0.09,0.14,1.27,1.8,0.69,0.23,0.17,33.3,4.72,5.88,394,45.4,79.3,3.34,1.27,0.46,0.0,0.35,4.15,15,1.73,0.58,3.46,0.0,0.0,66.84,1,0.12,34.92,0.69,0.81,0.46,0.0,0.0,3.57,63.6,20.0,6,0.69,28.6,0.0,0.0,0.0,0.0,0.0,0.0,0.0,0.0,0.0,0.0,0.0,0.0,0.0,0.0,0.0,0.0,0.0,0.0
Eric Bailly,Cote d'Ivoire,31.0,1994.0,Centre-Back,187.0,2025-06-30,ES1,Villarreal Club de Fútbol S.A.D.,2500000.0,29,28,4,24,8,96,9,60,81,2,0,39,0,0,23,0,36,0,47,https://img.a.transfermarkt.technology/portrait/header/286384-1696075364.png?lm=1,12,8,617,6.9,0.0,0.0,0.0,0,0.0,-0.04,0.0,0.3,0.04,0.0,0.15,0.0,0.58,0.0,0.0,0.0,2.63,0.0,280,40.84,87.5,2.63,0.0,0.0,0.0,0.0,0.0,12,1.75,0.88,4.23,0.0,0.0,57.47,3,0.44,29.17,0.88,0.15,1.02,0.0,0.15,2.77,75.0,100.0,11,1.6,61.1,0.29,0.15,0.0,0.0,0.0,0.0,0.0,0.0,0.0,0.0,0.0,0.0,0.0,0.0,0.0,0.0,0.0,0.0
Ronald Araujo,Uruguay,26.0,1999.0,Centre-Back,192.0,2031-06-30,ES1,Futbol Club Barcelona,50000000.0,61,78,76,94,91,0,87,68,94,23,0,96,0,0,90,0,97,0,89,https://img.a.transfermarkt.technology/portrait/header/480267-1736431980.jpg?lm=1,12,11,754,8.4,0.12,0.12,0.24,1,0.12,0.0,0.0,1.0,0.12,0.05,0.72,0.6,0.48,0.24,0.25,50.0,5.85,0.36,666,79.5,91.9,6.09,0.36,0.0,0.0,0.12,0.0,12,1.43,1.07,2.98,0.0,0.0,95.25,0,0.0,61.59,0.24,0.12,1.07,0.0,0.0,3.22,80.0,0.0,33,3.94,62.3,0.36,0.0,0.0,0.0,0.0,0.0,0.0,0.0,0.0,0.0,0.0,0.0,0.0,0.0,0.0,0.0,0.0,0.0
Yaya Fofana,Cote d'Ivoire,20.0,2004.0,Central Midfield,180.0,2029-06-30,FR1,Stade de Reims,5000000.0,33,36,58,19,96,100,85,9,64,4,66,14,0,0,68,0,32,0,11,https://img.a.transfermarkt.technology/portrait/header/1044893-1723838377.png?lm=1,12,8,634,7.0,0.14,0.14,0.28,1,0.14,0.06,0.0,0.6,0.09,0.24,2.7,-0.7,1.85,0.57,0.08,30.8,3.12,4.12,177,25.13,76.3,1.99,1.42,0.14,0.0,0.0,0.85,17,2.41,0.43,0.28,0.0,0.14,45.0,14,1.99,29.67,1.99,1.14,2.27,0.0,0.0,4.68,33.3,63.6,4,0.57,28.6,0.57,0.0,0.0,0.0,0.0,0.0,0.0,0.0,0.0,0.0,0.0,0.0,0.0,0.0,0.0,0.0,0.0,0.0
Juanpe,Spain,34.0,1991.0,Centre-Back,190.0,2025-06-30,ES1,Girona Fútbol Club S. A. D.,900000.0,42,7,20,66,51,0,46,50,32,63,0,93,0,0,39,0,54,0,96,https://img.a.transfermarkt.technology/portrait/header/115333-1510233713.jpg?lm=1,12,8,727,8.1,0.0,0.0,0.0,0,0.0,-0.01,0.0,0.1,0.01,0.02,0.25,-0.2,0.25,0.0,0.0,0.0,3.22,0.0,507,62.76,87.3,3.96,0.12,0.0,0.0,1.36,0.12,8,0.99,0.99,6.93,0.12,0.0,83.69,0,0.0,46.67,0.37,0.12,0.5,0.0,0.0,2.72,75.0,0.0,25,3.09,73.5,0.25,0.0,0.0,0.0,0.0,0.0,0.0,0.0,0.0,0.0,0.0,0.0,0.0,0.0,0.0,0.0,0.0,0.0
Enric Franquesa,Spain,28.0,1997.0,Left-Back,175.0,2026-06-30,ES1,Club Deportivo Leganés S.A.D.,1500000.0,31,30,83,2,1,92,15,67,48,64,0,41,0,0,85,0,2,0,46,https://img.a.transfermarkt.technology/portrait/header/282700-1625480292.jpg?lm=1,12,7,616,6.8,0.15,0.0,0.15,1,0.15,0.1,0.0,0.3,0.04,0.01,1.61,-0.1,0.44,0.15,0.33,33.3,1.75,4.38,158,23.08,70.2,0.73,0.29,0.29,0.0,0.0,2.34,17,2.48,0.73,1.75,0.0,0.0,44.71,9,1.31,19.43,3.07,0.29,1.17,0.0,0.0,4.24,69.2,42.9,5,0.73,50.0,0.15,0.0,0.0,0.0,0.0,0.0,0.0,0.0,0.0,0.0,0.0,0.0,0.0,0.0,0.0,0.0,0.0,0.0
Federico Ravaglia,Italy,25.0,1999.0,Goalkeeper,196.0,2028-06-30,IT1,Bologna Football Club 1909,1000000.0,19,0,0,79,66,98,91,38,90,69,0,79,57,3,92,29,38,32,93,https://img.a.transfermarkt.technology/portrait/header/390304-1701253429.jpg?lm=1,12,11,1056,11.7,0.0,0.0,0.0,0,0.0,0.0,0.0,0.0,0.0,0.0,0.0,0.0,0.0,0.0,0.0,0.0,0.0,0.0,371,31.62,78.4,1.19,0.0,0.0,12.9,0.17,0.0,0,0.0,0.0,0.77,0.0,0.0,41.59,2,0.17,28.3,0.0,0.0,0.0,0.0,0.0,1.36,0.0,100.0,4,0.34,100.0,0.0,0.0,1.19,2.05,0.85,1.0,-2.3,-0.2,0.0,0.0,3.84,0.94,45.8,36.4,30.8,27.5,11.3,0.77
Pepe Reina,Spain,42.0,1982.0,Goalkeeper,188.0,2025-06-30,IT1,Calcio Como,600000.0,16,0,0,35,29,0,44,1,17,4,0,23,48,22,7,49,46,25,5,https://img.a.transfermarkt.technology/portrait/header/7825-1724826388.jpg?lm=1,12,12,1034,11.5,0.0,0.0,0.0,0,0.0,0.0,0.0,0.0,0.0,0.0,0.0,0.0,0.0,0.0,0.0,0.0,0.0,0.0,278,24.2,76.4,0.35,0.0,0.0,12.5,0.0,0.0,0,0.0,0.0,0.26,0.17,0.0,33.16,0,0.0,21.32,0.0,0.0,0.09,0.0,0.0,0.96,0.0,0.0,1,0.09,100.0,0.0,0.09,1.22,3.57,2.35,1.05,-1.9,-0.16,0.0,0.0,3.57,0.17,68.3,16.7,31.9,32.4,1.4,0.52
Finn Jeltsch,Germany,18.0,2006.0,Centre-Back,188.0,2030-06-30,L1,Verein für Bewegungsspiele Stuttgart 1893,12000000.0,50,6,20,77,31,61,88,94,3,58,0,27,0,0,7,0,78,0,41,https://img.a.transfermarkt.technology/portrait/header/924117-1700052918.jpg?lm=1,12,9,780,8.7,0.0,0.0,0.0,0,0.0,-0.01,0.0,0.1,0.01,0.01,0.92,-0.1,0.23,0.0,0.0,0.0,3.58,0.58,582,67.15,91.1,3.35,0.12,0.0,0.0,0.0,0.35,18,2.08,1.5,3.12,0.23,0.0,83.88,2,0.23,54.92,1.15,0.12,0.81,0.0,0.0,3.92,80.0,66.7,12,1.38,60.0,0.23,0.0,0.0,0.0,0.0,0.0,0.0,0.0,0.0,0.0,0.0,0.0,0.0,0.0,0.0,0.0,0.0,0.0
Jonas Omlin,Switzerland,31.0,1994.0,Goalkeeper,190.0,2027-06-30,L1,Borussia Verein für Leibesübungen 1900 Mönchengladbach,2500000.0,21,0,0,81,7,94,98,25,54,4,0,44,4,25,22,59,40,75,9,https://img.a.transfermarkt.technology/portrait/header/247915-1691248651.jpg?lm=1,12,11,978,10.9,0.0,0.0,0.0,0,0.0,0.0,0.0,0.0,0.0,0.0,0.0,0.0,0.0,0.0,0.0,0.0,0.0,0.0,375,34.51,73.1,0.09,0.0,0.0,15.1,0.18,0.0,0,0.0,0.0,0.46,0.09,0.0,50.06,1,0.09,32.48,0.0,0.0,0.09,0.0,0.0,1.93,0.0,100.0,2,0.18,100.0,0.0,0.09,2.39,6.63,4.14,2.19,-2.2,-0.2,0.0,0.09,4.23,0.28,66.7,9.1,32.7,34.9,1.8,1.2
Sergi Gómez,Spain,33.0,1992.0,Centre-Back,185.0,2025-06-30,ES1,Reial Club Deportiu Espanyol de Barcelona S.A.D.,900000.0,18,29,42,7,0,0,5,25,99,76,0,7,0,0,95,0,34,0,3,https://img.a.transfermarkt.technology/portrait/header/92947-1447159892.jpg?lm=1,12,6,664,7.4,0.0,0.0,0.0,0,0.0,-0.04,0.0,0.3,0.04,0.0,0.0,0.0,0.27,0.14,0.0,50.0,1.08,0.14,311,42.15,88.9,0.41,0.0,0.0,0.0,0.0,0.14,8,1.08,0.95,5.15,0.0,0.0,56.79,0,0.0,30.09,0.14,0.0,0.81,0.0,0.0,2.03,66.7,0.0,11,1.49,33.3,0.14,0.0,0.0,0.0,0.0,0.0,0.0,0.0,0.0,0.0,0.0,0.0,0.0,0.0,0.0,0.0,0.0,0.0
Cenk Özkacar,Türkiye,24.0,2000.0,Centre-Back,190.0,2025-06-30,ES1,Real Valladolid Club de Fútbol S.A.D.,1500000.0,18,6,20,9,2,0,13,37,29,65,0,9,0,0,11,0,13,0,6,https://img.a.transfermarkt.technology/portrait/header/615350-1641457298.jpg?lm=1,11,8,757,8.4,0.0,0.0,0.0,0,0.0,-0.01,0.0,0.1,0.01,0.0,0.24,0.0,0.24,0.0,0.0,0.0,1.78,0.0,331,39.35,84.4,1.31,0.0,0.0,0.0,0.36,0.0,9,1.07,2.14,8.2,0.12,0.0,60.28,0,0.0,29.01,0.48,0.12,0.59,0.0,0.12,3.57,28.6,0.0,11,1.31,42.3,0.12,0.0,0.0,0.0,0.0,0.0,0.0,0.0,0.0,0.0,0.0,0.0,0.0,0.0,0.0,0.0,0.0,0.0
Nathan Wood,England,22.0,2002.0,Centre-Back,188.0,2028-06-30,GB1,Southampton Football Club,3800000.0,23,12,14,35,1,90,25,22,5,51,0,49,0,0,5,0,74,0,63,https://img.a.transfermarkt.technology/portrait/header/503990-1720788273.jpg?lm=1,11,9,773,8.6,0.0,0.0,0.0,0,0.0,-0.02,0.0,0.2,0.02,0.0,0.23,0.0,0.23,0.0,0.0,0.0,1.98,0.0,444,51.69,93.3,1.28,0.0,0.0,0.0,0.0,0.35,13,1.51,0.58,4.54,0.23,0.0,65.55,4,0.47,36.33,0.58,0.12,1.05,0.0,0.0,2.33,70.0,66.7,15,1.75,65.2,0.23,0.0,0.0,0.0,0.0,0.0,0.0,0.0,0.0,0.0,0.0,0.0,0.0,0.0,0.0,0.0,0.0,0.0
Kiki Kouyaté,Mali,28.0,1997.0,Centre-Back,192.0,2026-06-30,FR1,Montpellier Hérault Sport Club,3500000.0,37,45,1,1,6,0,8,83,96,0,0,74,0,0,67,0,8,0,63,https://img.a.transfermarkt.technology/portrait/header/211637-1702665133.JPG?lm=1,11,8,756,8.4,0.0,0.0,0.0,0,0.0,-0.06,0.0,0.5,0.06,0.0,0.36,0.0,0.95,0.0,0.0,0.0,1.43,0.0,211,25.12,83.4,1.67,0.12,0.0,0.0,0.0,0.0,22,2.62,1.43,6.43,0.0,0.0,44.64,0,0.0,20.71,0.36,0.0,1.79,0.0,0.0,2.14,57.9,0.0,22,2.62,59.5,0.71,0.12,0.0,0.0,0.0,0.0,0.0,0.0,0.0,0.0,0.0,0.0,0.0,0.0,0.0,0.0,0.0,0.0
Hamari Traoré,Mali,33.0,1992.0,Right-Back,175.0,2026-06-30,ES1,Real Sociedad de Fútbol S.A.D.,3000000.0,37,2,28,49,16,81,44,83,96,24,0,66,0,0,73,0,58,0,57,https://img.a.transfermarkt.technology/portrait/header/297070-1664981394.jpg?lm=1,11,9,700,7.8,0.0,0.13,0.13,0,0.0,0.0,0.0,0.0,0.0,0.03,1.54,0.8,0.13,0.0,0.0,0.0,3.34,2.57,381,48.99,82.8,2.19,0.64,0.26,0.0,0.13,1.16,19,2.44,1.16,2.7,0.0,0.0,68.01,6,0.77,32.4,0.77,0.13,1.54,0.0,0.0,3.73,68.2,60.0,9,1.16,50.0,0.26,0.0,0.0,0.0,0.0,0.0,0.0,0.0,0.0,0.0,0.0,0.0,0.0,0.0,0.0,0.0,0.0,0.0
Cheikh Niasse,Senegal,25.0,2000.0,Defensive Midfield,188.0,2025-06-30,IT1,Verona Hellas Football Club,2000000.0,34,31,27,16,2,2,12,82,4,27,80,84,0,0,5,0,12,0,55,https://img.a.transfermarkt.technology/portrait/header/644032-1595970130.jpg?lm=1,11,8,755,8.4,0.0,0.0,0.0,0,0.0,-0.05,0.0,0.4,0.05,0.01,0.6,-0.1,0.36,0.12,0.0,33.3,2.98,1.79,192,22.89,80.0,1.91,0.24,0.0,0.0,0.24,0.24,18,2.15,2.03,2.03,0.24,0.12,42.08,1,0.12,19.07,1.67,0.83,1.31,0.0,0.0,3.1,52.6,14.3,19,2.26,47.5,0.48,0.0,0.0,0.0,0.0,0.0,0.0,0.0,0.0,0.0,0.0,0.0,0.0,0.0,0.0,0.0,0.0,0.0
Thierry Correia,Portugal,26.0,1999.0,Right-Back,176.0,2026-06-30,ES1,Valencia Club de Fútbol S. A. D.,6000000.0,39,41,34,76,19,68,46,42,78,57,81,12,0,0,78,0,32,0,11,https://img.a.transfermarkt.technology/portrait/header/367466-1548510976.jpg?lm=1,11,9,768,8.5,0.0,0.0,0.0,0,0.0,-0.04,0.0,0.3,0.04,0.04,1.88,-0.3,0.82,0.35,0.0,42.9,5.16,5.62,330,38.67,74.8,2.7,1.41,0.35,0.0,0.12,2.11,27,3.16,0.47,2.11,0.0,0.12,65.04,8,0.94,28.12,1.99,0.0,1.76,0.0,0.0,4.45,56.5,34.8,4,0.47,33.3,0.12,0.0,0.0,0.0,0.0,0.0,0.0,0.0,0.0,0.0,0.0,0.0,0.0,0.0,0.0,0.0,0.0,0.0
John Tolkin,United States,22.0,2002.0,Left-Back,170.0,,L1,Kieler Sportvereinigung Holstein von 1900,3000000.0,41,7,17,1,59,59,3,97,84,99,81,61,0,0,100,0,2,0,67,https://img.a.transfermarkt.technology/portrait/header/683812-1710582118.jpg?lm=1,11,9,737,8.2,0.0,0.24,0.24,0,0.0,-0.01,0.0,0.1,0.01,0.09,0.73,1.3,0.37,0.0,0.0,0.0,2.08,1.47,250,30.53,67.9,1.71,0.61,0.12,0.0,0.12,4.64,18,2.2,0.98,6.59,0.0,0.12,58.49,5,0.61,21.25,0.61,0.73,0.24,0.0,0.0,2.56,85.7,50.0,8,0.98,57.1,0.0,0.0,0.0,0.0,0.0,0.0,0.0,0.0,0.0,0.0,0.0,0.0,0.0,0.0,0.0,0.0,0.0,0.0
Jérémy Jacquet,France,19.0,2005.0,Centre-Back,190.0,2027-06-30,FR1,Stade Rennais Football Club,5000000.0,59,67,7,55,97,90,58,100,33,90,0,53,0,0,52,0,70,0,66,https://img.a.transfermarkt.technology/portrait/header/1004301-1714503850.jpg?lm=1,11,11,927,10.3,0.0,0.1,0.1,0,0.0,-0.08,0.0,0.8,0.08,0.08,0.78,0.2,0.78,0.29,0.0,37.5,3.88,0.39,424,41.17,83.5,4.76,0.1,0.0,0.0,0.39,0.29,26,2.52,2.62,4.37,0.1,0.0,60.87,5,0.49,34.27,0.58,0.29,1.26,0.0,0.0,3.98,63.6,62.5,19,1.84,65.5,0.0,0.0,0.0,0.0,0.0,0.0,0.0,0.0,0.0,0.0,0.0,0.0,0.0,0.0,0.0,0.0,0.0,0.0
Matteo Pessina,Italy,28.0,1997.0,Central Midfield,187.0,2027-06-30,IT1,Associazione Calcio Monza,9000000.0,33,3,12,28,1,42,38,89,76,80,0,72,0,0,97,0,45,0,74,https://img.a.transfermarkt.technology/portrait/header/332179-1661268524.jpg?lm=1,11,10,854,9.5,0.0,0.0,0.0,0,0.0,-0.02,0.0,0.2,0.02,0.01,0.84,-0.1,0.32,0.0,0.0,0.0,2.95,2.11,424,44.68,86.5,3.27,0.42,0.11,0.0,0.11,0.63,15,1.58,1.26,0.74,0.0,0.0,58.91,5,0.53,35.09,0.95,1.37,0.53,0.0,0.0,6.11,64.3,50.0,10,1.05,55.6,0.21,0.0,0.0,0.0,0.0,0.0,0.0,0.0,0.0,0.0,0.0,0.0,0.0,0.0,0.0,0.0,0.0,0.0
Mikayil Faye,Senegal,20.0,2004.0,Centre-Back,183.0,2028-06-30,FR1,Stade Rennais Football Club,8000000.0,54,45,36,83,15,35,95,95,66,6,0,47,0,0,33,0,62,0,50,https://img.a.transfermarkt.technology/portrait/header/666974-1737970456.jpg?lm=1,11,7,688,7.6,0.0,0.0,0.0,0,0.0,-0.05,0.0,0.4,0.05,0.0,1.57,0.0,0.78,0.39,0.0,50.0,4.58,0.52,473,61.88,88.6,4.58,0.13,0.0,0.0,0.26,0.13,15,1.96,1.57,3.92,0.0,0.0,80.71,2,0.26,50.49,1.18,0.52,1.31,0.0,0.13,5.36,77.8,33.3,14,1.83,60.9,0.13,0.13,0.0,0.0,0.0,0.0,0.0,0.0,0.0,0.0,0.0,0.0,0.0,0.0,0.0,0.0,0.0,0.0
Alidu Seidu,Ghana,24.0,2000.0,Centre-Back,173.0,2029-06-30,FR1,Stade Rennais Football Club,9000000.0,55,8,20,86,70,99,99,99,58,11,96,7,0,0,88,0,35,0,8,https://img.a.transfermarkt.technology/portrait/header/798404-1679507806.jpg?lm=1,11,10,803,8.9,0.0,0.0,0.0,0,0.0,-0.01,0.0,0.1,0.01,0.03,2.58,-0.3,0.34,0.0,0.0,0.0,4.6,1.91,426,47.75,82.2,3.7,0.9,0.0,0.0,0.34,0.45,22,2.47,1.57,1.91,0.0,0.11,69.04,9,1.01,37.88,0.56,1.12,1.12,0.0,0.0,7.51,80.0,50.0,9,1.01,45.0,0.45,0.0,0.0,0.0,0.0,0.0,0.0,0.0,0.0,0.0,0.0,0.0,0.0,0.0,0.0,0.0,0.0,0.0
Maxime Bernauer,France,26.0,1998.0,Centre-Back,185.0,2025-06-30,FR1,Association sportive de Saint-Étienne Loire,2000000.0,24,6,20,72,15,64,69,13,30,1,0,26,0,0,4,0,61,0,43,https://img.a.transfermarkt.technology/portrait/header/324819-1595959090.jpg?lm=1,11,9,763,8.5,0.0,0.0,0.0,0,0.0,-0.01,0.0,0.1,0.01,0.0,0.83,0.0,0.24,0.0,0.0,0.0,4.84,0.0,413,48.72,88.1,4.25,0.24,0.0,0.0,0.47,0.0,9,1.06,0.59,5.19,0.12,0.0,63.81,2,0.24,38.57,0.24,0.24,1.18,0.0,0.12,4.36,62.5,66.7,11,1.3,61.1,0.47,0.12,0.0,0.0,0.0,0.0,0.0,0.0,0.0,0.0,0.0,0.0,0.0,0.0,0.0,0.0,0.0,0.0
Jordan Amavi,France,31.0,1994.0,Left-Back,176.0,2025-06-30,FR1,Stade brestois 29,2000000.0,43,35,36,46,6,78,83,79,81,8,0,92,0,0,9,0,14,0,96,https://img.a.transfermarkt.technology/portrait/header/241229-1598304378.jpg?lm=1,11,8,790,8.8,0.0,0.0,0.0,0,0.0,-0.03,0.0,0.3,0.03,0.02,2.51,-0.2,0.91,0.34,0.0,37.5,4.1,2.39,386,43.97,73.4,3.19,0.68,0.11,0.0,0.23,1.71,24,2.73,0.8,2.05,0.0,0.0,70.06,7,0.8,35.2,1.03,0.57,1.71,0.0,0.23,3.99,71.4,53.8,15,1.71,71.4,0.23,0.0,0.0,0.0,0.0,0.0,0.0,0.0,0.0,0.0,0.0,0.0,0.0,0.0,0.0,0.0,0.0,0.0
Keita Baldé,Senegal,30.0,1995.0,Left Winger,178.0,2025-06-30,IT1,Associazione Calcio Monza,1000000.0,22,17,45,78,1,9,48,15,48,26,65,54,0,0,61,0,96,0,43,https://img.a.transfermarkt.technology/portrait/header/238752-1726065554.png?lm=1,11,8,638,7.1,0.28,0.0,0.28,2,0.28,0.13,0.0,1.1,0.16,0.03,2.68,-0.2,1.97,0.71,0.14,35.7,4.94,4.09,199,28.07,89.2,2.68,1.13,0.42,0.0,0.0,0.85,1,0.14,0.28,0.0,0.0,0.28,40.77,5,0.71,30.47,2.82,2.12,0.99,0.0,0.0,1.69,50.0,31.3,5,0.71,31.3,0.28,0.0,0.0,0.0,0.0,0.0,0.0,0.0,0.0,0.0,0.0,0.0,0.0,0.0,0.0,0.0,0.0,0.0
Maximilian Breunig,Germany,25.0,2000.0,Centre-Forward,195.0,2027-06-30,L1,1. Fußballclub Heidenheim 1846,2000000.0,11,0,2,93,3,0,72,100,4,70,39,80,0,0,2,0,90,0,90,https://img.a.transfermarkt.technology/portrait/header/584254-1658505130.jpg?lm=1,11,8,658,7.3,0.0,0.0,0.0,0,0.0,-0.03,0.0,0.2,0.03,0.01,0.55,-0.1,0.14,0.14,0.0,100.0,4.1,0.96,275,37.61,80.9,4.24,0.27,0.27,0.0,0.27,0.55,14,1.91,0.82,4.79,0.14,0.14,57.72,0,0.0,29.54,0.82,0.27,0.96,0.0,0.0,2.74,64.3,0.0,19,2.6,61.3,0.14,0.0,0.0,0.0,0.0,0.0,0.0,0.0,0.0,0.0,0.0,0.0,0.0,0.0,0.0,0.0,0.0,0.0
Patrick Erras,Germany,30.0,1995.0,Defensive Midfield,196.0,2026-06-30,L1,Kieler Sportvereinigung Holstein von 1900,1000000.0,28,69,76,22,1,0,13,1,100,71,0,98,0,0,93,0,76,0,97,https://img.a.transfermarkt.technology/portrait/header/193859-1657792157.jpg?lm=1,10,10,832,9.2,0.11,0.0,0.11,1,0.11,0.01,0.0,0.9,0.1,0.01,0.32,-0.1,0.87,0.11,0.13,12.5,2.7,0.11,469,50.73,92.0,1.08,0.0,0.0,0.0,0.0,0.0,8,0.87,0.97,6.92,0.0,0.0,67.28,0,0.0,30.5,0.32,0.0,1.19,0.0,0.0,2.6,22.2,0.0,27,2.92,62.8,0.22,0.0,0.0,0.0,0.0,0.0,0.0,0.0,0.0,0.0,0.0,0.0,0.0,0.0,0.0,0.0,0.0,0.0
Matvey Safonov,Russia,26.0,1999.0,Goalkeeper,192.0,2029-06-30,FR1,Paris Saint-Germain Football Club,22000000.0,39,0,0,46,41,0,40,71,90,69,0,0,76,38,92,25,19,93,3,https://img.a.transfermarkt.technology/portrait/header/318470-1732658603.jpg?lm=1,10,9,879,9.8,0.0,0.0,0.0,0,0.0,0.0,0.0,0.0,0.0,0.0,0.0,0.0,0.0,0.0,0.0,0.0,0.0,0.0,250,25.6,80.4,0.51,0.0,0.0,18.0,0.0,0.0,0,0.0,0.1,0.31,0.0,0.0,33.38,0,0.0,20.78,0.0,0.0,0.0,0.0,0.0,1.54,0.0,0.0,0,0.0,0.0,0.0,0.0,0.92,2.56,1.74,0.74,-0.8,-0.08,0.0,0.0,4.71,0.51,72.0,33.3,29.1,26.3,5.3,1.43
Jakub Stolarczyk,Poland,24.0,2000.0,Goalkeeper,194.0,2026-06-30,GB1,Leicester City Football Club,400000.0,29,0,0,71,18,0,51,88,22,34,0,94,39,29,51,90,26,26,69,https://img.a.transfermarkt.technology/portrait/header/486144-1692967745.jpg?lm=1,10,10,900,10.0,0.0,0.0,0.0,0,0.0,0.0,0.0,0.0,0.0,0.0,0.0,0.0,0.0,0.0,0.0,0.0,0.1,0.0,238,23.8,61.7,0.2,0.0,0.0,12.5,0.1,0.0,2,0.2,0.0,0.6,0.1,0.0,41.1,0,0.0,22.1,0.1,0.0,0.0,0.0,0.0,0.8,50.0,0.0,5,0.5,100.0,0.1,0.0,1.6,4.4,2.8,1.57,-0.3,-0.03,0.0,0.0,3.6,1.0,63.6,20.0,34.3,46.5,5.9,0.8
Caoimhín Kelleher,Ireland,26.0,1998.0,Goalkeeper,188.0,2026-06-30,GB1,Liverpool Football Club,22000000.0,35,0,0,48,47,95,93,3,5,69,0,24,60,49,13,35,4,49,36,https://img.a.transfermarkt.technology/portrait/header/340918-1708933663.jpg?lm=1,10,10,900,10.0,0.0,0.0,0.0,0,0.0,0.0,0.0,0.0,0.0,0.0,0.0,0.0,0.0,0.0,0.0,0.0,0.0,0.0,289,28.9,75.7,0.6,0.0,0.0,14.0,0.0,0.0,0,0.0,0.0,0.1,0.2,0.0,39.8,1,0.1,29.0,0.1,0.0,0.0,0.0,0.0,1.8,0.0,100.0,1,0.1,100.0,0.0,0.0,1.2,3.7,2.4,1.16,-0.4,-0.04,0.0,0.1,4.9,0.6,67.6,40.0,29.0,28.6,5.3,0.9
Nathan Aké,Netherlands,30.0,1995.0,Centre-Back,180.0,2027-06-30,GB1,Manchester City Football Club,32000000.0,34,17,8,95,16,80,96,7,18,100,0,37,0,0,42,0,94,0,38,https://img.a.transfermarkt.technology/portrait/header/177476-1666733797.jpg?lm=1,10,8,678,7.5,0.0,0.0,0.0,0,0.0,-0.03,0.0,0.2,0.03,0.0,1.59,0.0,0.4,0.0,0.0,0.0,6.64,0.27,509,67.57,93.9,5.58,0.13,0.0,0.0,0.0,0.13,9,1.19,0.4,2.92,0.13,0.0,79.12,1,0.13,53.5,0.53,0.4,0.27,0.0,0.0,3.19,66.7,100.0,13,1.73,56.5,0.0,0.0,0.0,0.0,0.0,0.0,0.0,0.0,0.0,0.0,0.0,0.0,0.0,0.0,0.0,0.0,0.0,0.0
Unai Núñez,Spain,28.0,1997.0,Centre-Back,186.0,2025-06-30,ES1,Athletic Club Bilbao,3000000.0,38,16,8,53,26,71,20,94,19,4,0,34,0,0,19,0,48,0,26,https://img.a.transfermarkt.technology/portrait/header/338285-1620308088.jpg?lm=1,10,7,645,7.2,0.0,0.0,0.0,0,0.0,-0.03,0.0,0.2,0.03,0.01,0.28,-0.1,0.14,0.0,0.0,0.0,3.63,0.0,283,39.49,87.1,2.23,0.14,0.0,0.0,0.98,0.0,10,1.4,2.37,6.42,0.14,0.0,57.91,2,0.28,31.4,0.84,0.0,1.4,0.0,0.0,3.91,57.1,66.7,13,1.81,52.0,0.56,0.0,0.0,0.0,0.0,0.0,0.0,0.0,0.0,0.0,0.0,0.0,0.0,0.0,0.0,0.0,0.0,0.0
Karol Mets,Estonia,32.0,1993.0,Centre-Back,191.0,2026-06-30,L1,Fußball-Club St. Pauli von 1910,1300000.0,42,7,20,79,55,0,40,36,95,69,0,77,0,0,70,0,43,0,86,https://img.a.transfermarkt.technology/portrait/header/139304-1723630917.jpeg?lm=1,10,10,900,10.0,0.0,0.0,0.0,0,0.0,-0.01,0.0,0.1,0.01,0.02,0.5,-0.2,0.3,0.0,0.0,0.0,5.4,0.2,526,52.6,83.4,4.9,0.3,0.1,0.0,0.5,0.3,13,1.3,1.2,6.0,0.0,0.0,73.6,0,0.0,34.3,0.4,0.0,0.7,0.0,0.1,3.5,57.1,0.0,24,2.4,70.6,0.1,0.0,0.0,0.0,0.0,0.0,0.0,0.0,0.0,0.0,0.0,0.0,0.0,0.0,0.0,0.0,0.0,0.0
Martin Dúbravka,Slovakia,36.0,1989.0,Goalkeeper,191.0,2026-06-30,GB1,Newcastle United Football Club,1000000.0,60,0,0,58,0,0,33,12,90,69,0,91,77,68,92,5,0,75,80,https://img.a.transfermarkt.technology/portrait/header/74960-1700237195.jpg?lm=1,10,10,900,10.0,0.0,0.0,0.0,0,0.0,0.0,0.0,0.0,0.0,0.0,0.0,0.0,0.0,0.0,0.0,0.0,0.0,0.0,265,26.5,79.6,0.0,0.0,0.0,15.3,0.1,0.0,0,0.0,0.0,0.3,0.0,0.0,35.0,0,0.0,20.2,0.0,0.0,0.0,0.0,0.0,1.8,0.0,0.0,4,0.4,100.0,0.0,0.0,1.2,4.1,2.9,1.29,0.9,0.09,0.0,0.0,5.4,1.0,70.7,50.0,25.2,15.8,7.9,1.1
Lucas Mincarelli,France,21.0,2004.0,Left-Back,179.0,2027-06-30,FR1,Montpellier Hérault Sport Club,900000.0,35,63,74,28,16,4,58,31,96,97,0,22,0,0,99,0,53,0,17,https://img.a.transfermarkt.technology/portrait/header/982393-1726265130.jpg?lm=1,10,8,715,7.9,0.13,0.0,0.13,1,0.13,0.05,0.0,0.6,0.08,0.04,1.89,-0.3,0.88,0.25,0.14,28.6,3.15,2.01,309,38.9,81.5,3.02,0.25,0.25,0.0,0.0,2.64,17,2.14,1.13,3.4,0.0,0.0,58.15,1,0.13,32.1,0.63,0.25,0.63,0.0,0.0,3.15,46.2,20.0,5,0.63,35.7,0.0,0.0,0.0,0.0,0.0,0.0,0.0,0.0,0.0,0.0,0.0,0.0,0.0,0.0,0.0,0.0,0.0,0.0
Facundo Garcés,Argentina,25.0,1999.0,Centre-Back,189.0,2028-06-30,ES1,Deportivo Alavés S.A.D.,1200000.0,16,11,37,0,99,0,4,6,97,21,0,26,0,0,53,0,18,0,16,https://img.a.transfermarkt.technology/portrait/header/533354-1633539030.JPG?lm=1,10,7,678,7.5,0.0,0.0,0.0,0,0.0,-0.01,0.0,0.1,0.01,0.11,0.4,-0.8,0.66,0.13,0.0,20.0,1.59,0.4,150,19.91,76.1,1.06,0.13,0.0,0.0,0.0,0.13,6,0.8,0.66,6.77,0.0,0.0,37.17,0,0.0,15.13,0.27,0.0,0.93,0.0,0.13,1.86,60.0,0.0,13,1.73,48.1,0.27,0.0,0.0,0.0,0.0,0.0,0.0,0.0,0.0,0.0,0.0,0.0,0.0,0.0,0.0,0.0,0.0,0.0
Patric,Spain,32.0,1993.0,Centre-Back,184.0,2027-06-30,IT1,Società Sportiva Lazio S.p.A.,4000000.0,26,86,78,83,17,0,59,6,22,47,0,11,0,0,23,0,58,0,18,https://img.a.transfermarkt.technology/portrait/header/126729-1695026786.jpg?lm=1,10,5,607,6.7,0.15,0.0,0.15,1,0.15,-0.01,0.0,1.1,0.16,0.0,0.59,0.0,0.3,0.15,0.5,50.0,4.45,0.74,356,52.78,88.3,3.41,0.3,0.15,0.0,0.59,0.3,9,1.33,0.44,3.26,0.15,0.0,66.57,0,0.0,40.92,0.3,0.0,0.74,0.0,0.0,4.3,60.0,0.0,7,1.04,53.8,0.3,0.0,0.0,0.0,0.0,0.0,0.0,0.0,0.0,0.0,0.0,0.0,0.0,0.0,0.0,0.0,0.0,0.0
Christos Mandas,Greece,23.0,2001.0,Goalkeeper,189.0,2029-06-30,IT1,Società Sportiva Lazio S.p.A.,5000000.0,62,0,0,98,76,0,81,26,53,69,0,99,99,72,92,62,98,93,99,https://img.a.transfermarkt.technology/portrait/header/481675-1724268727.jpg?lm=1,9,9,810,9.0,0.0,0.0,0.0,0,0.0,0.0,0.0,0.0,0.0,0.0,0.0,0.0,0.0,0.0,0.0,0.0,0.33,0.0,240,26.67,71.6,1.22,0.11,0.0,16.8,0.22,0.0,0,0.0,0.0,0.44,0.0,0.0,39.0,0,0.0,26.33,0.0,0.11,0.0,0.0,0.0,2.0,0.0,0.0,6,0.67,85.7,0.0,0.0,0.78,3.0,2.22,0.88,0.9,0.1,0.0,0.0,4.0,2.22,74.1,44.4,35.9,36.4,15.4,2.44
Semuel Pizzignacco,Italy,23.0,2001.0,Goalkeeper,188.0,2027-06-30,IT1,Associazione Calcio Monza,800000.0,16,0,0,61,31,0,77,16,90,69,0,98,2,2,92,54,25,33,29,https://img.a.transfermarkt.technology/portrait/header/537171-1725530533.jpg?lm=1,9,8,736,8.2,0.0,0.0,0.0,0,0.0,0.0,0.0,0.0,0.0,0.0,0.0,0.0,0.0,0.0,0.0,0.0,0.0,0.0,239,29.23,74.2,0.37,0.0,0.0,12.8,0.12,0.0,0,0.0,0.0,0.73,0.0,0.0,41.58,0,0.0,25.68,0.0,0.0,0.0,0.0,0.0,0.86,0.0,0.0,5,0.61,100.0,0.0,0.0,2.08,4.65,2.69,1.52,-3.6,-0.44,0.0,0.0,3.67,0.49,55.3,12.5,31.4,33.7,3.4,0.86
Andy Delort,Algeria,33.0,1991.0,Centre-Forward,181.0,2025-06-30,FR1,Montpellier Hérault Sport Club,2000000.0,14,7,1,0,55,53,11,30,76,48,43,82,0,0,63,0,1,0,76,https://img.a.transfermarkt.technology/portrait/header/122797-1593970837.jpg?lm=1,9,8,607,6.7,0.0,0.0,0.0,0,0.0,-0.19,0.0,1.3,0.19,0.13,0.59,-0.9,2.52,0.89,0.0,35.3,0.89,2.97,54,8.01,49.1,0.74,0.3,0.3,0.0,0.0,1.63,4,0.59,0.0,0.44,0.0,0.15,25.35,3,0.44,13.34,2.37,1.19,1.63,0.0,0.0,1.33,50.0,60.0,27,4.0,45.0,0.15,0.0,0.0,0.0,0.0,0.0,0.0,0.0,0.0,0.0,0.0,0.0,0.0,0.0,0.0,0.0,0.0,0.0
Álvaro Fernández,Spain,27.0,1998.0,Goalkeeper,185.0,2025-06-30,ES1,Sevilla Fútbol Club S.A.D.,2500000.0,15,0,0,12,84,0,55,41,90,2,0,58,5,1,84,73,31,88,68,https://img.a.transfermarkt.technology/portrait/header/453704-1694431085.jpg?lm=1,9,8,747,8.3,0.0,0.0,0.0,0,0.0,0.0,0.0,0.0,0.0,0.01,0.0,-0.1,0.0,0.0,0.0,0.0,0.0,0.0,212,25.54,65.2,0.72,0.0,0.0,16.5,0.0,0.0,0,0.0,0.0,0.84,0.0,0.0,42.17,0,0.0,22.53,0.0,0.0,0.0,0.0,0.0,1.33,0.0,0.0,2,0.24,100.0,0.24,0.0,1.93,4.34,2.41,1.34,-4.9,-0.59,0.0,0.0,3.86,0.84,61.1,37.5,34.3,39.6,6.6,1.69
Thomas Dähne,Germany,31.0,1994.0,Goalkeeper,193.0,2026-06-30,L1,Kieler Sportvereinigung Holstein von 1900,400000.0,41,0,0,68,7,0,80,43,9,33,0,99,15,63,1,22,20,3,90,https://img.a.transfermarkt.technology/portrait/header/115979-1657791709.jpg?lm=1,9,9,810,9.0,0.0,0.0,0.0,0,0.0,0.0,0.0,0.0,0.0,0.0,0.0,0.0,0.0,0.0,0.0,0.0,0.0,0.0,304,33.78,77.0,0.11,0.0,0.0,9.3,0.0,0.0,0,0.0,0.0,0.78,0.22,0.0,48.0,0,0.0,26.0,0.0,0.0,0.11,0.0,0.11,1.67,0.0,0.0,6,0.67,100.0,0.0,0.0,2.11,6.11,4.0,2.06,0.5,0.06,0.0,0.11,6.11,1.67,69.1,0.0,30.3,25.7,8.5,0.56
Ivan Smolcic,Croatia,24.0,2000.0,Right-Back,181.0,2029-06-30,IT1,Calcio Como,2000000.0,34,53,15,42,1,0,9,89,82,9,0,84,0,0,26,0,56,0,74,https://img.a.transfermarkt.technology/portrait/header/571271-1738499181.jpg?lm=1,9,7,630,7.0,0.0,0.0,0.0,0,0.0,-0.06,0.0,0.4,0.06,0.01,0.43,-0.1,1.0,0.43,0.0,42.9,3.29,1.29,327,46.71,83.0,2.57,0.43,0.0,0.0,0.57,0.57,16,2.29,1.43,3.43,0.0,0.0,67.86,0,0.0,33.0,1.14,0.43,1.57,0.0,0.14,3.86,69.2,0.0,11,1.57,52.4,0.29,0.0,0.0,0.0,0.0,0.0,0.0,0.0,0.0,0.0,0.0,0.0,0.0,0.0,0.0,0.0,0.0,0.0
Florian Müller,Germany,27.0,1997.0,Goalkeeper,190.0,,L1,Sport-Club Freiburg,1200000.0,16,0,0,23,66,0,56,13,90,69,0,0,9,1,92,87,62,40,6,https://img.a.transfermarkt.technology/portrait/header/284769-1691998669.jpg?lm=1,9,8,753,8.4,0.0,0.0,0.0,0,0.0,0.0,0.0,0.0,0.0,0.0,0.0,0.0,0.0,0.0,0.0,0.0,0.0,0.0,206,24.62,63.2,1.2,0.0,0.0,13.4,0.12,0.0,0,0.0,0.0,0.36,0.0,0.0,40.28,0,0.0,22.71,0.0,0.0,0.0,0.0,0.0,1.67,0.0,0.0,0,0.0,0.0,0.0,0.0,1.91,3.59,1.79,1.39,-3.4,-0.41,0.0,0.0,3.35,0.72,53.3,12.5,37.1,44.9,5.8,1.08
Kauã Santos,Brazil,22.0,2003.0,Goalkeeper,198.0,2030-06-30,L1,Eintracht Frankfurt Fußball AG,2500000.0,63,0,0,81,39,0,54,50,7,69,0,100,75,94,10,64,57,74,98,https://img.a.transfermarkt.technology/portrait/header/997861-1696509170.jpg?lm=1,9,8,765,8.5,0.0,0.0,0.0,0,0.0,0.0,0.0,0.0,0.0,0.0,0.0,0.0,0.0,0.0,0.0,0.0,0.12,0.0,205,24.12,69.5,0.47,0.0,0.0,14.0,0.0,0.0,0,0.0,0.0,1.18,0.24,0.0,38.35,0,0.0,22.47,0.0,0.0,0.0,0.0,0.0,2.24,0.0,0.0,7,0.82,100.0,0.0,0.0,1.41,5.41,4.12,1.68,3.3,0.39,0.0,0.0,4.0,1.88,76.1,37.5,33.2,37.1,11.7,2.12
Marc-André ter Stegen,Germany,33.0,1992.0,Goalkeeper,187.0,2028-06-30,ES1,Futbol Club Barcelona,15000000.0,8,0,0,97,68,0,43,11,3,69,0,29,37,8,4,1,84,90,55,https://img.a.transfermarkt.technology/portrait/header/74857-1674465246.jpg?lm=1,8,8,674,7.5,0.0,0.0,0.0,0,0.0,0.0,0.0,0.0,0.0,0.0,0.0,0.0,0.0,0.0,0.0,0.0,0.27,0.0,233,31.11,92.8,0.13,0.13,0.0,17.0,0.0,0.0,0,0.0,0.0,0.27,0.27,0.0,34.99,0,0.0,21.1,0.0,0.0,0.0,0.0,0.0,1.87,0.0,0.0,1,0.13,100.0,0.0,0.0,1.2,2.94,1.74,0.85,-2.6,-0.34,0.0,0.0,5.34,0.67,63.6,12.5,26.5,12.1,6.0,1.74
Jesse Joronen,Finland,32.0,1993.0,Goalkeeper,197.0,2025-06-30,IT1,Venezia Football Club,600000.0,27,0,0,45,9,0,72,14,34,29,0,88,11,43,5,32,14,4,44,https://img.a.transfermarkt.technology/portrait/header/131758-1724827205.jpg?lm=1,8,7,703,7.8,0.0,0.0,0.0,0,0.0,0.0,0.0,0.0,0.0,0.0,0.0,0.0,0.0,0.0,0.0,0.0,0.0,0.0,223,28.55,73.8,0.13,0.0,0.0,9.4,0.0,0.0,0,0.0,0.0,0.51,0.13,0.0,41.86,0,0.0,25.09,0.0,0.0,0.13,0.0,0.13,1.41,0.0,0.0,3,0.38,100.0,0.0,0.0,1.92,5.12,3.46,1.61,-0.4,-0.05,0.0,0.0,5.89,0.77,70.0,28.6,31.0,28.1,4.8,0.64
Jonas Urbig,Germany,21.0,2003.0,Goalkeeper,189.0,2029-06-30,L1,FC Bayern München,8000000.0,11,0,0,99,75,0,72,52,1,69,0,63,32,10,9,25,94,96,62,https://img.a.transfermarkt.technology/portrait/header/607720-1737037032.jpg?lm=1,8,8,720,8.0,0.0,0.0,0.0,0,0.0,0.0,0.0,0.0,0.0,0.0,0.0,0.0,0.0,0.0,0.0,0.0,0.38,0.0,232,29.0,81.1,1.0,0.12,0.0,17.4,0.12,0.0,0,0.0,0.0,1.12,0.25,0.0,38.75,0,0.0,25.12,0.12,0.0,0.0,0.0,0.0,3.12,0.0,0.0,2,0.25,100.0,0.0,0.0,1.5,3.5,2.0,1.29,-1.7,-0.21,0.0,0.0,4.12,0.62,57.1,25.0,30.9,26.2,6.2,2.62
Daniel Carvajal,Spain,33.0,1992.0,Right-Back,173.0,2026-06-30,ES1,Real Madrid Club de Fútbol,10000000.0,53,89,76,85,11,24,80,90,7,81,0,66,0,0,15,0,75,0,71,https://img.a.transfermarkt.technology/portrait/header/138927-1721026790.jpg?lm=1,8,7,609,6.8,0.15,0.0,0.15,1,0.15,-0.04,0.0,1.3,0.19,0.03,1.92,-0.2,0.44,0.15,0.33,33.3,3.99,7.09,399,58.97,86.2,2.96,0.74,0.0,0.0,0.0,2.07,12,1.77,1.48,2.81,0.15,0.0,78.62,2,0.3,41.08,1.18,0.89,0.44,0.0,0.0,3.1,75.0,40.0,7,1.03,58.3,0.15,0.0,0.0,0.0,0.0,0.0,0.0,0.0,0.0,0.0,0.0,0.0,0.0,0.0,0.0,0.0,0.0,0.0
Sam Johnstone,England,32.0,1993.0,Goalkeeper,193.0,2028-06-30,GB1,Wolverhampton Wanderers Football Club,8000000.0,19,0,0,18,55,0,87,46,90,69,0,96,0,4,92,88,68,51,82,https://img.a.transfermarkt.technology/portrait/header/110864-1672915792.jpg?lm=1,7,7,630,7.0,0.0,0.0,0.0,0,0.0,0.0,0.0,0.0,0.0,0.0,0.0,0.0,0.0,0.0,0.0,0.0,0.0,0.0,184,26.29,66.2,0.86,0.0,0.0,13.4,0.0,0.0,0,0.0,0.0,1.0,0.0,0.0,43.71,0,0.0,28.0,0.0,0.0,0.0,0.0,0.0,1.29,0.0,0.0,4,0.57,100.0,0.0,0.0,2.43,5.57,3.29,1.86,-3.0,-0.43,0.0,0.0,4.0,1.14,61.5,0.0,36.6,45.6,7.7,1.57
Rasmus Nicolaisen,Denmark,28.0,1997.0,Centre-Back,191.0,2025-06-30,FR1,Toulouse Football Club,5000000.0,44,39,1,61,77,33,43,37,91,98,0,90,0,0,99,0,71,0,91,https://img.a.transfermarkt.technology/portrait/header/283227-1626438001.jpg?lm=1,7,7,623,6.9,0.0,0.14,0.14,0,0.0,-0.06,0.0,0.4,0.06,0.03,0.43,0.8,0.72,0.0,0.0,0.0,3.9,0.29,339,48.97,88.1,2.89,0.29,0.0,0.0,0.0,0.0,6,0.87,1.44,3.61,0.0,0.0,64.29,1,0.14,38.72,0.14,0.29,0.58,0.0,0.0,4.19,60.0,50.0,21,3.03,70.0,0.0,0.0,0.0,0.0,0.0,0.0,0.0,0.0,0.0,0.0,0.0,0.0,0.0,0.0,0.0,0.0,0.0,0.0
Christian Walton,England,29.0,1995.0,Goalkeeper,195.0,2026-06-30,GB1,Ipswich Town Football Club,1500000.0,12,0,0,22,37,0,34,2,30,69,0,70,1,7,35,85,49,0,94,https://img.a.transfermarkt.technology/portrait/header/208379-1720189930.jpg?lm=1,7,7,630,7.0,0.0,0.0,0.0,0,0.0,0.0,0.0,0.0,0.0,0.0,0.0,0.0,0.0,0.0,0.0,0.0,0.0,0.0,177,25.29,69.4,0.43,0.0,0.0,8.1,0.0,0.0,0,0.0,0.0,0.29,0.14,0.0,38.86,0,0.0,20.29,0.0,0.0,0.0,0.0,0.0,1.14,0.0,0.0,2,0.29,100.0,0.0,0.0,2.71,5.57,2.86,2.4,-2.2,-0.31,0.0,0.0,5.0,1.71,56.4,14.3,34.3,42.6,10.7,0.29
Alen Sherri,Albania,27.0,1997.0,Goalkeeper,197.0,2027-06-30,IT1,Cagliari Calcio,1000000.0,33,0,0,22,24,0,27,100,90,69,0,0,40,31,92,60,28,12,2,https://img.a.transfermarkt.technology/portrait/header/304144-1730124783.jpg?lm=1,7,7,621,6.9,0.0,0.0,0.0,0,0.0,0.0,0.0,0.0,0.0,0.0,0.0,0.0,0.0,0.0,0.0,0.0,0.0,0.0,163,23.62,72.4,0.29,0.0,0.0,11.1,0.0,0.0,1,0.14,0.14,0.14,0.0,0.0,35.36,0,0.0,19.86,0.0,0.0,0.0,0.0,0.0,2.17,50.0,0.0,0,0.0,0.0,0.0,0.0,1.59,4.49,2.9,1.58,-0.1,-0.02,0.0,0.0,3.19,0.58,64.5,14.3,32.2,35.7,4.7,0.72
Pierluigi Gollini,Italy,30.0,1995.0,Goalkeeper,194.0,2027-06-30,IT1,Associazione Sportiva Roma,1000000.0,11,0,0,64,37,0,19,0,30,21,0,0,7,11,25,21,57,2,1,https://img.a.transfermarkt.technology/portrait/header/244192-1695026486.jpg?lm=1,7,7,630,7.0,0.0,0.0,0.0,0,0.0,0.0,0.0,0.0,0.0,0.0,0.0,0.0,0.0,0.0,0.0,0.0,0.0,0.0,206,29.43,82.4,0.43,0.0,0.0,9.6,0.0,0.0,0,0.0,0.0,0.29,0.14,0.0,38.43,0,0.0,18.71,0.0,0.0,0.0,0.0,0.0,0.71,0.0,0.0,0,0.0,0.0,0.14,0.0,2.14,4.57,2.29,1.74,-2.8,-0.39,0.0,0.14,3.0,0.29,62.5,14.3,30.4,24.7,2.2,0.29
Leo Román,Spain,24.0,2000.0,Goalkeeper,189.0,2026-06-30,ES1,Real Club Deportivo Mallorca S.A.D.,2500000.0,75,0,0,3,43,96,13,40,90,69,0,0,86,100,92,96,90,14,10,https://img.a.transfermarkt.technology/portrait/header/562742-1648453168.jpg?lm=1,7,7,630,7.0,0.0,0.0,0.0,0,0.0,0.0,0.0,0.0,0.0,0.0,0.0,0.0,0.0,0.0,0.0,0.0,0.0,0.0,137,19.57,57.1,0.57,0.0,0.0,11.2,0.0,0.0,0,0.0,0.0,0.86,0.0,0.0,39.86,1,0.14,17.71,0.0,0.0,0.0,0.0,0.0,1.14,0.0,100.0,0,0.0,0.0,0.0,0.0,1.43,7.0,5.57,1.93,3.5,0.5,0.0,0.0,2.57,1.14,81.6,28.6,41.8,53.2,6.3,0.86
Andriy Lunin,Ukraine,26.0,1999.0,Goalkeeper,191.0,2030-06-30,ES1,Real Madrid Club de Fútbol,20000000.0,34,0,0,72,100,0,9,67,90,69,0,70,78,30,92,10,88,78,16,https://img.a.transfermarkt.technology/portrait/header/404839-1701294131.jpg?lm=1,7,7,630,7.0,0.0,0.14,0.14,0,0.0,0.0,0.0,0.0,0.0,0.13,0.0,0.1,0.0,0.0,0.0,0.0,0.0,0.0,174,24.86,86.1,0.14,0.0,0.0,14.9,0.14,0.0,1,0.14,0.0,0.43,0.0,0.0,29.86,0,0.0,16.57,0.0,0.0,0.0,0.0,0.0,2.0,0.0,0.0,2,0.29,100.0,0.0,0.0,1.0,2.86,1.86,0.91,-0.6,-0.09,0.0,0.0,4.14,0.29,65.0,57.1,26.9,20.0,3.3,1.71
Fraser Forster,England,37.0,1988.0,Goalkeeper,201.0,2025-06-30,GB1,Tottenham Hotspur Football Club,1200000.0,46,0,0,66,11,96,6,25,0,69,0,31,28,75,0,13,10,10,31,https://img.a.transfermarkt.technology/portrait/header/52570-1676412801.jpg?lm=1,7,7,630,7.0,0.0,0.0,0.0,0,0.0,0.0,0.0,0.0,0.0,0.0,0.0,0.0,0.0,0.0,0.0,0.0,0.0,0.0,168,24.0,84.8,0.14,0.0,0.0,11.1,0.14,0.0,0,0.0,0.0,1.0,0.43,0.0,32.57,1,0.14,16.14,0.14,0.0,0.0,0.0,0.0,0.14,0.0,100.0,1,0.14,100.0,0.0,0.0,2.14,6.0,3.86,2.36,1.5,0.21,0.0,0.0,4.29,0.57,69.0,14.3,27.2,21.3,4.9,0.43
